recommendation_id,merchant_id,type,priority,priority_band,confidence,urgency,expected_impact,entity_type,entity_id,title,action,reason,created_at,status
REC_CUST_C03388,,RETENTION,0.8009,CRITICAL,0.8105,0.8435299999999999,0.7515,customer,C03388,High-Value Customer Retention: Customer_C03388 (C03388),Initiate proactive personal outreach or exclusive loyalty perk to re-activate customer.,"Customer is in the top 25% of spenders (Total: ₹16,767.84, 3 orders), but has been inactive for 112 days with an estimated churn/inactivity risk of 69.6%.",2026-09-26 07:37:24,GENERATED
REC_CUST_C01719,,RETENTION,0.7972,CRITICAL,0.8061,0.8373349999999999,0.7506,customer,C01719,High-Value Customer Retention: Customer_C01719 (C01719),Initiate proactive personal outreach or exclusive loyalty perk to re-activate customer.,"Customer is in the top 25% of spenders (Total: ₹7,575.64, 2 orders), but has been inactive for 78 days with an estimated churn/inactivity risk of 67.8%.",2026-09-26 07:37:24,GENERATED
REC_CUST_C01750,,RETENTION,0.7965,CRITICAL,0.8053,0.8361099999999999,0.7504,customer,C01750,High-Value Customer Retention: Customer_C01750 (C01750),Initiate proactive personal outreach or exclusive loyalty perk to re-activate customer.,"Customer is in the top 25% of spenders (Total: ₹12,311.86, 4 orders), but has been inactive for 152 days with an estimated churn/inactivity risk of 67.5%.",2026-09-26 07:37:24,GENERATED
REC_CUST_C02719,,RETENTION,0.7958,CRITICAL,0.8045,0.8350599999999999,0.7503,customer,C02719,High-Value Customer Retention: Customer_C02719 (C02719),Initiate proactive personal outreach or exclusive loyalty perk to re-activate customer.,"Customer is in the top 25% of spenders (Total: ₹12,387.47, 4 orders), but has been inactive for 32 days with an estimated churn/inactivity risk of 67.2%.",2026-09-26 07:37:24,GENERATED
REC_CUST_C03457,,RETENTION,0.7953,CRITICAL,0.804,0.83422,0.7501,customer,C03457,High-Value Customer Retention: Customer_C03457 (C03457),Initiate proactive personal outreach or exclusive loyalty perk to re-activate customer.,"Customer is in the top 25% of spenders (Total: ₹29,573.55, 6 orders), but has been inactive for 17 days with an estimated churn/inactivity risk of 66.9%.",2026-09-26 07:37:24,GENERATED
REC_CUST_C02004,,RETENTION,0.7951,CRITICAL,0.8037,0.83387,0.7501,customer,C02004,High-Value Customer Retention: Customer_C02004 (C02004),Initiate proactive personal outreach or exclusive loyalty perk to re-activate customer.,"Customer is in the top 25% of spenders (Total: ₹9,413.47, 3 orders), but has been inactive for 98 days with an estimated churn/inactivity risk of 66.8%.",2026-09-26 07:37:24,GENERATED
REC_CUST_C02137,,RETENTION,0.7944,CRITICAL,0.8029,0.832785,0.7499,customer,C02137,High-Value Customer Retention: Customer_C02137 (C02137),Initiate proactive personal outreach or exclusive loyalty perk to re-activate customer.,"Customer is in the top 25% of spenders (Total: ₹16,991.95, 6 orders), but has been inactive for 97 days with an estimated churn/inactivity risk of 66.5%.",2026-09-26 07:37:24,GENERATED
REC_CUST_C02312,,RETENTION,0.7938,CRITICAL,0.8022,0.8317,0.7498,customer,C02312,High-Value Customer Retention: Customer_C02312 (C02312),Initiate proactive personal outreach or exclusive loyalty perk to re-activate customer.,"Customer is in the top 25% of spenders (Total: ₹17,306.04, 3 orders), but has been inactive for 83 days with an estimated churn/inactivity risk of 66.2%.",2026-09-26 07:37:24,GENERATED
REC_CUST_C00617,,RETENTION,0.7931,CRITICAL,0.8013,0.830475,0.7496,customer,C00617,High-Value Customer Retention: Customer_C00617 (C00617),Initiate proactive personal outreach or exclusive loyalty perk to re-activate customer.,"Customer is in the top 25% of spenders (Total: ₹15,425.43, 2 orders), but has been inactive for 74 days with an estimated churn/inactivity risk of 65.8%.",2026-09-26 07:37:24,GENERATED
REC_CUST_C00305,,RETENTION,0.793,CRITICAL,0.8013,0.8303699999999999,0.7496,customer,C00305,High-Value Customer Retention: Customer_C00305 (C00305),Initiate proactive personal outreach or exclusive loyalty perk to re-activate customer.,"Customer is in the top 25% of spenders (Total: ₹13,112.03, 2 orders), but has been inactive for 155 days with an estimated churn/inactivity risk of 65.8%.",2026-09-26 07:37:24,GENERATED
REC_CUST_C02142,,RETENTION,0.793,CRITICAL,0.8039,0.8341149999999999,0.7438,customer,C02142,High-Value Customer Retention: Customer_C02142 (C02142),Initiate proactive personal outreach or exclusive loyalty perk to re-activate customer.,"Customer is in the top 25% of spenders (Total: ₹10,549.19, 4 orders), but has been inactive for 73 days with an estimated churn/inactivity risk of 66.9%.",2026-09-26 07:37:24,GENERATED
REC_CUST_C01225,,RETENTION,0.7927,CRITICAL,0.8009,0.82988,0.7494,customer,C01225,High-Value Customer Retention: Customer_C01225 (C01225),Initiate proactive personal outreach or exclusive loyalty perk to re-activate customer.,"Customer is in the top 25% of spenders (Total: ₹10,798.26, 4 orders), but has been inactive for 90 days with an estimated churn/inactivity risk of 65.7%.",2026-09-26 07:37:24,GENERATED
REC_CUST_C03276,,RETENTION,0.7926,CRITICAL,0.8008,0.8297399999999999,0.7495,customer,C03276,High-Value Customer Retention: Customer_C03276 (C03276),Initiate proactive personal outreach or exclusive loyalty perk to re-activate customer.,"Customer is in the top 25% of spenders (Total: ₹7,384.11, 2 orders), but has been inactive for 165 days with an estimated churn/inactivity risk of 65.6%.",2026-09-26 07:37:24,GENERATED
REC_CUST_C02038,,RETENTION,0.7921,CRITICAL,0.8002,0.8289,0.7493,customer,C02038,High-Value Customer Retention: Customer_C02038 (C02038),Initiate proactive personal outreach or exclusive loyalty perk to re-activate customer.,"Customer is in the top 25% of spenders (Total: ₹14,661.69, 4 orders), but has been inactive for 145 days with an estimated churn/inactivity risk of 65.4%.",2026-09-26 07:37:24,GENERATED
REC_CUST_C03372,,RETENTION,0.792,CRITICAL,0.8001,0.8287599999999999,0.7493,customer,C03372,High-Value Customer Retention: Customer_C03372 (C03372),Initiate proactive personal outreach or exclusive loyalty perk to re-activate customer.,"Customer is in the top 25% of spenders (Total: ₹15,230.88, 4 orders), but has been inactive for 4 days with an estimated churn/inactivity risk of 65.4%.",2026-09-26 07:37:24,GENERATED
REC_CUST_C02795,,RETENTION,0.7918,CRITICAL,0.7999,0.828375,0.7491,customer,C02795,High-Value Customer Retention: Customer_C02795 (C02795),Initiate proactive personal outreach or exclusive loyalty perk to re-activate customer.,"Customer is in the top 25% of spenders (Total: ₹18,887.56, 7 orders), but has been inactive for 98 days with an estimated churn/inactivity risk of 65.2%.",2026-09-26 07:37:24,GENERATED
REC_CUST_C00035,,RETENTION,0.7914,CRITICAL,0.7994,0.827745,0.7492,customer,C00035,High-Value Customer Retention: Customer_C00035 (C00035),Initiate proactive personal outreach or exclusive loyalty perk to re-activate customer.,"Customer is in the top 25% of spenders (Total: ₹16,500.00, 1 orders), but has been inactive for 312 days with an estimated churn/inactivity risk of 65.1%.",2026-09-26 07:37:24,GENERATED
REC_CUST_C01204,,RETENTION,0.7914,CRITICAL,0.7994,0.8276749999999999,0.7492,customer,C01204,High-Value Customer Retention: Customer_C01204 (C01204),Initiate proactive personal outreach or exclusive loyalty perk to re-activate customer.,"Customer is in the top 25% of spenders (Total: ₹6,690.58, 2 orders), but has been inactive for 75 days with an estimated churn/inactivity risk of 65.0%.",2026-09-26 07:37:24,GENERATED
REC_CUST_C02701,,RETENTION,0.7914,CRITICAL,0.7994,0.827745,0.7492,customer,C02701,High-Value Customer Retention: Customer_C02701 (C02701),Initiate proactive personal outreach or exclusive loyalty perk to re-activate customer.,"Customer is in the top 25% of spenders (Total: ₹16,500.00, 1 orders), but has been inactive for 312 days with an estimated churn/inactivity risk of 65.1%.",2026-09-26 07:37:24,GENERATED
REC_CUST_C03212,,RETENTION,0.7908,CRITICAL,0.7987,0.826695,0.749,customer,C03212,High-Value Customer Retention: Customer_C03212 (C03212),Initiate proactive personal outreach or exclusive loyalty perk to re-activate customer.,"Customer is in the top 25% of spenders (Total: ₹11,827.88, 4 orders), but has been inactive for 276 days with an estimated churn/inactivity risk of 64.8%.",2026-09-26 07:37:24,GENERATED
REC_CUST_C01545,,RETENTION,0.7907,CRITICAL,0.7985,0.8264849999999999,0.749,customer,C01545,High-Value Customer Retention: Customer_C01545 (C01545),Initiate proactive personal outreach or exclusive loyalty perk to re-activate customer.,"Customer is in the top 25% of spenders (Total: ₹7,685.19, 2 orders), but has been inactive for 97 days with an estimated churn/inactivity risk of 64.7%.",2026-09-26 07:37:24,GENERATED
REC_CUST_C00971,,RETENTION,0.7906,CRITICAL,0.7985,0.82638,0.749,customer,C00971,High-Value Customer Retention: Customer_C00971 (C00971),Initiate proactive personal outreach or exclusive loyalty perk to re-activate customer.,"Customer is in the top 25% of spenders (Total: ₹21,119.35, 7 orders), but has been inactive for 58 days with an estimated churn/inactivity risk of 64.7%.",2026-09-26 07:37:24,GENERATED
REC_CUST_C02546,,RETENTION,0.7905,CRITICAL,0.7984,0.8263099999999999,0.7489,customer,C02546,High-Value Customer Retention: Customer_C02546 (C02546),Initiate proactive personal outreach or exclusive loyalty perk to re-activate customer.,"Customer is in the top 25% of spenders (Total: ₹19,467.39, 6 orders), but has been inactive for 19 days with an estimated churn/inactivity risk of 64.7%.",2026-09-26 07:37:24,GENERATED
REC_CUST_C02078,,RETENTION,0.7894,HIGH,0.7971,0.8244199999999999,0.7487,customer,C02078,High-Value Customer Retention: Customer_C02078 (C02078),Initiate proactive personal outreach or exclusive loyalty perk to re-activate customer.,"Customer is in the top 25% of spenders (Total: ₹14,580.24, 4 orders), but has been inactive for 143 days with an estimated churn/inactivity risk of 64.1%.",2026-09-26 07:37:24,GENERATED
REC_CUST_C00548,,RETENTION,0.7891,HIGH,0.7967,0.823895,0.7486,customer,C00548,High-Value Customer Retention: Customer_C00548 (C00548),Initiate proactive personal outreach or exclusive loyalty perk to re-activate customer.,"Customer is in the top 25% of spenders (Total: ₹26,934.81, 3 orders), but has been inactive for 29 days with an estimated churn/inactivity risk of 64.0%.",2026-09-26 07:37:24,GENERATED
REC_CUST_C02528,,RETENTION,0.7891,HIGH,0.7967,0.8237899999999999,0.7486,customer,C02528,High-Value Customer Retention: Customer_C02528 (C02528),Initiate proactive personal outreach or exclusive loyalty perk to re-activate customer.,"Customer is in the top 25% of spenders (Total: ₹8,174.23, 2 orders), but has been inactive for 15 days with an estimated churn/inactivity risk of 63.9%.",2026-09-26 07:37:24,GENERATED
REC_CUST_C01296,,RETENTION,0.7888,HIGH,0.7964,0.8234049999999999,0.7485,customer,C01296,High-Value Customer Retention: Customer_C01296 (C01296),Initiate proactive personal outreach or exclusive loyalty perk to re-activate customer.,"Customer is in the top 25% of spenders (Total: ₹14,810.50, 5 orders), but has been inactive for 42 days with an estimated churn/inactivity risk of 63.8%.",2026-09-26 07:37:24,GENERATED
REC_CUST_C00472,,RETENTION,0.7887,HIGH,0.7962,0.823195,0.7485,customer,C00472,High-Value Customer Retention: Customer_C00472 (C00472),Initiate proactive personal outreach or exclusive loyalty perk to re-activate customer.,"Customer is in the top 25% of spenders (Total: ₹8,659.31, 3 orders), but has been inactive for 84 days with an estimated churn/inactivity risk of 63.8%.",2026-09-26 07:37:24,GENERATED
REC_CUST_C00724,,RETENTION,0.7885,HIGH,0.796,0.82281,0.7484,customer,C00724,High-Value Customer Retention: Customer_C00724 (C00724),Initiate proactive personal outreach or exclusive loyalty perk to re-activate customer.,"Customer is in the top 25% of spenders (Total: ₹9,080.17, 3 orders), but has been inactive for 172 days with an estimated churn/inactivity risk of 63.7%.",2026-09-26 07:37:24,GENERATED
REC_CUST_C00012,,RETENTION,0.7883,HIGH,0.8017,0.83107,0.7351,customer,C00012,High-Value Customer Retention: Customer_C00012 (C00012),Initiate proactive personal outreach or exclusive loyalty perk to re-activate customer.,"Customer is in the top 25% of spenders (Total: ₹7,661.75, 3 orders), but has been inactive for 58 days with an estimated churn/inactivity risk of 66.0%.",2026-09-26 07:37:24,GENERATED
REC_CUST_C02566,,RETENTION,0.7882,HIGH,0.7957,0.82239,0.7484,customer,C02566,High-Value Customer Retention: Customer_C02566 (C02566),Initiate proactive personal outreach or exclusive loyalty perk to re-activate customer.,"Customer is in the top 25% of spenders (Total: ₹14,241.53, 5 orders), but has been inactive for 25 days with an estimated churn/inactivity risk of 63.5%.",2026-09-26 07:37:24,GENERATED
REC_CUST_C01279,,RETENTION,0.788,HIGH,0.7955,0.8220749999999999,0.7483,customer,C01279,High-Value Customer Retention: Customer_C01279 (C01279),Initiate proactive personal outreach or exclusive loyalty perk to re-activate customer.,"Customer is in the top 25% of spenders (Total: ₹20,478.75, 3 orders), but has been inactive for 27 days with an estimated churn/inactivity risk of 63.4%.",2026-09-26 07:37:24,GENERATED
REC_CUST_C02441,,RETENTION,0.788,HIGH,0.7954,0.822005,0.7483,customer,C02441,High-Value Customer Retention: Customer_C02441 (C02441),Initiate proactive personal outreach or exclusive loyalty perk to re-activate customer.,"Customer is in the top 25% of spenders (Total: ₹17,662.96, 2 orders), but has been inactive for 86 days with an estimated churn/inactivity risk of 63.4%.",2026-09-26 07:37:24,GENERATED
REC_CUST_C03100,,RETENTION,0.7879,HIGH,0.7953,0.82183,0.7483,customer,C03100,High-Value Customer Retention: Customer_C03100 (C03100),Initiate proactive personal outreach or exclusive loyalty perk to re-activate customer.,"Customer is in the top 25% of spenders (Total: ₹12,168.01, 4 orders), but has been inactive for 162 days with an estimated churn/inactivity risk of 63.4%.",2026-09-26 07:37:24,GENERATED
REC_CUST_C00463,,RETENTION,0.7876,HIGH,0.795,0.821375,0.7482,customer,C00463,High-Value Customer Retention: Customer_C00463 (C00463),Initiate proactive personal outreach or exclusive loyalty perk to re-activate customer.,"Customer is in the top 25% of spenders (Total: ₹7,503.84, 2 orders), but has been inactive for 86 days with an estimated churn/inactivity risk of 63.2%.",2026-09-26 07:37:24,GENERATED
REC_CUST_C01846,,RETENTION,0.7876,HIGH,0.7949,0.821305,0.7482,customer,C01846,High-Value Customer Retention: Customer_C01846 (C01846),Initiate proactive personal outreach or exclusive loyalty perk to re-activate customer.,"Customer is in the top 25% of spenders (Total: ₹13,903.75, 4 orders), but has been inactive for 0 days with an estimated churn/inactivity risk of 63.2%.",2026-09-26 07:37:24,GENERATED
REC_CUST_C02720,,RETENTION,0.7876,HIGH,0.795,0.82148,0.7482,customer,C02720,High-Value Customer Retention: Customer_C02720 (C02720),Initiate proactive personal outreach or exclusive loyalty perk to re-activate customer.,"Customer is in the top 25% of spenders (Total: ₹15,900.00, 1 orders), but has been inactive for 295 days with an estimated churn/inactivity risk of 63.3%.",2026-09-26 07:37:24,GENERATED
REC_CUST_C00727,,RETENTION,0.7873,HIGH,0.7946,0.82085,0.7481,customer,C00727,High-Value Customer Retention: Customer_C00727 (C00727),Initiate proactive personal outreach or exclusive loyalty perk to re-activate customer.,"Customer is in the top 25% of spenders (Total: ₹14,555.58, 4 orders), but has been inactive for 28 days with an estimated churn/inactivity risk of 63.1%.",2026-09-26 07:37:24,GENERATED
REC_CUST_C00516,,RETENTION,0.7872,HIGH,0.7945,0.8206749999999999,0.7481,customer,C00516,High-Value Customer Retention: Customer_C00516 (C00516),Initiate proactive personal outreach or exclusive loyalty perk to re-activate customer.,"Customer is in the top 25% of spenders (Total: ₹19,030.17, 2 orders), but has been inactive for 232 days with an estimated churn/inactivity risk of 63.0%.",2026-09-26 07:37:24,GENERATED
REC_CUST_C01950,,RETENTION,0.7871,HIGH,0.7944,0.820535,0.7481,customer,C01950,High-Value Customer Retention: Customer_C01950 (C01950),Initiate proactive personal outreach or exclusive loyalty perk to re-activate customer.,"Customer is in the top 25% of spenders (Total: ₹15,130.95, 3 orders), but has been inactive for 47 days with an estimated churn/inactivity risk of 63.0%.",2026-09-26 07:37:24,GENERATED
REC_CUST_C00740,,RETENTION,0.7868,HIGH,0.7941,0.8201499999999999,0.748,customer,C00740,High-Value Customer Retention: Customer_C00740 (C00740),Initiate proactive personal outreach or exclusive loyalty perk to re-activate customer.,"Customer is in the top 25% of spenders (Total: ₹11,001.96, 3 orders), but has been inactive for 28 days with an estimated churn/inactivity risk of 62.9%.",2026-09-26 07:37:24,GENERATED
REC_CUST_C00148,,RETENTION,0.7867,HIGH,0.794,0.8199399999999999,0.748,customer,C00148,High-Value Customer Retention: Customer_C00148 (C00148),Initiate proactive personal outreach or exclusive loyalty perk to re-activate customer.,"Customer is in the top 25% of spenders (Total: ₹10,172.04, 3 orders), but has been inactive for 76 days with an estimated churn/inactivity risk of 62.8%.",2026-09-26 07:37:24,GENERATED
REC_CUST_C02642,,RETENTION,0.7867,HIGH,0.7939,0.81987,0.748,customer,C02642,High-Value Customer Retention: Customer_C02642 (C02642),Initiate proactive personal outreach or exclusive loyalty perk to re-activate customer.,"Customer is in the top 25% of spenders (Total: ₹24,782.17, 5 orders), but has been inactive for 40 days with an estimated churn/inactivity risk of 62.8%.",2026-09-26 07:37:24,GENERATED
REC_CUST_C02549,,RETENTION,0.7866,HIGH,0.7938,0.8196599999999999,0.7479,customer,C02549,High-Value Customer Retention: Customer_C02549 (C02549),Initiate proactive personal outreach or exclusive loyalty perk to re-activate customer.,"Customer is in the top 25% of spenders (Total: ₹13,214.00, 3 orders), but has been inactive for 27 days with an estimated churn/inactivity risk of 62.8%.",2026-09-26 07:37:24,GENERATED
REC_CUST_C00369,,RETENTION,0.7865,HIGH,0.8072,0.8388749999999999,0.7186,customer,C00369,High-Value Customer Retention: Customer_C00369 (C00369),Initiate proactive personal outreach or exclusive loyalty perk to re-activate customer.,"Customer is in the top 25% of spenders (Total: ₹16,643.32, 7 orders), but has been inactive for 26 days with an estimated churn/inactivity risk of 68.2%.",2026-09-26 07:37:24,GENERATED
REC_CUST_C01745,,RETENTION,0.7863,HIGH,0.7934,0.81917,0.7479,customer,C01745,High-Value Customer Retention: Customer_C01745 (C01745),Initiate proactive personal outreach or exclusive loyalty perk to re-activate customer.,"Customer is in the top 25% of spenders (Total: ₹10,852.04, 2 orders), but has been inactive for 79 days with an estimated churn/inactivity risk of 62.6%.",2026-09-26 07:37:24,GENERATED
REC_CUST_C02132,,RETENTION,0.7861,HIGH,0.7932,0.8188899999999999,0.7478,customer,C02132,High-Value Customer Retention: Customer_C02132 (C02132),Initiate proactive personal outreach or exclusive loyalty perk to re-activate customer.,"Customer is in the top 25% of spenders (Total: ₹11,356.84, 2 orders), but has been inactive for 227 days with an estimated churn/inactivity risk of 62.5%.",2026-09-26 07:37:24,GENERATED
REC_CUST_C01126,,RETENTION,0.786,HIGH,0.7938,0.8196599999999999,0.7462,customer,C01126,High-Value Customer Retention: Customer_C01126 (C01126),Initiate proactive personal outreach or exclusive loyalty perk to re-activate customer.,"Customer is in the top 25% of spenders (Total: ₹10,728.87, 4 orders), but has been inactive for 90 days with an estimated churn/inactivity risk of 62.8%.",2026-09-26 07:37:24,GENERATED
REC_CUST_C00591,,RETENTION,0.7858,HIGH,0.7929,0.818365,0.7478,customer,C00591,High-Value Customer Retention: Customer_C00591 (C00591),Initiate proactive personal outreach or exclusive loyalty perk to re-activate customer.,"Customer is in the top 25% of spenders (Total: ₹17,308.23, 3 orders), but has been inactive for 36 days with an estimated churn/inactivity risk of 62.4%.",2026-09-26 07:37:24,GENERATED
REC_CUST_C01157,,RETENTION,0.7857,HIGH,0.7928,0.818225,0.7477,customer,C01157,High-Value Customer Retention: Customer_C01157 (C01157),Initiate proactive personal outreach or exclusive loyalty perk to re-activate customer.,"Customer is in the top 25% of spenders (Total: ₹14,442.29, 5 orders), but has been inactive for 95 days with an estimated churn/inactivity risk of 62.4%.",2026-09-26 07:37:24,GENERATED
REC_CUST_C01651,,RETENTION,0.7856,HIGH,0.7926,0.8180149999999999,0.7477,customer,C01651,High-Value Customer Retention: Customer_C01651 (C01651),Initiate proactive personal outreach or exclusive loyalty perk to re-activate customer.,"Customer is in the top 25% of spenders (Total: ₹9,029.60, 3 orders), but has been inactive for 13 days with an estimated churn/inactivity risk of 62.3%.",2026-09-26 07:37:24,GENERATED
REC_CUST_C00713,,RETENTION,0.7853,HIGH,0.7924,0.817665,0.7476,customer,C00713,High-Value Customer Retention: Customer_C00713 (C00713),Initiate proactive personal outreach or exclusive loyalty perk to re-activate customer.,"Customer is in the top 25% of spenders (Total: ₹11,885.88, 2 orders), but has been inactive for 240 days with an estimated churn/inactivity risk of 62.2%.",2026-09-26 07:37:24,GENERATED
REC_CUST_C00289,,RETENTION,0.7852,HIGH,0.7922,0.8174199999999999,0.7476,customer,C00289,High-Value Customer Retention: Customer_C00289 (C00289),Initiate proactive personal outreach or exclusive loyalty perk to re-activate customer.,"Customer is in the top 25% of spenders (Total: ₹12,423.53, 3 orders), but has been inactive for 10 days with an estimated churn/inactivity risk of 62.1%.",2026-09-26 07:37:24,GENERATED
REC_CUST_C00450,,RETENTION,0.7851,HIGH,0.792,0.817175,0.7476,customer,C00450,High-Value Customer Retention: Customer_C00450 (C00450),Initiate proactive personal outreach or exclusive loyalty perk to re-activate customer.,"Customer is in the top 25% of spenders (Total: ₹11,348.98, 4 orders), but has been inactive for 91 days with an estimated churn/inactivity risk of 62.1%.",2026-09-26 07:37:24,GENERATED
REC_CUST_C01328,,RETENTION,0.7851,HIGH,0.7985,0.8264849999999999,0.7332,customer,C01328,High-Value Customer Retention: Customer_C01328 (C01328),Initiate proactive personal outreach or exclusive loyalty perk to re-activate customer.,"Customer is in the top 25% of spenders (Total: ₹12,711.98, 5 orders), but has been inactive for 56 days with an estimated churn/inactivity risk of 64.7%.",2026-09-26 07:37:24,GENERATED
REC_CUST_C02917,,RETENTION,0.785,HIGH,0.792,0.817105,0.7476,customer,C02917,High-Value Customer Retention: Customer_C02917 (C02917),Initiate proactive personal outreach or exclusive loyalty perk to re-activate customer.,"Customer is in the top 25% of spenders (Total: ₹6,830.77, 1 orders), but has been inactive for 99 days with an estimated churn/inactivity risk of 62.0%.",2026-09-26 07:37:24,GENERATED
REC_CUST_C03289,,RETENTION,0.785,HIGH,0.7919,0.817,0.7476,customer,C03289,High-Value Customer Retention: Customer_C03289 (C03289),Initiate proactive personal outreach or exclusive loyalty perk to re-activate customer.,"Customer is in the top 25% of spenders (Total: ₹8,511.25, 3 orders), but has been inactive for 82 days with an estimated churn/inactivity risk of 62.0%.",2026-09-26 07:37:24,GENERATED
REC_CUST_C01554,,RETENTION,0.7848,HIGH,0.7917,0.8167199999999999,0.7475,customer,C01554,High-Value Customer Retention: Customer_C01554 (C01554),Initiate proactive personal outreach or exclusive loyalty perk to re-activate customer.,"Customer is in the top 25% of spenders (Total: ₹15,815.15, 5 orders), but has been inactive for 64 days with an estimated churn/inactivity risk of 61.9%.",2026-09-26 07:37:24,GENERATED
REC_CUST_C00567,,RETENTION,0.7847,HIGH,0.7916,0.816545,0.7475,customer,C00567,High-Value Customer Retention: Customer_C00567 (C00567),Initiate proactive personal outreach or exclusive loyalty perk to re-activate customer.,"Customer is in the top 25% of spenders (Total: ₹12,595.46, 4 orders), but has been inactive for 78 days with an estimated churn/inactivity risk of 61.9%.",2026-09-26 07:37:24,GENERATED
REC_CUST_C00058,,RETENTION,0.7846,HIGH,0.7914,0.8163349999999999,0.7475,customer,C00058,High-Value Customer Retention: Customer_C00058 (C00058),Initiate proactive personal outreach or exclusive loyalty perk to re-activate customer.,"Customer is in the top 25% of spenders (Total: ₹17,105.42, 4 orders), but has been inactive for 170 days with an estimated churn/inactivity risk of 61.8%.",2026-09-26 07:37:24,GENERATED
REC_CUST_C02429,,RETENTION,0.7846,HIGH,0.7915,0.816475,0.7475,customer,C02429,High-Value Customer Retention: Customer_C02429 (C02429),Initiate proactive personal outreach or exclusive loyalty perk to re-activate customer.,"Customer is in the top 25% of spenders (Total: ₹13,525.64, 4 orders), but has been inactive for 26 days with an estimated churn/inactivity risk of 61.9%.",2026-09-26 07:37:24,GENERATED
REC_CUST_C00955,,RETENTION,0.7844,HIGH,0.7913,0.81609,0.7474,customer,C00955,High-Value Customer Retention: Customer_C00955 (C00955),Initiate proactive personal outreach or exclusive loyalty perk to re-activate customer.,"Customer is in the top 25% of spenders (Total: ₹18,368.68, 2 orders), but has been inactive for 277 days with an estimated churn/inactivity risk of 61.7%.",2026-09-26 07:37:24,GENERATED
REC_CUST_C01998,,RETENTION,0.7844,HIGH,0.7913,0.816195,0.7474,customer,C01998,High-Value Customer Retention: Customer_C01998 (C01998),Initiate proactive personal outreach or exclusive loyalty perk to re-activate customer.,"Customer is in the top 25% of spenders (Total: ₹12,138.39, 3 orders), but has been inactive for 19 days with an estimated churn/inactivity risk of 61.8%.",2026-09-26 07:37:24,GENERATED
REC_CUST_C02848,,RETENTION,0.7844,HIGH,0.7912,0.816055,0.7474,customer,C02848,High-Value Customer Retention: Customer_C02848 (C02848),Initiate proactive personal outreach or exclusive loyalty perk to re-activate customer.,"Customer is in the top 25% of spenders (Total: ₹9,512.78, 2 orders), but has been inactive for 99 days with an estimated churn/inactivity risk of 61.7%.",2026-09-26 07:37:24,GENERATED
REC_CUST_C03199,,RETENTION,0.7843,HIGH,0.7911,0.8158799999999999,0.7474,customer,C03199,High-Value Customer Retention: Customer_C03199 (C03199),Initiate proactive personal outreach or exclusive loyalty perk to re-activate customer.,"Customer is in the top 25% of spenders (Total: ₹13,590.05, 5 orders), but has been inactive for 140 days with an estimated churn/inactivity risk of 61.7%.",2026-09-26 07:37:24,GENERATED
REC_CUST_C01707,,RETENTION,0.7842,HIGH,0.791,0.8157749999999999,0.7474,customer,C01707,High-Value Customer Retention: Customer_C01707 (C01707),Initiate proactive personal outreach or exclusive loyalty perk to re-activate customer.,"Customer is in the top 25% of spenders (Total: ₹11,623.61, 3 orders), but has been inactive for 121 days with an estimated churn/inactivity risk of 61.7%.",2026-09-26 07:37:24,GENERATED
REC_CUST_C01588,,RETENTION,0.7841,HIGH,0.7932,0.8188549999999999,0.7421,customer,C01588,High-Value Customer Retention: Customer_C01588 (C01588),Initiate proactive personal outreach or exclusive loyalty perk to re-activate customer.,"Customer is in the top 25% of spenders (Total: ₹13,215.61, 5 orders), but has been inactive for 12 days with an estimated churn/inactivity risk of 62.5%.",2026-09-26 07:37:24,GENERATED
REC_CUST_C00949,,RETENTION,0.7839,HIGH,0.7907,0.8152849999999999,0.7473,customer,C00949,High-Value Customer Retention: Customer_C00949 (C00949),Initiate proactive personal outreach or exclusive loyalty perk to re-activate customer.,"Customer is in the top 25% of spenders (Total: ₹16,282.38, 4 orders), but has been inactive for 148 days with an estimated churn/inactivity risk of 61.5%.",2026-09-26 07:37:24,GENERATED
REC_CUST_C02922,,RETENTION,0.7838,HIGH,0.7906,0.815145,0.7473,customer,C02922,High-Value Customer Retention: Customer_C02922 (C02922),Initiate proactive personal outreach or exclusive loyalty perk to re-activate customer.,"Customer is in the top 25% of spenders (Total: ₹16,500.00, 1 orders), but has been inactive for 320 days with an estimated churn/inactivity risk of 61.5%.",2026-09-26 07:37:24,GENERATED
REC_CUST_C03139,,RETENTION,0.7838,HIGH,0.7906,0.815145,0.7473,customer,C03139,High-Value Customer Retention: Customer_C03139 (C03139),Initiate proactive personal outreach or exclusive loyalty perk to re-activate customer.,"Customer is in the top 25% of spenders (Total: ₹13,713.51, 2 orders), but has been inactive for 130 days with an estimated churn/inactivity risk of 61.5%.",2026-09-26 07:37:24,GENERATED
REC_CUST_C03279,,RETENTION,0.7838,HIGH,0.7906,0.815075,0.7473,customer,C03279,High-Value Customer Retention: Customer_C03279 (C03279),Initiate proactive personal outreach or exclusive loyalty perk to re-activate customer.,"Customer is in the top 25% of spenders (Total: ₹7,072.57, 1 orders), but has been inactive for 153 days with an estimated churn/inactivity risk of 61.5%.",2026-09-26 07:37:24,GENERATED
REC_CUST_C03375,,RETENTION,0.7837,HIGH,0.7905,0.814935,0.7472,customer,C03375,High-Value Customer Retention: Customer_C03375 (C03375),Initiate proactive personal outreach or exclusive loyalty perk to re-activate customer.,"Customer is in the top 25% of spenders (Total: ₹13,842.40, 5 orders), but has been inactive for 115 days with an estimated churn/inactivity risk of 61.4%.",2026-09-26 07:37:24,GENERATED
REC_CUST_C01160,,RETENTION,0.7836,HIGH,0.7904,0.8148299999999999,0.7472,customer,C01160,High-Value Customer Retention: Customer_C01160 (C01160),Initiate proactive personal outreach or exclusive loyalty perk to re-activate customer.,"Customer is in the top 25% of spenders (Total: ₹11,457.48, 2 orders), but has been inactive for 215 days with an estimated churn/inactivity risk of 61.4%.",2026-09-26 07:37:24,GENERATED
REC_CUST_C01679,,RETENTION,0.7836,HIGH,0.7903,0.8147599999999999,0.7472,customer,C01679,High-Value Customer Retention: Customer_C01679 (C01679),Initiate proactive personal outreach or exclusive loyalty perk to re-activate customer.,"Customer is in the top 25% of spenders (Total: ₹24,728.52, 5 orders), but has been inactive for 75 days with an estimated churn/inactivity risk of 61.4%.",2026-09-26 07:37:24,GENERATED
REC_CUST_C03410,,RETENTION,0.7836,HIGH,0.7904,0.8147949999999999,0.7472,customer,C03410,High-Value Customer Retention: Customer_C03410 (C03410),Initiate proactive personal outreach or exclusive loyalty perk to re-activate customer.,"Customer is in the top 25% of spenders (Total: ₹10,055.15, 2 orders), but has been inactive for 266 days with an estimated churn/inactivity risk of 61.4%.",2026-09-26 07:37:24,GENERATED
REC_CUST_C00671,,RETENTION,0.7834,HIGH,0.79,0.81434,0.7472,customer,C00671,High-Value Customer Retention: Customer_C00671 (C00671),Initiate proactive personal outreach or exclusive loyalty perk to re-activate customer.,"Customer is in the top 25% of spenders (Total: ₹10,281.83, 3 orders), but has been inactive for 155 days with an estimated churn/inactivity risk of 61.2%.",2026-09-26 07:37:24,GENERATED
REC_CUST_C01891,,RETENTION,0.7834,HIGH,0.7901,0.814375,0.7472,customer,C01891,High-Value Customer Retention: Customer_C01891 (C01891),Initiate proactive personal outreach or exclusive loyalty perk to re-activate customer.,"Customer is in the top 25% of spenders (Total: ₹12,038.32, 3 orders), but has been inactive for 300 days with an estimated churn/inactivity risk of 61.3%.",2026-09-26 07:37:24,GENERATED
REC_CUST_C01099,,RETENTION,0.7831,HIGH,0.7897,0.81385,0.7471,customer,C01099,High-Value Customer Retention: Customer_C01099 (C01099),Initiate proactive personal outreach or exclusive loyalty perk to re-activate customer.,"Customer is in the top 25% of spenders (Total: ₹15,078.10, 2 orders), but has been inactive for 162 days with an estimated churn/inactivity risk of 61.1%.",2026-09-26 07:37:24,GENERATED
REC_CUST_C02332,,RETENTION,0.7831,HIGH,0.7897,0.81392,0.7471,customer,C02332,High-Value Customer Retention: Customer_C02332 (C02332),Initiate proactive personal outreach or exclusive loyalty perk to re-activate customer.,"Customer is in the top 25% of spenders (Total: ₹11,572.49, 4 orders), but has been inactive for 159 days with an estimated churn/inactivity risk of 61.1%.",2026-09-26 07:37:24,GENERATED
REC_CUST_C01070,,RETENTION,0.783,HIGH,0.7896,0.81378,0.7471,customer,C01070,High-Value Customer Retention: Customer_C01070 (C01070),Initiate proactive personal outreach or exclusive loyalty perk to re-activate customer.,"Customer is in the top 25% of spenders (Total: ₹17,067.60, 4 orders), but has been inactive for 208 days with an estimated churn/inactivity risk of 61.1%.",2026-09-26 07:37:24,GENERATED
REC_CUST_C02770,,RETENTION,0.783,HIGH,0.7896,0.8137449999999999,0.7471,customer,C02770,High-Value Customer Retention: Customer_C02770 (C02770),Initiate proactive personal outreach or exclusive loyalty perk to re-activate customer.,"Customer is in the top 25% of spenders (Total: ₹12,801.74, 4 orders), but has been inactive for 102 days with an estimated churn/inactivity risk of 61.1%.",2026-09-26 07:37:24,GENERATED
REC_CUST_C00475,,RETENTION,0.7829,HIGH,0.7895,0.8135699999999999,0.747,customer,C00475,High-Value Customer Retention: Customer_C00475 (C00475),Initiate proactive personal outreach or exclusive loyalty perk to re-activate customer.,"Customer is in the top 25% of spenders (Total: ₹17,693.31, 2 orders), but has been inactive for 306 days with an estimated churn/inactivity risk of 61.0%.",2026-09-26 07:37:24,GENERATED
REC_CUST_C02705,,RETENTION,0.7829,HIGH,0.7895,0.8136049999999999,0.747,customer,C02705,High-Value Customer Retention: Customer_C02705 (C02705),Initiate proactive personal outreach or exclusive loyalty perk to re-activate customer.,"Customer is in the top 25% of spenders (Total: ₹9,019.40, 2 orders), but has been inactive for 125 days with an estimated churn/inactivity risk of 61.0%.",2026-09-26 07:37:24,GENERATED
REC_CUST_C01370,,RETENTION,0.7828,HIGH,0.7894,0.813465,0.747,customer,C01370,High-Value Customer Retention: Customer_C01370 (C01370),Initiate proactive personal outreach or exclusive loyalty perk to re-activate customer.,"Customer is in the top 25% of spenders (Total: ₹14,739.47, 5 orders), but has been inactive for 116 days with an estimated churn/inactivity risk of 61.0%.",2026-09-26 07:37:24,GENERATED
REC_CUST_C01812,,RETENTION,0.7828,HIGH,0.7894,0.81343,0.747,customer,C01812,High-Value Customer Retention: Customer_C01812 (C01812),Initiate proactive personal outreach or exclusive loyalty perk to re-activate customer.,"Customer is in the top 25% of spenders (Total: ₹8,130.83, 2 orders), but has been inactive for 90 days with an estimated churn/inactivity risk of 61.0%.",2026-09-26 07:37:24,GENERATED
REC_CUST_C00436,,RETENTION,0.7827,HIGH,0.7893,0.81329,0.747,customer,C00436,High-Value Customer Retention: Customer_C00436 (C00436),Initiate proactive personal outreach or exclusive loyalty perk to re-activate customer.,"Customer is in the top 25% of spenders (Total: ₹18,375.99, 6 orders), but has been inactive for 8 days with an estimated churn/inactivity risk of 60.9%.",2026-09-26 07:37:24,GENERATED
REC_CUST_C00550,,RETENTION,0.7827,HIGH,0.795,0.82141,0.7343,customer,C00550,High-Value Customer Retention: Customer_C00550 (C00550),Initiate proactive personal outreach or exclusive loyalty perk to re-activate customer.,"Customer is in the top 25% of spenders (Total: ₹12,806.59, 5 orders), but has been inactive for 170 days with an estimated churn/inactivity risk of 63.3%.",2026-09-26 07:37:24,GENERATED
REC_CUST_C01300,,RETENTION,0.7826,HIGH,0.7997,0.828165,0.7238,customer,C01300,High-Value Customer Retention: Customer_C01300 (C01300),Initiate proactive personal outreach or exclusive loyalty perk to re-activate customer.,"Customer is in the top 25% of spenders (Total: ₹14,672.81, 6 orders), but has been inactive for 113 days with an estimated churn/inactivity risk of 65.2%.",2026-09-26 07:37:24,GENERATED
REC_CUST_C01576,,RETENTION,0.7826,HIGH,0.7891,0.813045,0.747,customer,C01576,High-Value Customer Retention: Customer_C01576 (C01576),Initiate proactive personal outreach or exclusive loyalty perk to re-activate customer.,"Customer is in the top 25% of spenders (Total: ₹17,145.62, 6 orders), but has been inactive for 19 days with an estimated churn/inactivity risk of 60.9%.",2026-09-26 07:37:24,GENERATED
REC_CUST_C01743,,RETENTION,0.7826,HIGH,0.7892,0.813115,0.747,customer,C01743,High-Value Customer Retention: Customer_C01743 (C01743),Initiate proactive personal outreach or exclusive loyalty perk to re-activate customer.,"Customer is in the top 25% of spenders (Total: ₹17,689.40, 4 orders), but has been inactive for 246 days with an estimated churn/inactivity risk of 60.9%.",2026-09-26 07:37:24,GENERATED
REC_CUST_C02892,,RETENTION,0.7826,HIGH,0.7891,0.81301,0.747,customer,C02892,High-Value Customer Retention: Customer_C02892 (C02892),Initiate proactive personal outreach or exclusive loyalty perk to re-activate customer.,"Customer is in the top 25% of spenders (Total: ₹16,871.32, 2 orders), but has been inactive for 184 days with an estimated churn/inactivity risk of 60.9%.",2026-09-26 07:37:24,GENERATED
REC_CUST_C01309,,RETENTION,0.7825,HIGH,0.8006,0.82939,0.7215,customer,C01309,High-Value Customer Retention: Customer_C01309 (C01309),Initiate proactive personal outreach or exclusive loyalty perk to re-activate customer.,"Customer is in the top 25% of spenders (Total: ₹7,262.58, 3 orders), but has been inactive for 90 days with an estimated churn/inactivity risk of 65.5%.",2026-09-26 07:37:24,GENERATED
REC_CUST_C01454,,RETENTION,0.7824,HIGH,0.7889,0.812695,0.7469,customer,C01454,High-Value Customer Retention: Customer_C01454 (C01454),Initiate proactive personal outreach or exclusive loyalty perk to re-activate customer.,"Customer is in the top 25% of spenders (Total: ₹9,224.40, 2 orders), but has been inactive for 140 days with an estimated churn/inactivity risk of 60.8%.",2026-09-26 07:37:24,GENERATED
REC_CUST_C02190,,RETENTION,0.7824,HIGH,0.789,0.8128,0.7469,customer,C02190,High-Value Customer Retention: Customer_C02190 (C02190),Initiate proactive personal outreach or exclusive loyalty perk to re-activate customer.,"Customer is in the top 25% of spenders (Total: ₹15,724.34, 4 orders), but has been inactive for 237 days with an estimated churn/inactivity risk of 60.8%.",2026-09-26 07:37:24,GENERATED
REC_CUST_C00420,,RETENTION,0.7822,HIGH,0.7887,0.8124849999999999,0.7469,customer,C00420,High-Value Customer Retention: Customer_C00420 (C00420),Initiate proactive personal outreach or exclusive loyalty perk to re-activate customer.,"Customer is in the top 25% of spenders (Total: ₹11,754.30, 3 orders), but has been inactive for 214 days with an estimated churn/inactivity risk of 60.7%.",2026-09-26 07:37:24,GENERATED
REC_CUST_C02952,,RETENTION,0.7822,HIGH,0.7887,0.8124849999999999,0.7469,customer,C02952,High-Value Customer Retention: Customer_C02952 (C02952),Initiate proactive personal outreach or exclusive loyalty perk to re-activate customer.,"Customer is in the top 25% of spenders (Total: ₹15,444.38, 2 orders), but has been inactive for 100 days with an estimated churn/inactivity risk of 60.7%.",2026-09-26 07:37:24,GENERATED
REC_CUST_C01584,,RETENTION,0.782,HIGH,0.7885,0.8120999999999999,0.7468,customer,C01584,High-Value Customer Retention: Customer_C01584 (C01584),Initiate proactive personal outreach or exclusive loyalty perk to re-activate customer.,"Customer is in the top 25% of spenders (Total: ₹16,663.00, 2 orders), but has been inactive for 265 days with an estimated churn/inactivity risk of 60.6%.",2026-09-26 07:37:24,GENERATED
REC_CUST_C01841,,RETENTION,0.782,HIGH,0.7885,0.8121349999999999,0.7468,customer,C01841,High-Value Customer Retention: Customer_C01841 (C01841),Initiate proactive personal outreach or exclusive loyalty perk to re-activate customer.,"Customer is in the top 25% of spenders (Total: ₹12,901.89, 4 orders), but has been inactive for 3 days with an estimated churn/inactivity risk of 60.6%.",2026-09-26 07:37:24,GENERATED
REC_CUST_C00797,,RETENTION,0.7819,HIGH,0.7884,0.81203,0.7468,customer,C00797,High-Value Customer Retention: Customer_C00797 (C00797),Initiate proactive personal outreach or exclusive loyalty perk to re-activate customer.,"Customer is in the top 25% of spenders (Total: ₹17,266.01, 3 orders), but has been inactive for 278 days with an estimated churn/inactivity risk of 60.6%.",2026-09-26 07:37:24,GENERATED
REC_CUST_C01067,,RETENTION,0.7819,HIGH,0.7883,0.811925,0.7468,customer,C01067,High-Value Customer Retention: Customer_C01067 (C01067),Initiate proactive personal outreach or exclusive loyalty perk to re-activate customer.,"Customer is in the top 25% of spenders (Total: ₹17,477.37, 5 orders), but has been inactive for 11 days with an estimated churn/inactivity risk of 60.6%.",2026-09-26 07:37:24,GENERATED
REC_SALES_PRD_LAP_02,,FOCUS,0.7618,HIGH,0.8395,0.7,0.7522,product,PRD_LAP_02,Maximize Star Product Velocity: Wireless Optical Mouse 2.4GHz,Prioritize prime display placement and ensure zero catalog outages.,"Product is in the top 25% of merchant revenue (Total: ₹1,188,873.16) with robust 7-day forecast of 6 units. Maintaining prominent visibility captures core demand.",2026-09-26 07:37:24,GENERATED
REC_SALES_PRD_SNK_01,,FOCUS,0.7531,HIGH,0.8395,0.7,0.7267,product,PRD_SNK_01,Maximize Star Product Velocity: Spicy Masala Potato Chips 150g,Prioritize prime display placement and ensure zero catalog outages.,"Product is in the top 25% of merchant revenue (Total: ₹403,820.34) with robust 7-day forecast of 16 units. Maintaining prominent visibility captures core demand.",2026-09-26 07:37:24,GENERATED
REC_SALES_PRD_ELE_01,,FOCUS,0.7515,HIGH,0.8395,0.7,0.7223,product,PRD_ELE_01,Maximize Star Product Velocity: Smart LED Desk Lamp 10W,Prioritize prime display placement and ensure zero catalog outages.,"Product is in the top 25% of merchant revenue (Total: ₹1,080,895.51) with robust 7-day forecast of 5 units. Maintaining prominent visibility captures core demand.",2026-09-26 07:37:24,GENERATED
REC_SALES_PRD_ACC_01,,FOCUS,0.7515,HIGH,0.8395,0.7,0.7221,product,PRD_ACC_01,Maximize Star Product Velocity: Leather Wallet,Prioritize prime display placement and ensure zero catalog outages.,"Product is in the top 25% of merchant revenue (Total: ₹1,250,451.81) with robust 7-day forecast of 6 units. Maintaining prominent visibility captures core demand.",2026-09-26 07:37:24,GENERATED
REC_SALES_PRD_SNK_02,,FOCUS,0.7413,HIGH,0.8395,0.7,0.6933,product,PRD_SNK_02,Maximize Star Product Velocity: Roasted Salted Almonds 200g,Prioritize prime display placement and ensure zero catalog outages.,"Product is in the top 25% of merchant revenue (Total: ₹380,894.90) with robust 7-day forecast of 15 units. Maintaining prominent visibility captures core demand.",2026-09-26 07:37:24,GENERATED
REC_SALES_PRD_BEV_02,,FOCUS,0.7412,HIGH,0.8395,0.7,0.6929,product,PRD_BEV_02,Maximize Star Product Velocity: Cold Pressed Orange Juice 500ml,Prioritize prime display placement and ensure zero catalog outages.,"Product is in the top 25% of merchant revenue (Total: ₹246,894.06) with robust 7-day forecast of 5 units. Maintaining prominent visibility captures core demand.",2026-09-26 07:37:24,GENERATED
REC_SALES_PRD_BEV_01,,FOCUS,0.7396,HIGH,0.8395,0.7,0.6884,product,PRD_BEV_01,Maximize Star Product Velocity: Fresh Mango Juice 1L,Prioritize prime display placement and ensure zero catalog outages.,"Product is in the top 25% of merchant revenue (Total: ₹233,276.13) with robust 7-day forecast of 6 units. Maintaining prominent visibility captures core demand.",2026-09-26 07:37:24,GENERATED
REC_PRICE_PRD_SNK_01,,MAINTAIN_PRICE,0.7316,HIGH,0.8395,0.65,0.7175,product,PRD_SNK_01,Protect Pricing Power: Spicy Masala Potato Chips 150g,Avoid promotional price-cutting; preserve current price point of ₹45.00.,Strong forward demand (16 units/week) paired with healthy 51.1% unit margin. Customers exhibit low price sensitivity; discounting is unnecessary and dilutes profit.,2026-09-26 07:37:25,GENERATED
REC_PRICE_PRD_SNK_02,,MAINTAIN_PRICE,0.7316,HIGH,0.8395,0.65,0.7175,product,PRD_SNK_02,Protect Pricing Power: Roasted Salted Almonds 200g,Avoid promotional price-cutting; preserve current price point of ₹225.00.,Strong forward demand (15 units/week) paired with healthy 42.2% unit margin. Customers exhibit low price sensitivity; discounting is unnecessary and dilutes profit.,2026-09-26 07:37:25,GENERATED
REC_PRICE_PRD_LAP_02,,MAINTAIN_PRICE,0.7316,HIGH,0.8395,0.65,0.7175,product,PRD_LAP_02,Protect Pricing Power: Wireless Optical Mouse 2.4GHz,Avoid promotional price-cutting; preserve current price point of ₹499.00.,Strong forward demand (6 units/week) paired with healthy 57.9% unit margin. Customers exhibit low price sensitivity; discounting is unnecessary and dilutes profit.,2026-09-26 07:37:25,GENERATED
REC_PRICE_PRD_EAR_02,,MAINTAIN_PRICE,0.7316,HIGH,0.8395,0.65,0.7175,product,PRD_EAR_02,Protect Pricing Power: Deep Bass Wired Earphones 3.5mm,Avoid promotional price-cutting; preserve current price point of ₹349.00.,Strong forward demand (5 units/week) paired with healthy 59.9% unit margin. Customers exhibit low price sensitivity; discounting is unnecessary and dilutes profit.,2026-09-26 07:37:25,GENERATED
REC_PRICE_PRD_ELE_01,,MAINTAIN_PRICE,0.7316,HIGH,0.8395,0.65,0.7175,product,PRD_ELE_01,Protect Pricing Power: Smart LED Desk Lamp 10W,Avoid promotional price-cutting; preserve current price point of ₹899.00.,Strong forward demand (5 units/week) paired with healthy 49.9% unit margin. Customers exhibit low price sensitivity; discounting is unnecessary and dilutes profit.,2026-09-26 07:37:25,GENERATED
REC_PRICE_PRD_HOU_01,,MAINTAIN_PRICE,0.7316,HIGH,0.8395,0.65,0.7175,product,PRD_HOU_01,Protect Pricing Power: Microfiber Cleaning Cloth 4-Pack,Avoid promotional price-cutting; preserve current price point of ₹180.00.,Strong forward demand (5 units/week) paired with healthy 55.6% unit margin. Customers exhibit low price sensitivity; discounting is unnecessary and dilutes profit.,2026-09-26 07:37:25,GENERATED
REC_PRICE_PRD_PAS_02,,MAINTAIN_PRICE,0.7316,HIGH,0.8395,0.65,0.7175,product,PRD_PAS_02,Protect Pricing Power: Choco Lava Lava Cake Single,Avoid promotional price-cutting; preserve current price point of ₹110.00.,Strong forward demand (5 units/week) paired with healthy 54.5% unit margin. Customers exhibit low price sensitivity; discounting is unnecessary and dilutes profit.,2026-09-26 07:37:25,GENERATED
REC_PRICE_PRD_PAS_01,,MAINTAIN_PRICE,0.7316,HIGH,0.8395,0.65,0.7175,product,PRD_PAS_01,Protect Pricing Power: Red Velvet Pastry Slice,Avoid promotional price-cutting; preserve current price point of ₹95.00.,Strong forward demand (6 units/week) paired with healthy 52.6% unit margin. Customers exhibit low price sensitivity; discounting is unnecessary and dilutes profit.,2026-09-26 07:37:25,GENERATED
REC_PRICE_PRD_ACC_01,,MAINTAIN_PRICE,0.7316,HIGH,0.8395,0.65,0.7175,product,PRD_ACC_01,Protect Pricing Power: Leather Wallet,Avoid promotional price-cutting; preserve current price point of ₹499.00.,Strong forward demand (6 units/week) paired with healthy 49.9% unit margin. Customers exhibit low price sensitivity; discounting is unnecessary and dilutes profit.,2026-09-26 07:37:25,GENERATED
REC_PRICE_PRD_HOU_02,,MAINTAIN_PRICE,0.7316,HIGH,0.8395,0.65,0.7175,product,PRD_HOU_02,Protect Pricing Power: Aromatherapy Reed Diffuser 100ml,Avoid promotional price-cutting; preserve current price point of ₹320.00.,Strong forward demand (6 units/week) paired with healthy 50.0% unit margin. Customers exhibit low price sensitivity; discounting is unnecessary and dilutes profit.,2026-09-26 07:37:25,GENERATED
REC_PRICE_PRD_BRD_02,,MAINTAIN_PRICE,0.7316,HIGH,0.8395,0.65,0.7175,product,PRD_BRD_02,Protect Pricing Power: Artisanal Sourdough Bread Loaf,Avoid promotional price-cutting; preserve current price point of ₹140.00.,Strong forward demand (5 units/week) paired with healthy 46.4% unit margin. Customers exhibit low price sensitivity; discounting is unnecessary and dilutes profit.,2026-09-26 07:37:25,GENERATED
REC_PRICE_PRD_WEL_01,,MAINTAIN_PRICE,0.7316,HIGH,0.8395,0.65,0.7175,product,PRD_WEL_01,Protect Pricing Power: Immunity Booster Chyawanprash 1kg,Avoid promotional price-cutting; preserve current price point of ₹375.00.,Strong forward demand (5 units/week) paired with healthy 41.3% unit margin. Customers exhibit low price sensitivity; discounting is unnecessary and dilutes profit.,2026-09-26 07:37:25,GENERATED
REC_PRICE_PRD_BEV_01,,MAINTAIN_PRICE,0.7316,HIGH,0.8395,0.65,0.7175,product,PRD_BEV_01,Protect Pricing Power: Fresh Mango Juice 1L,Avoid promotional price-cutting; preserve current price point of ₹110.00.,Strong forward demand (6 units/week) paired with healthy 40.9% unit margin. Customers exhibit low price sensitivity; discounting is unnecessary and dilutes profit.,2026-09-26 07:37:25,GENERATED
REC_PRICE_PRD_BEV_02,,MAINTAIN_PRICE,0.7316,HIGH,0.8395,0.65,0.7175,product,PRD_BEV_02,Protect Pricing Power: Cold Pressed Orange Juice 500ml,Avoid promotional price-cutting; preserve current price point of ₹95.00.,Strong forward demand (5 units/week) paired with healthy 42.1% unit margin. Customers exhibit low price sensitivity; discounting is unnecessary and dilutes profit.,2026-09-26 07:37:25,GENERATED
REC_PRICE_PRD_MOB_01,,LIMIT_DISCOUNT,0.7265,HIGH,0.8395,0.7,0.6525,product,PRD_MOB_01,Curtail Discount Erosion: Entry-level 4G Smartphone 32GB,Cap transaction discounts at 5% to preserve realized unit margins.,"Product has an average historical discount rate of 31.4%, which erodes the nominal margin of 26.1%. Restricting ad-hoc discounts recovers bottom-line profit.",2026-09-26 07:37:25,GENERATED
REC_PRICE_PRD_MOB_02,,LIMIT_DISCOUNT,0.7265,HIGH,0.8395,0.7,0.6525,product,PRD_MOB_02,Curtail Discount Erosion: Budget 5G Smartphone 128GB,Cap transaction discounts at 5% to preserve realized unit margins.,"Product has an average historical discount rate of 54.1%, which erodes the nominal margin of 26.7%. Restricting ad-hoc discounts recovers bottom-line profit.",2026-09-26 07:37:25,GENERATED
REC_PRICE_PRD_EAR_01,,LIMIT_DISCOUNT,0.7265,HIGH,0.8395,0.7,0.6525,product,PRD_EAR_01,Curtail Discount Erosion: TWS True Wireless Earbuds,Cap transaction discounts at 5% to preserve realized unit margins.,"Product has an average historical discount rate of 32.2%, which erodes the nominal margin of 50.0%. Restricting ad-hoc discounts recovers bottom-line profit.",2026-09-26 07:37:25,GENERATED
REC_PRICE_PRD_CHG_01,,LIMIT_DISCOUNT,0.7265,HIGH,0.8395,0.7,0.6525,product,PRD_CHG_01,Curtail Discount Erosion: Fast Charger 33W USB-C Adapter,Cap transaction discounts at 5% to preserve realized unit margins.,"Product has an average historical discount rate of 15.8%, which erodes the nominal margin of 54.2%. Restricting ad-hoc discounts recovers bottom-line profit.",2026-09-26 07:37:25,GENERATED
REC_PRICE_PRD_CAK_02,,LIMIT_DISCOUNT,0.7265,HIGH,0.8395,0.7,0.6525,product,PRD_CAK_02,Curtail Discount Erosion: Eggless Pineapple Cake 500g,Cap transaction discounts at 5% to preserve realized unit margins.,"Product has an average historical discount rate of 29.4%, which erodes the nominal margin of 51.1%. Restricting ad-hoc discounts recovers bottom-line profit.",2026-09-26 07:37:25,GENERATED
REC_PRICE_PRD_CHG_02,,LIMIT_DISCOUNT,0.7265,HIGH,0.8395,0.7,0.6525,product,PRD_CHG_02,Curtail Discount Erosion: Wireless Charging Pad 15W,Cap transaction discounts at 5% to preserve realized unit margins.,"Product has an average historical discount rate of 23.1%, which erodes the nominal margin of 54.9%. Restricting ad-hoc discounts recovers bottom-line profit.",2026-09-26 07:37:25,GENERATED
REC_PRICE_PRD_NOT_02,,LIMIT_DISCOUNT,0.7265,HIGH,0.8395,0.7,0.6525,product,PRD_NOT_02,Curtail Discount Erosion: Executive PU Leather Diary,Cap transaction discounts at 5% to preserve realized unit margins.,"Product has an average historical discount rate of 24.8%, which erodes the nominal margin of 50.0%. Restricting ad-hoc discounts recovers bottom-line profit.",2026-09-26 07:37:25,GENERATED
REC_PRICE_PRD_DES_01,,LIMIT_DISCOUNT,0.7265,HIGH,0.8395,0.7,0.6525,product,PRD_DES_01,Curtail Discount Erosion: Gulab Jamun Box 500g,Cap transaction discounts at 5% to preserve realized unit margins.,"Product has an average historical discount rate of 18.4%, which erodes the nominal margin of 45.5%. Restricting ad-hoc discounts recovers bottom-line profit.",2026-09-26 07:37:25,GENERATED
REC_PRICE_PRD_TEA_02,,LIMIT_DISCOUNT,0.7265,HIGH,0.8395,0.7,0.6525,product,PRD_TEA_02,Curtail Discount Erosion: Organic Darjeeling Green Tea 100g,Cap transaction discounts at 5% to preserve realized unit margins.,"Product has an average historical discount rate of 17.5%, which erodes the nominal margin of 47.6%. Restricting ad-hoc discounts recovers bottom-line profit.",2026-09-26 07:37:25,GENERATED
REC_PRICE_PRD_CAK_01,,LIMIT_DISCOUNT,0.7265,HIGH,0.8395,0.7,0.6525,product,PRD_CAK_01,Curtail Discount Erosion: Dutch Chocolate Truffle Cake 500g,Cap transaction discounts at 5% to preserve realized unit margins.,"Product has an average historical discount rate of 33.9%, which erodes the nominal margin of 49.1%. Restricting ad-hoc discounts recovers bottom-line profit.",2026-09-26 07:37:25,GENERATED
REC_PRICE_PRD_MEN_02,,LIMIT_DISCOUNT,0.7265,HIGH,0.8395,0.7,0.6525,product,PRD_MEN_02,Curtail Discount Erosion: Men Comfort Stretch Denim Jeans,Cap transaction discounts at 5% to preserve realized unit margins.,"Product has an average historical discount rate of 21.9%, which erodes the nominal margin of 54.1%. Restricting ad-hoc discounts recovers bottom-line profit.",2026-09-26 07:37:25,GENERATED
REC_PRICE_PRD_DES_02,,LIMIT_DISCOUNT,0.7265,HIGH,0.8395,0.7,0.6525,product,PRD_DES_02,Curtail Discount Erosion: Belgian Waffle with Syrup,Cap transaction discounts at 5% to preserve realized unit margins.,"Product has an average historical discount rate of 15.2%, which erodes the nominal margin of 50.0%. Restricting ad-hoc discounts recovers bottom-line profit.",2026-09-26 07:37:25,GENERATED
REC_PRICE_PRD_COF_02,,LIMIT_DISCOUNT,0.7265,HIGH,0.8395,0.7,0.6525,product,PRD_COF_02,Curtail Discount Erosion: Instant Cold Brew Premix 200g,Cap transaction discounts at 5% to preserve realized unit margins.,"Product has an average historical discount rate of 28.0%, which erodes the nominal margin of 46.4%. Restricting ad-hoc discounts recovers bottom-line profit.",2026-09-26 07:37:25,GENERATED
REC_PRICE_PRD_ART_01,,LIMIT_DISCOUNT,0.7265,HIGH,0.8395,0.7,0.6525,product,PRD_ART_01,Curtail Discount Erosion: Acrylic Color Set 12-Pack,Cap transaction discounts at 5% to preserve realized unit margins.,"Product has an average historical discount rate of 24.0%, which erodes the nominal margin of 43.8%. Restricting ad-hoc discounts recovers bottom-line profit.",2026-09-26 07:37:25,GENERATED
REC_PRICE_PRD_TEA_01,,LIMIT_DISCOUNT,0.7265,HIGH,0.8395,0.7,0.6525,product,PRD_TEA_01,Curtail Discount Erosion: Assam Masala CTC Chai 500g,Cap transaction discounts at 5% to preserve realized unit margins.,"Product has an average historical discount rate of 23.1%, which erodes the nominal margin of 45.8%. Restricting ad-hoc discounts recovers bottom-line profit.",2026-09-26 07:37:25,GENERATED
REC_PRICE_PRD_WOM_02,,LIMIT_DISCOUNT,0.7265,HIGH,0.8395,0.7,0.6525,product,PRD_WOM_02,Curtail Discount Erosion: Embroidered Rayon Anarkali Suit,Cap transaction discounts at 5% to preserve realized unit margins.,"Product has an average historical discount rate of 20.4%, which erodes the nominal margin of 56.6%. Restricting ad-hoc discounts recovers bottom-line profit.",2026-09-26 07:37:25,GENERATED
REC_PRICE_PRD_MEA_02,,LIMIT_DISCOUNT,0.7265,HIGH,0.8395,0.7,0.6525,product,PRD_MEA_02,Curtail Discount Erosion: Paneer Butter Masala Meal Box,Cap transaction discounts at 5% to preserve realized unit margins.,"Product has an average historical discount rate of 17.0%, which erodes the nominal margin of 50.0%. Restricting ad-hoc discounts recovers bottom-line profit.",2026-09-26 07:37:25,GENERATED
REC_PRICE_PRD_COF_01,,LIMIT_DISCOUNT,0.7265,HIGH,0.8395,0.7,0.6525,product,PRD_COF_01,Curtail Discount Erosion: Arabica Roast Ground Coffee 250g,Cap transaction discounts at 5% to preserve realized unit margins.,"Product has an average historical discount rate of 32.5%, which erodes the nominal margin of 44.7%. Restricting ad-hoc discounts recovers bottom-line profit.",2026-09-26 07:37:25,GENERATED
REC_PRICE_PRD_OFF_02,,LIMIT_DISCOUNT,0.7265,HIGH,0.8395,0.7,0.6525,product,PRD_OFF_02,Curtail Discount Erosion: A4 Copier Paper Ream 500 Sheets,Cap transaction discounts at 5% to preserve realized unit margins.,"Product has an average historical discount rate of 30.4%, which erodes the nominal margin of 38.7%. Restricting ad-hoc discounts recovers bottom-line profit.",2026-09-26 07:37:25,GENERATED
REC_PRICE_PRD_STA_01,,LIMIT_DISCOUNT,0.7265,HIGH,0.8395,0.7,0.6525,product,PRD_STA_01,Curtail Discount Erosion: Premium Basmati Rice 5kg,Cap transaction discounts at 5% to preserve realized unit margins.,"Product has an average historical discount rate of 25.1%, which erodes the nominal margin of 29.6%. Restricting ad-hoc discounts recovers bottom-line profit.",2026-09-26 07:37:25,GENERATED
REC_PRICE_PRD_BABY_01,,LIMIT_DISCOUNT,0.7265,HIGH,0.8395,0.7,0.6525,product,PRD_BABY_01,Curtail Discount Erosion: Baby Diaper Mega Pack (M),Cap transaction discounts at 5% to preserve realized unit margins.,"Product has an average historical discount rate of 23.0%, which erodes the nominal margin of 31.2%. Restricting ad-hoc discounts recovers bottom-line profit.",2026-09-26 07:37:25,GENERATED
REC_SALES_PRD_CAS_02,,PROMOTE,0.7115,HIGH,0.8395,0.6,0.715,product,PRD_CAS_02,Promote High-Margin Opportunity: Premium Leather Back Case,Feature in promotional showcases or digital store banners to lift awareness.,"Product yields an attractive margin of 60.0% (₹270.00/unit) but currently accounts for moderate historical sales (₹210,168.77). Targeted promotion will expand profitability.",2026-09-26 07:37:24,GENERATED
REC_SALES_PRD_CAB_01,,PROMOTE,0.7113,HIGH,0.8395,0.6,0.7145,product,PRD_CAB_01,Promote High-Margin Opportunity: Braided USB-C to USB-C Cable 1.5m,Feature in promotional showcases or digital store banners to lift awareness.,"Product yields an attractive margin of 59.9% (₹179.00/unit) but currently accounts for moderate historical sales (₹205,547.47). Targeted promotion will expand profitability.",2026-09-26 07:37:24,GENERATED
REC_SALES_PRD_WOM_01,,PROMOTE,0.706,HIGH,0.8395,0.6,0.6987,product,PRD_WOM_01,Promote High-Margin Opportunity: Women Pure Cotton Printed Kurti,Feature in promotional showcases or digital store banners to lift awareness.,"Product yields an attractive margin of 55.6% (₹389.00/unit) but currently accounts for moderate historical sales (₹80,642.89). Targeted promotion will expand profitability.",2026-09-26 07:37:24,GENERATED
REC_SALES_PRD_HOU_01,,PROMOTE,0.7059,HIGH,0.8395,0.6,0.6984,product,PRD_HOU_01,Promote High-Margin Opportunity: Microfiber Cleaning Cloth 4-Pack,Feature in promotional showcases or digital store banners to lift awareness.,"Product yields an attractive margin of 55.6% (₹100.00/unit) but currently accounts for moderate historical sales (₹165,761.30). Targeted promotion will expand profitability.",2026-09-26 07:37:24,GENERATED
REC_SALES_PRD_PAS_02,,PROMOTE,0.7046,HIGH,0.8395,0.6,0.6946,product,PRD_PAS_02,Promote High-Margin Opportunity: Choco Lava Lava Cake Single,Feature in promotional showcases or digital store banners to lift awareness.,"Product yields an attractive margin of 54.5% (₹60.00/unit) but currently accounts for moderate historical sales (₹113,494.86). Targeted promotion will expand profitability.",2026-09-26 07:37:24,GENERATED
REC_SALES_PRD_CHG_01,,PROMOTE,0.7042,HIGH,0.8395,0.6,0.6933,product,PRD_CHG_01,Promote High-Margin Opportunity: Fast Charger 33W USB-C Adapter,Feature in promotional showcases or digital store banners to lift awareness.,"Product yields an attractive margin of 54.2% (₹379.00/unit) but currently accounts for moderate historical sales (₹209,803.16). Targeted promotion will expand profitability.",2026-09-26 07:37:24,GENERATED
REC_SALES_PRD_MEN_02,,PROMOTE,0.7041,HIGH,0.8395,0.6,0.693,product,PRD_MEN_02,Promote High-Margin Opportunity: Men Comfort Stretch Denim Jeans,Feature in promotional showcases or digital store banners to lift awareness.,"Product yields an attractive margin of 54.1% (₹649.00/unit) but currently accounts for moderate historical sales (₹127,503.96). Targeted promotion will expand profitability.",2026-09-26 07:37:24,GENERATED
REC_SALES_PRD_KID_01,,PROMOTE,0.7041,HIGH,0.8395,0.6,0.6931,product,PRD_KID_01,Promote High-Margin Opportunity: Kids Cotton Graphic T-Shirt,Feature in promotional showcases or digital store banners to lift awareness.,"Product yields an attractive margin of 54.1% (₹189.00/unit) but currently accounts for moderate historical sales (₹98,595.32). Targeted promotion will expand profitability.",2026-09-26 07:37:24,GENERATED
REC_SALES_PRD_KID_02,,PROMOTE,0.7023,HIGH,0.8395,0.6,0.6877,product,PRD_KID_02,Promote High-Margin Opportunity: Children Educational Puzzle Game,Feature in promotional showcases or digital store banners to lift awareness.,"Product yields an attractive margin of 52.7% (₹145.00/unit) but currently accounts for moderate historical sales (₹63,048.52). Targeted promotion will expand profitability.",2026-09-26 07:37:24,GENERATED
REC_SALES_PRD_PAS_01,,PROMOTE,0.7022,HIGH,0.8395,0.6,0.6874,product,PRD_PAS_01,Promote High-Margin Opportunity: Red Velvet Pastry Slice,Feature in promotional showcases or digital store banners to lift awareness.,"Product yields an attractive margin of 52.6% (₹50.00/unit) but currently accounts for moderate historical sales (₹115,361.08). Targeted promotion will expand profitability.",2026-09-26 07:37:24,GENERATED
REC_SALES_PRD_MEN_01,,PROMOTE,0.7019,HIGH,0.8395,0.6,0.6866,product,PRD_MEN_01,Promote High-Margin Opportunity: Men Casual Slim-Fit Cotton Shirt,Feature in promotional showcases or digital store banners to lift awareness.,"Product yields an attractive margin of 52.4% (₹419.00/unit) but currently accounts for moderate historical sales (₹99,345.02). Targeted promotion will expand profitability.",2026-09-26 07:37:24,GENERATED
REC_SALES_PRD_WRI_02,,PROMOTE,0.7016,HIGH,0.8395,0.6,0.6856,product,PRD_WRI_02,Promote High-Margin Opportunity: Permanent Whiteboard Marker Set 4s,Feature in promotional showcases or digital store banners to lift awareness.,"Product yields an attractive margin of 52.2% (₹60.00/unit) but currently accounts for moderate historical sales (₹52,323.98). Targeted promotion will expand profitability.",2026-09-26 07:37:24,GENERATED
REC_SALES_PRD_CAK_02,,PROMOTE,0.7003,HIGH,0.8395,0.6,0.6817,product,PRD_CAK_02,Promote High-Margin Opportunity: Eggless Pineapple Cake 500g,Feature in promotional showcases or digital store banners to lift awareness.,"Product yields an attractive margin of 51.1% (₹230.00/unit) but currently accounts for moderate historical sales (₹115,532.03). Targeted promotion will expand profitability.",2026-09-26 07:37:24,GENERATED
REC_SALES_PRD_EAR_01,,PROMOTE,0.6988,MEDIUM,0.8395,0.6,0.6774,product,PRD_EAR_01,Promote High-Margin Opportunity: TWS True Wireless Earbuds,Feature in promotional showcases or digital store banners to lift awareness.,"Product yields an attractive margin of 50.0% (₹649.00/unit) but currently accounts for moderate historical sales (₹214,882.96). Targeted promotion will expand profitability.",2026-09-26 07:37:24,GENERATED
REC_SALES_PRD_NOT_02,,PROMOTE,0.6988,MEDIUM,0.8395,0.6,0.6775,product,PRD_NOT_02,Promote High-Margin Opportunity: Executive PU Leather Diary,Feature in promotional showcases or digital store banners to lift awareness.,"Product yields an attractive margin of 50.0% (₹130.00/unit) but currently accounts for moderate historical sales (₹53,992.71). Targeted promotion will expand profitability.",2026-09-26 07:37:24,GENERATED
REC_SALES_PRD_HOU_02,,PROMOTE,0.6988,MEDIUM,0.8395,0.6,0.6775,product,PRD_HOU_02,Promote High-Margin Opportunity: Aromatherapy Reed Diffuser 100ml,Feature in promotional showcases or digital store banners to lift awareness.,"Product yields an attractive margin of 50.0% (₹160.00/unit) but currently accounts for moderate historical sales (₹181,382.78). Targeted promotion will expand profitability.",2026-09-26 07:37:24,GENERATED
REC_SALES_PRD_WRI_01,,PROMOTE,0.6988,MEDIUM,0.8395,0.6,0.6775,product,PRD_WRI_01,Promote High-Margin Opportunity: Gel Roller Pen Blue Pack of 5,Feature in promotional showcases or digital store banners to lift awareness.,"Product yields an attractive margin of 50.0% (₹45.00/unit) but currently accounts for moderate historical sales (₹44,380.20). Targeted promotion will expand profitability.",2026-09-26 07:37:24,GENERATED
REC_SALES_PRD_MEA_01,,PROMOTE,0.6988,MEDIUM,0.8395,0.6,0.6775,product,PRD_MEA_01,Promote High-Margin Opportunity: Special North Indian Thali Combo,Feature in promotional showcases or digital store banners to lift awareness.,"Product yields an attractive margin of 50.0% (₹110.00/unit) but currently accounts for moderate historical sales (₹36,417.86). Targeted promotion will expand profitability.",2026-09-26 07:37:24,GENERATED
REC_SALES_PRD_DES_02,,PROMOTE,0.6988,MEDIUM,0.8395,0.6,0.6775,product,PRD_DES_02,Promote High-Margin Opportunity: Belgian Waffle with Syrup,Feature in promotional showcases or digital store banners to lift awareness.,"Product yields an attractive margin of 50.0% (₹90.00/unit) but currently accounts for moderate historical sales (₹97,835.53). Targeted promotion will expand profitability.",2026-09-26 07:37:24,GENERATED
REC_SALES_PRD_MED_02,,PROMOTE,0.6988,MEDIUM,0.8395,0.6,0.6775,product,PRD_MED_02,Promote High-Margin Opportunity: Multivitamin & Minerals 30 Tablets,Feature in promotional showcases or digital store banners to lift awareness.,"Product yields an attractive margin of 50.0% (₹120.00/unit) but currently accounts for moderate historical sales (₹73,575.14). Targeted promotion will expand profitability.",2026-09-26 07:37:24,GENERATED
REC_SALES_PRD_WEL_02,,PROMOTE,0.6988,MEDIUM,0.8395,0.6,0.6775,product,PRD_WEL_02,Promote High-Margin Opportunity: Pure Apple Cider Vinegar 500ml,Feature in promotional showcases or digital store banners to lift awareness.,"Product yields an attractive margin of 50.0% (₹140.00/unit) but currently accounts for moderate historical sales (₹65,510.15). Targeted promotion will expand profitability.",2026-09-26 07:37:24,GENERATED
REC_SALES_PRD_MEA_02,,PROMOTE,0.6988,MEDIUM,0.8395,0.6,0.6775,product,PRD_MEA_02,Promote High-Margin Opportunity: Paneer Butter Masala Meal Box,Feature in promotional showcases or digital store banners to lift awareness.,"Product yields an attractive margin of 50.0% (₹125.00/unit) but currently accounts for moderate historical sales (₹36,469.95). Targeted promotion will expand profitability.",2026-09-26 07:37:24,GENERATED
REC_INV_PRD_SNK_01,,RESTOCK,0.6673,MEDIUM,0.8395,0.7217343966712899,0.4905,product,PRD_SNK_01,Restock Spicy Masala Potato Chips 150g (Snacks),Order approximately 21 units to cover 7-day forecast demand of 16 units and 5 units safety stock.,"Projected 7-day demand is 16 units with daily velocity of 2.2 units/day. With an estimated 3-day supplier lead time, initiating a reorder of 21 units protects against stockouts. (Inventory data unavailable — recommendation based on forecast demand and historical sales velocity).",2026-09-26 07:37:24,GENERATED
REC_INV_PRD_SNK_02,,RESTOCK,0.6551,MEDIUM,0.8395,0.7194725692558392,0.4654,product,PRD_SNK_02,Restock Roasted Salted Almonds 200g (Snacks),Order approximately 20 units to cover 7-day forecast demand of 15 units and 5 units safety stock.,"Projected 7-day demand is 15 units with daily velocity of 2.2 units/day. With an estimated 3-day supplier lead time, initiating a reorder of 20 units protects against stockouts. (Inventory data unavailable — recommendation based on forecast demand and historical sales velocity).",2026-09-26 07:37:24,GENERATED
REC_INV_PRD_MOB_01,,RESTOCK,0.6529,MEDIUM,0.8395,0.5646594594594595,0.5872,product,PRD_MOB_01,Restock Entry-level 4G Smartphone 32GB (Mobiles),Order approximately 7 units to cover 7-day forecast demand of 4 units and 2 units safety stock.,"Projected 7-day demand is 4 units with daily velocity of 0.6 units/day. With an estimated 3-day supplier lead time, initiating a reorder of 7 units protects against stockouts. (Inventory data unavailable — recommendation based on forecast demand and historical sales velocity).",2026-09-26 07:37:24,GENERATED
REC_INV_PRD_LAP_02,,RESTOCK,0.6465,MEDIUM,0.8395,0.6503018867924528,0.495,product,PRD_LAP_02,Restock Wireless Optical Mouse 2.4GHz (Laptops),Order approximately 9 units to cover 7-day forecast demand of 6 units and 2 units safety stock.,"Projected 7-day demand is 6 units with daily velocity of 0.8 units/day. With an estimated 3-day supplier lead time, initiating a reorder of 9 units protects against stockouts. (Inventory data unavailable — recommendation based on forecast demand and historical sales velocity).",2026-09-26 07:37:24,GENERATED
REC_INV_PRD_EAR_02,,RESTOCK,0.6423,MEDIUM,0.8395,0.6315837104072398,0.4997,product,PRD_EAR_02,Restock Deep Bass Wired Earphones 3.5mm (Earphones),Order approximately 8 units to cover 7-day forecast demand of 5 units and 2 units safety stock.,"Projected 7-day demand is 5 units with daily velocity of 0.7 units/day. With an estimated 3-day supplier lead time, initiating a reorder of 8 units protects against stockouts. (Inventory data unavailable — recommendation based on forecast demand and historical sales velocity).",2026-09-26 07:37:24,GENERATED
REC_INV_PRD_ELE_01,,RESTOCK,0.6368,MEDIUM,0.8395,0.6183706004140787,0.4975,product,PRD_ELE_01,Restock Smart LED Desk Lamp 10W (Home Electronics),Order approximately 8 units to cover 7-day forecast demand of 5 units and 3 units safety stock.,"Projected 7-day demand is 5 units with daily velocity of 0.8 units/day. With an estimated 3-day supplier lead time, initiating a reorder of 8 units protects against stockouts. (Inventory data unavailable — recommendation based on forecast demand and historical sales velocity).",2026-09-26 07:37:24,GENERATED
REC_INV_PRD_CAB_01,,RESTOCK,0.6361,MEDIUM,0.8395,0.6163120879120879,0.4974,product,PRD_CAB_01,Restock Braided USB-C to USB-C Cable 1.5m (Cables),Order approximately 8 units to cover 7-day forecast demand of 4 units and 3 units safety stock.,"Projected 7-day demand is 4 units with daily velocity of 0.6 units/day. With an estimated 3-day supplier lead time, initiating a reorder of 8 units protects against stockouts. (Inventory data unavailable — recommendation based on forecast demand and historical sales velocity).",2026-09-26 07:37:24,GENERATED
REC_INV_PRD_MOB_02,,RESTOCK,0.6361,MEDIUM,0.8395,0.5242259615384616,0.5849,product,PRD_MOB_02,Restock Budget 5G Smartphone 128GB (Mobiles),Order approximately 6 units to cover 7-day forecast demand of 3 units and 3 units safety stock.,"Projected 7-day demand is 3 units with daily velocity of 0.5 units/day. With an estimated 3-day supplier lead time, initiating a reorder of 6 units protects against stockouts. (Inventory data unavailable — recommendation based on forecast demand and historical sales velocity).",2026-09-26 07:37:24,GENERATED
REC_INV_PRD_EAR_01,,RESTOCK,0.6355,MEDIUM,0.8395,0.5975693069306931,0.5117,product,PRD_EAR_01,Restock TWS True Wireless Earbuds (Earphones),Order approximately 8 units to cover 7-day forecast demand of 4 units and 3 units safety stock.,"Projected 7-day demand is 4 units with daily velocity of 0.6 units/day. With an estimated 3-day supplier lead time, initiating a reorder of 8 units protects against stockouts. (Inventory data unavailable — recommendation based on forecast demand and historical sales velocity).",2026-09-26 07:37:24,GENERATED
REC_INV_PRD_CAB_02,,RESTOCK,0.6349,MEDIUM,0.8395,0.6133473684210526,0.497,product,PRD_CAB_02,Restock Lightning Charging Cable 1m (Cables),Order approximately 8 units to cover 7-day forecast demand of 4 units and 3 units safety stock.,"Projected 7-day demand is 4 units with daily velocity of 0.6 units/day. With an estimated 3-day supplier lead time, initiating a reorder of 8 units protects against stockouts. (Inventory data unavailable — recommendation based on forecast demand and historical sales velocity).",2026-09-26 07:37:24,GENERATED
REC_INV_PRD_ELE_02,,RESTOCK,0.6325,MEDIUM,0.8395,0.6053030888030888,0.4979,product,PRD_ELE_02,Restock Electric Kettle 1.5L Stainless Steel (Home Electronics),Order approximately 7 units to cover 7-day forecast demand of 5 units and 2 units safety stock.,"Projected 7-day demand is 5 units with daily velocity of 0.6 units/day. With an estimated 3-day supplier lead time, initiating a reorder of 7 units protects against stockouts. (Inventory data unavailable — recommendation based on forecast demand and historical sales velocity).",2026-09-26 07:37:24,GENERATED
REC_INV_PRD_CHG_01,,RESTOCK,0.6304,MEDIUM,0.8395,0.6177532467532467,0.4831,product,PRD_CHG_01,Restock Fast Charger 33W USB-C Adapter (Chargers),Order approximately 8 units to cover 7-day forecast demand of 5 units and 2 units safety stock.,"Projected 7-day demand is 5 units with daily velocity of 0.7 units/day. With an estimated 3-day supplier lead time, initiating a reorder of 8 units protects against stockouts. (Inventory data unavailable — recommendation based on forecast demand and historical sales velocity).",2026-09-26 07:37:24,GENERATED
REC_INV_PRD_CAK_02,,RESTOCK,0.6296,MEDIUM,0.8395,0.636943527591542,0.4668,product,PRD_CAK_02,Restock Eggless Pineapple Cake 500g (Cakes),Order approximately 10 units to cover 7-day forecast demand of 6 units and 3 units safety stock.,"Projected 7-day demand is 6 units with daily velocity of 0.9 units/day. With an estimated 3-day supplier lead time, initiating a reorder of 10 units protects against stockouts. (Inventory data unavailable — recommendation based on forecast demand and historical sales velocity).",2026-09-26 07:37:24,GENERATED
REC_INV_PRD_HOU_01,,RESTOCK,0.627,MEDIUM,0.8395,0.6098333333333333,0.4815,product,PRD_HOU_01,Restock Microfiber Cleaning Cloth 4-Pack (Household),Order approximately 9 units to cover 7-day forecast demand of 5 units and 3 units safety stock.,"Projected 7-day demand is 5 units with daily velocity of 0.7 units/day. With an estimated 3-day supplier lead time, initiating a reorder of 9 units protects against stockouts. (Inventory data unavailable — recommendation based on forecast demand and historical sales velocity).",2026-09-26 07:37:24,GENERATED
REC_INV_PRD_PAS_02,,RESTOCK,0.6267,MEDIUM,0.8395,0.61309941089838,0.4782,product,PRD_PAS_02,Restock Choco Lava Lava Cake Single (Pastries),Order approximately 9 units to cover 7-day forecast demand of 5 units and 4 units safety stock.,"Projected 7-day demand is 5 units with daily velocity of 0.8 units/day. With an estimated 3-day supplier lead time, initiating a reorder of 9 units protects against stockouts. (Inventory data unavailable — recommendation based on forecast demand and historical sales velocity).",2026-09-26 07:37:24,GENERATED
REC_INV_PRD_LAP_01,,RESTOCK,0.6263,MEDIUM,0.8395,0.5982509652509653,0.4892,product,PRD_LAP_01,Restock Laptop Stand Aluminum Ergonomic (Laptops),Order approximately 8 units to cover 7-day forecast demand of 4 units and 3 units safety stock.,"Projected 7-day demand is 4 units with daily velocity of 0.6 units/day. With an estimated 3-day supplier lead time, initiating a reorder of 8 units protects against stockouts. (Inventory data unavailable — recommendation based on forecast demand and historical sales velocity).",2026-09-26 07:37:24,GENERATED
REC_INV_PRD_PAS_01,,RESTOCK,0.6257,MEDIUM,0.8395,0.61885960591133,0.4716,product,PRD_PAS_01,Restock Red Velvet Pastry Slice (Pastries),Order approximately 9 units to cover 7-day forecast demand of 6 units and 3 units safety stock.,"Projected 7-day demand is 6 units with daily velocity of 0.8 units/day. With an estimated 3-day supplier lead time, initiating a reorder of 9 units protects against stockouts. (Inventory data unavailable — recommendation based on forecast demand and historical sales velocity).",2026-09-26 07:37:24,GENERATED
REC_INV_PRD_ACC_02,,RESTOCK,0.625,MEDIUM,0.8395,0.6093031055900621,0.4772,product,PRD_ACC_02,Restock Fashion Sunglasses (Accessories),Order approximately 7 units to cover 7-day forecast demand of 5 units and 2 units safety stock.,"Projected 7-day demand is 5 units with daily velocity of 0.6 units/day. With an estimated 3-day supplier lead time, initiating a reorder of 7 units protects against stockouts. (Inventory data unavailable — recommendation based on forecast demand and historical sales velocity).",2026-09-26 07:37:24,GENERATED
REC_INV_PRD_CAS_01,,RESTOCK,0.6241,MEDIUM,0.8395,0.5872063492063492,0.4931,product,PRD_CAS_01,Restock Shockproof Matte Phone Case (Cases),Order approximately 7 units to cover 7-day forecast demand of 3 units and 3 units safety stock.,"Projected 7-day demand is 3 units with daily velocity of 0.5 units/day. With an estimated 3-day supplier lead time, initiating a reorder of 7 units protects against stockouts. (Inventory data unavailable — recommendation based on forecast demand and historical sales velocity).",2026-09-26 07:37:24,GENERATED
REC_INV_PRD_CAS_02,,RESTOCK,0.624,MEDIUM,0.8395,0.5870863254392666,0.4931,product,PRD_CAS_02,Restock Premium Leather Back Case (Cases),Order approximately 7 units to cover 7-day forecast demand of 4 units and 3 units safety stock.,"Projected 7-day demand is 4 units with daily velocity of 0.5 units/day. With an estimated 3-day supplier lead time, initiating a reorder of 7 units protects against stockouts. (Inventory data unavailable — recommendation based on forecast demand and historical sales velocity).",2026-09-26 07:37:24,GENERATED
REC_INV_PRD_ACC_01,,RESTOCK,0.6239,MEDIUM,0.8395,0.6268486140724947,0.4615,product,PRD_ACC_01,Restock Leather Wallet (Accessories),Order approximately 9 units to cover 7-day forecast demand of 6 units and 3 units safety stock.,"Projected 7-day demand is 6 units with daily velocity of 0.8 units/day. With an estimated 3-day supplier lead time, initiating a reorder of 9 units protects against stockouts. (Inventory data unavailable — recommendation based on forecast demand and historical sales velocity).",2026-09-26 07:37:24,GENERATED
REC_INV_PRD_CHG_02,,RESTOCK,0.6239,MEDIUM,0.8395,0.585521978021978,0.494,product,PRD_CHG_02,Restock Wireless Charging Pad 15W (Chargers),Order approximately 7 units to cover 7-day forecast demand of 4 units and 3 units safety stock.,"Projected 7-day demand is 4 units with daily velocity of 0.6 units/day. With an estimated 3-day supplier lead time, initiating a reorder of 7 units protects against stockouts. (Inventory data unavailable — recommendation based on forecast demand and historical sales velocity).",2026-09-26 07:37:24,GENERATED
REC_INV_PRD_NOT_02,,RESTOCK,0.623,MEDIUM,0.8395,0.6244270676691729,0.4612,product,PRD_NOT_02,Restock Executive PU Leather Diary (Notebooks),Order approximately 8 units to cover 7-day forecast demand of 5 units and 2 units safety stock.,"Projected 7-day demand is 5 units with daily velocity of 0.8 units/day. With an estimated 3-day supplier lead time, initiating a reorder of 8 units protects against stockouts. (Inventory data unavailable — recommendation based on forecast demand and historical sales velocity).",2026-09-26 07:37:24,GENERATED
REC_INV_PRD_HOU_02,,RESTOCK,0.6223,MEDIUM,0.8395,0.6227743842364531,0.4609,product,PRD_HOU_02,Restock Aromatherapy Reed Diffuser 100ml (Household),Order approximately 9 units to cover 7-day forecast demand of 6 units and 3 units safety stock.,"Projected 7-day demand is 6 units with daily velocity of 0.8 units/day. With an estimated 3-day supplier lead time, initiating a reorder of 9 units protects against stockouts. (Inventory data unavailable — recommendation based on forecast demand and historical sales velocity).",2026-09-26 07:37:24,GENERATED
REC_PRICE_PRD_CAS_01,,PROMOTE,0.6217,MEDIUM,0.8395,0.5,0.5725,product,PRD_CAS_01,Promotional Discount Candidate: Shockproof Matte Phone Case,Introduce a 5-10% introductory or seasonal incentive to accelerate sales velocity.,"Product exhibits low projected demand (3.4 units) but healthy margin room (63.9%, ₹159.00). Modest discounting can stimulate sales without compromising unit viability.",2026-09-26 07:37:25,GENERATED
REC_PRICE_PRD_PER_02,,PROMOTE,0.6217,MEDIUM,0.8395,0.5,0.5725,product,PRD_PER_02,Promotional Discount Candidate: Moisturizing Shea Body Lotion 250ml,Introduce a 5-10% introductory or seasonal incentive to accelerate sales velocity.,"Product exhibits low projected demand (3.5 units) but healthy margin room (48.9%, ₹115.00). Modest discounting can stimulate sales without compromising unit viability.",2026-09-26 07:37:25,GENERATED
REC_PRICE_PRD_MED_01,,PROMOTE,0.6217,MEDIUM,0.8395,0.5,0.5725,product,PRD_MED_01,Promotional Discount Candidate: Paracetamol 650mg Strip of 15,Introduce a 5-10% introductory or seasonal incentive to accelerate sales velocity.,"Product exhibits low projected demand (3.5 units) but healthy margin room (48.6%, ₹17.00). Modest discounting can stimulate sales without compromising unit viability.",2026-09-26 07:37:25,GENERATED
REC_PRICE_PRD_ESS_02,,PROMOTE,0.6217,MEDIUM,0.8395,0.5,0.5725,product,PRD_ESS_02,Promotional Discount Candidate: Antibacterial Floor Cleaner 1L,Introduce a 5-10% introductory or seasonal incentive to accelerate sales velocity.,"Product exhibits low projected demand (3.1 units) but healthy margin room (46.9%, ₹75.00). Modest discounting can stimulate sales without compromising unit viability.",2026-09-26 07:37:25,GENERATED
REC_PRICE_PRD_ESS_01,,PROMOTE,0.6217,MEDIUM,0.8395,0.5,0.5725,product,PRD_ESS_01,Promotional Discount Candidate: Organic Hand Wash 500ml,Introduce a 5-10% introductory or seasonal incentive to accelerate sales velocity.,"Product exhibits low projected demand (2.7 units) but healthy margin room (48.3%, ₹70.00). Modest discounting can stimulate sales without compromising unit viability.",2026-09-26 07:37:25,GENERATED
REC_PRICE_PRD_PER_01,,PROMOTE,0.6217,MEDIUM,0.8395,0.5,0.5725,product,PRD_PER_01,Promotional Discount Candidate: Herbal Aloe Vera Face Wash 150ml,Introduce a 5-10% introductory or seasonal incentive to accelerate sales velocity.,"Product exhibits low projected demand (2.7 units) but healthy margin room (48.4%, ₹75.00). Modest discounting can stimulate sales without compromising unit viability.",2026-09-26 07:37:25,GENERATED
REC_PRICE_PRD_BABY_02,,PROMOTE,0.6217,MEDIUM,0.8395,0.5,0.5725,product,PRD_BABY_02,Promotional Discount Candidate: Gentle Baby Wet Wipes 72s,Introduce a 5-10% introductory or seasonal incentive to accelerate sales velocity.,"Product exhibits low projected demand (3.4 units) but healthy margin room (43.8%, ₹70.00). Modest discounting can stimulate sales without compromising unit viability.",2026-09-26 07:37:25,GENERATED
REC_PRICE_PRD_DAI_02,,PROMOTE,0.6217,MEDIUM,0.8395,0.5,0.5725,product,PRD_DAI_02,Promotional Discount Candidate: Fresh Malai Paneer 200g,Introduce a 5-10% introductory or seasonal incentive to accelerate sales velocity.,"Product exhibits low projected demand (3.2 units) but healthy margin room (31.6%, ₹30.00). Modest discounting can stimulate sales without compromising unit viability.",2026-09-26 07:37:25,GENERATED
REC_INV_PRD_DES_01,,RESTOCK,0.6213,MEDIUM,0.8395,0.6418543307086614,0.445,product,PRD_DES_01,Restock Gulab Jamun Box 500g (Desserts),Order approximately 10 units to cover 7-day forecast demand of 7 units and 3 units safety stock.,"Projected 7-day demand is 7 units with daily velocity of 1.0 units/day. With an estimated 3-day supplier lead time, initiating a reorder of 10 units protects against stockouts. (Inventory data unavailable — recommendation based on forecast demand and historical sales velocity).",2026-09-26 07:37:24,GENERATED
REC_INV_PRD_TEA_02,,RESTOCK,0.6212,MEDIUM,0.8395,0.628399217221135,0.4543,product,PRD_TEA_02,Restock Organic Darjeeling Green Tea 100g (Tea),Order approximately 8 units to cover 7-day forecast demand of 5 units and 2 units safety stock.,"Projected 7-day demand is 5 units with daily velocity of 0.8 units/day. With an estimated 3-day supplier lead time, initiating a reorder of 8 units protects against stockouts. (Inventory data unavailable — recommendation based on forecast demand and historical sales velocity).",2026-09-26 07:37:24,GENERATED
REC_CROSS_PRD_DES_01_PRD_MOB_02,,CROSS_SELL,0.6184,MEDIUM,0.7228,0.55,0.595,product_pair,PRD_DES_01->PRD_MOB_02,Cross-Sell Pair: Gulab Jamun Box 500g -> Budget 5G Smartphone 128GB,Display Budget 5G Smartphone 128GB as an automatic checkout add-on whenever Gulab Jamun Box 500g is added to the cart.,"Historical transaction affinity shows that customers purchasing Gulab Jamun Box 500g have a 8.5% probability of buying Budget 5G Smartphone 128GB (Lift = 1.86x across 17 customers). Note: This is an observed co-occurrence pattern, not a causal guarantee.",2026-09-26 07:37:25,GENERATED
REC_INV_PRD_WRI_02,,RESTOCK,0.6176,MEDIUM,0.8395,0.6028412698412698,0.4654,product,PRD_WRI_02,Restock Permanent Whiteboard Marker Set 4s (Writing),Order approximately 8 units to cover 7-day forecast demand of 5 units and 3 units safety stock.,"Projected 7-day demand is 5 units with daily velocity of 0.7 units/day. With an estimated 3-day supplier lead time, initiating a reorder of 8 units protects against stockouts. (Inventory data unavailable — recommendation based on forecast demand and historical sales velocity).",2026-09-26 07:37:24,GENERATED
REC_INV_PRD_WRI_01,,RESTOCK,0.6146,MEDIUM,0.8395,0.6038128772635815,0.4581,product,PRD_WRI_01,Restock Gel Roller Pen Blue Pack of 5 (Writing),Order approximately 7 units to cover 7-day forecast demand of 4 units and 2 units safety stock.,"Projected 7-day demand is 4 units with daily velocity of 0.6 units/day. With an estimated 3-day supplier lead time, initiating a reorder of 7 units protects against stockouts. (Inventory data unavailable — recommendation based on forecast demand and historical sales velocity).",2026-09-26 07:37:24,GENERATED
REC_INV_PRD_OFF_01,,RESTOCK,0.6144,MEDIUM,0.8395,0.6074122807017545,0.4549,product,PRD_OFF_01,Restock Heavy Duty Desktop Stapler Set (Office Supplies),Order approximately 7 units to cover 7-day forecast demand of 4 units and 2 units safety stock.,"Projected 7-day demand is 4 units with daily velocity of 0.6 units/day. With an estimated 3-day supplier lead time, initiating a reorder of 7 units protects against stockouts. (Inventory data unavailable — recommendation based on forecast demand and historical sales velocity).",2026-09-26 07:37:24,GENERATED
REC_INV_PRD_MEN_01,,RESTOCK,0.6128,MEDIUM,0.8395,0.5911578947368421,0.4637,product,PRD_MEN_01,Restock Men Casual Slim-Fit Cotton Shirt (Men),Order approximately 6 units to cover 7-day forecast demand of 4 units and 2 units safety stock.,"Projected 7-day demand is 4 units with daily velocity of 0.5 units/day. With an estimated 3-day supplier lead time, initiating a reorder of 6 units protects against stockouts. (Inventory data unavailable — recommendation based on forecast demand and historical sales velocity).",2026-09-26 07:37:24,GENERATED
REC_INV_PRD_CAK_01,,RESTOCK,0.6105,MEDIUM,0.8395,0.5976580547112462,0.4534,product,PRD_CAK_01,Restock Dutch Chocolate Truffle Cake 500g (Cakes),Order approximately 9 units to cover 7-day forecast demand of 5 units and 4 units safety stock.,"Projected 7-day demand is 5 units with daily velocity of 0.7 units/day. With an estimated 3-day supplier lead time, initiating a reorder of 9 units protects against stockouts. (Inventory data unavailable — recommendation based on forecast demand and historical sales velocity).",2026-09-26 07:37:24,GENERATED
REC_INV_PRD_BRD_02,,RESTOCK,0.61,MEDIUM,0.8395,0.6091092750533049,0.4439,product,PRD_BRD_02,Restock Artisanal Sourdough Bread Loaf (Bread),Order approximately 9 units to cover 7-day forecast demand of 5 units and 3 units safety stock.,"Projected 7-day demand is 5 units with daily velocity of 0.8 units/day. With an estimated 3-day supplier lead time, initiating a reorder of 9 units protects against stockouts. (Inventory data unavailable — recommendation based on forecast demand and historical sales velocity).",2026-09-26 07:37:24,GENERATED
REC_INV_PRD_MEN_02,,RESTOCK,0.6097,MEDIUM,0.8395,0.5704246575342465,0.4733,product,PRD_MEN_02,Restock Men Comfort Stretch Denim Jeans (Men),Order approximately 5 units to cover 7-day forecast demand of 3 units and 2 units safety stock.,"Projected 7-day demand is 3 units with daily velocity of 0.4 units/day. With an estimated 3-day supplier lead time, initiating a reorder of 5 units protects against stockouts. (Inventory data unavailable — recommendation based on forecast demand and historical sales velocity).",2026-09-26 07:37:24,GENERATED
REC_INV_PRD_MEA_01,,RESTOCK,0.6094,MEDIUM,0.8395,0.5910357142857143,0.4562,product,PRD_MEA_01,Restock Special North Indian Thali Combo (Meals),Order approximately 6 units to cover 7-day forecast demand of 4 units and 2 units safety stock.,"Projected 7-day demand is 4 units with daily velocity of 0.5 units/day. With an estimated 3-day supplier lead time, initiating a reorder of 6 units protects against stockouts. (Inventory data unavailable — recommendation based on forecast demand and historical sales velocity).",2026-09-26 07:37:24,GENERATED
REC_INV_PRD_WEL_01,,RESTOCK,0.6091,MEDIUM,0.8395,0.628671114599686,0.4281,product,PRD_WEL_01,Restock Immunity Booster Chyawanprash 1kg (Wellness),Order approximately 8 units to cover 7-day forecast demand of 5 units and 2 units safety stock.,"Projected 7-day demand is 5 units with daily velocity of 0.7 units/day. With an estimated 3-day supplier lead time, initiating a reorder of 8 units protects against stockouts. (Inventory data unavailable — recommendation based on forecast demand and historical sales velocity).",2026-09-26 07:37:24,GENERATED
REC_INV_PRD_WOM_01,,RESTOCK,0.6082,MEDIUM,0.8395,0.5645402597402598,0.4747,product,PRD_WOM_01,Restock Women Pure Cotton Printed Kurti (Women),Order approximately 5 units to cover 7-day forecast demand of 3 units and 2 units safety stock.,"Projected 7-day demand is 3 units with daily velocity of 0.4 units/day. With an estimated 3-day supplier lead time, initiating a reorder of 5 units protects against stockouts. (Inventory data unavailable — recommendation based on forecast demand and historical sales velocity).",2026-09-26 07:37:24,GENERATED
REC_INV_PRD_PER_02,,RESTOCK,0.6073,MEDIUM,0.8395,0.5899473684210527,0.4522,product,PRD_PER_02,Restock Moisturizing Shea Body Lotion 250ml (Personal Care),Order approximately 6 units to cover 7-day forecast demand of 4 units and 2 units safety stock.,"Projected 7-day demand is 4 units with daily velocity of 0.5 units/day. With an estimated 3-day supplier lead time, initiating a reorder of 6 units protects against stockouts. (Inventory data unavailable — recommendation based on forecast demand and historical sales velocity).",2026-09-26 07:37:24,GENERATED
REC_INV_PRD_DES_02,,RESTOCK,0.606,MEDIUM,0.8395,0.5828144329896907,0.4549,product,PRD_DES_02,Restock Belgian Waffle with Syrup (Desserts),Order approximately 8 units to cover 7-day forecast demand of 4 units and 3 units safety stock.,"Projected 7-day demand is 4 units with daily velocity of 0.6 units/day. With an estimated 3-day supplier lead time, initiating a reorder of 8 units protects against stockouts. (Inventory data unavailable — recommendation based on forecast demand and historical sales velocity).",2026-09-26 07:37:24,GENERATED
REC_INV_PRD_KID_02,,RESTOCK,0.6052,MEDIUM,0.8395,0.5689617940199336,0.4641,product,PRD_KID_02,Restock Children Educational Puzzle Game (Kids),Order approximately 5 units to cover 7-day forecast demand of 3 units and 2 units safety stock.,"Projected 7-day demand is 3 units with daily velocity of 0.4 units/day. With an estimated 3-day supplier lead time, initiating a reorder of 5 units protects against stockouts. (Inventory data unavailable — recommendation based on forecast demand and historical sales velocity).",2026-09-26 07:37:24,GENERATED
REC_INV_PRD_COF_02,,RESTOCK,0.6038,MEDIUM,0.8395,0.5939137931034484,0.4416,product,PRD_COF_02,Restock Instant Cold Brew Premix 200g (Coffee),Order approximately 7 units to cover 7-day forecast demand of 4 units and 2 units safety stock.,"Projected 7-day demand is 4 units with daily velocity of 0.6 units/day. With an estimated 3-day supplier lead time, initiating a reorder of 7 units protects against stockouts. (Inventory data unavailable — recommendation based on forecast demand and historical sales velocity).",2026-09-26 07:37:24,GENERATED
REC_INV_PRD_BEV_01,,RESTOCK,0.603,MEDIUM,0.8395,0.6133367346938776,0.4258,product,PRD_BEV_01,Restock Fresh Mango Juice 1L (Beverages),Order approximately 10 units to cover 7-day forecast demand of 6 units and 3 units safety stock.,"Projected 7-day demand is 6 units with daily velocity of 0.9 units/day. With an estimated 3-day supplier lead time, initiating a reorder of 10 units protects against stockouts. (Inventory data unavailable — recommendation based on forecast demand and historical sales velocity).",2026-09-26 07:37:24,GENERATED
REC_INV_PRD_MED_01,,RESTOCK,0.6026,MEDIUM,0.8395,0.5785,0.4505,product,PRD_MED_01,Restock Paracetamol 650mg Strip of 15 (Medicine),Order approximately 6 units to cover 7-day forecast demand of 4 units and 2 units safety stock.,"Projected 7-day demand is 4 units with daily velocity of 0.5 units/day. With an estimated 3-day supplier lead time, initiating a reorder of 6 units protects against stockouts. (Inventory data unavailable — recommendation based on forecast demand and historical sales velocity).",2026-09-26 07:37:24,GENERATED
REC_INV_PRD_ART_01,,RESTOCK,0.6025,MEDIUM,0.8395,0.5990692640692641,0.4349,product,PRD_ART_01,Restock Acrylic Color Set 12-Pack (Art Supplies),Order approximately 9 units to cover 7-day forecast demand of 5 units and 4 units safety stock.,"Projected 7-day demand is 5 units with daily velocity of 0.7 units/day. With an estimated 3-day supplier lead time, initiating a reorder of 9 units protects against stockouts. (Inventory data unavailable — recommendation based on forecast demand and historical sales velocity).",2026-09-26 07:37:24,GENERATED
REC_INV_PRD_KID_01,,RESTOCK,0.6019,MEDIUM,0.8395,0.5573559718969555,0.4661,product,PRD_KID_01,Restock Kids Cotton Graphic T-Shirt (Kids),Order approximately 6 units to cover 7-day forecast demand of 3 units and 3 units safety stock.,"Projected 7-day demand is 3 units with daily velocity of 0.4 units/day. With an estimated 3-day supplier lead time, initiating a reorder of 6 units protects against stockouts. (Inventory data unavailable — recommendation based on forecast demand and historical sales velocity).",2026-09-26 07:37:24,GENERATED
REC_INV_PRD_TEA_01,,RESTOCK,0.6007,MEDIUM,0.8395,0.5862153734590283,0.4404,product,PRD_TEA_01,Restock Assam Masala CTC Chai 500g (Tea),Order approximately 8 units to cover 7-day forecast demand of 4 units and 3 units safety stock.,"Projected 7-day demand is 4 units with daily velocity of 0.6 units/day. With an estimated 3-day supplier lead time, initiating a reorder of 8 units protects against stockouts. (Inventory data unavailable — recommendation based on forecast demand and historical sales velocity).",2026-09-26 07:37:24,GENERATED
REC_INV_PRD_ESS_02,,RESTOCK,0.6,MEDIUM,0.8395,0.5803837209302326,0.4433,product,PRD_ESS_02,Restock Antibacterial Floor Cleaner 1L (Daily Essentials),Order approximately 6 units to cover 7-day forecast demand of 3 units and 2 units safety stock.,"Projected 7-day demand is 3 units with daily velocity of 0.5 units/day. With an estimated 3-day supplier lead time, initiating a reorder of 6 units protects against stockouts. (Inventory data unavailable — recommendation based on forecast demand and historical sales velocity).",2026-09-26 07:37:24,GENERATED
REC_INV_PRD_NOT_01,,RESTOCK,0.5996,MEDIUM,0.8395,0.579400974025974,0.4432,product,PRD_NOT_01,Restock Spiral Hardcover Journal 200 Pages (Notebooks),Order approximately 7 units to cover 7-day forecast demand of 4 units and 2 units safety stock.,"Projected 7-day demand is 4 units with daily velocity of 0.5 units/day. With an estimated 3-day supplier lead time, initiating a reorder of 7 units protects against stockouts. (Inventory data unavailable — recommendation based on forecast demand and historical sales velocity).",2026-09-26 07:37:24,GENERATED
REC_INV_PRD_WOM_02,,RESTOCK,0.5996,MEDIUM,0.8395,0.5408313069908814,0.4749,product,PRD_WOM_02,Restock Embroidered Rayon Anarkali Suit (Women),Order approximately 5 units to cover 7-day forecast demand of 2 units and 2 units safety stock.,"Projected 7-day demand is 2 units with daily velocity of 0.2 units/day. With an estimated 3-day supplier lead time, initiating a reorder of 5 units protects against stockouts. (Inventory data unavailable — recommendation based on forecast demand and historical sales velocity).",2026-09-26 07:37:24,GENERATED
REC_INV_PRD_ART_02,,RESTOCK,0.5987,MEDIUM,0.8395,0.5814121779859485,0.4397,product,PRD_ART_02,Restock Sketching Canvas Board 10x12 (Art Supplies),Order approximately 7 units to cover 7-day forecast demand of 4 units and 3 units safety stock.,"Projected 7-day demand is 4 units with daily velocity of 0.6 units/day. With an estimated 3-day supplier lead time, initiating a reorder of 7 units protects against stockouts. (Inventory data unavailable — recommendation based on forecast demand and historical sales velocity).",2026-09-26 07:37:24,GENERATED
REC_INV_PRD_MED_02,,RESTOCK,0.5974,MEDIUM,0.8395,0.5619936034115138,0.4518,product,PRD_MED_02,Restock Multivitamin & Minerals 30 Tablets (Medicine),Order approximately 5 units to cover 7-day forecast demand of 3 units and 2 units safety stock.,"Projected 7-day demand is 3 units with daily velocity of 0.4 units/day. With an estimated 3-day supplier lead time, initiating a reorder of 5 units protects against stockouts. (Inventory data unavailable — recommendation based on forecast demand and historical sales velocity).",2026-09-26 07:37:24,GENERATED
REC_INV_PRD_WEL_02,,RESTOCK,0.5939,MEDIUM,0.8395,0.5538088531187123,0.4506,product,PRD_WEL_02,Restock Pure Apple Cider Vinegar 500ml (Wellness),Order approximately 5 units to cover 7-day forecast demand of 3 units and 2 units safety stock.,"Projected 7-day demand is 3 units with daily velocity of 0.4 units/day. With an estimated 3-day supplier lead time, initiating a reorder of 5 units protects against stockouts. (Inventory data unavailable — recommendation based on forecast demand and historical sales velocity).",2026-09-26 07:37:24,GENERATED
REC_INV_PRD_MEA_02,,RESTOCK,0.5937,MEDIUM,0.8395,0.5532061482820977,0.4505,product,PRD_MEA_02,Restock Paneer Butter Masala Meal Box (Meals),Order approximately 6 units to cover 7-day forecast demand of 3 units and 3 units safety stock.,"Projected 7-day demand is 3 units with daily velocity of 0.4 units/day. With an estimated 3-day supplier lead time, initiating a reorder of 6 units protects against stockouts. (Inventory data unavailable — recommendation based on forecast demand and historical sales velocity).",2026-09-26 07:37:24,GENERATED
REC_INV_PRD_ESS_01,,RESTOCK,0.5928,MEDIUM,0.8395,0.5590181086519115,0.4439,product,PRD_ESS_01,Restock Organic Hand Wash 500ml (Daily Essentials),Order approximately 5 units to cover 7-day forecast demand of 3 units and 2 units safety stock.,"Projected 7-day demand is 3 units with daily velocity of 0.4 units/day. With an estimated 3-day supplier lead time, initiating a reorder of 5 units protects against stockouts. (Inventory data unavailable — recommendation based on forecast demand and historical sales velocity).",2026-09-26 07:37:24,GENERATED
REC_INV_PRD_PER_01,,RESTOCK,0.5923,MEDIUM,0.8395,0.5578095238095239,0.4437,product,PRD_PER_01,Restock Herbal Aloe Vera Face Wash 150ml (Personal Care),Order approximately 5 units to cover 7-day forecast demand of 3 units and 2 units safety stock.,"Projected 7-day demand is 3 units with daily velocity of 0.4 units/day. With an estimated 3-day supplier lead time, initiating a reorder of 5 units protects against stockouts. (Inventory data unavailable — recommendation based on forecast demand and historical sales velocity).",2026-09-26 07:37:24,GENERATED
REC_INV_PRD_BRD_01,,RESTOCK,0.5917,MEDIUM,0.8395,0.5725937046004843,0.4309,product,PRD_BRD_01,Restock Brown Whole Wheat Bread 400g (Bread),Order approximately 8 units to cover 7-day forecast demand of 4 units and 3 units safety stock.,"Projected 7-day demand is 4 units with daily velocity of 0.6 units/day. With an estimated 3-day supplier lead time, initiating a reorder of 8 units protects against stockouts. (Inventory data unavailable — recommendation based on forecast demand and historical sales velocity).",2026-09-26 07:37:24,GENERATED
REC_INV_PRD_BEV_02,,RESTOCK,0.5916,MEDIUM,0.8395,0.5808181818181819,0.4246,product,PRD_BEV_02,Restock Cold Pressed Orange Juice 500ml (Beverages),Order approximately 9 units to cover 7-day forecast demand of 5 units and 3 units safety stock.,"Projected 7-day demand is 5 units with daily velocity of 0.7 units/day. With an estimated 3-day supplier lead time, initiating a reorder of 9 units protects against stockouts. (Inventory data unavailable — recommendation based on forecast demand and historical sales velocity).",2026-09-26 07:37:24,GENERATED
REC_INV_PRD_BABY_02,,RESTOCK,0.5882,MEDIUM,0.8395,0.5642959183673469,0.4296,product,PRD_BABY_02,Restock Gentle Baby Wet Wipes 72s (Baby Care),Order approximately 7 units to cover 7-day forecast demand of 3 units and 3 units safety stock.,"Projected 7-day demand is 3 units with daily velocity of 0.5 units/day. With an estimated 3-day supplier lead time, initiating a reorder of 7 units protects against stockouts. (Inventory data unavailable — recommendation based on forecast demand and historical sales velocity).",2026-09-26 07:37:24,GENERATED
REC_INV_PRD_COF_01,,RESTOCK,0.5872,MEDIUM,0.8395,0.5576685393258427,0.4324,product,PRD_COF_01,Restock Arabica Roast Ground Coffee 250g (Coffee),Order approximately 7 units to cover 7-day forecast demand of 4 units and 3 units safety stock.,"Projected 7-day demand is 4 units with daily velocity of 0.5 units/day. With an estimated 3-day supplier lead time, initiating a reorder of 7 units protects against stockouts. (Inventory data unavailable — recommendation based on forecast demand and historical sales velocity).",2026-09-26 07:37:24,GENERATED
REC_INV_PRD_OFF_02,,RESTOCK,0.5795,MEDIUM,0.8395,0.5642674418604652,0.4109,product,PRD_OFF_02,Restock A4 Copier Paper Ream 500 Sheets (Office Supplies),Order approximately 7 units to cover 7-day forecast demand of 4 units and 3 units safety stock.,"Projected 7-day demand is 4 units with daily velocity of 0.5 units/day. With an estimated 3-day supplier lead time, initiating a reorder of 7 units protects against stockouts. (Inventory data unavailable — recommendation based on forecast demand and historical sales velocity).",2026-09-26 07:37:24,GENERATED
REC_INV_PRD_STA_01,,RESTOCK,0.5674,MEDIUM,0.8395,0.5745000000000001,0.3787,product,PRD_STA_01,Restock Premium Basmati Rice 5kg (Staples),Order approximately 7 units to cover 7-day forecast demand of 4 units and 2 units safety stock.,"Projected 7-day demand is 4 units with daily velocity of 0.6 units/day. With an estimated 3-day supplier lead time, initiating a reorder of 7 units protects against stockouts. (Inventory data unavailable — recommendation based on forecast demand and historical sales velocity).",2026-09-26 07:37:24,GENERATED
REC_INV_PRD_STA_02,,RESTOCK,0.5672,MEDIUM,0.8395,0.551689837008629,0.394,product,PRD_STA_02,Restock Sharbati Whole Wheat Atta 5kg (Staples),Order approximately 7 units to cover 7-day forecast demand of 4 units and 3 units safety stock.,"Projected 7-day demand is 4 units with daily velocity of 0.5 units/day. With an estimated 3-day supplier lead time, initiating a reorder of 7 units protects against stockouts. (Inventory data unavailable — recommendation based on forecast demand and historical sales velocity).",2026-09-26 07:37:24,GENERATED
REC_INV_PRD_DAI_02,,RESTOCK,0.5584,MEDIUM,0.8395,0.5436258879242305,0.3815,product,PRD_DAI_02,Restock Fresh Malai Paneer 200g (Dairy),Order approximately 6 units to cover 7-day forecast demand of 3 units and 2 units safety stock.,"Projected 7-day demand is 3 units with daily velocity of 0.5 units/day. With an estimated 3-day supplier lead time, initiating a reorder of 6 units protects against stockouts. (Inventory data unavailable — recommendation based on forecast demand and historical sales velocity).",2026-09-26 07:37:24,GENERATED
REC_INV_PRD_DAI_01,,RESTOCK,0.5486,LOW,0.8395,0.5424421560035056,0.3626,product,PRD_DAI_01,Restock Fresh Cow Milk Pouch 1L (Dairy),Order approximately 7 units to cover 7-day forecast demand of 4 units and 2 units safety stock.,"Projected 7-day demand is 4 units with daily velocity of 0.5 units/day. With an estimated 3-day supplier lead time, initiating a reorder of 7 units protects against stockouts. (Inventory data unavailable — recommendation based on forecast demand and historical sales velocity).",2026-09-26 07:37:24,GENERATED
REC_CROSS_PRD_TEA_02_PRD_DES_02,,CROSS_SELL,0.5434,LOW,0.7275,0.55,0.401,product_pair,PRD_TEA_02->PRD_DES_02,Cross-Sell Pair: Organic Darjeeling Green Tea 100g -> Belgian Waffle with Syrup,Display Belgian Waffle with Syrup as an automatic checkout add-on whenever Organic Darjeeling Green Tea 100g is added to the cart.,"Historical transaction affinity shows that customers purchasing Organic Darjeeling Green Tea 100g have a 12.5% probability of buying Belgian Waffle with Syrup (Lift = 1.99x across 21 customers). Note: This is an observed co-occurrence pattern, not a causal guarantee.",2026-09-26 07:37:25,GENERATED
REC_CROSS_PRD_DES_02_PRD_TEA_02,,CROSS_SELL,0.5434,LOW,0.7275,0.55,0.401,product_pair,PRD_DES_02->PRD_TEA_02,Cross-Sell Pair: Belgian Waffle with Syrup -> Organic Darjeeling Green Tea 100g,Display Organic Darjeeling Green Tea 100g as an automatic checkout add-on whenever Belgian Waffle with Syrup is added to the cart.,"Historical transaction affinity shows that customers purchasing Belgian Waffle with Syrup have a 10.1% probability of buying Organic Darjeeling Green Tea 100g (Lift = 1.99x across 21 customers). Note: This is an observed co-occurrence pattern, not a causal guarantee.",2026-09-26 07:37:25,GENERATED
REC_CROSS_PRD_MOB_02_PRD_DES_01,,CROSS_SELL,0.5418,LOW,0.7228,0.55,0.4,product_pair,PRD_MOB_02->PRD_DES_01,Cross-Sell Pair: Budget 5G Smartphone 128GB -> Gulab Jamun Box 500g,Display Gulab Jamun Box 500g as an automatic checkout add-on whenever Budget 5G Smartphone 128GB is added to the cart.,"Historical transaction affinity shows that customers purchasing Budget 5G Smartphone 128GB have a 11.3% probability of buying Gulab Jamun Box 500g (Lift = 1.86x across 17 customers). Note: This is an observed co-occurrence pattern, not a causal guarantee.",2026-09-26 07:37:25,GENERATED
REC_CROSS_PRD_HOU_02_PRD_SNK_02,,CROSS_SELL,0.5407,LOW,0.6654,0.55,0.432,product_pair,PRD_HOU_02->PRD_SNK_02,Cross-Sell Pair: Aromatherapy Reed Diffuser 100ml -> Roasted Salted Almonds 200g,Display Roasted Salted Almonds 200g as an automatic checkout add-on whenever Aromatherapy Reed Diffuser 100ml is added to the cart.,"Historical transaction affinity shows that customers purchasing Aromatherapy Reed Diffuser 100ml have a 24.8% probability of buying Roasted Salted Almonds 200g (Lift = 1.40x across 52 customers). Note: This is an observed co-occurrence pattern, not a causal guarantee.",2026-09-26 07:37:25,GENERATED
REC_CROSS_PRD_SNK_02_PRD_HOU_02,,CROSS_SELL,0.5407,LOW,0.6654,0.55,0.432,product_pair,PRD_SNK_02->PRD_HOU_02,Cross-Sell Pair: Roasted Salted Almonds 200g -> Aromatherapy Reed Diffuser 100ml,Display Aromatherapy Reed Diffuser 100ml as an automatic checkout add-on whenever Roasted Salted Almonds 200g is added to the cart.,"Historical transaction affinity shows that customers purchasing Roasted Salted Almonds 200g have a 8.9% probability of buying Aromatherapy Reed Diffuser 100ml (Lift = 1.40x across 52 customers). Note: This is an observed co-occurrence pattern, not a causal guarantee.",2026-09-26 07:37:25,GENERATED
REC_INV_PRD_BABY_01,,RESTOCK,0.5369,LOW,0.8395,0.4971057142857143,0.3708,product,PRD_BABY_01,Restock Baby Diaper Mega Pack (M) (Baby Care),Order approximately 5 units to cover 7-day forecast demand of 2 units and 2 units safety stock.,"Projected 7-day demand is 2 units with daily velocity of 0.2 units/day. With an estimated 3-day supplier lead time, initiating a reorder of 5 units protects against stockouts. (Inventory data unavailable — recommendation based on forecast demand and historical sales velocity).",2026-09-26 07:37:24,GENERATED
REC_CROSS_PRD_ESS_01_PRD_SNK_01,,CROSS_SELL,0.5356,LOW,0.6984,0.55,0.4,product_pair,PRD_ESS_01->PRD_SNK_01,Cross-Sell Pair: Organic Hand Wash 500ml -> Spicy Masala Potato Chips 150g,Display Spicy Masala Potato Chips 150g as an automatic checkout add-on whenever Organic Hand Wash 500ml is added to the cart.,"Historical transaction affinity shows that customers purchasing Organic Hand Wash 500ml have a 29.8% probability of buying Spicy Masala Potato Chips 150g (Lift = 1.67x across 17 customers). Note: This is an observed co-occurrence pattern, not a causal guarantee.",2026-09-26 07:37:25,GENERATED
REC_CROSS_PRD_WRI_01_PRD_SNK_02,,CROSS_SELL,0.5343,LOW,0.6764,0.55,0.41,product_pair,PRD_WRI_01->PRD_SNK_02,Cross-Sell Pair: Gel Roller Pen Blue Pack of 5 -> Roasted Salted Almonds 200g,Display Roasted Salted Almonds 200g as an automatic checkout add-on whenever Gel Roller Pen Blue Pack of 5 is added to the cart.,"Historical transaction affinity shows that customers purchasing Gel Roller Pen Blue Pack of 5 have a 26.3% probability of buying Roasted Salted Almonds 200g (Lift = 1.49x across 30 customers). Note: This is an observed co-occurrence pattern, not a causal guarantee.",2026-09-26 07:37:25,GENERATED
REC_CROSS_PRD_CAK_02_PRD_CAK_01,,CROSS_SELL,0.5334,LOW,0.6814,0.55,0.405,product_pair,PRD_CAK_02->PRD_CAK_01,Cross-Sell Pair: Eggless Pineapple Cake 500g -> Dutch Chocolate Truffle Cake 500g,Display Dutch Chocolate Truffle Cake 500g as an automatic checkout add-on whenever Eggless Pineapple Cake 500g is added to the cart.,"Historical transaction affinity shows that customers purchasing Eggless Pineapple Cake 500g have a 11.5% probability of buying Dutch Chocolate Truffle Cake 500g (Lift = 1.53x across 25 customers). Note: This is an observed co-occurrence pattern, not a causal guarantee.",2026-09-26 07:37:25,GENERATED
REC_CROSS_PRD_CAK_01_PRD_CAK_02,,CROSS_SELL,0.5334,LOW,0.6814,0.55,0.405,product_pair,PRD_CAK_01->PRD_CAK_02,Cross-Sell Pair: Dutch Chocolate Truffle Cake 500g -> Eggless Pineapple Cake 500g,Display Eggless Pineapple Cake 500g as an automatic checkout add-on whenever Dutch Chocolate Truffle Cake 500g is added to the cart.,"Historical transaction affinity shows that customers purchasing Dutch Chocolate Truffle Cake 500g have a 10.0% probability of buying Eggless Pineapple Cake 500g (Lift = 1.53x across 25 customers). Note: This is an observed co-occurrence pattern, not a causal guarantee.",2026-09-26 07:37:25,GENERATED
REC_CROSS_PRD_ART_02_PRD_SNK_01,,CROSS_SELL,0.5321,LOW,0.6633,0.55,0.413,product_pair,PRD_ART_02->PRD_SNK_01,Cross-Sell Pair: Sketching Canvas Board 10x12 -> Spicy Masala Potato Chips 150g,Display Spicy Masala Potato Chips 150g as an automatic checkout add-on whenever Sketching Canvas Board 10x12 is added to the cart.,"Historical transaction affinity shows that customers purchasing Sketching Canvas Board 10x12 have a 24.8% probability of buying Spicy Masala Potato Chips 150g (Lift = 1.39x across 33 customers). Note: This is an observed co-occurrence pattern, not a causal guarantee.",2026-09-26 07:37:25,GENERATED
REC_CROSS_PRD_HOU_01_PRD_BRD_01,,CROSS_SELL,0.5278,LOW,0.6683,0.55,0.4,product_pair,PRD_HOU_01->PRD_BRD_01,Cross-Sell Pair: Microfiber Cleaning Cloth 4-Pack -> Brown Whole Wheat Bread 400g,Display Brown Whole Wheat Bread 400g as an automatic checkout add-on whenever Microfiber Cleaning Cloth 4-Pack is added to the cart.,"Historical transaction affinity shows that customers purchasing Microfiber Cleaning Cloth 4-Pack have a 9.7% probability of buying Brown Whole Wheat Bread 400g (Lift = 1.43x across 19 customers). Note: This is an observed co-occurrence pattern, not a causal guarantee.",2026-09-26 07:37:25,GENERATED
REC_CROSS_PRD_BRD_01_PRD_HOU_01,,CROSS_SELL,0.5278,LOW,0.6683,0.55,0.4,product_pair,PRD_BRD_01->PRD_HOU_01,Cross-Sell Pair: Brown Whole Wheat Bread 400g -> Microfiber Cleaning Cloth 4-Pack,Display Microfiber Cleaning Cloth 4-Pack as an automatic checkout add-on whenever Brown Whole Wheat Bread 400g is added to the cart.,"Historical transaction affinity shows that customers purchasing Brown Whole Wheat Bread 400g have a 8.4% probability of buying Microfiber Cleaning Cloth 4-Pack (Lift = 1.43x across 19 customers). Note: This is an observed co-occurrence pattern, not a causal guarantee.",2026-09-26 07:37:25,GENERATED
REC_CROSS_PRD_ART_01_PRD_SNK_01,,CROSS_SELL,0.5277,LOW,0.6468,0.55,0.413,product_pair,PRD_ART_01->PRD_SNK_01,Cross-Sell Pair: Acrylic Color Set 12-Pack -> Spicy Masala Potato Chips 150g,Display Spicy Masala Potato Chips 150g as an automatic checkout add-on whenever Acrylic Color Set 12-Pack is added to the cart.,"Historical transaction affinity shows that customers purchasing Acrylic Color Set 12-Pack have a 22.4% probability of buying Spicy Masala Potato Chips 150g (Lift = 1.25x across 33 customers). Note: This is an observed co-occurrence pattern, not a causal guarantee.",2026-09-26 07:37:25,GENERATED
REC_CROSS_PRD_ACC_02_PRD_SNK_01,,CROSS_SELL,0.5277,LOW,0.6391,0.55,0.418,product_pair,PRD_ACC_02->PRD_SNK_01,Cross-Sell Pair: Fashion Sunglasses -> Spicy Masala Potato Chips 150g,Display Spicy Masala Potato Chips 150g as an automatic checkout add-on whenever Fashion Sunglasses is added to the cart.,"Historical transaction affinity shows that customers purchasing Fashion Sunglasses have a 21.3% probability of buying Spicy Masala Potato Chips 150g (Lift = 1.19x across 38 customers). Note: This is an observed co-occurrence pattern, not a causal guarantee.",2026-09-26 07:37:25,GENERATED
REC_CROSS_PRD_HOU_02_PRD_CAK_01,,CROSS_SELL,0.5275,LOW,0.664,0.55,0.402,product_pair,PRD_HOU_02->PRD_CAK_01,Cross-Sell Pair: Aromatherapy Reed Diffuser 100ml -> Dutch Chocolate Truffle Cake 500g,Display Dutch Chocolate Truffle Cake 500g as an automatic checkout add-on whenever Aromatherapy Reed Diffuser 100ml is added to the cart.,"Historical transaction affinity shows that customers purchasing Aromatherapy Reed Diffuser 100ml have a 10.5% probability of buying Dutch Chocolate Truffle Cake 500g (Lift = 1.39x across 22 customers). Note: This is an observed co-occurrence pattern, not a causal guarantee.",2026-09-26 07:37:25,GENERATED
REC_CROSS_PRD_CAK_01_PRD_HOU_02,,CROSS_SELL,0.5275,LOW,0.664,0.55,0.402,product_pair,PRD_CAK_01->PRD_HOU_02,Cross-Sell Pair: Dutch Chocolate Truffle Cake 500g -> Aromatherapy Reed Diffuser 100ml,Display Aromatherapy Reed Diffuser 100ml as an automatic checkout add-on whenever Dutch Chocolate Truffle Cake 500g is added to the cart.,"Historical transaction affinity shows that customers purchasing Dutch Chocolate Truffle Cake 500g have a 8.8% probability of buying Aromatherapy Reed Diffuser 100ml (Lift = 1.39x across 22 customers). Note: This is an observed co-occurrence pattern, not a causal guarantee.",2026-09-26 07:37:25,GENERATED
REC_CROSS_PRD_TEA_01_PRD_SNK_01,,CROSS_SELL,0.5274,LOW,0.6474,0.55,0.412,product_pair,PRD_TEA_01->PRD_SNK_01,Cross-Sell Pair: Assam Masala CTC Chai 500g -> Spicy Masala Potato Chips 150g,Display Spicy Masala Potato Chips 150g as an automatic checkout add-on whenever Assam Masala CTC Chai 500g is added to the cart.,"Historical transaction affinity shows that customers purchasing Assam Masala CTC Chai 500g have a 22.5% probability of buying Spicy Masala Potato Chips 150g (Lift = 1.26x across 32 customers). Note: This is an observed co-occurrence pattern, not a causal guarantee.",2026-09-26 07:37:25,GENERATED
REC_CROSS_PRD_LAP_02_PRD_BEV_01,,CROSS_SELL,0.5273,LOW,0.6665,0.55,0.4,product_pair,PRD_LAP_02->PRD_BEV_01,Cross-Sell Pair: Wireless Optical Mouse 2.4GHz -> Fresh Mango Juice 1L,Display Fresh Mango Juice 1L as an automatic checkout add-on whenever Wireless Optical Mouse 2.4GHz is added to the cart.,"Historical transaction affinity shows that customers purchasing Wireless Optical Mouse 2.4GHz have a 11.7% probability of buying Fresh Mango Juice 1L (Lift = 1.41x across 20 customers). Note: This is an observed co-occurrence pattern, not a causal guarantee.",2026-09-26 07:37:25,GENERATED
REC_CROSS_PRD_CHG_02_PRD_SNK_02,,CROSS_SELL,0.5266,LOW,0.6414,0.55,0.414,product_pair,PRD_CHG_02->PRD_SNK_02,Cross-Sell Pair: Wireless Charging Pad 15W -> Roasted Salted Almonds 200g,Display Roasted Salted Almonds 200g as an automatic checkout add-on whenever Wireless Charging Pad 15W is added to the cart.,"Historical transaction affinity shows that customers purchasing Wireless Charging Pad 15W have a 21.4% probability of buying Roasted Salted Almonds 200g (Lift = 1.21x across 34 customers). Note: This is an observed co-occurrence pattern, not a causal guarantee.",2026-09-26 07:37:25,GENERATED
REC_CROSS_PRD_EAR_02_PRD_BEV_01,,CROSS_SELL,0.5263,LOW,0.6625,0.55,0.4,product_pair,PRD_EAR_02->PRD_BEV_01,Cross-Sell Pair: Deep Bass Wired Earphones 3.5mm -> Fresh Mango Juice 1L,Display Fresh Mango Juice 1L as an automatic checkout add-on whenever Deep Bass Wired Earphones 3.5mm is added to the cart.,"Historical transaction affinity shows that customers purchasing Deep Bass Wired Earphones 3.5mm have a 11.4% probability of buying Fresh Mango Juice 1L (Lift = 1.38x across 20 customers). Note: This is an observed co-occurrence pattern, not a causal guarantee.",2026-09-26 07:37:25,GENERATED
REC_CROSS_PRD_CAS_01_PRD_CAK_01,,CROSS_SELL,0.5262,LOW,0.6621,0.55,0.4,product_pair,PRD_CAS_01->PRD_CAK_01,Cross-Sell Pair: Shockproof Matte Phone Case -> Dutch Chocolate Truffle Cake 500g,Display Dutch Chocolate Truffle Cake 500g as an automatic checkout add-on whenever Shockproof Matte Phone Case is added to the cart.,"Historical transaction affinity shows that customers purchasing Shockproof Matte Phone Case have a 10.4% probability of buying Dutch Chocolate Truffle Cake 500g (Lift = 1.38x across 17 customers). Note: This is an observed co-occurrence pattern, not a causal guarantee.",2026-09-26 07:37:25,GENERATED
REC_CROSS_PRD_CHG_02_PRD_SNK_01,,CROSS_SELL,0.5261,LOW,0.6394,0.55,0.414,product_pair,PRD_CHG_02->PRD_SNK_01,Cross-Sell Pair: Wireless Charging Pad 15W -> Spicy Masala Potato Chips 150g,Display Spicy Masala Potato Chips 150g as an automatic checkout add-on whenever Wireless Charging Pad 15W is added to the cart.,"Historical transaction affinity shows that customers purchasing Wireless Charging Pad 15W have a 21.4% probability of buying Spicy Masala Potato Chips 150g (Lift = 1.20x across 34 customers). Note: This is an observed co-occurrence pattern, not a causal guarantee.",2026-09-26 07:37:25,GENERATED
REC_CROSS_PRD_DES_01_PRD_DES_02,,CROSS_SELL,0.5253,LOW,0.659,0.55,0.4,product_pair,PRD_DES_01->PRD_DES_02,Cross-Sell Pair: Gulab Jamun Box 500g -> Belgian Waffle with Syrup,Display Belgian Waffle with Syrup as an automatic checkout add-on whenever Gulab Jamun Box 500g is added to the cart.,"Historical transaction affinity shows that customers purchasing Gulab Jamun Box 500g have a 8.5% probability of buying Belgian Waffle with Syrup (Lift = 1.35x across 17 customers). Note: This is an observed co-occurrence pattern, not a causal guarantee.",2026-09-26 07:37:25,GENERATED
REC_CROSS_PRD_DES_02_PRD_DES_01,,CROSS_SELL,0.5253,LOW,0.659,0.55,0.4,product_pair,PRD_DES_02->PRD_DES_01,Cross-Sell Pair: Belgian Waffle with Syrup -> Gulab Jamun Box 500g,Display Gulab Jamun Box 500g as an automatic checkout add-on whenever Belgian Waffle with Syrup is added to the cart.,"Historical transaction affinity shows that customers purchasing Belgian Waffle with Syrup have a 8.2% probability of buying Gulab Jamun Box 500g (Lift = 1.35x across 17 customers). Note: This is an observed co-occurrence pattern, not a causal guarantee.",2026-09-26 07:37:25,GENERATED
REC_CROSS_PRD_DAI_01_PRD_SNK_02,,CROSS_SELL,0.5244,LOW,0.6425,0.55,0.408,product_pair,PRD_DAI_01->PRD_SNK_02,Cross-Sell Pair: Fresh Cow Milk Pouch 1L -> Roasted Salted Almonds 200g,Display Roasted Salted Almonds 200g as an automatic checkout add-on whenever Fresh Cow Milk Pouch 1L is added to the cart.,"Historical transaction affinity shows that customers purchasing Fresh Cow Milk Pouch 1L have a 21.5% probability of buying Roasted Salted Almonds 200g (Lift = 1.22x across 28 customers). Note: This is an observed co-occurrence pattern, not a causal guarantee.",2026-09-26 07:37:25,GENERATED
REC_CROSS_PRD_HOU_02_PRD_CAK_02,,CROSS_SELL,0.5238,LOW,0.6534,0.55,0.4,product_pair,PRD_HOU_02->PRD_CAK_02,Cross-Sell Pair: Aromatherapy Reed Diffuser 100ml -> Eggless Pineapple Cake 500g,Display Eggless Pineapple Cake 500g as an automatic checkout add-on whenever Aromatherapy Reed Diffuser 100ml is added to the cart.,"Historical transaction affinity shows that customers purchasing Aromatherapy Reed Diffuser 100ml have a 8.6% probability of buying Eggless Pineapple Cake 500g (Lift = 1.31x across 18 customers). Note: This is an observed co-occurrence pattern, not a causal guarantee.",2026-09-26 07:37:25,GENERATED
REC_CROSS_PRD_CAK_02_PRD_HOU_02,,CROSS_SELL,0.5238,LOW,0.6534,0.55,0.4,product_pair,PRD_CAK_02->PRD_HOU_02,Cross-Sell Pair: Eggless Pineapple Cake 500g -> Aromatherapy Reed Diffuser 100ml,Display Aromatherapy Reed Diffuser 100ml as an automatic checkout add-on whenever Eggless Pineapple Cake 500g is added to the cart.,"Historical transaction affinity shows that customers purchasing Eggless Pineapple Cake 500g have a 8.3% probability of buying Aromatherapy Reed Diffuser 100ml (Lift = 1.31x across 18 customers). Note: This is an observed co-occurrence pattern, not a causal guarantee.",2026-09-26 07:37:25,GENERATED
REC_CROSS_PRD_DES_01_PRD_BEV_02,,CROSS_SELL,0.5228,LOW,0.6463,0.55,0.402,product_pair,PRD_DES_01->PRD_BEV_02,Cross-Sell Pair: Gulab Jamun Box 500g -> Cold Pressed Orange Juice 500ml,Display Cold Pressed Orange Juice 500ml as an automatic checkout add-on whenever Gulab Jamun Box 500g is added to the cart.,"Historical transaction affinity shows that customers purchasing Gulab Jamun Box 500g have a 11.0% probability of buying Cold Pressed Orange Juice 500ml (Lift = 1.25x across 22 customers). Note: This is an observed co-occurrence pattern, not a causal guarantee.",2026-09-26 07:37:25,GENERATED
REC_CROSS_PRD_COF_02_PRD_SNK_01,,CROSS_SELL,0.522,LOW,0.6338,0.55,0.408,product_pair,PRD_COF_02->PRD_SNK_01,Cross-Sell Pair: Instant Cold Brew Premix 200g -> Spicy Masala Potato Chips 150g,Display Spicy Masala Potato Chips 150g as an automatic checkout add-on whenever Instant Cold Brew Premix 200g is added to the cart.,"Historical transaction affinity shows that customers purchasing Instant Cold Brew Premix 200g have a 20.6% probability of buying Spicy Masala Potato Chips 150g (Lift = 1.15x across 28 customers). Note: This is an observed co-occurrence pattern, not a causal guarantee.",2026-09-26 07:37:25,GENERATED
REC_CROSS_PRD_ACC_01_PRD_CAK_02,,CROSS_SELL,0.5218,LOW,0.6458,0.55,0.4,product_pair,PRD_ACC_01->PRD_CAK_02,Cross-Sell Pair: Leather Wallet -> Eggless Pineapple Cake 500g,Display Eggless Pineapple Cake 500g as an automatic checkout add-on whenever Leather Wallet is added to the cart.,"Historical transaction affinity shows that customers purchasing Leather Wallet have a 8.2% probability of buying Eggless Pineapple Cake 500g (Lift = 1.25x across 17 customers). Note: This is an observed co-occurrence pattern, not a causal guarantee.",2026-09-26 07:37:25,GENERATED
REC_CROSS_PRD_ACC_01_PRD_CAK_01,,CROSS_SELL,0.5207,LOW,0.6418,0.55,0.4,product_pair,PRD_ACC_01->PRD_CAK_01,Cross-Sell Pair: Leather Wallet -> Dutch Chocolate Truffle Cake 500g,Display Dutch Chocolate Truffle Cake 500g as an automatic checkout add-on whenever Leather Wallet is added to the cart.,"Historical transaction affinity shows that customers purchasing Leather Wallet have a 9.1% probability of buying Dutch Chocolate Truffle Cake 500g (Lift = 1.21x across 19 customers). Note: This is an observed co-occurrence pattern, not a causal guarantee.",2026-09-26 07:37:25,GENERATED
REC_CROSS_PRD_LAP_01_PRD_BEV_01,,CROSS_SELL,0.5205,LOW,0.6409,0.55,0.4,product_pair,PRD_LAP_01->PRD_BEV_01,Cross-Sell Pair: Laptop Stand Aluminum Ergonomic -> Fresh Mango Juice 1L,Display Fresh Mango Juice 1L as an automatic checkout add-on whenever Laptop Stand Aluminum Ergonomic is added to the cart.,"Historical transaction affinity shows that customers purchasing Laptop Stand Aluminum Ergonomic have a 10.0% probability of buying Fresh Mango Juice 1L (Lift = 1.21x across 17 customers). Note: This is an observed co-occurrence pattern, not a causal guarantee.",2026-09-26 07:37:25,GENERATED
REC_CROSS_PRD_LAP_01_PRD_BEV_02,,CROSS_SELL,0.5204,LOW,0.6405,0.55,0.4,product_pair,PRD_LAP_01->PRD_BEV_02,Cross-Sell Pair: Laptop Stand Aluminum Ergonomic -> Cold Pressed Orange Juice 500ml,Display Cold Pressed Orange Juice 500ml as an automatic checkout add-on whenever Laptop Stand Aluminum Ergonomic is added to the cart.,"Historical transaction affinity shows that customers purchasing Laptop Stand Aluminum Ergonomic have a 10.6% probability of buying Cold Pressed Orange Juice 500ml (Lift = 1.20x across 18 customers). Note: This is an observed co-occurrence pattern, not a causal guarantee.",2026-09-26 07:37:25,GENERATED
