customer_id,customer_name,customer_type,city,customer_recency,customer_order_count,customer_total_spend,r_score,f_score,m_score,rfm_score,rfm_segment
C03276,Customer_C03276,Repeat,Noida,165.0,2,7384.11,2,1,5,215,Low Engagement
C03269,Customer_C03269,Repeat,Prayagraj,352.0,2,738.93,1,1,1,111,Low Engagement
C02166,Customer_C02166,Repeat,Noida,21.1,4,6456.98,5,4,4,544,Champions
C03172,Customer_C03172,Repeat,Lucknow,97.5,2,4167.56,3,1,4,314,Low Engagement
C00105,Customer_C00105,Repeat,Patna,27.1,5,5225.99,4,5,4,454,Champions
C00662,Customer_C00662,Repeat,Kanpur,119.1,3,1036.05,2,3,2,232,At Risk
C02187,Customer_C02187,Repeat,Kanpur,2.3,6,8094.57,5,5,5,555,Champions
C00176,Customer_C00176,Repeat,Agra,97.2,4,2527.69,3,4,3,343,Loyal
C00536,Customer_C00536,Repeat,Jaipur,127.1,3,1310.82,2,3,2,232,At Risk
C01962,Customer_C01962,Repeat,Lucknow,24.2,3,4060.23,5,3,4,534,Loyal
C02730,Customer_C02730,Repeat,Agra,15.2,6,5256.36,5,5,4,554,Champions
C01969,Customer_C01969,Repeat,Noida,73.2,3,2311.74,3,3,3,333,Loyal
C01672,Customer_C01672,Repeat,Agra,82.0,6,8408.38,3,5,5,355,Loyal
C00724,Customer_C00724,Repeat,Varanasi,172.2,3,9080.17,1,3,5,135,Loyal
C02975,Customer_C02975,Repeat,Lucknow,34.0,4,4048.87,4,4,4,444,Champions
C00066,Customer_C00066,Repeat,Lucknow,26.3,6,12026.71,4,5,5,455,Champions
C02826,Customer_C02826,Repeat,Noida,139.5,4,1517.6,2,4,2,242,At Risk
C01369,Customer_C01369,Repeat,Noida,83.1,5,9713.11,3,5,5,355,Loyal
C00767,Customer_C00767,Repeat,Prayagraj,59.2,5,2138.8,3,5,2,352,Low Engagement
C01458,Customer_C01458,Repeat,Jaipur,12.1,5,3024.79,5,5,3,553,Loyal
C02072,Customer_C02072,Repeat,Varanasi,7.2,4,2890.35,5,4,3,543,Loyal
C02989,Customer_C02989,Repeat,Noida,191.3,2,3629.86,1,1,3,113,Low Engagement
C00360,Customer_C00360,Repeat,Jaipur,55.4,3,1373.97,4,3,2,432,Low Engagement
C02370,Customer_C02370,New,Patna,357.1,1,1908.0,1,1,2,112,Low Engagement
C01230,Customer_C01230,Repeat,Lucknow,8.0,4,3685.08,5,4,3,543,Loyal
C01232,Customer_C01232,Repeat,Prayagraj,96.2,8,6273.57,3,5,4,354,Loyal
C02793,Customer_C02793,Repeat,Lucknow,116.2,7,4868.43,2,5,4,254,Loyal
C03459,Customer_C03459,Repeat,Lucknow,11.0,7,7537.72,5,5,5,555,Champions
C00871,Customer_C00871,Repeat,Noida,54.1,7,25653.44,4,5,5,455,Champions
C01158,Customer_C01158,Repeat,Prayagraj,27.0,6,3368.68,4,5,3,453,Loyal
C00040,Customer_C00040,Repeat,Varanasi,139.0,4,3994.88,2,4,4,244,Loyal
C00361,Customer_C00361,Repeat,Noida,87.0,4,5218.64,3,4,4,344,Loyal
C00030,Customer_C00030,Repeat,Gorakhpur,81.0,3,1463.62,3,3,2,332,Low Engagement
C00629,Customer_C00629,New,Lucknow,356.5,1,157.72,1,1,1,111,Low Engagement
C00347,Customer_C00347,Repeat,Gorakhpur,307.5,2,6502.92,1,1,4,114,Low Engagement
C01920,Customer_C01920,Repeat,Jaipur,241.1,2,501.87,1,1,1,111,Low Engagement
C02475,Customer_C02475,Repeat,Agra,156.1,3,1577.3,2,3,2,232,At Risk
C01756,Customer_C01756,Repeat,Agra,44.0,6,10304.65,4,5,5,455,Champions
C02030,Customer_C02030,Repeat,Patna,166.1,3,1751.87,2,3,2,232,At Risk
C02906,Customer_C02906,New,Delhi,356.4,1,1117.31,1,1,2,112,Low Engagement
C01184,Customer_C01184,Repeat,Lucknow,333.0,2,1394.1,1,1,2,112,Low Engagement
C03442,Customer_C03442,Repeat,Agra,81.1,5,1995.87,3,5,2,352,Low Engagement
C00865,Customer_C00865,Repeat,Jaipur,2.0,6,6076.32,5,5,4,554,Champions
C02141,Customer_C02141,Repeat,Prayagraj,92.1,3,1593.19,3,3,2,332,Low Engagement
C01466,Customer_C01466,Repeat,Gorakhpur,111.2,6,7487.06,2,5,5,255,Loyal
C01477,Customer_C01477,Repeat,Noida,79.1,2,2582.84,3,1,3,313,Low Engagement
C02067,Customer_C02067,Repeat,Prayagraj,68.0,4,3420.34,3,4,3,343,Loyal
C00926,Customer_C00926,Repeat,Kanpur,78.0,2,708.72,3,1,1,311,Low Engagement
C01192,Customer_C01192,Repeat,Prayagraj,120.0,4,5639.19,2,4,4,244,Loyal
C01249,Customer_C01249,Repeat,Gorakhpur,13.5,3,8062.47,5,3,5,535,Loyal
C03123,Customer_C03123,Repeat,Gorakhpur,182.1,4,3433.19,1,4,3,143,Loyal
C00055,Customer_C00055,Repeat,Lucknow,67.1,4,8079.75,3,4,5,345,Loyal
C01644,Customer_C01644,Repeat,Varanasi,168.0,2,1158.86,2,1,2,212,Low Engagement
C01853,Customer_C01853,Repeat,Lucknow,56.2,3,2612.82,4,3,3,433,Loyal
C02929,Customer_C02929,Repeat,Varanasi,171.4,4,3128.66,1,4,3,143,Loyal
C02786,Customer_C02786,Repeat,Lucknow,140.2,5,14011.7,2,5,5,255,Loyal
C02101,Customer_C02101,New,Lucknow,356.1,1,120.66,1,1,1,111,Low Engagement
C02840,Customer_C02840,Repeat,Kanpur,149.0,4,3852.92,2,4,4,244,Loyal
C00290,Customer_C00290,Repeat,Prayagraj,16.2,5,2898.77,5,5,3,553,Loyal
C02649,Customer_C02649,Repeat,Lucknow,7.1,4,4231.34,5,4,4,544,Champions
C01063,Customer_C01063,Repeat,Gorakhpur,55.1,5,5270.03,4,5,4,454,Champions
C01081,Customer_C01081,Repeat,Lucknow,66.2,4,20836.11,3,4,5,345,Loyal
C00444,Customer_C00444,New,Prayagraj,355.4,1,525.17,1,1,1,111,Low Engagement
C00606,Customer_C00606,Repeat,Prayagraj,102.5,3,3142.09,2,3,3,233,Loyal
C00147,Customer_C00147,Repeat,Lucknow,26.2,5,8887.71,4,5,5,455,Champions
C02683,Customer_C02683,Repeat,Lucknow,65.2,4,2146.55,3,4,2,342,Low Engagement
C01490,Customer_C01490,Repeat,Lucknow,67.3,5,4871.65,3,5,4,354,Loyal
C01603,Customer_C01603,Repeat,Kanpur,151.0,2,527.27,2,1,1,211,Low Engagement
C01679,Customer_C01679,Repeat,Noida,75.1,5,24728.52,3,5,5,355,Loyal
C03298,Customer_C03298,Repeat,Gorakhpur,52.1,3,12221.48,4,3,5,435,Loyal
C02440,Customer_C02440,Repeat,Lucknow,134.0,4,8354.42,2,4,5,245,Loyal
C00219,Customer_C00219,Repeat,Lucknow,129.6,5,2985.85,2,5,3,253,Loyal
C02647,Customer_C02647,Repeat,Jaipur,59.0,4,2573.27,3,4,3,343,Loyal
C01472,Customer_C01472,Repeat,Lucknow,75.1,6,4661.45,3,5,4,354,Loyal
C00001,Customer_C00001,Repeat,Agra,122.2,5,13233.55,2,5,5,255,Loyal
C01026,Customer_C01026,Repeat,Kanpur,197.1,4,1469.82,1,4,2,142,At Risk
C03498,Customer_C03498,Repeat,Prayagraj,55.1,2,1954.29,4,1,2,412,Potential Loyalists
C01814,Customer_C01814,Repeat,Kanpur,65.5,6,5590.12,3,5,4,354,Loyal
C03465,Customer_C03465,Repeat,Noida,237.2,3,3816.4,1,3,4,134,Loyal
C00112,Customer_C00112,Repeat,Lucknow,162.5,2,2209.28,2,1,3,213,Low Engagement
C02321,Customer_C02321,Repeat,Lucknow,24.1,4,7617.64,5,4,5,545,Champions
C00638,Customer_C00638,Repeat,Gorakhpur,43.1,6,11175.6,4,5,5,455,Champions
C00995,Customer_C00995,Repeat,Kanpur,73.3,3,4934.2,3,3,4,334,Loyal
C02652,Customer_C02652,Repeat,Noida,13.3,6,10390.05,5,5,5,555,Champions
C02571,Customer_C02571,Repeat,Varanasi,239.2,4,13551.32,1,4,5,145,Loyal
C02509,Customer_C02509,Repeat,Lucknow,147.5,4,2503.99,2,4,3,243,Loyal
C03003,Customer_C03003,Repeat,Kanpur,48.0,3,11967.27,4,3,5,435,Loyal
C02007,Customer_C02007,Repeat,Lucknow,119.4,4,20239.16,2,4,5,245,Loyal
C01804,Customer_C01804,Repeat,Kanpur,25.4,4,4975.31,4,4,4,444,Champions
C02035,Customer_C02035,Repeat,Noida,125.5,2,2875.18,2,1,3,213,Low Engagement
C02995,Customer_C02995,Repeat,Gorakhpur,5.4,3,6002.68,5,3,4,534,Loyal
C00792,Customer_C00792,Repeat,Agra,58.2,5,6327.65,3,5,4,354,Loyal
C02021,Customer_C02021,Repeat,Lucknow,0.5,3,2552.98,5,3,3,533,Loyal
C02672,Customer_C02672,Repeat,Prayagraj,46.6,7,15230.19,4,5,5,455,Champions
C02916,Customer_C02916,Repeat,Gorakhpur,69.1,3,16583.98,3,3,5,335,Loyal
C02414,Customer_C02414,Repeat,Noida,6.2,2,856.18,5,1,1,511,New Customers
C01310,Customer_C01310,Repeat,Prayagraj,104.3,4,6960.75,2,4,4,244,Loyal
C00900,Customer_C00900,New,Noida,354.3,1,6329.63,1,1,4,114,Low Engagement
C01701,Customer_C01701,Repeat,Prayagraj,108.4,3,4681.55,2,3,4,234,Loyal
C02073,Customer_C02073,Repeat,Varanasi,28.0,3,1231.27,4,3,2,432,Low Engagement
C02246,Customer_C02246,Repeat,Varanasi,44.2,3,1650.2,4,3,2,432,Low Engagement
C02994,Customer_C02994,Repeat,Lucknow,199.1,4,15581.04,1,4,5,145,Loyal
C02094,Customer_C02094,Repeat,Prayagraj,26.0,4,12704.37,4,4,5,445,Champions
C02586,Customer_C02586,Repeat,Noida,98.2,3,16564.19,3,3,5,335,Loyal
C01045,Customer_C01045,Repeat,Kanpur,174.1,5,4126.24,1,5,4,154,Loyal
C03103,Customer_C03103,Repeat,Lucknow,295.0,4,24110.78,1,4,5,145,Loyal
C01066,Customer_C01066,Repeat,Kanpur,49.1,4,2955.1,4,4,3,443,Loyal
C02752,Customer_C02752,Repeat,Noida,298.0,3,1899.26,1,3,2,132,At Risk
C02890,Customer_C02890,Repeat,Gorakhpur,82.2,3,6185.05,3,3,4,334,Loyal
C00280,Customer_C00280,Repeat,Varanasi,41.2,4,20499.11,4,4,5,445,Champions
C01866,Customer_C01866,Repeat,Noida,206.1,2,1955.42,1,1,2,112,Low Engagement
C00675,Customer_C00675,Repeat,Lucknow,132.2,3,2516.08,2,3,3,233,Loyal
C00520,Customer_C00520,Repeat,Gorakhpur,187.2,4,4227.99,1,4,4,144,Loyal
C02081,Customer_C02081,Repeat,Noida,70.1,5,12500.91,3,5,5,355,Loyal
C02977,Customer_C02977,Repeat,Noida,151.1,4,5747.53,2,4,4,244,Loyal
C00932,Customer_C00932,Repeat,Patna,34.1,5,5284.29,4,5,4,454,Champions
C01541,Customer_C01541,Repeat,Noida,177.5,2,9529.42,1,1,5,115,Low Engagement
C03319,Customer_C03319,Repeat,Lucknow,89.1,5,7978.26,3,5,5,355,Loyal
C03088,Customer_C03088,Repeat,Varanasi,0.2,3,8238.97,5,3,5,535,Loyal
C02671,Customer_C02671,Repeat,Lucknow,53.1,6,8570.32,4,5,5,455,Champions
C02894,Customer_C02894,Repeat,Kanpur,121.6,5,4539.62,2,5,4,254,Loyal
C01485,Customer_C01485,Repeat,Agra,307.3,3,1352.52,1,3,2,132,At Risk
C01372,Customer_C01372,Repeat,Noida,4.1,4,1865.82,5,4,2,542,Low Engagement
C02588,Customer_C02588,Repeat,Noida,65.2,3,1255.27,3,3,2,332,Low Engagement
C03435,Customer_C03435,Repeat,Varanasi,31.1,6,19611.16,4,5,5,455,Champions
C02112,Customer_C02112,Repeat,Noida,22.1,2,1473.51,5,1,2,512,Potential Loyalists
C02805,Customer_C02805,Repeat,Kanpur,73.1,4,7656.96,3,4,5,345,Loyal
C02411,Customer_C02411,Repeat,Noida,176.1,2,1070.86,1,1,2,112,Low Engagement
C01977,Customer_C01977,Repeat,Varanasi,81.1,3,1920.54,3,3,2,332,Low Engagement
C00427,Customer_C00427,Repeat,Kanpur,135.2,3,2550.23,2,3,3,233,Loyal
C00853,Customer_C00853,Repeat,Gorakhpur,155.5,3,4103.55,2,3,4,234,Loyal
C01075,Customer_C01075,Repeat,Prayagraj,49.1,8,17778.07,4,5,5,455,Champions
C00761,Customer_C00761,Repeat,Prayagraj,345.0,4,5649.27,1,4,4,144,Loyal
C02764,Customer_C02764,Repeat,Kanpur,33.0,4,9040.98,4,4,5,445,Champions
C03190,Customer_C03190,Repeat,Prayagraj,66.3,4,12128.58,3,4,5,345,Loyal
C00798,Customer_C00798,Repeat,Gorakhpur,74.6,4,5907.18,3,4,4,344,Loyal
C01674,Customer_C01674,Repeat,Lucknow,86.5,3,2431.21,3,3,3,333,Loyal
C00849,Customer_C00849,Repeat,Gorakhpur,92.2,2,1526.31,3,1,2,312,Low Engagement
C00059,Customer_C00059,Repeat,Prayagraj,49.3,3,2741.58,4,3,3,433,Loyal
C01409,Customer_C01409,Repeat,Prayagraj,193.2,4,5591.1,1,4,4,144,Loyal
C02903,Customer_C02903,Repeat,Kanpur,15.1,4,8069.81,5,4,5,545,Champions
C00585,Customer_C00585,Repeat,Agra,113.0,9,9442.44,2,5,5,255,Loyal
C02556,Customer_C02556,Repeat,Agra,60.1,4,4892.61,3,4,4,344,Loyal
C01806,Customer_C01806,Repeat,Jaipur,77.2,2,347.06,3,1,1,311,Low Engagement
C02125,Customer_C02125,Repeat,Noida,82.2,4,4077.56,3,4,4,344,Loyal
C00912,Customer_C00912,Repeat,Noida,23.2,4,8996.32,5,4,5,545,Champions
C02558,Customer_C02558,Repeat,Lucknow,19.5,7,8942.01,5,5,5,555,Champions
C00547,Customer_C00547,Repeat,Gorakhpur,3.2,6,24858.46,5,5,5,555,Champions
C00788,Customer_C00788,Repeat,Jaipur,65.3,5,3903.72,3,5,4,354,Loyal
C01529,Customer_C01529,Repeat,Patna,9.4,5,3117.91,5,5,3,553,Loyal
C02958,Customer_C02958,Repeat,Agra,2.1,4,3371.37,5,4,3,543,Loyal
C02992,Customer_C02992,Repeat,Kanpur,211.0,2,1352.48,1,1,2,112,Low Engagement
C03396,Customer_C03396,Repeat,Lucknow,106.0,3,2723.15,2,3,3,233,Loyal
C02223,Customer_C02223,Repeat,Varanasi,108.5,3,3649.93,2,3,3,233,Loyal
C00139,Customer_C00139,Repeat,Agra,10.2,3,2164.26,5,3,2,532,Low Engagement
C01574,Customer_C01574,Repeat,Kanpur,27.1,7,13391.41,4,5,5,455,Champions
C02631,Customer_C02631,Repeat,Kanpur,19.1,7,6188.37,5,5,4,554,Champions
C03047,Customer_C03047,Repeat,Lucknow,104.0,5,4123.6,2,5,4,254,Loyal
C01169,Customer_C01169,Repeat,Kanpur,345.1,2,2098.45,1,1,2,112,Low Engagement
C00715,Customer_C00715,Repeat,Noida,91.0,4,4379.35,3,4,4,344,Loyal
C03280,Customer_C03280,Repeat,Kanpur,11.5,5,4261.26,5,5,4,554,Champions
C02127,Customer_C02127,Repeat,Prayagraj,280.2,3,703.94,1,3,1,131,At Risk
C01791,Customer_C01791,Repeat,Varanasi,171.6,3,3627.6,1,3,3,133,Loyal
C01423,Customer_C01423,Repeat,Prayagraj,11.0,3,3470.92,5,3,3,533,Loyal
C02288,Customer_C02288,Repeat,Noida,108.1,5,33642.48,2,5,5,255,Loyal
C03430,Customer_C03430,Repeat,Varanasi,155.5,3,2415.67,2,3,3,233,Loyal
C01304,Customer_C01304,Repeat,Lucknow,58.0,5,11555.17,3,5,5,355,Loyal
C00752,Customer_C00752,Repeat,Gorakhpur,73.0,4,7927.45,3,4,5,345,Loyal
C00904,Customer_C00904,Repeat,Lucknow,1.4,5,3404.5,5,5,3,553,Loyal
C00346,Customer_C00346,Repeat,Gorakhpur,320.1,2,1976.08,1,1,2,112,Low Engagement
C00457,Customer_C00457,Repeat,Gorakhpur,40.0,5,3640.01,4,5,3,453,Loyal
C02447,Customer_C02447,Repeat,Noida,76.1,3,2720.71,3,3,3,333,Loyal
C01503,Customer_C01503,Repeat,Lucknow,24.3,5,17702.96,5,5,5,555,Champions
C02574,Customer_C02574,Repeat,Lucknow,46.2,4,3670.28,4,4,3,443,Loyal
C00325,Customer_C00325,Repeat,Agra,90.0,4,6264.05,3,4,4,344,Loyal
C01103,Customer_C01103,New,Kanpur,351.2,1,668.38,1,1,1,111,Low Engagement
C00644,Customer_C00644,Repeat,Gorakhpur,4.2,5,7200.54,5,5,4,554,Champions
C03049,Customer_C03049,New,Varanasi,351.2,1,1932.7,1,1,2,112,Low Engagement
C02295,Customer_C02295,Repeat,Prayagraj,82.2,5,17576.47,3,5,5,355,Loyal
C00254,Customer_C00254,Repeat,Kanpur,135.1,3,3472.19,2,3,3,233,Loyal
C00673,Customer_C00673,Repeat,Prayagraj,7.2,3,2720.24,5,3,3,533,Loyal
C03023,Customer_C03023,Repeat,Noida,177.0,4,2024.82,1,4,2,142,At Risk
C01097,Customer_C01097,Repeat,Lucknow,239.3,2,1516.08,1,1,2,112,Low Engagement
C00384,Customer_C00384,Repeat,Noida,185.2,5,7163.64,1,5,4,154,Loyal
C03113,Customer_C03113,Repeat,Agra,36.1,5,2111.87,4,5,2,452,Low Engagement
C01238,Customer_C01238,Repeat,Lucknow,23.1,4,24502.56,5,4,5,545,Champions
C00768,Customer_C00768,Repeat,Prayagraj,18.1,4,2897.35,5,4,3,543,Loyal
C03109,Customer_C03109,Repeat,Lucknow,7.5,6,1946.32,5,5,2,552,Low Engagement
C00249,Customer_C00249,Repeat,Prayagraj,110.1,3,2507.15,2,3,3,233,Loyal
C02841,Customer_C02841,Repeat,Kanpur,273.1,2,506.07,1,1,1,111,Low Engagement
C03177,Customer_C03177,Repeat,Lucknow,56.1,6,4318.29,4,5,4,454,Champions
C00019,Customer_C00019,Repeat,Noida,176.2,3,1559.66,1,3,2,132,At Risk
C02889,Customer_C02889,Repeat,Prayagraj,151.2,3,12279.58,2,3,5,235,Loyal
C01502,Customer_C01502,New,Noida,350.1,1,335.15,1,1,1,111,Low Engagement
C03432,Customer_C03432,Repeat,Agra,38.0,3,394.63,4,3,1,431,Low Engagement
C03342,Customer_C03342,Repeat,Noida,183.1,4,3637.18,1,4,3,143,Loyal
C00540,Customer_C00540,Repeat,Lucknow,172.1,2,967.06,1,1,1,111,Low Engagement
C01517,Customer_C01517,Repeat,Lucknow,211.0,3,1628.32,1,3,2,132,At Risk
C02079,Customer_C02079,Repeat,Noida,23.1,2,1636.35,5,1,2,512,Potential Loyalists
C02789,Customer_C02789,New,Jaipur,350.0,1,786.7,1,1,1,111,Low Engagement
C01719,Customer_C01719,Repeat,Noida,77.5,2,7575.64,3,1,5,315,Low Engagement
C03044,Customer_C03044,Repeat,Gorakhpur,133.5,2,757.94,2,1,1,211,Low Engagement
C03136,Customer_C03136,Repeat,Gorakhpur,64.0,3,2126.01,3,3,2,332,Low Engagement
C02281,Customer_C02281,Repeat,Prayagraj,272.1,2,944.6,1,1,1,111,Low Engagement
C00888,Customer_C00888,Repeat,Noida,205.6,3,1696.87,1,3,2,132,At Risk
C01981,Customer_C01981,New,Noida,349.3,1,534.88,1,1,1,111,Low Engagement
C01781,Customer_C01781,Repeat,Lucknow,209.2,3,13629.67,1,3,5,135,Loyal
C00569,Customer_C00569,Repeat,Noida,31.0,4,3533.61,4,4,3,443,Loyal
C02132,Customer_C02132,Repeat,Agra,227.2,2,11356.84,1,1,5,115,Low Engagement
C00528,Customer_C00528,Repeat,Lucknow,23.1,5,2570.96,5,5,3,553,Loyal
C02523,Customer_C02523,Repeat,Agra,213.1,2,1270.65,1,1,2,112,Low Engagement
C00251,Customer_C00251,Repeat,Agra,137.0,3,19085.62,2,3,5,235,Loyal
C02001,Customer_C02001,Repeat,Kanpur,244.5,3,957.65,1,3,1,131,At Risk
C01246,Customer_C01246,Repeat,Noida,15.2,5,11093.09,5,5,5,555,Champions
C03450,Customer_C03450,Repeat,Varanasi,129.1,5,14507.51,2,5,5,255,Loyal
C00656,Customer_C00656,Repeat,Jaipur,164.5,3,14619.72,2,3,5,235,Loyal
C02216,Customer_C02216,Repeat,Lucknow,101.1,7,6948.77,2,5,4,254,Loyal
C01665,Customer_C01665,Repeat,Noida,0.4,3,9969.65,5,3,5,535,Loyal
C00422,Customer_C00422,Repeat,Prayagraj,78.2,4,2961.98,3,4,3,343,Loyal
C03107,Customer_C03107,Repeat,Gorakhpur,189.4,3,2787.17,1,3,3,133,Loyal
C02831,Customer_C02831,Repeat,Noida,64.1,4,8510.8,3,4,5,345,Loyal
C01154,Customer_C01154,Repeat,Agra,97.2,3,4187.88,3,3,4,334,Loyal
C02318,Customer_C02318,New,Noida,349.0,1,1800.0,1,1,2,112,Low Engagement
C02276,Customer_C02276,Repeat,Noida,51.2,5,3566.3,4,5,3,453,Loyal
C01359,Customer_C01359,Repeat,Noida,143.5,6,7580.41,2,5,5,255,Loyal
C01229,Customer_C01229,Repeat,Varanasi,77.1,9,10242.76,3,5,5,355,Loyal
C01891,Customer_C01891,Repeat,Jaipur,300.5,3,12038.32,1,3,5,135,Loyal
C02729,Customer_C02729,Repeat,Lucknow,121.1,5,10737.41,2,5,5,255,Loyal
C03001,Customer_C03001,Repeat,Agra,301.1,2,3570.24,1,1,3,113,Low Engagement
C02082,Customer_C02082,Repeat,Lucknow,133.4,3,3828.8,2,3,4,234,Loyal
C02070,Customer_C02070,Repeat,Kanpur,32.0,6,10873.65,4,5,5,455,Champions
C02708,Customer_C02708,Repeat,Lucknow,17.3,4,1798.95,5,4,2,542,Low Engagement
C01743,Customer_C01743,Repeat,Gorakhpur,246.1,4,17689.4,1,4,5,145,Loyal
C02560,Customer_C02560,Repeat,Lucknow,242.5,4,9123.05,1,4,5,145,Loyal
C02346,Customer_C02346,Repeat,Lucknow,151.1,2,3476.71,2,1,3,213,Low Engagement
C01675,Customer_C01675,Repeat,Prayagraj,105.4,4,7262.44,2,4,4,244,Loyal
C01946,Customer_C01946,Repeat,Noida,48.0,5,4725.16,4,5,4,454,Champions
C01525,Customer_C01525,Repeat,Varanasi,101.0,2,1368.12,2,1,2,212,Low Engagement
C00394,Customer_C00394,Repeat,Kanpur,13.3,5,2446.6,5,5,3,553,Loyal
C02146,Customer_C02146,Repeat,Kanpur,52.2,3,8434.93,4,3,5,435,Loyal
C02947,Customer_C02947,Repeat,Agra,84.2,4,17428.44,3,4,5,345,Loyal
C03289,Customer_C03289,Repeat,Delhi,82.2,3,8511.25,3,3,5,335,Loyal
C00025,Customer_C00025,Repeat,Prayagraj,51.2,4,1535.55,4,4,2,442,Low Engagement
C00643,Customer_C00643,Repeat,Prayagraj,8.1,4,1921.62,5,4,2,542,Low Engagement
C01007,Customer_C01007,Repeat,Kanpur,65.0,4,7336.1,3,4,5,345,Loyal
C01079,Customer_C01079,Repeat,Jaipur,45.1,3,2523.8,4,3,3,433,Loyal
C03005,Customer_C03005,Repeat,Lucknow,341.0,2,6423.06,1,1,4,114,Low Engagement
C00812,Customer_C00812,Repeat,Noida,219.1,2,538.41,1,1,1,111,Low Engagement
C03125,Customer_C03125,Repeat,Lucknow,8.1,2,1860.39,5,1,2,512,Potential Loyalists
C02462,Customer_C02462,Repeat,Noida,158.1,3,3696.96,2,3,3,233,Loyal
C02332,Customer_C02332,Repeat,Gorakhpur,159.1,4,11572.49,2,4,5,245,Loyal
C00818,Customer_C00818,Repeat,Noida,262.0,3,18432.59,1,3,5,135,Loyal
C03166,Customer_C03166,Repeat,Prayagraj,315.0,2,582.55,1,1,1,111,Low Engagement
C00740,Customer_C00740,Repeat,Gorakhpur,28.1,3,11001.96,4,3,5,435,Loyal
C02514,Customer_C02514,Repeat,Gorakhpur,153.1,2,761.36,2,1,1,211,Low Engagement
C03223,Customer_C03223,Repeat,Kanpur,126.2,4,3537.83,2,4,3,243,Loyal
C00497,Customer_C00497,New,Agra,347.1,1,190.86,1,1,1,111,Low Engagement
C00004,Customer_C00004,Repeat,Lucknow,46.1,5,2382.33,4,5,3,453,Loyal
C00759,Customer_C00759,Repeat,Kanpur,181.1,2,491.63,1,1,1,111,Low Engagement
C00321,Customer_C00321,Repeat,Gorakhpur,2.0,5,10273.54,5,5,5,555,Champions
C01840,Customer_C01840,Repeat,Agra,142.1,3,2601.69,2,3,3,233,Loyal
C01688,Customer_C01688,New,Noida,347.1,1,487.35,1,1,1,111,Low Engagement
C03070,Customer_C03070,Repeat,Noida,52.1,4,2630.24,4,4,3,443,Loyal
C03382,Customer_C03382,Repeat,Jaipur,189.3,2,16324.58,1,1,5,115,Low Engagement
C01404,Customer_C01404,Repeat,Varanasi,179.2,3,17550.23,1,3,5,135,Loyal
C01908,Customer_C01908,Repeat,Noida,79.4,6,10017.16,3,5,5,355,Loyal
C02014,Customer_C02014,Repeat,Kanpur,42.0,4,1484.48,4,4,2,442,Low Engagement
C01120,Customer_C01120,Repeat,Jaipur,75.0,3,1733.34,3,3,2,332,Low Engagement
C00191,Customer_C00191,Repeat,Noida,76.1,5,5145.21,3,5,4,354,Loyal
C02662,Customer_C02662,Repeat,Lucknow,341.1,2,750.77,1,1,1,111,Low Engagement
C00246,Customer_C00246,Repeat,Lucknow,19.0,10,17208.16,5,5,5,555,Champions
C01979,Customer_C01979,Repeat,Varanasi,170.1,4,10126.43,2,4,5,245,Loyal
C01911,Customer_C01911,Repeat,Agra,59.0,2,1000.2,3,1,1,311,Low Engagement
C02705,Customer_C02705,Repeat,Kanpur,125.2,2,9019.4,2,1,5,215,Low Engagement
C01019,Customer_C01019,Repeat,Varanasi,325.0,2,1354.21,1,1,2,112,Low Engagement
C00797,Customer_C00797,Repeat,Lucknow,278.2,3,17266.01,1,3,5,135,Loyal
C00737,Customer_C00737,Repeat,Noida,69.5,6,4136.95,3,5,4,354,Loyal
C01481,Customer_C01481,Repeat,Agra,235.2,5,5231.54,1,5,4,154,Loyal
C01039,Customer_C01039,Repeat,Prayagraj,24.1,4,1630.82,5,4,2,542,Low Engagement
C03146,Customer_C03146,Repeat,Prayagraj,241.4,4,3282.26,1,4,3,143,Loyal
C00002,Customer_C00002,Repeat,Lucknow,273.3,2,1813.12,1,1,2,112,Low Engagement
C00103,Customer_C00103,Repeat,Gorakhpur,147.1,3,10381.45,2,3,5,235,Loyal
C00096,Customer_C00096,Repeat,Noida,195.3,2,5631.0,1,1,4,114,Low Engagement
C03304,Customer_C03304,Repeat,Prayagraj,47.2,3,1271.08,4,3,2,432,Low Engagement
C00409,Customer_C00409,Repeat,Noida,52.3,5,6839.39,4,5,4,454,Champions
C01591,Customer_C01591,Repeat,Lucknow,44.1,3,790.24,4,3,1,431,Low Engagement
C01125,Customer_C01125,New,Jaipur,346.0,1,140.76,1,1,1,111,Low Engagement
C03433,Customer_C03433,Repeat,Varanasi,223.1,3,3289.72,1,3,3,133,Loyal
C01621,Customer_C01621,Repeat,Kanpur,121.2,3,945.73,2,3,1,231,At Risk
C00393,Customer_C00393,Repeat,Prayagraj,170.2,4,1237.47,2,4,2,242,At Risk
C01823,Customer_C01823,Repeat,Varanasi,47.5,3,1771.32,4,3,2,432,Low Engagement
C00190,Customer_C00190,Repeat,Agra,15.2,4,7555.22,5,4,5,545,Champions
C00549,Customer_C00549,Repeat,Agra,28.0,4,1580.61,4,4,2,442,Low Engagement
C00762,Customer_C00762,Repeat,Prayagraj,40.2,4,2288.47,4,4,3,443,Loyal
C02018,Customer_C02018,Repeat,Lucknow,199.1,3,1408.76,1,3,2,132,At Risk
C02604,Customer_C02604,Repeat,Lucknow,190.0,2,1603.77,1,1,2,112,Low Engagement
C02742,Customer_C02742,Repeat,Lucknow,288.6,2,1922.76,1,1,2,112,Low Engagement
C00750,Customer_C00750,Repeat,Noida,111.0,3,2278.76,2,3,3,233,Loyal
C02749,Customer_C02749,Repeat,Prayagraj,69.1,3,8660.34,3,3,5,335,Loyal
C01594,Customer_C01594,New,Prayagraj,345.1,1,638.26,1,1,1,111,Low Engagement
C01993,Customer_C01993,Repeat,Noida,19.0,3,2502.98,5,3,3,533,Loyal
C01009,Customer_C01009,Repeat,Varanasi,18.3,5,3238.21,5,5,3,553,Loyal
C01128,Customer_C01128,Repeat,Lucknow,21.0,6,2877.82,5,5,3,553,Loyal
C02517,Customer_C02517,Repeat,Noida,340.2,2,7113.3,1,1,4,114,Low Engagement
C03154,Customer_C03154,Repeat,Agra,178.1,2,7799.61,1,1,5,115,Low Engagement
C01894,Customer_C01894,Repeat,Lucknow,39.0,7,16999.41,4,5,5,455,Champions
C01575,Customer_C01575,Repeat,Prayagraj,251.2,2,905.36,1,1,1,111,Low Engagement
C00837,Customer_C00837,Repeat,Gorakhpur,133.2,4,4529.13,2,4,4,244,Loyal
C01439,Customer_C01439,Repeat,Jaipur,188.4,2,1020.0,1,1,1,111,Low Engagement
C03317,Customer_C03317,Repeat,Lucknow,187.1,2,3094.12,1,1,3,113,Low Engagement
C01721,Customer_C01721,Repeat,Noida,36.2,2,4632.6,4,1,4,414,Potential Loyalists
C01818,Customer_C01818,Repeat,Noida,9.1,5,6156.95,5,5,4,554,Champions
C02835,Customer_C02835,Repeat,Lucknow,26.1,2,1838.64,4,1,2,412,Potential Loyalists
C02684,Customer_C02684,Repeat,Lucknow,69.1,4,3745.63,3,4,4,344,Loyal
C03473,Customer_C03473,New,Noida,344.3,1,232.92,1,1,1,111,Low Engagement
C00735,Customer_C00735,Repeat,Gorakhpur,13.1,4,13827.58,5,4,5,545,Champions
C00206,Customer_C00206,Repeat,Kanpur,138.3,4,6792.8,2,4,4,244,Loyal
C03397,Customer_C03397,Repeat,Noida,61.2,3,16379.37,3,3,5,335,Loyal
C02723,Customer_C02723,Repeat,Patna,85.5,3,2167.23,3,3,2,332,Low Engagement
C01617,Customer_C01617,Repeat,Noida,119.0,3,1742.67,2,3,2,232,At Risk
C02375,Customer_C02375,Repeat,Varanasi,23.3,4,20395.94,5,4,5,545,Champions
C00707,Customer_C00707,Repeat,Prayagraj,41.6,7,7028.34,4,5,4,454,Champions
C01654,Customer_C01654,Repeat,Jaipur,296.4,2,680.38,1,1,1,111,Low Engagement
C00121,Customer_C00121,Repeat,Kanpur,3.1,4,2734.9,5,4,3,543,Loyal
C02584,Customer_C02584,Repeat,Gorakhpur,29.1,5,9020.72,4,5,5,455,Champions
C02614,Customer_C02614,Repeat,Agra,337.1,2,3526.84,1,1,3,113,Low Engagement
C00044,Customer_C00044,Repeat,Agra,216.5,2,373.83,1,1,1,111,Low Engagement
C02019,Customer_C02019,Repeat,Prayagraj,3.1,4,4387.62,5,4,4,544,Champions
C01332,Customer_C01332,Repeat,Noida,188.1,5,2030.17,1,5,2,152,At Risk
C02335,Customer_C02335,Repeat,Lucknow,77.6,5,7885.5,3,5,5,355,Loyal
C03303,Customer_C03303,New,Prayagraj,344.0,1,1800.0,1,1,2,112,Low Engagement
C02174,Customer_C02174,Repeat,Noida,315.2,3,4534.03,1,3,4,134,Loyal
C01497,Customer_C01497,Repeat,Lucknow,105.1,4,1482.78,2,4,2,242,At Risk
C03419,Customer_C03419,Repeat,Varanasi,189.0,4,5079.1,1,4,4,144,Loyal
C01055,Customer_C01055,Repeat,Prayagraj,146.1,3,1069.92,2,3,2,232,At Risk
C01774,Customer_C01774,Repeat,Noida,61.3,2,16860.88,3,1,5,315,Low Engagement
C00850,Customer_C00850,Repeat,Lucknow,52.1,4,8714.54,4,4,5,445,Champions
C02408,Customer_C02408,Repeat,Patna,36.5,6,7952.56,4,5,5,455,Champions
C00915,Customer_C00915,Repeat,Varanasi,271.2,2,2324.74,1,1,3,113,Low Engagement
C02339,Customer_C02339,Repeat,Noida,5.1,6,2866.68,5,5,3,553,Loyal
C02427,Customer_C02427,Repeat,Kanpur,51.1,4,5275.56,4,4,4,444,Champions
C00909,Customer_C00909,Repeat,Kanpur,209.4,3,1301.29,1,3,2,132,At Risk
C02633,Customer_C02633,Repeat,Noida,309.2,3,7396.56,1,3,5,135,Loyal
C01792,Customer_C01792,Repeat,Lucknow,55.2,3,5938.0,4,3,4,434,Loyal
C01349,Customer_C01349,Repeat,Patna,1.1,3,3172.91,5,3,3,533,Loyal
C01983,Customer_C01983,Repeat,Prayagraj,41.4,7,11252.34,4,5,5,455,Champions
C00403,Customer_C00403,Repeat,Kanpur,206.3,2,1730.56,1,1,2,112,Low Engagement
C00299,Customer_C00299,Repeat,Lucknow,36.1,5,10862.84,4,5,5,455,Champions
C01726,Customer_C01726,Repeat,Kanpur,204.0,2,1464.67,1,1,2,112,Low Engagement
C02491,Customer_C02491,Repeat,Gorakhpur,36.1,6,12906.58,4,5,5,455,Champions
C01361,Customer_C01361,Repeat,Varanasi,33.1,3,2298.53,4,3,3,433,Loyal
C00250,Customer_C00250,Repeat,Lucknow,38.0,4,4796.96,4,4,4,444,Champions
C01795,Customer_C01795,Repeat,Noida,118.5,3,8155.05,2,3,5,235,Loyal
C01311,Customer_C01311,New,Lucknow,342.5,1,307.88,1,1,1,111,Low Engagement
C03453,Customer_C03453,New,Prayagraj,342.4,1,424.0,1,1,1,111,Low Engagement
C01289,Customer_C01289,Repeat,Kanpur,9.3,3,17256.09,5,3,5,535,Loyal
C02618,Customer_C02618,Repeat,Noida,48.4,3,2280.37,4,3,3,433,Loyal
C00151,Customer_C00151,Repeat,Jaipur,116.1,3,2194.49,2,3,2,232,At Risk
C00448,Customer_C00448,Repeat,Agra,211.2,2,1311.26,1,1,2,112,Low Engagement
C00120,Customer_C00120,Repeat,Kanpur,206.3,2,2204.47,1,1,2,112,Low Engagement
C02041,Customer_C02041,Repeat,Prayagraj,54.0,4,3832.79,4,4,4,444,Champions
C00451,Customer_C00451,Repeat,Lucknow,19.1,5,5148.3,5,5,4,554,Champions
C01624,Customer_C01624,Repeat,Prayagraj,145.4,4,9473.22,2,4,5,245,Loyal
C00665,Customer_C00665,New,Lucknow,342.1,1,265.99,1,1,1,111,Low Engagement
C01107,Customer_C01107,Repeat,Varanasi,4.2,5,3457.78,5,5,3,553,Loyal
C03246,Customer_C03246,Repeat,Gorakhpur,37.1,4,13327.42,4,4,5,445,Champions
C00436,Customer_C00436,Repeat,Prayagraj,8.1,6,18375.99,5,5,5,555,Champions
C00550,Customer_C00550,Repeat,Gorakhpur,170.3,5,12806.59,2,5,5,255,Loyal
C02438,Customer_C02438,Repeat,Gorakhpur,50.2,5,3253.18,4,5,3,453,Loyal
C01605,Customer_C01605,Repeat,Lucknow,46.3,3,3863.79,4,3,4,434,Loyal
C00362,Customer_C00362,Repeat,Gorakhpur,17.4,3,1113.01,5,3,2,532,Low Engagement
C01160,Customer_C01160,Repeat,Lucknow,215.1,2,11457.48,1,1,5,115,Low Engagement
C01175,Customer_C01175,Repeat,Gorakhpur,132.2,2,3523.49,2,1,3,213,Low Engagement
C02981,Customer_C02981,Repeat,Jaipur,27.4,4,1144.87,4,4,2,442,Low Engagement
C03101,Customer_C03101,New,Prayagraj,342.0,1,477.5,1,1,1,111,Low Engagement
C00917,Customer_C00917,Repeat,Gorakhpur,40.0,6,23217.87,4,5,5,455,Champions
C02668,Customer_C02668,Repeat,Varanasi,3.1,4,3387.76,5,4,3,543,Loyal
C02331,Customer_C02331,Repeat,Noida,79.3,5,5643.89,3,5,4,354,Loyal
C00300,Customer_C00300,Repeat,Kanpur,55.1,6,3019.3,4,5,3,453,Loyal
C00447,Customer_C00447,Repeat,Agra,35.0,4,9590.51,4,4,5,445,Champions
C00149,Customer_C00149,New,Lucknow,342.0,1,737.29,1,1,1,111,Low Engagement
C00396,Customer_C00396,Repeat,Jaipur,100.0,2,2316.0,2,1,3,213,Low Engagement
C01282,Customer_C01282,Repeat,Gorakhpur,10.1,4,1604.14,5,4,2,542,Low Engagement
C00981,Customer_C00981,Repeat,Gorakhpur,56.4,4,10028.25,4,4,5,445,Champions
C01347,Customer_C01347,Repeat,Agra,227.2,4,1875.51,1,4,2,142,At Risk
C01500,Customer_C01500,Repeat,Noida,1.1,2,1380.09,5,1,2,512,Potential Loyalists
C02991,Customer_C02991,Repeat,Lucknow,19.2,3,1616.09,5,3,2,532,Low Engagement
C01148,Customer_C01148,Repeat,Prayagraj,33.4,6,8435.73,4,5,5,455,Champions
C02939,Customer_C02939,Repeat,Prayagraj,76.0,6,4426.91,3,5,4,354,Loyal
C02549,Customer_C02549,Repeat,Gorakhpur,27.1,3,13214.0,4,3,5,435,Loyal
C01931,Customer_C01931,Repeat,Gorakhpur,116.5,3,958.33,2,3,1,231,At Risk
C00786,Customer_C00786,Repeat,Prayagraj,92.5,5,19006.75,3,5,5,355,Loyal
C01815,Customer_C01815,Repeat,Lucknow,197.1,3,6717.78,1,3,4,134,Loyal
C03439,Customer_C03439,Repeat,Prayagraj,65.0,3,2415.71,3,3,3,333,Loyal
C01552,Customer_C01552,Repeat,Lucknow,123.1,3,1503.42,2,3,2,232,At Risk
C01708,Customer_C01708,Repeat,Prayagraj,277.1,4,4970.83,1,4,4,144,Loyal
C01854,Customer_C01854,Repeat,Gorakhpur,132.1,3,10161.97,2,3,5,235,Loyal
C00158,Customer_C00158,Repeat,Agra,207.6,3,4542.33,1,3,4,134,Loyal
C01052,Customer_C01052,Repeat,Kanpur,42.2,2,1603.66,4,1,2,412,Potential Loyalists
C02732,Customer_C02732,Repeat,Noida,255.0,2,4262.6,1,1,4,114,Low Engagement
C00713,Customer_C00713,Repeat,Prayagraj,240.5,2,11885.88,1,1,5,115,Low Engagement
C00171,Customer_C00171,Repeat,Noida,91.5,4,3312.6,3,4,3,343,Loyal
C02373,Customer_C02373,Repeat,Noida,4.1,5,8385.38,5,5,5,555,Champions
C00861,Customer_C00861,Repeat,Noida,73.2,3,3792.63,3,3,4,334,Loyal
C02741,Customer_C02741,Repeat,Prayagraj,237.1,2,1243.82,1,1,2,112,Low Engagement
C01296,Customer_C01296,Repeat,Noida,41.6,5,14810.5,4,5,5,455,Champions
C01114,Customer_C01114,New,Gorakhpur,341.1,1,7264.52,1,1,4,114,Low Engagement
C00336,Customer_C00336,Repeat,Prayagraj,95.5,3,948.91,3,3,1,331,Low Engagement
C00043,Customer_C00043,Repeat,Noida,118.5,6,9888.36,2,5,5,255,Loyal
C01771,Customer_C01771,Repeat,Noida,36.0,4,1719.11,4,4,2,442,Low Engagement
C03360,Customer_C03360,Repeat,Kanpur,103.1,5,5344.75,2,5,4,254,Loyal
C01462,Customer_C01462,Repeat,Agra,3.4,8,13710.47,5,5,5,555,Champions
C00763,Customer_C00763,Repeat,Jaipur,58.0,4,6946.7,3,4,4,344,Loyal
C01519,Customer_C01519,Repeat,Kanpur,175.2,3,2905.99,1,3,3,133,Loyal
C03375,Customer_C03375,Repeat,Lucknow,115.0,5,13842.4,2,5,5,255,Loyal
C02095,Customer_C02095,Repeat,Noida,46.4,2,629.56,4,1,1,411,New Customers
C01197,Customer_C01197,Repeat,Gorakhpur,220.5,3,4092.13,1,3,4,134,Loyal
C03016,Customer_C03016,Repeat,Lucknow,299.5,2,3240.05,1,1,3,113,Low Engagement
C00365,Customer_C00365,New,Lucknow,340.2,1,1107.46,1,1,2,112,Low Engagement
C01881,Customer_C01881,Repeat,Prayagraj,322.4,2,639.91,1,1,1,111,Low Engagement
C01626,Customer_C01626,Repeat,Kanpur,127.0,2,1195.12,2,1,2,212,Low Engagement
C02363,Customer_C02363,Repeat,Prayagraj,22.1,9,13964.53,5,5,5,555,Champions
C00407,Customer_C00407,Repeat,Jaipur,123.4,4,8809.45,2,4,5,245,Loyal
C01878,Customer_C01878,Repeat,Prayagraj,43.1,6,9701.32,4,5,5,455,Champions
C00596,Customer_C00596,Repeat,Lucknow,101.1,7,11023.76,2,5,5,255,Loyal
C01364,Customer_C01364,Repeat,Kanpur,46.1,3,765.86,4,3,1,431,Low Engagement
C02687,Customer_C02687,Repeat,Gorakhpur,82.1,4,14812.02,3,4,5,345,Loyal
C01864,Customer_C01864,Repeat,Varanasi,71.1,10,28155.83,3,5,5,355,Loyal
C01032,Customer_C01032,Repeat,Varanasi,252.1,4,2199.98,1,4,2,142,At Risk
C01437,Customer_C01437,Repeat,Kanpur,130.0,4,2638.15,2,4,3,243,Loyal
C01954,Customer_C01954,Repeat,Prayagraj,8.2,3,19877.89,5,3,5,535,Loyal
C03389,Customer_C03389,Repeat,Patna,11.1,2,2778.9,5,1,3,513,Potential Loyalists
C00087,Customer_C00087,Repeat,Varanasi,28.1,4,1113.32,4,4,2,442,Low Engagement
C02863,Customer_C02863,Repeat,Lucknow,30.0,3,7069.92,4,3,4,434,Loyal
C02747,Customer_C02747,Repeat,Prayagraj,241.1,3,1735.19,1,3,2,132,At Risk
C00631,Customer_C00631,Repeat,Prayagraj,221.2,3,2970.57,1,3,3,133,Loyal
C00567,Customer_C00567,Repeat,Lucknow,78.1,4,12595.46,3,4,5,345,Loyal
C02543,Customer_C02543,Repeat,Lucknow,18.2,6,6502.47,5,5,4,554,Champions
C01547,Customer_C01547,New,Lucknow,339.5,1,241.2,1,1,1,111,Low Engagement
C02266,Customer_C02266,Repeat,Noida,187.5,2,1238.82,1,1,2,112,Low Engagement
C00921,Customer_C00921,Repeat,Varanasi,104.1,4,5106.0,2,4,4,244,Loyal
C02271,Customer_C02271,Repeat,Kanpur,111.2,6,3794.61,2,5,4,254,Loyal
C00723,Customer_C00723,Repeat,Lucknow,14.1,4,13155.2,5,4,5,545,Champions
C02636,Customer_C02636,Repeat,Jaipur,70.3,6,9943.17,3,5,5,355,Loyal
C01883,Customer_C01883,Repeat,Jaipur,211.6,2,7832.57,1,1,5,115,Low Engagement
C01682,Customer_C01682,Repeat,Prayagraj,12.2,4,4673.02,5,4,4,544,Champions
C01518,Customer_C01518,Repeat,Lucknow,91.2,5,37513.33,3,5,5,355,Loyal
C02328,Customer_C02328,Repeat,Varanasi,59.3,4,3042.05,3,4,3,343,Loyal
C02665,Customer_C02665,Repeat,Gorakhpur,42.2,3,14258.8,4,3,5,435,Loyal
C00293,Customer_C00293,New,Patna,339.1,1,820.93,1,1,1,111,Low Engagement
C01887,Customer_C01887,Repeat,Lucknow,67.0,3,4052.22,3,3,4,334,Loyal
C00920,Customer_C00920,Repeat,Lucknow,61.4,2,1305.94,3,1,2,312,Low Engagement
C00353,Customer_C00353,Repeat,Noida,35.2,5,12552.54,4,5,5,455,Champions
C00721,Customer_C00721,Repeat,Gorakhpur,281.1,2,8562.21,1,1,5,115,Low Engagement
C02726,Customer_C02726,Repeat,Delhi,245.3,3,6217.66,1,3,4,134,Loyal
C02209,Customer_C02209,Repeat,Gorakhpur,138.0,2,2157.35,2,1,2,212,Low Engagement
C00930,Customer_C00930,New,Jaipur,339.0,1,4974.79,1,1,4,114,Low Engagement
C01401,Customer_C01401,Repeat,Gorakhpur,13.1,5,5142.17,5,5,4,554,Champions
C03290,Customer_C03290,Repeat,Gorakhpur,40.1,6,6692.22,4,5,4,454,Champions
C02812,Customer_C02812,Repeat,Agra,104.1,2,1573.22,2,1,2,212,Low Engagement
C02151,Customer_C02151,Repeat,Noida,38.5,4,1729.19,4,4,2,442,Low Engagement
C00754,Customer_C00754,Repeat,Lucknow,49.1,4,4130.28,4,4,4,444,Champions
C00824,Customer_C00824,Repeat,Noida,6.2,3,2239.97,5,3,3,533,Loyal
C00506,Customer_C00506,Repeat,Varanasi,126.1,4,9859.22,2,4,5,245,Loyal
C00456,Customer_C00456,Repeat,Lucknow,59.1,10,3134.08,3,5,3,353,Loyal
C02998,Customer_C02998,Repeat,Lucknow,23.1,2,873.47,5,1,1,511,New Customers
C02774,Customer_C02774,Repeat,Lucknow,32.2,6,8223.61,4,5,5,455,Champions
C00702,Customer_C00702,Repeat,Lucknow,235.1,3,2777.28,1,3,3,133,Loyal
C03251,Customer_C03251,Repeat,Lucknow,25.2,4,4712.98,5,4,4,544,Champions
C02899,Customer_C02899,Repeat,Gorakhpur,30.1,3,3232.64,4,3,3,433,Loyal
C01938,Customer_C01938,Repeat,Varanasi,58.0,3,4392.28,3,3,4,334,Loyal
C00104,Customer_C00104,Repeat,Lucknow,50.3,4,3663.84,4,4,3,443,Loyal
C00101,Customer_C00101,Repeat,Lucknow,129.2,5,3474.22,2,5,3,253,Loyal
C01286,Customer_C01286,Repeat,Prayagraj,16.4,6,4275.6,5,5,4,554,Champions
C01650,Customer_C01650,Repeat,Prayagraj,47.2,3,1047.9,4,3,2,432,Low Engagement
C01288,Customer_C01288,Repeat,Kanpur,37.0,5,9253.64,4,5,5,455,Champions
C00635,Customer_C00635,Repeat,Jaipur,57.0,3,6268.31,4,3,4,434,Loyal
C02850,Customer_C02850,Repeat,Noida,310.3,3,2542.15,1,3,3,133,Loyal
C00069,Customer_C00069,Repeat,Varanasi,249.2,2,2803.92,1,1,3,113,Low Engagement
C02702,Customer_C02702,New,Prayagraj,338.1,1,2203.25,1,1,2,112,Low Engagement
C03220,Customer_C03220,Repeat,Prayagraj,58.2,3,6321.95,3,3,4,334,Loyal
C03378,Customer_C03378,Repeat,Noida,11.1,5,7826.15,5,5,5,555,Champions
C03091,Customer_C03091,Repeat,Gorakhpur,68.5,4,2455.78,3,4,3,343,Loyal
C01697,Customer_C01697,Repeat,Lucknow,59.4,6,4357.14,3,5,4,354,Loyal
C00989,Customer_C00989,Repeat,Kanpur,9.0,2,1412.32,5,1,2,512,Potential Loyalists
C00364,Customer_C00364,Repeat,Kanpur,16.0,3,4083.04,5,3,4,534,Loyal
C03009,Customer_C03009,Repeat,Kanpur,151.2,6,4243.23,2,5,4,254,Loyal
C03130,Customer_C03130,Repeat,Lucknow,15.2,5,5870.51,5,5,4,554,Champions
C00557,Customer_C00557,Repeat,Varanasi,271.2,2,449.32,1,1,1,111,Low Engagement
C02811,Customer_C02811,Repeat,Delhi,221.2,2,5662.94,1,1,4,114,Low Engagement
C03068,Customer_C03068,Repeat,Kanpur,31.2,3,3289.33,4,3,3,433,Loyal
C00542,Customer_C00542,Repeat,Lucknow,76.0,6,12542.95,3,5,5,355,Loyal
C01239,Customer_C01239,Repeat,Noida,30.5,5,4448.97,4,5,4,454,Champions
C00990,Customer_C00990,Repeat,Prayagraj,10.2,4,7607.54,5,4,5,545,Champions
C00977,Customer_C00977,Repeat,Kanpur,42.1,3,1579.27,4,3,2,432,Low Engagement
C02689,Customer_C02689,Repeat,Prayagraj,73.1,5,3194.94,3,5,3,353,Loyal
C01139,Customer_C01139,Repeat,Kanpur,291.1,2,1024.14,1,1,1,111,Low Engagement
C01916,Customer_C01916,Repeat,Gorakhpur,20.2,4,20110.09,5,4,5,545,Champions
C02116,Customer_C02116,New,Noida,337.2,1,85.71,1,1,1,111,Low Engagement
C02305,Customer_C02305,Repeat,Prayagraj,80.2,2,1680.64,3,1,2,312,Low Engagement
C02238,Customer_C02238,Repeat,Agra,38.2,2,1154.2,4,1,2,412,Potential Loyalists
C03423,Customer_C03423,New,Jaipur,337.2,1,2025.39,1,1,2,112,Low Engagement
C01235,Customer_C01235,Repeat,Noida,132.1,3,1007.25,2,3,1,231,At Risk
C02854,Customer_C02854,Repeat,Prayagraj,97.4,4,3656.33,3,4,3,343,Loyal
C01029,Customer_C01029,New,Noida,337.1,1,3973.28,1,1,4,114,Low Engagement
C03011,Customer_C03011,Repeat,Noida,129.2,5,1371.05,2,5,2,252,At Risk
C01994,Customer_C01994,Repeat,Gorakhpur,196.2,4,3774.84,1,4,4,144,Loyal
C01630,Customer_C01630,Repeat,Noida,50.3,3,1176.77,4,3,2,432,Low Engagement
C00131,Customer_C00131,Repeat,Agra,51.1,4,1488.29,4,4,2,442,Low Engagement
C03257,Customer_C03257,Repeat,Lucknow,2.3,2,1065.23,5,1,2,512,Potential Loyalists
C03033,Customer_C03033,Repeat,Noida,26.5,3,2194.54,4,3,2,432,Low Engagement
C02806,Customer_C02806,Repeat,Noida,33.2,6,6767.09,4,5,4,454,Champions
C00923,Customer_C00923,Repeat,Lucknow,110.1,5,4370.85,2,5,4,254,Loyal
C01598,Customer_C01598,Repeat,Agra,60.1,3,2481.94,3,3,3,333,Loyal
C02985,Customer_C02985,Repeat,Jaipur,205.2,2,543.81,1,2,1,121,At Risk
C03150,Customer_C03150,Repeat,Lucknow,31.2,4,3253.47,4,4,3,443,Loyal
C00083,Customer_C00083,Repeat,Lucknow,121.1,6,19763.83,2,5,5,255,Loyal
C02801,Customer_C02801,Repeat,Noida,97.1,5,6517.65,3,5,4,354,Loyal
C02402,Customer_C02402,Repeat,Lucknow,11.1,3,1705.87,5,3,2,532,Low Engagement
C02476,Customer_C02476,Repeat,Gorakhpur,55.1,5,1653.17,4,5,2,452,Low Engagement
C02540,Customer_C02540,Repeat,Delhi,14.1,3,1698.75,5,3,2,532,Low Engagement
C02087,Customer_C02087,Repeat,Varanasi,80.6,3,789.68,3,3,1,331,Low Engagement
C02180,Customer_C02180,Repeat,Noida,32.1,5,1838.96,4,5,2,452,Low Engagement
C00973,Customer_C00973,Repeat,Noida,60.6,2,793.4,3,2,1,321,Low Engagement
C00420,Customer_C00420,Repeat,Kanpur,214.1,3,11754.3,1,3,5,135,Loyal
C00388,Customer_C00388,Repeat,Noida,9.3,3,6173.38,5,3,4,534,Loyal
C00168,Customer_C00168,Repeat,Prayagraj,18.1,8,9500.96,5,5,5,555,Champions
C01475,Customer_C01475,Repeat,Lucknow,5.1,3,2474.85,5,3,3,533,Loyal
C01984,Customer_C01984,Repeat,Kanpur,20.2,5,4990.95,5,5,4,554,Champions
C00141,Customer_C00141,Repeat,Lucknow,77.3,4,2010.41,3,4,2,342,Low Engagement
C02766,Customer_C02766,New,Kanpur,336.1,1,944.0,1,1,1,111,Low Engagement
C01676,Customer_C01676,Repeat,Noida,12.0,4,5564.48,5,4,4,544,Champions
C00467,Customer_C00467,Repeat,Prayagraj,63.0,3,1411.21,3,3,2,332,Low Engagement
C02292,Customer_C02292,Repeat,Agra,300.1,2,737.84,1,2,1,121,At Risk
C03370,Customer_C03370,Repeat,Noida,123.1,3,1906.0,2,3,2,232,At Risk
C00475,Customer_C00475,Repeat,Lucknow,306.0,2,17693.31,1,2,5,125,At Risk
C02508,Customer_C02508,Repeat,Lucknow,75.1,4,2481.05,3,4,3,343,Loyal
C01990,Customer_C01990,Repeat,Prayagraj,75.2,4,2530.69,3,4,3,343,Loyal
C03139,Customer_C03139,Repeat,Delhi,130.2,2,13713.51,2,2,5,225,At Risk
C02189,Customer_C02189,Repeat,Lucknow,86.3,3,3179.11,3,3,3,333,Loyal
C01403,Customer_C01403,Repeat,Noida,278.1,2,1233.37,1,2,2,122,At Risk
C00804,Customer_C00804,Repeat,Prayagraj,156.0,3,619.97,2,3,1,231,At Risk
C02353,Customer_C02353,Repeat,Lucknow,101.4,4,3167.92,2,4,3,243,Loyal
C01370,Customer_C01370,Repeat,Noida,116.1,5,14739.47,2,5,5,255,Loyal
C01744,Customer_C01744,Repeat,Prayagraj,263.5,2,2076.13,1,2,2,122,At Risk
C03358,Customer_C03358,Repeat,Lucknow,103.1,4,1547.89,2,4,2,242,At Risk
C00148,Customer_C00148,Repeat,Kanpur,76.2,3,10172.04,3,3,5,335,Loyal
C01739,Customer_C01739,Repeat,Lucknow,84.1,3,1636.42,3,3,2,332,Low Engagement
C01710,Customer_C01710,Repeat,Agra,86.2,3,2100.92,3,3,2,332,Low Engagement
C02828,Customer_C02828,Repeat,Varanasi,29.0,3,7310.64,4,3,4,434,Loyal
C02759,Customer_C02759,Repeat,Agra,96.2,3,1939.28,3,3,2,332,Low Engagement
C01595,Customer_C01595,Repeat,Lucknow,138.0,2,4104.58,2,2,4,224,At Risk
C02788,Customer_C02788,Repeat,Prayagraj,237.2,3,4643.77,1,3,4,134,Loyal
C02334,Customer_C02334,Repeat,Agra,14.3,2,570.23,5,2,1,521,Low Engagement
C02453,Customer_C02453,Repeat,Prayagraj,32.2,8,7608.21,4,5,5,455,Champions
C02961,Customer_C02961,New,Noida,335.1,1,397.37,1,1,1,111,Low Engagement
C03017,Customer_C03017,New,Lucknow,335.1,1,90.97,1,1,1,111,Low Engagement
C01971,Customer_C01971,Repeat,Lucknow,159.1,3,1168.02,2,3,2,232,At Risk
C01499,Customer_C01499,Repeat,Lucknow,110.2,2,530.78,2,2,1,221,At Risk
C03089,Customer_C03089,Repeat,Prayagraj,190.1,5,2642.71,1,5,3,153,Loyal
C03186,Customer_C03186,Repeat,Lucknow,327.2,2,964.41,1,2,1,121,At Risk
C01322,Customer_C01322,Repeat,Kanpur,119.1,3,3282.08,2,3,3,233,Loyal
C03353,Customer_C03353,New,Kanpur,335.0,1,854.51,1,1,1,111,Low Engagement
C00435,Customer_C00435,Repeat,Lucknow,174.2,4,6590.13,1,4,4,144,Loyal
C00796,Customer_C00796,Repeat,Noida,33.2,6,3776.4,4,5,4,454,Champions
C02010,Customer_C02010,Repeat,Gorakhpur,222.3,2,4098.77,1,2,4,124,At Risk
C00777,Customer_C00777,Repeat,Lucknow,238.3,2,2964.43,1,2,3,123,At Risk
C00753,Customer_C00753,Repeat,Lucknow,194.0,2,2413.91,1,2,3,123,At Risk
C01537,Customer_C01537,New,Lucknow,334.3,1,811.62,1,1,1,111,Low Engagement
C02055,Customer_C02055,Repeat,Noida,27.2,4,4937.49,4,4,4,444,Champions
C00275,Customer_C00275,Repeat,Lucknow,95.1,3,3208.42,3,3,3,333,Loyal
C03031,Customer_C03031,Repeat,Noida,61.1,6,11466.77,3,5,5,355,Loyal
C02077,Customer_C02077,Repeat,Gorakhpur,2.1,4,7534.5,5,4,5,545,Champions
C02692,Customer_C02692,Repeat,Noida,128.2,3,4858.43,2,3,4,234,Loyal
C02111,Customer_C02111,Repeat,Kanpur,284.1,2,1492.55,1,2,2,122,At Risk
C01227,Customer_C01227,Repeat,Noida,155.1,2,365.79,2,2,1,221,At Risk
C02550,Customer_C02550,Repeat,Noida,44.0,6,8153.86,4,5,5,455,Champions
C00027,Customer_C00027,Repeat,Gorakhpur,117.2,4,7692.61,2,4,5,245,Loyal
C01869,Customer_C01869,Repeat,Varanasi,4.2,3,2230.39,5,3,3,533,Loyal
C00562,Customer_C00562,Repeat,Prayagraj,41.0,2,727.63,4,2,1,421,Low Engagement
C00008,Customer_C00008,Repeat,Lucknow,19.0,3,1271.03,5,3,2,532,Low Engagement
C02627,Customer_C02627,Repeat,Kanpur,122.2,4,20635.21,2,4,5,245,Loyal
C02897,Customer_C02897,Repeat,Jaipur,11.0,5,6545.26,5,5,4,554,Champions
C02521,Customer_C02521,Repeat,Lucknow,30.4,10,11251.04,4,5,5,455,Champions
C00077,Customer_C00077,Repeat,Lucknow,76.2,8,12222.04,3,5,5,355,Loyal
C03082,Customer_C03082,Repeat,Lucknow,163.2,3,1166.27,2,3,2,232,At Risk
C01498,Customer_C01498,Repeat,Prayagraj,106.2,3,1801.66,2,3,2,232,At Risk
C03431,Customer_C03431,Repeat,Varanasi,286.0,2,670.15,1,2,1,121,At Risk
C00405,Customer_C00405,Repeat,Kanpur,9.2,5,4301.36,5,5,4,554,Champions
C01257,Customer_C01257,Repeat,Agra,143.1,2,3624.0,2,2,3,223,At Risk
C02219,Customer_C02219,Repeat,Lucknow,67.5,3,6106.91,3,3,4,334,Loyal
C00286,Customer_C00286,New,Lucknow,333.2,1,720.67,1,1,1,111,Low Engagement
C01657,Customer_C01657,Repeat,Noida,111.1,2,890.04,2,2,1,221,At Risk
C00014,Customer_C00014,Repeat,Prayagraj,58.0,4,3021.83,3,4,3,343,Loyal
C03026,Customer_C03026,Repeat,Prayagraj,7.5,4,2878.45,5,4,3,543,Loyal
C03402,Customer_C03402,Repeat,Noida,133.4,2,3910.39,2,2,4,224,At Risk
C00868,Customer_C00868,Repeat,Gorakhpur,27.2,7,7544.55,4,5,5,455,Champions
C00297,Customer_C00297,Repeat,Noida,117.3,5,1899.94,2,5,2,252,At Risk
C03249,Customer_C03249,Repeat,Kanpur,33.1,4,4426.86,4,4,4,444,Champions
C01562,Customer_C01562,Repeat,Lucknow,98.5,5,6547.92,3,5,4,354,Loyal
C03108,Customer_C03108,Repeat,Lucknow,39.3,2,414.79,4,2,1,421,Low Engagement
C01071,Customer_C01071,Repeat,Lucknow,249.5,3,2772.09,1,3,3,133,Loyal
C01410,Customer_C01410,Repeat,Agra,15.6,4,4052.99,5,4,4,544,Champions
C02713,Customer_C02713,Repeat,Noida,326.0,2,3941.58,1,2,4,124,At Risk
C02937,Customer_C02937,Repeat,Prayagraj,90.2,3,8338.21,3,3,5,335,Loyal
C03114,Customer_C03114,Repeat,Noida,139.0,4,17988.89,2,4,5,245,Loyal
C01579,Customer_C01579,Repeat,Noida,26.1,4,2707.42,4,4,3,443,Loyal
C01640,Customer_C01640,Repeat,Prayagraj,167.1,3,3344.37,2,3,3,233,Loyal
C02862,Customer_C02862,Repeat,Agra,2.1,4,2678.99,5,4,3,543,Loyal
C00595,Customer_C00595,Repeat,Noida,36.1,2,2544.12,4,2,3,423,Potential Loyalists
C02156,Customer_C02156,Repeat,Noida,42.5,4,25609.17,4,4,5,445,Champions
C02191,Customer_C02191,Repeat,Agra,160.1,5,3587.99,2,5,3,253,Loyal
C02354,Customer_C02354,Repeat,Varanasi,52.1,4,20286.79,4,4,5,445,Champions
C00110,Customer_C00110,Repeat,Gorakhpur,46.1,8,22156.37,4,5,5,455,Champions
C02512,Customer_C02512,Repeat,Noida,37.6,6,26158.41,4,5,5,455,Champions
C02510,Customer_C02510,Repeat,Lucknow,62.2,5,23035.19,3,5,5,355,Loyal
C03363,Customer_C03363,Repeat,Noida,97.1,4,2650.87,3,4,3,343,Loyal
C02661,Customer_C02661,Repeat,Kanpur,253.3,2,1230.32,1,2,2,122,At Risk
C00021,Customer_C00021,Repeat,Lucknow,71.5,2,1533.71,3,2,2,322,Low Engagement
C00609,Customer_C00609,Repeat,Prayagraj,148.3,4,5033.48,2,4,4,244,Loyal
C01667,Customer_C01667,Repeat,Gorakhpur,84.2,4,4353.94,3,4,4,344,Loyal
C03264,Customer_C03264,Repeat,Agra,56.2,3,3093.06,4,3,3,433,Loyal
C01126,Customer_C01126,Repeat,Noida,90.0,4,10728.87,3,4,5,345,Loyal
C02060,Customer_C02060,Repeat,Kanpur,49.1,3,911.01,4,3,1,431,Low Engagement
C00179,Customer_C00179,Repeat,Noida,101.1,4,1323.79,2,4,2,242,At Risk
C00305,Customer_C00305,Repeat,Gorakhpur,155.2,2,13112.03,2,2,5,225,At Risk
C01872,Customer_C01872,Repeat,Lucknow,65.4,5,2814.34,3,5,3,353,Loyal
C01301,Customer_C01301,New,Prayagraj,331.1,1,546.95,1,1,1,111,Low Engagement
C01099,Customer_C01099,Repeat,Jaipur,162.3,2,15078.1,2,2,5,225,At Risk
C02347,Customer_C02347,Repeat,Noida,80.4,4,6660.49,3,4,4,344,Loyal
C00647,Customer_C00647,New,Prayagraj,331.1,1,682.57,1,1,1,111,Low Engagement
C02267,Customer_C02267,Repeat,Varanasi,138.0,5,9143.94,2,5,5,255,Loyal
C00774,Customer_C00774,Repeat,Jaipur,24.2,4,9154.02,5,4,5,545,Champions
C03041,Customer_C03041,Repeat,Noida,4.5,4,9509.92,5,4,5,545,Champions
C02134,Customer_C02134,Repeat,Agra,291.1,2,1740.0,1,2,2,122,At Risk
C02296,Customer_C02296,Repeat,Kanpur,4.4,4,1446.14,5,4,2,542,Low Engagement
C01764,Customer_C01764,New,Prayagraj,330.6,1,688.41,1,1,1,111,Low Engagement
C03115,Customer_C03115,Repeat,Lucknow,170.3,2,430.33,2,2,1,221,At Risk
C02024,Customer_C02024,Repeat,Varanasi,78.3,6,13766.77,3,5,5,355,Loyal
C02572,Customer_C02572,Repeat,Gorakhpur,90.2,2,1227.97,3,2,2,322,Low Engagement
C00583,Customer_C00583,New,Lucknow,330.4,1,826.71,1,1,1,111,Low Engagement
C01018,Customer_C01018,Repeat,Kanpur,106.5,4,4991.19,2,4,4,244,Loyal
C02712,Customer_C02712,Repeat,Varanasi,218.4,2,2346.73,1,2,3,123,At Risk
C02634,Customer_C02634,Repeat,Varanasi,48.1,5,3831.77,4,5,4,454,Champions
C02124,Customer_C02124,Repeat,Lucknow,18.4,6,3053.01,5,5,3,553,Loyal
C00461,Customer_C00461,Repeat,Lucknow,140.2,2,1082.55,2,2,2,222,At Risk
C00937,Customer_C00937,Repeat,Kanpur,218.2,3,1381.94,1,3,2,132,At Risk
C03095,Customer_C03095,Repeat,Noida,212.1,3,1784.73,1,3,2,132,At Risk
C01476,Customer_C01476,Repeat,Kanpur,15.4,5,2934.19,5,5,3,553,Loyal
C01298,Customer_C01298,Repeat,Noida,148.1,4,3275.38,2,4,3,243,Loyal
C02642,Customer_C02642,Repeat,Gorakhpur,40.1,5,24782.17,4,5,5,455,Champions
C01110,Customer_C01110,Repeat,Prayagraj,57.0,2,6048.63,3,2,4,324,Low Engagement
C01797,Customer_C01797,Repeat,Lucknow,31.3,5,3936.5,4,5,4,454,Champions
C01419,Customer_C01419,Repeat,Noida,130.1,3,6786.69,2,3,4,234,Loyal
C02580,Customer_C02580,Repeat,Varanasi,24.2,3,3335.65,5,3,3,533,Loyal
C02160,Customer_C02160,Repeat,Kanpur,94.2,5,2888.12,3,5,3,353,Loyal
C01328,Customer_C01328,Repeat,Prayagraj,56.0,5,12711.98,4,5,5,455,Champions
C00107,Customer_C00107,Repeat,Noida,61.1,6,24069.75,3,5,5,355,Loyal
C03281,Customer_C03281,Repeat,Kanpur,225.2,2,2665.77,1,2,3,123,At Risk
C01442,Customer_C01442,Repeat,Jaipur,142.2,5,3319.14,2,5,3,253,Loyal
C01952,Customer_C01952,Repeat,Lucknow,15.1,9,32252.61,5,5,5,555,Champions
C01320,Customer_C01320,Repeat,Agra,251.1,5,4394.14,1,5,4,154,Loyal
C02457,Customer_C02457,Repeat,Lucknow,215.1,2,3194.46,1,2,3,123,At Risk
C02869,Customer_C02869,Repeat,Lucknow,110.1,3,3801.26,2,3,4,234,Loyal
C03205,Customer_C03205,Repeat,Varanasi,204.1,3,3885.33,1,3,4,134,Loyal
C02905,Customer_C02905,Repeat,Prayagraj,76.0,4,1910.49,3,4,2,342,Low Engagement
C01970,Customer_C01970,Repeat,Noida,94.4,4,6506.64,3,4,4,344,Loyal
C01609,Customer_C01609,Repeat,Jaipur,51.3,7,7754.19,4,5,5,455,Champions
C02341,Customer_C02341,Repeat,Noida,138.1,4,1186.49,2,4,2,242,At Risk
C00026,Customer_C00026,Repeat,Noida,48.1,4,8219.65,4,4,5,445,Champions
C01455,Customer_C01455,Repeat,Prayagraj,135.2,3,1186.8,2,3,2,232,At Risk
C00602,Customer_C00602,Repeat,Lucknow,36.1,3,1548.83,4,3,2,432,Low Engagement
C00350,Customer_C00350,Repeat,Agra,26.0,3,2654.74,4,3,3,433,Loyal
C03201,Customer_C03201,Repeat,Kanpur,48.0,4,13455.65,4,4,5,445,Champions
C01578,Customer_C01578,Repeat,Prayagraj,128.1,3,2753.5,2,3,3,233,Loyal
C03202,Customer_C03202,Repeat,Gorakhpur,36.0,2,9346.32,4,2,5,425,Potential Loyalists
C02044,Customer_C02044,Repeat,Agra,7.2,3,11166.85,5,3,5,535,Loyal
C01101,Customer_C01101,Repeat,Kanpur,33.1,4,25880.69,4,4,5,445,Champions
C00736,Customer_C00736,Repeat,Lucknow,152.3,2,2220.73,2,2,3,223,At Risk
C02433,Customer_C02433,New,Delhi,328.5,1,2835.81,1,1,3,113,Low Engagement
C00903,Customer_C00903,Repeat,Noida,93.2,4,1543.69,3,4,2,342,Low Engagement
C01819,Customer_C01819,Repeat,Gorakhpur,37.1,4,3049.29,4,4,3,443,Loyal
C00198,Customer_C00198,Repeat,Lucknow,10.1,3,1906.19,5,3,2,532,Low Engagement
C00534,Customer_C00534,New,Agra,328.3,1,508.78,1,1,1,111,Low Engagement
C02978,Customer_C02978,Repeat,Prayagraj,53.2,6,5431.43,4,5,4,454,Champions
C02942,Customer_C02942,Repeat,Lucknow,13.1,6,2899.8,5,5,3,553,Loyal
C03330,Customer_C03330,Repeat,Prayagraj,37.5,2,1590.32,4,2,2,422,Potential Loyalists
C03081,Customer_C03081,Repeat,Lucknow,208.1,2,1641.75,1,2,2,122,At Risk
C02954,Customer_C02954,Repeat,Lucknow,10.1,3,696.48,5,3,1,531,Low Engagement
C01321,Customer_C01321,Repeat,Kanpur,35.1,3,4749.9,4,3,4,434,Loyal
C01820,Customer_C01820,Repeat,Gorakhpur,54.2,5,3054.65,4,5,3,453,Loyal
C00260,Customer_C00260,Repeat,Lucknow,45.1,3,6868.53,4,3,4,434,Loyal
C02648,Customer_C02648,Repeat,Lucknow,98.1,3,7342.41,3,3,5,335,Loyal
C00764,Customer_C00764,Repeat,Patna,171.2,5,3134.68,2,5,3,253,Loyal
C02184,Customer_C02184,Repeat,Lucknow,2.1,5,2437.95,5,5,3,553,Loyal
C01155,Customer_C01155,Repeat,Patna,37.0,6,4407.57,4,5,4,454,Champions
C00554,Customer_C00554,Repeat,Jaipur,56.1,4,3569.84,4,4,3,443,Loyal
C01802,Customer_C01802,Repeat,Jaipur,24.0,7,5770.01,5,5,4,554,Champions
C02201,Customer_C02201,Repeat,Varanasi,65.1,4,5694.1,3,4,4,344,Loyal
C01808,Customer_C01808,New,Prayagraj,328.0,1,80.0,1,1,1,111,Low Engagement
C03221,Customer_C03221,Repeat,Noida,48.4,6,2898.93,4,5,3,453,Loyal
C00478,Customer_C00478,Repeat,Lucknow,37.1,3,1500.59,4,3,2,432,Low Engagement
C01964,Customer_C01964,New,Prayagraj,327.5,1,172.51,1,1,1,111,Low Engagement
C03417,Customer_C03417,Repeat,Lucknow,74.1,4,3405.77,3,4,3,343,Loyal
C03497,Customer_C03497,Repeat,Gorakhpur,203.1,3,3716.01,1,3,3,133,Loyal
C03057,Customer_C03057,Repeat,Kanpur,1.1,2,1388.53,5,2,2,522,Potential Loyalists
C02809,Customer_C02809,Repeat,Prayagraj,241.0,2,1056.86,1,2,2,122,At Risk
C01277,Customer_C01277,Repeat,Noida,176.1,3,1861.31,1,3,2,132,At Risk
C03308,Customer_C03308,Repeat,Prayagraj,35.3,5,2433.15,4,5,3,453,Loyal
C00153,Customer_C00153,Repeat,Prayagraj,279.1,3,2975.74,1,3,3,133,Loyal
C00683,Customer_C00683,New,Jaipur,327.2,1,448.0,1,1,1,111,Low Engagement
C02078,Customer_C02078,Repeat,Jaipur,143.1,4,14580.24,2,4,5,245,Loyal
C00731,Customer_C00731,Repeat,Varanasi,192.0,3,6223.12,1,3,4,134,Loyal
C02825,Customer_C02825,Repeat,Kanpur,122.3,5,32676.82,2,5,5,255,Loyal
C00129,Customer_C00129,Repeat,Kanpur,209.1,2,8550.96,1,2,5,125,At Risk
C02753,Customer_C02753,Repeat,Lucknow,43.0,3,1376.07,4,3,2,432,Low Engagement
C00164,Customer_C00164,New,Noida,327.1,1,210.0,1,1,1,111,Low Engagement
C03030,Customer_C03030,Repeat,Kanpur,96.1,5,2507.91,3,5,3,353,Loyal
C01515,Customer_C01515,Repeat,Prayagraj,70.1,3,5152.35,3,3,4,334,Loyal
C02874,Customer_C02874,Repeat,Gorakhpur,158.2,2,2026.99,2,2,2,222,At Risk
C01278,Customer_C01278,Repeat,Lucknow,32.1,4,12717.43,4,4,5,445,Champions
C02908,Customer_C02908,Repeat,Prayagraj,0.1,2,2591.2,5,2,3,523,Potential Loyalists
C02735,Customer_C02735,Repeat,Jaipur,48.2,2,16071.02,4,2,5,425,Potential Loyalists
C03454,Customer_C03454,Repeat,Prayagraj,68.2,3,4789.13,3,3,4,334,Loyal
C02486,Customer_C02486,Repeat,Lucknow,103.1,2,752.14,2,2,1,221,At Risk
C01602,Customer_C01602,Repeat,Jaipur,174.1,3,7073.72,1,3,4,134,Loyal
C02159,Customer_C02159,Repeat,Noida,68.1,2,580.38,3,2,1,321,Low Engagement
C03373,Customer_C03373,Repeat,Prayagraj,18.4,7,14163.54,5,5,5,555,Champions
C01219,Customer_C01219,New,Prayagraj,326.1,1,1399.2,1,1,2,112,Low Engagement
C02936,Customer_C02936,Repeat,Kanpur,92.1,3,1095.17,3,3,2,332,Low Engagement
C02635,Customer_C02635,New,Gorakhpur,326.1,1,8697.0,1,1,5,115,Low Engagement
C01870,Customer_C01870,Repeat,Delhi,112.3,7,7054.12,2,5,4,254,Loyal
C02736,Customer_C02736,Repeat,Noida,144.2,3,15668.86,2,3,5,235,Loyal
C01648,Customer_C01648,Repeat,Gorakhpur,199.4,3,12318.82,1,3,5,135,Loyal
C01150,Customer_C01150,Repeat,Gorakhpur,26.2,5,11366.72,4,5,5,455,Champions
C01915,Customer_C01915,Repeat,Noida,73.1,2,1057.15,3,2,2,322,Low Engagement
C00358,Customer_C00358,Repeat,Kanpur,62.0,3,13548.29,3,3,5,335,Loyal
C01669,Customer_C01669,Repeat,Jaipur,15.5,4,11480.9,5,4,5,545,Champions
C01408,Customer_C01408,Repeat,Lucknow,183.1,3,6600.61,1,3,4,134,Loyal
C01411,Customer_C01411,New,Varanasi,325.3,1,317.14,1,1,1,111,Low Engagement
C00994,Customer_C00994,Repeat,Noida,86.1,4,7388.47,3,4,5,345,Loyal
C03084,Customer_C03084,Repeat,Lucknow,81.2,2,23040.7,3,2,5,325,Low Engagement
C02114,Customer_C02114,Repeat,Noida,90.0,3,6880.2,3,3,4,334,Loyal
C02566,Customer_C02566,Repeat,Gorakhpur,25.0,5,14241.53,5,5,5,555,Champions
C01162,Customer_C01162,New,Prayagraj,325.2,1,276.61,1,1,1,111,Low Engagement
C01886,Customer_C01886,Repeat,Lucknow,14.4,2,3082.55,5,2,3,523,Potential Loyalists
C01712,Customer_C01712,Repeat,Lucknow,128.1,5,7081.18,2,5,4,254,Loyal
C01832,Customer_C01832,Repeat,Gorakhpur,87.1,4,19171.29,3,4,5,345,Loyal
C01554,Customer_C01554,Repeat,Lucknow,64.0,5,15815.15,3,5,5,355,Loyal
C00342,Customer_C00342,Repeat,Noida,61.3,3,12428.41,3,3,5,335,Loyal
C01718,Customer_C01718,Repeat,Lucknow,112.2,4,16260.49,2,4,5,245,Loyal
C02675,Customer_C02675,Repeat,Noida,0.2,6,16255.37,5,5,5,555,Champions
C00488,Customer_C00488,Repeat,Delhi,87.1,2,3054.41,3,2,3,323,Low Engagement
C00136,Customer_C00136,Repeat,Prayagraj,144.0,4,3652.99,2,4,3,243,Loyal
C01544,Customer_C01544,Repeat,Lucknow,3.2,4,4357.21,5,4,4,544,Champions
C02361,Customer_C02361,New,Lucknow,325.1,1,354.72,1,1,1,111,Low Engagement
C01042,Customer_C01042,Repeat,Noida,133.4,4,5194.03,2,4,4,244,Loyal
C02310,Customer_C02310,Repeat,Gorakhpur,166.1,2,1751.28,2,2,2,222,At Risk
C01588,Customer_C01588,Repeat,Noida,12.4,5,13215.61,5,5,5,555,Champions
C01118,Customer_C01118,Repeat,Noida,84.0,2,772.97,3,2,1,321,Low Engagement
C02319,Customer_C02319,Repeat,Lucknow,117.1,4,1967.3,2,4,2,242,At Risk
C00693,Customer_C00693,Repeat,Lucknow,65.6,2,2436.32,3,2,3,323,Low Engagement
C00157,Customer_C00157,Repeat,Agra,2.2,6,23539.81,5,5,5,555,Champions
C02914,Customer_C02914,Repeat,Prayagraj,2.3,5,4138.82,5,5,4,554,Champions
C00052,Customer_C00052,Repeat,Gorakhpur,113.1,4,9308.65,2,4,5,245,Loyal
C03327,Customer_C03327,Repeat,Kanpur,49.1,3,2934.93,4,3,3,433,Loyal
C01862,Customer_C01862,Repeat,Agra,12.0,5,5455.08,5,5,4,554,Champions
C02836,Customer_C02836,Repeat,Kanpur,35.0,4,4441.93,4,4,4,444,Champions
C01757,Customer_C01757,Repeat,Varanasi,27.2,7,11929.22,4,5,5,455,Champions
C01900,Customer_C01900,Repeat,Lucknow,5.2,4,12011.4,5,4,5,545,Champions
C01432,Customer_C01432,Repeat,Prayagraj,124.3,3,1117.92,2,3,2,232,At Risk
C00160,Customer_C00160,Repeat,Kanpur,180.2,4,3651.44,1,4,3,143,Loyal
C03165,Customer_C03165,New,Delhi,324.1,1,3180.0,1,1,3,113,Low Engagement
C02181,Customer_C02181,Repeat,Prayagraj,219.6,2,6235.48,1,2,4,124,At Risk
C03438,Customer_C03438,Repeat,Prayagraj,117.1,2,1555.94,2,2,2,222,At Risk
C01218,Customer_C01218,New,Varanasi,324.1,1,848.0,1,1,1,111,Low Engagement
C00794,Customer_C00794,Repeat,Lucknow,93.2,4,5167.94,3,4,4,344,Loyal
C00748,Customer_C00748,Repeat,Jaipur,67.0,7,7318.07,3,5,5,355,Loyal
C03399,Customer_C03399,Repeat,Jaipur,118.3,3,1104.06,2,3,2,232,At Risk
C01629,Customer_C01629,Repeat,Kanpur,125.5,3,1637.99,2,3,2,232,At Risk
C01149,Customer_C01149,Repeat,Noida,45.2,4,4752.18,4,4,4,444,Champions
C00017,Customer_C00017,Repeat,Prayagraj,163.1,3,2263.44,2,3,3,233,Loyal
C02214,Customer_C02214,Repeat,Varanasi,285.1,2,3747.15,1,2,4,124,At Risk
C01784,Customer_C01784,Repeat,Noida,119.0,4,17123.86,2,4,5,245,Loyal
C00918,Customer_C00918,Repeat,Kanpur,9.4,5,10909.76,5,5,5,555,Champions
C00229,Customer_C00229,Repeat,Prayagraj,159.2,4,4178.9,2,4,4,244,Loyal
C00879,Customer_C00879,Repeat,Prayagraj,182.0,5,2542.47,1,5,3,153,Loyal
C02465,Customer_C02465,New,Jaipur,323.2,1,128.15,1,1,1,111,Low Engagement
C00054,Customer_C00054,Repeat,Patna,154.4,3,2321.49,2,3,3,233,Loyal
C01643,Customer_C01643,Repeat,Lucknow,191.5,2,422.56,1,2,1,121,At Risk
C01830,Customer_C01830,Repeat,Noida,17.0,5,7172.95,5,5,4,554,Champions
C00819,Customer_C00819,Repeat,Jaipur,22.0,7,14947.94,5,5,5,555,Champions
C03476,Customer_C03476,Repeat,Lucknow,82.1,4,2815.37,3,4,3,343,Loyal
C02878,Customer_C02878,Repeat,Delhi,13.4,4,6414.3,5,4,4,544,Champions
C01072,Customer_C01072,Repeat,Jaipur,213.2,4,3102.42,1,4,3,143,Loyal
C01516,Customer_C01516,New,Prayagraj,323.1,1,1008.79,1,1,1,111,Low Engagement
C02350,Customer_C02350,Repeat,Noida,23.2,4,3029.4,5,4,3,543,Loyal
C02009,Customer_C02009,Repeat,Varanasi,255.1,3,1619.54,1,3,2,132,At Risk
C03043,Customer_C03043,Repeat,Prayagraj,173.2,3,2623.19,1,3,3,133,Loyal
C02498,Customer_C02498,Repeat,Lucknow,45.0,4,2277.23,4,4,3,443,Loyal
C01216,Customer_C01216,Repeat,Kanpur,109.0,4,4838.12,2,4,4,244,Loyal
C02500,Customer_C02500,Repeat,Gorakhpur,55.1,2,1510.27,4,2,2,422,Potential Loyalists
C00093,Customer_C00093,Repeat,Agra,3.2,3,2268.08,5,3,3,533,Loyal
C01452,Customer_C01452,Repeat,Prayagraj,317.0,2,615.95,1,2,1,121,At Risk
C00580,Customer_C00580,Repeat,Varanasi,112.1,6,12331.63,2,5,5,255,Loyal
C01729,Customer_C01729,Repeat,Prayagraj,93.5,5,6122.27,3,5,4,354,Loyal
C00494,Customer_C00494,Repeat,Prayagraj,57.1,6,6667.66,3,5,4,354,Loyal
C02448,Customer_C02448,Repeat,Agra,37.1,8,9293.23,4,5,5,455,Champions
C02128,Customer_C02128,Repeat,Noida,16.2,5,2875.6,5,5,3,553,Loyal
C01440,Customer_C01440,Repeat,Lucknow,39.4,3,1707.32,4,3,2,432,Low Engagement
C01998,Customer_C01998,Repeat,Gorakhpur,19.2,3,12138.39,5,3,5,535,Loyal
C01794,Customer_C01794,New,Kanpur,322.1,1,663.47,1,1,1,111,Low Engagement
C02204,Customer_C02204,Repeat,Lucknow,66.0,3,3474.52,3,3,3,333,Loyal
C01390,Customer_C01390,Repeat,Varanasi,62.1,4,16534.13,3,4,5,345,Loyal
C01947,Customer_C01947,Repeat,Noida,31.1,4,3169.35,4,4,3,443,Loyal
C02208,Customer_C02208,Repeat,Kanpur,55.2,3,2212.34,4,3,3,433,Loyal
C01448,Customer_C01448,Repeat,Gorakhpur,81.1,7,3922.81,3,5,4,354,Loyal
C01607,Customer_C01607,Repeat,Kanpur,132.5,4,2688.83,2,4,3,243,Loyal
C03124,Customer_C03124,Repeat,Varanasi,38.2,6,4399.48,4,5,4,454,Champions
C00776,Customer_C00776,Repeat,Lucknow,43.2,3,1477.55,4,3,2,432,Low Engagement
C00351,Customer_C00351,Repeat,Lucknow,268.2,2,3458.7,1,2,3,123,At Risk
C01953,Customer_C01953,Repeat,Lucknow,11.1,3,4438.19,5,3,4,534,Loyal
C03100,Customer_C03100,Repeat,Noida,162.2,4,12168.01,2,4,5,245,Loyal
C01165,Customer_C01165,Repeat,Prayagraj,49.5,4,3168.52,4,4,3,443,Loyal
C03359,Customer_C03359,Repeat,Agra,120.3,5,17226.63,2,5,5,255,Loyal
C01211,Customer_C01211,Repeat,Prayagraj,59.1,6,20283.53,3,5,5,355,Loyal
C02496,Customer_C02496,Repeat,Noida,0.0,7,3716.79,5,5,3,553,Loyal
C02582,Customer_C02582,Repeat,Lucknow,105.1,3,1104.21,2,3,2,232,At Risk
C02943,Customer_C02943,Repeat,Kanpur,7.4,4,6228.76,5,4,4,544,Champions
C02748,Customer_C02748,New,Noida,321.1,1,493.7,1,1,1,111,Low Engagement
C01143,Customer_C01143,Repeat,Prayagraj,121.0,4,8993.43,2,4,5,245,Loyal
C01447,Customer_C01447,Repeat,Lucknow,2.1,5,10977.05,5,5,5,555,Champions
C02040,Customer_C02040,Repeat,Prayagraj,24.2,4,1149.92,5,4,2,542,Low Engagement
C03488,Customer_C03488,Repeat,Noida,223.4,3,3104.43,1,3,3,133,Loyal
C02799,Customer_C02799,Repeat,Varanasi,122.2,3,13166.92,2,3,5,235,Loyal
C00968,Customer_C00968,Repeat,Kanpur,37.1,7,11212.29,4,5,5,455,Champions
C02253,Customer_C02253,Repeat,Prayagraj,223.1,3,994.53,1,3,1,131,At Risk
C02798,Customer_C02798,Repeat,Jaipur,11.5,3,2553.18,5,3,3,533,Loyal
C00178,Customer_C00178,Repeat,Noida,213.6,2,1448.16,1,2,2,122,At Risk
C01391,Customer_C01391,Repeat,Kanpur,235.2,2,683.92,1,2,1,121,At Risk
C00510,Customer_C00510,Repeat,Varanasi,150.5,5,10233.66,2,5,5,255,Loyal
C03040,Customer_C03040,Repeat,Gorakhpur,41.1,3,4195.59,4,3,4,434,Loyal
C00793,Customer_C00793,New,Lucknow,321.0,1,178.33,1,1,1,111,Low Engagement
C01950,Customer_C01950,Repeat,Lucknow,47.1,3,15130.95,4,3,5,435,Loyal
C01366,Customer_C01366,Repeat,Lucknow,25.1,4,1048.68,5,4,2,542,Low Engagement
C01558,Customer_C01558,Repeat,Kanpur,60.2,3,1547.7,3,3,2,332,Low Engagement
C00949,Customer_C00949,Repeat,Jaipur,148.1,4,16282.38,2,4,5,245,Loyal
C01049,Customer_C01049,Repeat,Prayagraj,145.1,5,21744.75,2,5,5,255,Loyal
C00565,Customer_C00565,Repeat,Prayagraj,233.6,2,7891.74,1,2,5,125,At Risk
C01551,Customer_C01551,Repeat,Prayagraj,131.3,4,3114.95,2,4,3,243,Loyal
C01985,Customer_C01985,Repeat,Kanpur,41.6,4,5592.79,4,4,4,444,Champions
C02962,Customer_C02962,Repeat,Lucknow,50.0,3,14702.71,4,3,5,435,Loyal
C01758,Customer_C01758,Repeat,Kanpur,11.1,3,1805.58,5,3,2,532,Low Engagement
C02745,Customer_C02745,Repeat,Prayagraj,142.2,2,1811.64,2,2,2,222,At Risk
C02268,Customer_C02268,Repeat,Kanpur,204.1,2,1715.01,1,2,2,122,At Risk
C03064,Customer_C03064,Repeat,Agra,46.0,6,24718.05,4,5,5,455,Champions
C02403,Customer_C02403,Repeat,Gorakhpur,39.2,3,12904.33,4,3,5,435,Loyal
C02059,Customer_C02059,Repeat,Kanpur,121.3,2,6028.91,2,2,4,224,At Risk
C03492,Customer_C03492,Repeat,Patna,77.5,2,2810.94,3,2,3,323,Low Engagement
C01008,Customer_C01008,Repeat,Noida,240.5,2,2239.12,1,2,3,123,At Risk
C03178,Customer_C03178,Repeat,Lucknow,23.3,5,5616.9,5,5,4,554,Champions
C02152,Customer_C02152,Repeat,Varanasi,112.1,4,2971.76,2,4,3,243,Loyal
C02677,Customer_C02677,Repeat,Prayagraj,20.1,5,5099.53,5,5,4,554,Champions
C00544,Customer_C00544,Repeat,Jaipur,45.1,4,2001.28,4,4,2,442,Low Engagement
C00239,Customer_C00239,Repeat,Kanpur,78.0,6,14549.22,3,5,5,355,Loyal
C02681,Customer_C02681,Repeat,Jaipur,4.3,5,12420.19,5,5,5,555,Champions
C01530,Customer_C01530,Repeat,Kanpur,105.1,5,6321.06,2,5,4,254,Loyal
C02142,Customer_C02142,Repeat,Noida,73.2,4,10549.19,3,4,5,345,Loyal
C02485,Customer_C02485,Repeat,Lucknow,8.1,4,5516.22,5,4,4,544,Champions
C02922,Customer_C02922,New,Lucknow,319.5,1,16500.0,1,1,5,115,Low Engagement
C02866,Customer_C02866,Repeat,Prayagraj,27.0,5,11909.65,4,5,5,455,Champions
C00646,Customer_C00646,Repeat,Kanpur,143.5,2,1993.86,2,2,2,222,At Risk
C01556,Customer_C01556,Repeat,Jaipur,130.1,3,2221.1,2,3,3,233,Loyal
C03225,Customer_C03225,Repeat,Gorakhpur,46.2,3,7672.95,4,3,5,435,Loyal
C00514,Customer_C00514,Repeat,Lucknow,34.2,3,7005.11,4,3,4,434,Loyal
C02233,Customer_C02233,Repeat,Agra,13.2,3,3025.25,5,3,3,533,Loyal
C00945,Customer_C00945,Repeat,Gorakhpur,229.2,2,1601.0,1,2,2,122,At Risk
C03232,Customer_C03232,Repeat,Agra,117.4,5,6974.3,2,5,4,254,Loyal
C02330,Customer_C02330,Repeat,Agra,136.6,5,4455.09,2,5,4,254,Loyal
C03325,Customer_C03325,Repeat,Noida,16.2,7,7811.55,5,5,5,555,Champions
C00213,Customer_C00213,Repeat,Lucknow,158.2,4,9121.24,2,4,5,245,Loyal
C03368,Customer_C03368,Repeat,Kanpur,15.0,5,2933.35,5,5,3,553,Loyal
C00601,Customer_C00601,Repeat,Varanasi,21.1,4,888.04,5,4,1,541,Low Engagement
C02968,Customer_C02968,Repeat,Noida,82.2,2,1231.71,3,2,2,322,Low Engagement
C00887,Customer_C00887,Repeat,Lucknow,56.2,5,2138.39,4,5,2,452,Low Engagement
C02158,Customer_C02158,Repeat,Lucknow,241.1,3,1929.27,1,3,2,132,At Risk
C01798,Customer_C01798,Repeat,Noida,17.0,4,2451.34,5,4,3,543,Loyal
C02458,Customer_C02458,Repeat,Gorakhpur,122.1,3,2529.41,2,3,3,233,Loyal
C03456,Customer_C03456,Repeat,Noida,55.2,3,8691.24,4,3,5,435,Loyal
C00058,Customer_C00058,Repeat,Lucknow,170.1,4,17105.42,2,4,5,245,Loyal
C01070,Customer_C01070,Repeat,Noida,208.0,4,17067.6,1,4,5,145,Loyal
C03176,Customer_C03176,New,Lucknow,319.0,1,2431.11,1,1,3,113,Low Engagement
C00522,Customer_C00522,Repeat,Noida,38.0,5,2978.41,4,5,3,453,Loyal
C00442,Customer_C00442,Repeat,Lucknow,50.0,4,11582.18,4,4,5,445,Champions
C00806,Customer_C00806,Repeat,Varanasi,60.1,3,17912.99,3,3,5,335,Loyal
C02987,Customer_C02987,Repeat,Kanpur,42.3,3,4666.45,4,3,4,434,Loyal
C00424,Customer_C00424,Repeat,Lucknow,83.2,4,2995.12,3,4,3,343,Loyal
C01509,Customer_C01509,Repeat,Lucknow,102.2,3,1657.63,2,3,2,232,At Risk
C00267,Customer_C00267,Repeat,Lucknow,83.2,6,6787.03,3,5,4,354,Loyal
C02699,Customer_C02699,New,Kanpur,318.2,1,1693.01,1,1,2,112,Low Engagement
C03032,Customer_C03032,Repeat,Agra,173.1,3,2272.31,1,3,3,133,Loyal
C00822,Customer_C00822,Repeat,Lucknow,231.1,2,1065.34,1,2,2,122,At Risk
C00005,Customer_C00005,Repeat,Gorakhpur,133.1,3,7448.06,2,3,5,235,Loyal
C00377,Customer_C00377,Repeat,Kanpur,4.1,6,3605.42,5,5,3,553,Loyal
C00530,Customer_C00530,Repeat,Noida,54.0,4,2544.93,4,4,3,443,Loyal
C00670,Customer_C00670,Repeat,Varanasi,47.2,4,3849.88,4,4,4,444,Champions
C01647,Customer_C01647,Repeat,Varanasi,84.0,4,1932.18,3,4,2,342,Low Engagement
C00802,Customer_C00802,Repeat,Lucknow,305.0,2,1357.8,1,2,2,122,At Risk
C02984,Customer_C02984,Repeat,Kanpur,14.0,3,1693.54,5,3,2,532,Low Engagement
C00459,Customer_C00459,Repeat,Agra,25.0,6,8321.72,5,5,5,555,Champions
C02851,Customer_C02851,Repeat,Jaipur,18.2,6,11264.94,5,5,5,555,Champions
C00834,Customer_C00834,Repeat,Gorakhpur,305.5,2,11806.3,1,2,5,125,At Risk
C00936,Customer_C00936,Repeat,Agra,136.1,2,2135.95,2,2,2,222,At Risk
C00744,Customer_C00744,New,Noida,317.4,1,858.93,1,1,1,111,Low Engagement
C00124,Customer_C00124,Repeat,Prayagraj,62.1,6,4696.79,3,5,4,354,Loyal
C00446,Customer_C00446,Repeat,Jaipur,143.1,4,8136.98,2,4,5,245,Loyal
C01604,Customer_C01604,Repeat,Prayagraj,286.0,2,690.37,1,2,1,121,At Risk
C00402,Customer_C00402,Repeat,Gorakhpur,38.2,3,2532.56,4,3,3,433,Loyal
C02763,Customer_C02763,Repeat,Kanpur,73.1,3,4755.49,3,3,4,334,Loyal
C03329,Customer_C03329,Repeat,Prayagraj,316.2,2,2238.22,1,2,3,123,At Risk
C02126,Customer_C02126,Repeat,Prayagraj,14.2,5,6756.79,5,5,4,554,Champions
C02286,Customer_C02286,Repeat,Kanpur,204.2,4,6255.33,1,4,4,144,Loyal
C02299,Customer_C02299,Repeat,Agra,64.1,4,4074.74,3,4,4,344,Loyal
C00630,Customer_C00630,Repeat,Jaipur,116.1,3,2433.6,2,3,3,233,Loyal
C01189,Customer_C01189,Repeat,Kanpur,14.1,4,837.67,5,4,1,541,Low Engagement
C00760,Customer_C00760,Repeat,Lucknow,23.3,9,7334.78,5,5,5,555,Champions
C00955,Customer_C00955,Repeat,Kanpur,277.1,2,18368.68,1,2,5,125,At Risk
C03484,Customer_C03484,Repeat,Noida,54.0,5,5333.46,4,5,4,454,Champions
C00345,Customer_C00345,Repeat,Prayagraj,68.0,3,16475.72,3,3,5,335,Loyal
C01750,Customer_C01750,Repeat,Agra,152.1,4,12311.86,2,4,5,245,Loyal
C02904,Customer_C02904,Repeat,Lucknow,118.0,4,2451.39,2,4,3,243,Loyal
C01506,Customer_C01506,Repeat,Noida,93.2,3,2726.14,3,3,3,333,Loyal
C00143,Customer_C00143,Repeat,Lucknow,26.1,5,2611.65,4,5,3,453,Loyal
C00882,Customer_C00882,Repeat,Kanpur,195.1,3,2377.27,1,3,3,133,Loyal
C01040,Customer_C01040,Repeat,Kanpur,183.1,2,918.38,1,2,1,121,At Risk
C00916,Customer_C00916,Repeat,Lucknow,98.0,2,1167.05,3,2,2,322,Low Engagement
C02226,Customer_C02226,Repeat,Jaipur,130.5,2,842.94,2,2,1,221,At Risk
C01716,Customer_C01716,Repeat,Lucknow,158.0,2,853.04,2,2,1,221,At Risk
C01176,Customer_C01176,Repeat,Kanpur,85.0,5,3318.46,3,5,3,353,Loyal
C01434,Customer_C01434,Repeat,Lucknow,125.1,4,3113.38,2,4,3,243,Loyal
C01402,Customer_C01402,Repeat,Noida,52.0,2,4289.24,4,2,4,424,Potential Loyalists
C00264,Customer_C00264,Repeat,Lucknow,16.3,5,17821.11,5,5,5,555,Champions
C02419,Customer_C02419,Repeat,Lucknow,83.2,3,3560.42,3,3,3,333,Loyal
C00509,Customer_C00509,Repeat,Kanpur,48.2,2,2181.88,4,2,2,422,Potential Loyalists
C02043,Customer_C02043,Repeat,Noida,2.1,2,7490.89,5,2,5,525,Potential Loyalists
C02323,Customer_C02323,Repeat,Gorakhpur,10.4,5,12021.11,5,5,5,555,Champions
C03036,Customer_C03036,Repeat,Kanpur,106.1,3,2247.79,2,3,3,233,Loyal
C01762,Customer_C01762,Repeat,Lucknow,17.0,4,2029.31,5,4,2,542,Low Engagement
C02431,Customer_C02431,Repeat,Patna,77.1,6,4913.92,3,5,4,354,Loyal
C03162,Customer_C03162,Repeat,Lucknow,137.0,2,825.09,2,2,1,221,At Risk
C01752,Customer_C01752,Repeat,Gorakhpur,35.3,3,13538.56,4,3,5,435,Loyal
C02924,Customer_C02924,Repeat,Lucknow,22.0,3,1970.83,5,3,2,532,Low Engagement
C01091,Customer_C01091,Repeat,Agra,30.6,6,4771.92,4,5,4,454,Champions
C02542,Customer_C02542,Repeat,Lucknow,122.2,2,1006.36,2,2,1,221,At Risk
C01812,Customer_C01812,Repeat,Jaipur,90.0,2,8130.83,3,2,5,325,Low Engagement
C00413,Customer_C00413,Repeat,Lucknow,74.1,4,3346.32,3,4,3,343,Loyal
C02104,Customer_C02104,Repeat,Patna,109.2,5,6315.97,2,5,4,254,Loyal
C00155,Customer_C00155,Repeat,Gorakhpur,32.1,6,7568.35,4,5,5,455,Champions
C03008,Customer_C03008,Repeat,Gorakhpur,181.2,3,2870.81,1,3,3,133,Loyal
C01918,Customer_C01918,Repeat,Prayagraj,11.0,3,2194.28,5,3,2,532,Low Engagement
C01300,Customer_C01300,Repeat,Agra,113.0,6,14672.81,2,5,5,255,Loyal
C02706,Customer_C02706,New,Jaipur,315.2,1,413.29,1,1,1,111,Low Engagement
C01179,Customer_C01179,Repeat,Lucknow,107.2,2,2903.89,2,2,3,223,At Risk
C00387,Customer_C00387,Repeat,Gorakhpur,72.1,3,1451.42,3,3,2,332,Low Engagement
C02697,Customer_C02697,Repeat,Gorakhpur,12.2,5,6491.93,5,5,4,554,Champions
C00663,Customer_C00663,Repeat,Kanpur,21.0,5,5600.86,5,5,4,554,Champions
C03194,Customer_C03194,New,Jaipur,315.1,1,222.81,1,1,1,111,Low Engagement
C03087,Customer_C03087,Repeat,Prayagraj,8.1,2,5848.71,5,2,4,524,Potential Loyalists
C02844,Customer_C02844,Repeat,Varanasi,108.5,3,3824.84,2,3,4,234,Loyal
C01357,Customer_C01357,Repeat,Varanasi,108.2,4,3372.29,2,4,3,243,Loyal
C03440,Customer_C03440,Repeat,Kanpur,153.0,5,5274.88,2,5,4,254,Loyal
C01581,Customer_C01581,Repeat,Noida,19.6,2,910.17,5,2,1,521,Low Engagement
C02020,Customer_C02020,Repeat,Lucknow,290.2,2,1011.48,1,2,1,121,At Risk
C00538,Customer_C00538,New,Lucknow,315.0,1,132.5,1,1,1,111,Low Engagement
C01703,Customer_C01703,Repeat,Gorakhpur,49.0,4,14150.16,4,4,5,445,Champions
C01222,Customer_C01222,Repeat,Prayagraj,105.1,5,3171.99,2,5,3,253,Loyal
C01997,Customer_C01997,Repeat,Kanpur,45.1,4,13108.67,4,4,5,445,Champions
C00893,Customer_C00893,Repeat,Patna,126.3,2,1305.69,2,2,2,222,At Risk
C00810,Customer_C00810,Repeat,Lucknow,88.1,4,2818.7,3,4,3,343,Loyal
C03182,Customer_C03182,Repeat,Agra,192.3,2,1471.1,1,2,2,122,At Risk
C01020,Customer_C01020,Repeat,Noida,171.0,3,6623.42,2,3,4,234,Loyal
C00992,Customer_C00992,Repeat,Varanasi,245.2,2,3060.19,1,2,3,123,At Risk
C00428,Customer_C00428,Repeat,Lucknow,94.3,7,10143.1,3,5,5,355,Loyal
C02048,Customer_C02048,Repeat,Agra,153.3,3,1713.54,2,3,2,232,At Risk
C03410,Customer_C03410,Repeat,Varanasi,265.6,2,10055.15,1,2,5,125,At Risk
C03481,Customer_C03481,Repeat,Noida,195.1,3,4859.5,1,3,4,134,Loyal
C01416,Customer_C01416,Repeat,Varanasi,79.4,2,2819.46,3,2,3,323,Low Engagement
C02898,Customer_C02898,Repeat,Jaipur,72.0,3,8432.69,3,3,5,335,Loyal
C02252,Customer_C02252,Repeat,Jaipur,11.2,9,8024.81,5,5,5,555,Champions
C03214,Customer_C03214,Repeat,Lucknow,15.5,5,6877.17,5,5,4,554,Champions
C03021,Customer_C03021,Repeat,Noida,169.3,3,2039.47,2,3,2,232,At Risk
C02304,Customer_C02304,Repeat,Jaipur,255.0,2,2912.02,1,2,3,123,At Risk
C00079,Customer_C00079,Repeat,Prayagraj,136.3,2,2234.33,2,2,3,223,At Risk
C03414,Customer_C03414,Repeat,Noida,105.2,3,2505.25,2,3,3,233,Loyal
C01299,Customer_C01299,Repeat,Gorakhpur,54.1,3,5182.02,4,3,4,434,Loyal
C03027,Customer_C03027,Repeat,Agra,169.1,2,1377.25,2,2,2,222,At Risk
C00296,Customer_C00296,Repeat,Prayagraj,55.1,5,1977.56,4,5,2,452,Low Engagement
C00263,Customer_C00263,Repeat,Noida,55.3,4,8663.05,4,4,5,445,Champions
C02155,Customer_C02155,Repeat,Prayagraj,16.2,5,4087.54,5,5,4,554,Champions
C01945,Customer_C01945,Repeat,Lucknow,5.2,6,22998.91,5,5,5,555,Champions
C02326,Customer_C02326,Repeat,Varanasi,116.4,5,10799.05,2,5,5,255,Loyal
C01788,Customer_C01788,Repeat,Agra,26.5,4,2843.83,4,4,3,443,Loyal
C01383,Customer_C01383,Repeat,Kanpur,130.0,3,2747.16,2,3,3,233,Loyal
C02235,Customer_C02235,Repeat,Lucknow,48.0,3,2418.33,4,3,3,433,Loyal
C01290,Customer_C01290,Repeat,Jaipur,264.5,3,520.99,1,3,1,131,At Risk
C02110,Customer_C02110,Repeat,Agra,28.1,2,496.31,4,2,1,421,Low Engagement
C00513,Customer_C00513,Repeat,Noida,54.2,3,3718.65,4,3,3,433,Loyal
C02783,Customer_C02783,Repeat,Noida,170.0,5,6026.58,2,5,4,254,Loyal
C02340,Customer_C02340,Repeat,Noida,160.0,2,15900.0,2,2,5,225,At Risk
C03274,Customer_C03274,Repeat,Kanpur,62.3,4,5810.39,3,4,4,344,Loyal
C03287,Customer_C03287,New,Lucknow,313.1,1,364.96,1,1,1,111,Low Engagement
C01835,Customer_C01835,New,Prayagraj,313.1,1,239.51,1,1,1,111,Low Engagement
C02117,Customer_C02117,Repeat,Prayagraj,1.5,2,1762.92,5,2,2,522,Potential Loyalists
C01294,Customer_C01294,Repeat,Kanpur,97.2,3,1826.43,3,3,2,332,Low Engagement
C00863,Customer_C00863,Repeat,Varanasi,28.2,4,1428.37,4,4,2,442,Low Engagement
C02834,Customer_C02834,Repeat,Prayagraj,93.1,3,1217.56,3,3,2,332,Low Engagement
C01576,Customer_C01576,Repeat,Jaipur,19.3,6,17145.62,5,5,5,555,Champions
C02185,Customer_C02185,Repeat,Lucknow,179.2,2,1143.66,1,2,2,122,At Risk
C02757,Customer_C02757,Repeat,Kanpur,148.1,3,3514.92,2,3,3,233,Loyal
C00057,Customer_C00057,Repeat,Lucknow,29.4,5,5055.79,4,5,4,454,Champions
C02701,Customer_C02701,New,Varanasi,312.2,1,16500.0,1,1,5,115,Low Engagement
C00472,Customer_C00472,Repeat,Gorakhpur,84.1,3,8659.31,3,3,5,335,Loyal
C00022,Customer_C00022,Repeat,Kanpur,14.1,6,37715.75,5,5,5,555,Champions
C02667,Customer_C02667,Repeat,Jaipur,244.3,2,1036.0,1,2,1,121,At Risk
C01493,Customer_C01493,Repeat,Lucknow,30.3,4,1571.05,4,4,2,442,Low Engagement
C01033,Customer_C01033,New,Agra,312.1,1,325.49,1,1,1,111,Low Engagement
C00035,Customer_C00035,New,Gorakhpur,312.1,1,16500.0,1,1,5,115,Low Engagement
C03265,Customer_C03265,Repeat,Kanpur,19.3,3,1770.27,5,3,2,532,Low Engagement
C00363,Customer_C00363,Repeat,Noida,15.5,6,7469.69,5,5,5,555,Champions
C01907,Customer_C01907,Repeat,Agra,75.1,4,2582.15,3,4,3,343,Loyal
C02161,Customer_C02161,Repeat,Kanpur,28.1,4,8677.32,4,4,5,445,Champions
C00623,Customer_C00623,Repeat,Lucknow,218.1,2,2061.89,1,2,2,122,At Risk
C02568,Customer_C02568,Repeat,Gorakhpur,53.2,3,5681.46,4,3,4,434,Loyal
C02883,Customer_C02883,Repeat,Lucknow,38.1,4,2099.41,4,4,2,442,Low Engagement
C00072,Customer_C00072,Repeat,Lucknow,92.4,6,22373.32,3,5,5,355,Loyal
C02322,Customer_C02322,Repeat,Agra,23.6,3,7302.63,5,3,4,534,Loyal
C03066,Customer_C03066,Repeat,Kanpur,81.4,5,4886.09,3,5,4,354,Loyal
C02150,Customer_C02150,Repeat,Jaipur,16.2,7,6840.56,5,5,4,554,Champions
C02026,Customer_C02026,Repeat,Varanasi,38.1,3,5601.74,4,3,4,434,Loyal
C02882,Customer_C02882,Repeat,Patna,22.1,3,3041.07,5,3,3,533,Loyal
C01397,Customer_C01397,Repeat,Lucknow,87.4,5,8305.86,3,5,5,355,Loyal
C00418,Customer_C00418,Repeat,Noida,104.1,2,655.19,2,2,1,221,At Risk
C00624,Customer_C00624,Repeat,Kanpur,6.0,3,2174.6,5,3,2,532,Low Engagement
C02256,Customer_C02256,Repeat,Prayagraj,7.4,4,22325.45,5,4,5,545,Champions
C00309,Customer_C00309,Repeat,Noida,192.1,4,1162.38,1,4,2,142,At Risk
C00548,Customer_C00548,Repeat,Jaipur,29.2,3,26934.81,4,3,5,435,Loyal
C03051,Customer_C03051,Repeat,Lucknow,3.1,5,3998.69,5,5,4,554,Champions
C01627,Customer_C01627,Repeat,Prayagraj,58.1,3,1491.92,3,3,2,332,Low Engagement
C02240,Customer_C02240,Repeat,Jaipur,4.1,2,2091.72,5,2,2,522,Potential Loyalists
C01478,Customer_C01478,Repeat,Prayagraj,267.2,2,4831.84,1,2,4,124,At Risk
C02972,Customer_C02972,Repeat,Prayagraj,50.1,3,2931.41,4,3,3,433,Loyal
C03412,Customer_C03412,Repeat,Jaipur,74.1,4,703.49,3,4,1,341,Low Engagement
C02608,Customer_C02608,Repeat,Agra,7.2,3,3853.56,5,3,4,534,Loyal
C01914,Customer_C01914,Repeat,Prayagraj,83.1,4,2989.19,3,4,3,343,Loyal
C01102,Customer_C01102,Repeat,Lucknow,73.0,3,817.41,3,3,1,331,Low Engagement
C02694,Customer_C02694,Repeat,Prayagraj,23.2,9,6972.51,5,5,4,554,Champions
C03168,Customer_C03168,Repeat,Lucknow,192.0,2,2163.16,1,2,2,122,At Risk
C02600,Customer_C02600,Repeat,Prayagraj,60.1,4,7258.47,3,4,4,344,Loyal
C01867,Customer_C01867,Repeat,Lucknow,84.3,3,2694.81,3,3,3,333,Loyal
C00199,Customer_C00199,Repeat,Lucknow,2.2,7,13586.27,5,5,5,555,Champions
C01319,Customer_C01319,Repeat,Patna,72.1,5,3781.64,3,5,4,354,Loyal
C00237,Customer_C00237,Repeat,Lucknow,6.4,7,14712.61,5,5,5,555,Champions
C00122,Customer_C00122,Repeat,Noida,130.2,4,2387.7,2,4,3,243,Loyal
C00013,Customer_C00013,Repeat,Prayagraj,71.4,5,2868.54,3,5,3,353,Loyal
C01001,Customer_C01001,Repeat,Varanasi,31.2,4,1525.64,4,4,2,442,Low Engagement
C03379,Customer_C03379,Repeat,Lucknow,16.1,4,3308.92,5,4,3,543,Loyal
C00894,Customer_C00894,Repeat,Lucknow,130.0,2,1276.95,2,2,2,222,At Risk
C00109,Customer_C00109,Repeat,Lucknow,121.3,3,2340.49,2,3,3,233,Loyal
C00982,Customer_C00982,Repeat,Lucknow,31.2,3,10690.25,4,3,5,435,Loyal
C02215,Customer_C02215,Repeat,Lucknow,295.2,2,1044.24,1,2,2,122,At Risk
C01188,Customer_C01188,Repeat,Varanasi,117.1,2,2568.47,2,2,3,223,At Risk
C02857,Customer_C02857,Repeat,Agra,36.2,5,6564.63,4,5,4,454,Champions
C02429,Customer_C02429,Repeat,Lucknow,26.3,4,13525.64,4,4,5,445,Champions
C01783,Customer_C01783,Repeat,Prayagraj,28.1,6,19350.47,4,5,5,455,Champions
C00162,Customer_C00162,New,Lucknow,310.0,1,427.62,1,1,1,111,Low Engagement
C00608,Customer_C00608,Repeat,Noida,9.3,3,1351.42,5,3,2,532,Low Engagement
C03211,Customer_C03211,Repeat,Varanasi,117.4,3,609.52,2,3,1,231,At Risk
C01563,Customer_C01563,Repeat,Agra,4.0,2,3210.86,5,2,3,523,Potential Loyalists
C00784,Customer_C00784,Repeat,Prayagraj,17.2,2,3452.16,5,2,3,523,Potential Loyalists
C01546,Customer_C01546,New,Kanpur,309.3,1,529.65,1,1,1,111,Low Engagement
C00661,Customer_C00661,Repeat,Gorakhpur,99.4,2,1398.64,2,2,2,222,At Risk
C02561,Customer_C02561,Repeat,Lucknow,35.1,4,6422.05,4,4,4,444,Champions
C02186,Customer_C02186,New,Kanpur,309.2,1,642.19,1,1,1,111,Low Engagement
C03487,Customer_C03487,Repeat,Noida,250.1,2,2574.08,1,2,3,123,At Risk
C01109,Customer_C01109,New,Lucknow,309.2,1,1823.63,1,1,2,112,Low Engagement
C02853,Customer_C02853,Repeat,Kanpur,147.2,2,1175.21,2,2,2,222,At Risk
C02376,Customer_C02376,Repeat,Gorakhpur,277.1,2,4503.6,1,2,4,124,At Risk
C00235,Customer_C00235,New,Gorakhpur,309.1,1,195.43,1,1,1,111,Low Engagement
C02088,Customer_C02088,Repeat,Prayagraj,175.1,5,4201.56,1,5,4,154,Loyal
C01036,Customer_C01036,Repeat,Noida,212.0,2,620.27,1,2,1,121,At Risk
C03390,Customer_C03390,Repeat,Noida,31.6,4,2634.14,4,4,3,443,Loyal
C00991,Customer_C00991,New,Varanasi,309.1,1,709.29,1,1,1,111,Low Engagement
C00575,Customer_C00575,Repeat,Varanasi,29.3,3,1610.9,4,3,2,432,Low Engagement
C02372,Customer_C02372,Repeat,Lucknow,116.4,2,1587.39,2,2,2,222,At Risk
C01882,Customer_C01882,Repeat,Lucknow,33.5,6,6546.68,4,5,4,454,Champions
C00766,Customer_C00766,Repeat,Kanpur,232.3,2,386.56,1,2,1,121,At Risk
C01279,Customer_C01279,Repeat,Lucknow,27.1,3,20478.75,4,3,5,435,Loyal
C00177,Customer_C00177,Repeat,Kanpur,53.3,5,4339.33,4,5,4,454,Champions
C00323,Customer_C00323,Repeat,Lucknow,51.3,7,5270.3,4,5,4,454,Champions
C02356,Customer_C02356,Repeat,Varanasi,122.2,7,7046.44,2,5,4,254,Loyal
C03212,Customer_C03212,Repeat,Kanpur,276.2,4,11827.88,1,4,5,145,Loyal
C02231,Customer_C02231,Repeat,Varanasi,20.2,4,8230.79,5,4,5,545,Champions
C01702,Customer_C01702,Repeat,Noida,35.1,5,24793.42,4,5,5,455,Champions
C02005,Customer_C02005,Repeat,Lucknow,9.1,4,2672.66,5,4,3,543,Loyal
C02416,Customer_C02416,Repeat,Varanasi,5.5,4,3150.58,5,4,3,543,Loyal
C00259,Customer_C00259,Repeat,Patna,44.0,6,9339.14,4,5,5,455,Champions
C03352,Customer_C03352,Repeat,Kanpur,95.0,3,1260.0,3,3,2,332,Low Engagement
C01014,Customer_C01014,Repeat,Lucknow,135.0,2,2558.22,2,2,3,223,At Risk
C00808,Customer_C00808,Repeat,Jaipur,57.0,6,20068.78,3,5,5,355,Loyal
C03367,Customer_C03367,Repeat,Lucknow,61.2,5,4289.34,3,5,4,354,Loyal
C01572,Customer_C01572,New,Jaipur,308.1,1,900.0,1,1,1,111,Low Engagement
C01247,Customer_C01247,Repeat,Lucknow,5.5,6,27765.97,5,5,5,555,Champions
C03002,Customer_C03002,Repeat,Agra,109.1,4,4396.38,2,4,4,244,Loyal
C00167,Customer_C00167,New,Jaipur,308.1,1,242.89,1,1,1,111,Low Engagement
C03372,Customer_C03372,Repeat,Gorakhpur,4.0,4,15230.88,5,4,5,545,Champions
C00881,Customer_C00881,Repeat,Agra,143.1,3,4121.65,2,3,4,234,Loyal
C03019,Customer_C03019,Repeat,Noida,3.3,5,4759.03,5,5,4,554,Champions
C01524,Customer_C01524,Repeat,Lucknow,239.1,3,1712.88,1,3,2,132,At Risk
C02472,Customer_C02472,Repeat,Noida,98.0,2,2827.19,3,2,3,323,Low Engagement
C00765,Customer_C00765,Repeat,Kanpur,14.0,5,2565.45,5,5,3,553,Loyal
C02467,Customer_C02467,Repeat,Lucknow,78.0,4,5068.42,3,4,4,344,Loyal
C02147,Customer_C02147,New,Prayagraj,307.6,1,824.03,1,1,1,111,Low Engagement
C03147,Customer_C03147,Repeat,Agra,219.1,2,1121.67,1,2,2,122,At Risk
C02190,Customer_C02190,Repeat,Lucknow,237.3,4,15724.34,1,4,5,145,Loyal
C01610,Customer_C01610,New,Lucknow,307.4,1,299.84,1,1,1,111,Low Engagement
C00614,Customer_C00614,Repeat,Lucknow,109.3,2,349.41,2,2,1,221,At Risk
C01392,Customer_C01392,Repeat,Prayagraj,160.0,2,1382.35,2,2,2,222,At Risk
C00993,Customer_C00993,Repeat,Agra,1.2,3,3198.47,5,3,3,533,Loyal
C02913,Customer_C02913,Repeat,Prayagraj,36.0,2,747.6,4,2,1,421,Low Engagement
C02638,Customer_C02638,Repeat,Lucknow,84.0,3,6279.01,3,3,4,334,Loyal
C00838,Customer_C00838,Repeat,Lucknow,21.5,9,15955.53,5,5,5,555,Champions
C02003,Customer_C02003,Repeat,Lucknow,174.1,2,3337.44,1,2,3,123,At Risk
C00521,Customer_C00521,Repeat,Noida,3.0,4,5186.57,5,4,4,544,Champions
C01858,Customer_C01858,New,Prayagraj,307.1,1,333.84,1,1,1,111,Low Engagement
C02696,Customer_C02696,Repeat,Kanpur,53.4,5,25231.03,4,5,5,455,Champions
C01193,Customer_C01193,Repeat,Gorakhpur,61.1,2,3972.21,3,2,4,324,Low Engagement
C00944,Customer_C00944,Repeat,Agra,69.5,2,1451.64,3,2,2,322,Low Engagement
C03157,Customer_C03157,New,Prayagraj,306.5,1,659.34,1,1,1,111,Low Engagement
C02520,Customer_C02520,Repeat,Noida,141.5,2,2538.89,2,2,3,223,At Risk
C01011,Customer_C01011,Repeat,Lucknow,140.6,4,2528.72,2,4,3,243,Loyal
C02758,Customer_C02758,Repeat,Lucknow,83.1,2,413.72,3,2,1,321,Low Engagement
C01252,Customer_C01252,Repeat,Varanasi,12.1,4,7065.43,5,4,4,544,Champions
C00175,Customer_C00175,Repeat,Prayagraj,186.2,2,451.34,1,2,1,121,At Risk
C02949,Customer_C02949,Repeat,Kanpur,214.5,2,2942.83,1,2,3,123,At Risk
C02746,Customer_C02746,Repeat,Noida,78.4,3,3080.0,3,3,3,333,Loyal
C00654,Customer_C00654,Repeat,Gorakhpur,127.2,3,6408.54,2,3,4,234,Loyal
C01923,Customer_C01923,Repeat,Noida,280.3,2,6805.52,1,2,4,124,At Risk
C01062,Customer_C01062,Repeat,Noida,10.2,4,3120.61,5,4,3,543,Loyal
C01268,Customer_C01268,Repeat,Gorakhpur,25.0,3,3826.06,5,3,4,534,Loyal
C00745,Customer_C00745,Repeat,Agra,49.2,4,5173.05,4,4,4,444,Champions
C01067,Customer_C01067,Repeat,Lucknow,11.2,5,17477.37,5,5,5,555,Champions
C00185,Customer_C00185,New,Prayagraj,306.2,1,341.43,1,1,1,111,Low Engagement
C03301,Customer_C03301,Repeat,Prayagraj,127.2,3,3388.02,2,3,3,233,Loyal
C03348,Customer_C03348,Repeat,Lucknow,158.2,4,4628.53,2,4,4,244,Loyal
C01245,Customer_C01245,Repeat,Kanpur,130.1,3,6373.95,2,3,4,234,Loyal
C00574,Customer_C00574,Repeat,Gorakhpur,50.1,4,6181.06,4,4,4,444,Champions
C00741,Customer_C00741,Repeat,Delhi,179.4,3,3013.3,1,3,3,133,Loyal
C00279,Customer_C00279,Repeat,Kanpur,36.3,4,1246.32,4,4,2,442,Low Engagement
C02338,Customer_C02338,Repeat,Lucknow,22.1,2,1367.85,5,2,2,522,Potential Loyalists
C01623,Customer_C01623,Repeat,Lucknow,38.2,5,4394.86,4,5,4,454,Champions
C01047,Customer_C01047,Repeat,Lucknow,117.3,3,1042.99,2,3,2,232,At Risk
C01226,Customer_C01226,Repeat,Varanasi,68.1,3,2273.25,3,3,3,333,Loyal
C02784,Customer_C02784,Repeat,Noida,25.1,4,1483.36,5,4,2,542,Low Engagement
C00980,Customer_C00980,Repeat,Lucknow,15.5,2,2534.17,5,2,3,523,Potential Loyalists
C00212,Customer_C00212,Repeat,Jaipur,138.0,3,4928.82,2,3,4,234,Loyal
C02228,Customer_C02228,Repeat,Jaipur,280.1,2,6542.57,1,2,4,124,At Risk
C02278,Customer_C02278,Repeat,Lucknow,207.1,4,1886.65,1,4,2,142,At Risk
C00526,Customer_C00526,Repeat,Lucknow,139.2,3,1949.0,2,3,2,232,At Risk
C00046,Customer_C00046,Repeat,Noida,243.1,2,1211.95,1,2,2,122,At Risk
C02291,Customer_C02291,Repeat,Noida,22.1,4,1440.18,5,4,2,542,Low Engagement
C00545,Customer_C00545,Repeat,Agra,42.3,6,26356.6,4,5,5,455,Champions
C02599,Customer_C02599,Repeat,Prayagraj,249.3,3,6639.58,1,3,4,134,Loyal
C00962,Customer_C00962,Repeat,Agra,12.4,6,6071.63,5,5,4,554,Champions
C02541,Customer_C02541,Repeat,Lucknow,225.1,2,3046.84,1,2,3,123,At Risk
C02071,Customer_C02071,New,Lucknow,305.1,1,3324.74,1,1,3,113,Low Engagement
C00851,Customer_C00851,New,Prayagraj,305.1,1,88.0,1,1,1,111,Low Engagement
C00966,Customer_C00966,Repeat,Kanpur,132.1,3,1331.72,2,3,2,232,At Risk
C02031,Customer_C02031,Repeat,Noida,127.1,4,2526.14,2,4,3,243,Loyal
C01494,Customer_C01494,Repeat,Lucknow,3.2,5,5236.92,5,5,4,554,Champions
C02982,Customer_C02982,New,Jaipur,305.1,1,207.31,1,1,1,111,Low Engagement
C02063,Customer_C02063,Repeat,Kanpur,97.2,3,934.26,3,3,1,331,Low Engagement
C02307,Customer_C02307,New,Lucknow,305.0,1,14119.22,1,1,5,115,Low Engagement
C00068,Customer_C00068,Repeat,Jaipur,160.1,2,533.99,2,2,1,221,At Risk
C01240,Customer_C01240,Repeat,Jaipur,296.2,2,2021.26,1,2,2,122,At Risk
C00628,Customer_C00628,Repeat,Gorakhpur,29.3,4,3194.84,4,4,3,443,Loyal
C02626,Customer_C02626,Repeat,Lucknow,0.1,7,12690.91,5,5,5,555,Champions
C03421,Customer_C03421,Repeat,Gorakhpur,24.1,4,3494.89,5,4,3,543,Loyal
C00303,Customer_C00303,Repeat,Noida,98.0,3,3083.91,3,3,3,333,Loyal
C01670,Customer_C01670,Repeat,Agra,68.1,4,3282.49,3,4,3,343,Loyal
C02537,Customer_C02537,Repeat,Kanpur,29.2,5,3312.87,4,5,3,453,Loyal
C00170,Customer_C00170,Repeat,Lucknow,59.0,4,1859.49,3,4,2,342,Low Engagement
C01295,Customer_C01295,Repeat,Lucknow,256.5,2,2463.01,1,2,3,123,At Risk
C00061,Customer_C00061,Repeat,Varanasi,11.0,2,1446.27,5,2,2,522,Potential Loyalists
C00884,Customer_C00884,Repeat,Jaipur,65.1,6,3543.64,3,5,3,353,Loyal
C00833,Customer_C00833,Repeat,Lucknow,55.3,3,3992.52,4,3,4,434,Loyal
C00902,Customer_C00902,Repeat,Kanpur,103.0,2,2726.71,2,2,3,223,At Risk
C00252,Customer_C00252,Repeat,Agra,211.0,2,996.4,1,2,1,121,At Risk
C02460,Customer_C02460,Repeat,Lucknow,144.2,2,2772.91,2,2,3,223,At Risk
C01483,Customer_C01483,New,Varanasi,303.4,1,279.17,1,1,1,111,Low Engagement
C00236,Customer_C00236,Repeat,Jaipur,100.1,6,23390.05,2,5,5,255,Loyal
C02036,Customer_C02036,Repeat,Lucknow,61.1,2,13886.29,3,2,5,325,Low Engagement
C00906,Customer_C00906,Repeat,Varanasi,202.1,2,1347.36,1,2,2,122,At Risk
C01822,Customer_C01822,New,Delhi,303.2,1,1104.05,1,1,2,112,Low Engagement
C01694,Customer_C01694,Repeat,Prayagraj,39.0,3,1319.64,4,3,2,432,Low Engagement
C01236,Customer_C01236,Repeat,Prayagraj,275.2,2,1251.15,1,2,2,122,At Risk
C01427,Customer_C01427,Repeat,Agra,137.1,4,1558.26,2,4,2,242,At Risk
C00867,Customer_C00867,Repeat,Noida,156.2,2,1159.7,2,2,2,222,At Risk
C01104,Customer_C01104,Repeat,Agra,38.1,4,4308.64,4,4,4,444,Champions
C02492,Customer_C02492,Repeat,Lucknow,144.1,3,1354.33,2,3,2,232,At Risk
C02728,Customer_C02728,Repeat,Gorakhpur,99.1,6,5109.3,3,5,4,354,Loyal
C00527,Customer_C00527,Repeat,Noida,56.2,2,2846.9,4,2,3,423,Potential Loyalists
C00577,Customer_C00577,Repeat,Prayagraj,292.3,2,1959.48,1,2,2,122,At Risk
C02436,Customer_C02436,Repeat,Kanpur,110.5,4,9079.41,2,4,5,245,Loyal
C02761,Customer_C02761,Repeat,Prayagraj,190.2,2,721.33,1,2,1,121,At Risk
C01195,Customer_C01195,Repeat,Kanpur,3.0,3,8366.77,5,3,5,535,Loyal
C02261,Customer_C02261,Repeat,Noida,68.5,3,6466.27,3,3,4,334,Loyal
C01078,Customer_C01078,Repeat,Noida,47.5,3,1581.35,4,3,2,432,Low Engagement
C03457,Customer_C03457,Repeat,Lucknow,17.1,6,29573.55,5,5,5,555,Champions
C02137,Customer_C02137,Repeat,Prayagraj,97.3,6,16991.95,3,5,5,355,Loyal
C00541,Customer_C00541,Repeat,Noida,119.1,5,5587.31,2,5,4,254,Loyal
C00152,Customer_C00152,New,Kanpur,302.6,1,510.14,1,1,1,111,Low Engagement
C00551,Customer_C00551,Repeat,Gorakhpur,108.0,4,11868.71,2,4,5,245,Loyal
C00704,Customer_C00704,Repeat,Noida,78.1,9,6780.62,3,5,4,354,Loyal
C03474,Customer_C03474,Repeat,Lucknow,81.1,3,7908.58,3,3,5,335,Loyal
C02080,Customer_C02080,New,Agra,302.2,1,368.44,1,1,1,111,Low Engagement
C01307,Customer_C01307,Repeat,Gorakhpur,241.4,2,2550.91,1,2,3,123,At Risk
C01763,Customer_C01763,Repeat,Prayagraj,213.0,2,578.92,1,2,1,121,At Risk
C00086,Customer_C00086,Repeat,Gorakhpur,82.1,2,3194.54,3,2,3,323,Low Engagement
C01115,Customer_C01115,New,Prayagraj,302.1,1,964.4,1,1,1,111,Low Engagement
C03229,Customer_C03229,New,Lucknow,302.1,1,1353.43,1,1,2,112,Low Engagement
C02193,Customer_C02193,Repeat,Patna,143.2,3,2919.64,2,3,3,233,Loyal
C01382,Customer_C01382,Repeat,Prayagraj,0.4,5,4270.16,5,5,4,554,Champions
C02028,Customer_C02028,Repeat,Varanasi,14.1,3,2612.98,5,3,3,533,Loyal
C00222,Customer_C00222,Repeat,Patna,38.1,4,1406.35,4,4,2,442,Low Engagement
C02169,Customer_C02169,Repeat,Jaipur,45.2,2,14675.91,4,2,5,425,Potential Loyalists
C00210,Customer_C00210,Repeat,Delhi,84.3,6,2814.78,3,5,3,353,Loyal
C01225,Customer_C01225,Repeat,Agra,90.2,4,10798.26,3,4,5,345,Loyal
C02576,Customer_C02576,Repeat,Jaipur,189.3,4,25846.06,1,4,5,145,Loyal
C01163,Customer_C01163,Repeat,Kanpur,56.0,2,4034.72,4,2,4,424,Potential Loyalists
C02892,Customer_C02892,Repeat,Lucknow,184.3,2,16871.32,1,2,5,125,At Risk
C02912,Customer_C02912,Repeat,Varanasi,247.1,2,2866.51,1,2,3,123,At Risk
C01921,Customer_C01921,Repeat,Prayagraj,271.1,2,1781.96,1,2,2,122,At Risk
C02445,Customer_C02445,Repeat,Agra,37.4,5,3332.57,4,5,3,453,Loyal
C02118,Customer_C02118,Repeat,Kanpur,8.0,3,1515.97,5,3,2,532,Low Engagement
C03170,Customer_C03170,Repeat,Jaipur,25.1,4,3299.01,5,4,3,543,Loyal
C01770,Customer_C01770,Repeat,Noida,117.1,4,2533.52,2,4,3,243,Loyal
C01592,Customer_C01592,Repeat,Lucknow,15.0,3,7433.28,5,3,5,535,Loyal
C01527,Customer_C01527,Repeat,Noida,193.1,3,13172.95,1,3,5,135,Loyal
C03252,Customer_C03252,Repeat,Noida,36.1,4,7627.17,4,4,5,445,Champions
C02743,Customer_C02743,Repeat,Jaipur,142.5,2,835.49,2,2,1,221,At Risk
C00278,Customer_C00278,New,Noida,301.1,1,415.13,1,1,1,111,Low Engagement
C01444,Customer_C01444,Repeat,Lucknow,119.2,4,3846.16,2,4,4,244,Loyal
C01082,Customer_C01082,Repeat,Kanpur,222.1,5,4059.5,1,5,4,154,Loyal
C02489,Customer_C02489,Repeat,Prayagraj,177.4,2,716.51,1,2,1,121,At Risk
C02329,Customer_C02329,Repeat,Gorakhpur,37.1,5,6346.25,4,5,4,454,Champions
C00952,Customer_C00952,Repeat,Kanpur,88.3,2,2740.68,3,2,3,323,Low Engagement
C01130,Customer_C01130,Repeat,Noida,64.1,2,2236.69,3,2,3,323,Low Engagement
C00869,Customer_C00869,Repeat,Jaipur,153.3,4,6162.2,2,4,4,244,Loyal
C02381,Customer_C02381,Repeat,Jaipur,78.2,3,4655.19,3,3,4,334,Loyal
C03310,Customer_C03310,Repeat,Gorakhpur,93.6,3,15278.22,3,3,5,335,Loyal
C01479,Customer_C01479,Repeat,Kanpur,61.3,2,734.54,3,2,1,321,Low Engagement
C00194,Customer_C00194,Repeat,Noida,123.5,4,8647.0,2,4,5,245,Loyal
C02775,Customer_C02775,Repeat,Gorakhpur,250.1,2,817.39,1,2,1,121,At Risk
C00674,Customer_C00674,Repeat,Noida,22.2,4,3091.86,5,4,3,543,Loyal
C02751,Customer_C02751,Repeat,Noida,183.5,3,1471.17,1,3,2,132,At Risk
C00207,Customer_C00207,Repeat,Kanpur,16.1,6,4967.35,5,5,4,554,Champions
C00003,Customer_C00003,New,Noida,299.5,1,800.0,1,1,1,111,Low Engagement
C00516,Customer_C00516,Repeat,Agra,232.2,2,19030.17,1,2,5,125,At Risk
C03203,Customer_C03203,Repeat,Kanpur,176.2,2,2552.16,1,2,3,123,At Risk
C02967,Customer_C02967,Repeat,Noida,172.1,2,1077.74,1,2,2,122,At Risk
C02553,Customer_C02553,Repeat,Prayagraj,11.4,4,13095.08,5,4,5,545,Champions
C02011,Customer_C02011,Repeat,Gorakhpur,256.5,2,3416.62,1,2,3,123,At Risk
C00655,Customer_C00655,Repeat,Noida,7.3,4,873.24,5,4,1,541,Low Engagement
C00036,Customer_C00036,Repeat,Kanpur,11.4,3,1847.81,5,3,2,532,Low Engagement
C00970,Customer_C00970,Repeat,Prayagraj,34.0,3,2754.2,4,3,3,433,Loyal
C01338,Customer_C01338,Repeat,Prayagraj,25.0,5,3912.96,5,5,4,554,Champions
C01686,Customer_C01686,Repeat,Patna,0.2,3,1645.43,5,3,2,532,Low Engagement
C00111,Customer_C00111,Repeat,Noida,50.0,2,2266.48,4,2,3,423,Potential Loyalists
C03078,Customer_C03078,Repeat,Noida,228.1,2,3660.97,1,2,3,123,At Risk
C02076,Customer_C02076,Repeat,Prayagraj,132.1,3,1281.82,2,3,2,232,At Risk
C01356,Customer_C01356,Repeat,Lucknow,11.0,5,4994.91,5,5,4,554,Champions
C03296,Customer_C03296,Repeat,Prayagraj,16.1,6,5550.63,5,5,4,554,Champions
C02630,Customer_C02630,Repeat,Lucknow,148.1,2,2046.05,2,2,2,222,At Risk
C01514,Customer_C01514,New,Lucknow,298.3,1,1385.57,1,1,2,112,Low Engagement
C00508,Customer_C00508,New,Jaipur,298.3,1,106.56,1,1,1,111,Low Engagement
C01430,Customer_C01430,New,Prayagraj,298.2,1,922.96,1,1,1,111,Low Engagement
C01451,Customer_C01451,Repeat,Gorakhpur,156.1,4,1559.67,2,4,2,242,At Risk
C02203,Customer_C02203,Repeat,Lucknow,14.5,3,2584.02,5,3,3,533,Loyal
C03463,Customer_C03463,Repeat,Agra,192.4,2,1246.54,1,2,2,122,At Risk
C00971,Customer_C00971,Repeat,Noida,58.0,7,21119.35,3,5,5,355,Loyal
C02493,Customer_C02493,Repeat,Varanasi,129.0,4,2706.78,2,4,3,243,Loyal
C02471,Customer_C02471,Repeat,Noida,18.4,4,4568.28,5,4,4,544,Champions
C00404,Customer_C00404,Repeat,Prayagraj,123.0,3,1306.52,2,3,2,232,At Risk
C03386,Customer_C03386,Repeat,Lucknow,92.1,6,7081.96,3,5,4,354,Loyal
C01612,Customer_C01612,Repeat,Agra,4.1,5,3367.37,5,5,3,553,Loyal
C02718,Customer_C02718,New,Noida,298.0,1,67.39,1,1,1,111,Low Engagement
C01156,Customer_C01156,Repeat,Prayagraj,286.1,2,821.81,1,2,1,121,At Risk
C02412,Customer_C02412,Repeat,Prayagraj,155.1,4,4034.54,2,4,4,244,Loyal
C01501,Customer_C01501,Repeat,Agra,124.3,4,3321.04,2,4,3,243,Loyal
C01262,Customer_C01262,Repeat,Agra,51.2,4,17605.41,4,4,5,445,Champions
C01706,Customer_C01706,Repeat,Gorakhpur,18.1,6,3866.21,5,5,4,554,Champions
C02557,Customer_C02557,Repeat,Lucknow,82.1,5,8442.05,3,5,5,355,Loyal
C01012,Customer_C01012,Repeat,Varanasi,225.2,2,6608.29,1,2,4,124,At Risk
C03164,Customer_C03164,New,Lucknow,297.2,1,363.69,1,1,1,111,Low Engagement
C01093,Customer_C01093,Repeat,Prayagraj,1.0,3,2131.8,5,3,2,532,Low Engagement
C01358,Customer_C01358,Repeat,Agra,46.1,4,2450.17,4,4,3,443,Loyal
C01905,Customer_C01905,Repeat,Agra,178.6,3,865.48,1,3,1,131,At Risk
C02596,Customer_C02596,Repeat,Prayagraj,229.2,3,13349.66,1,3,5,135,Loyal
C01965,Customer_C01965,Repeat,Gorakhpur,65.0,5,5297.79,3,5,4,354,Loyal
C01265,Customer_C01265,Repeat,Varanasi,189.0,2,14018.58,1,2,5,125,At Risk
C00537,Customer_C00537,Repeat,Jaipur,161.2,4,1950.98,2,4,2,242,At Risk
C00231,Customer_C00231,Repeat,Noida,156.2,3,7630.9,2,3,5,235,Loyal
C02538,Customer_C02538,Repeat,Jaipur,87.4,4,5705.85,3,4,4,344,Loyal
C00493,Customer_C00493,Repeat,Gorakhpur,75.3,3,7445.02,3,3,5,335,Loyal
C03231,Customer_C03231,Repeat,Noida,66.1,4,7266.9,3,4,4,344,Loyal
C00820,Customer_C00820,Repeat,Agra,7.4,6,10782.94,5,5,5,555,Champions
C02290,Customer_C02290,Repeat,Noida,0.2,5,3213.54,5,5,3,553,Loyal
C00127,Customer_C00127,Repeat,Prayagraj,40.0,2,2921.07,4,2,3,423,Potential Loyalists
C02391,Customer_C02391,Repeat,Patna,53.1,5,18217.56,4,5,5,455,Champions
C00242,Customer_C00242,Repeat,Prayagraj,78.5,5,8360.04,3,5,5,355,Loyal
C00582,Customer_C00582,Repeat,Lucknow,35.1,3,16521.38,4,3,5,435,Loyal
C02678,Customer_C02678,Repeat,Prayagraj,19.4,4,4707.25,5,4,4,544,Champions
C01521,Customer_C01521,Repeat,Lucknow,38.2,4,2167.72,4,4,2,442,Low Engagement
C03161,Customer_C03161,Repeat,Noida,33.3,6,8605.01,4,5,5,455,Champions
C00440,Customer_C00440,Repeat,Gorakhpur,162.1,2,3822.85,2,2,4,224,At Risk
C02247,Customer_C02247,Repeat,Gorakhpur,70.2,4,10418.33,3,4,5,345,Loyal
C00586,Customer_C00586,Repeat,Patna,87.1,4,18532.35,3,4,5,345,Loyal
C03096,Customer_C03096,Repeat,Lucknow,27.1,3,1116.63,4,3,2,432,Low Engagement
C01940,Customer_C01940,Repeat,Gorakhpur,240.2,2,1273.13,1,2,2,122,At Risk
C02303,Customer_C02303,Repeat,Lucknow,54.1,4,6928.84,4,4,4,444,Champions
C01224,Customer_C01224,Repeat,Gorakhpur,80.1,4,4051.5,3,4,4,344,Loyal
C01377,Customer_C01377,Repeat,Noida,5.1,4,2940.92,5,4,3,543,Loyal
C01495,Customer_C01495,Repeat,Jaipur,81.1,3,1022.38,3,3,1,331,Low Engagement
C01615,Customer_C01615,Repeat,Gorakhpur,80.2,5,4442.16,3,5,4,354,Loyal
C01387,Customer_C01387,Repeat,Prayagraj,232.2,4,5584.3,1,4,4,144,Loyal
C01308,Customer_C01308,Repeat,Varanasi,30.2,5,5851.84,4,5,4,454,Champions
C03163,Customer_C03163,Repeat,Noida,145.1,4,6840.83,2,4,4,244,Loyal
C02012,Customer_C02012,Repeat,Gorakhpur,114.0,3,19136.88,2,3,5,235,Loyal
C00999,Customer_C00999,Repeat,Noida,234.1,2,455.43,1,2,1,121,At Risk
C02194,Customer_C02194,Repeat,Jaipur,75.2,5,4788.36,3,5,4,354,Loyal
C02177,Customer_C02177,Repeat,Prayagraj,29.3,6,4873.2,4,5,4,454,Champions
C00376,Customer_C00376,Repeat,Prayagraj,0.2,5,3793.29,5,5,4,554,Champions
C00123,Customer_C00123,Repeat,Kanpur,7.3,3,5333.8,5,3,4,534,Loyal
C02720,Customer_C02720,New,Lucknow,295.3,1,15900.0,1,1,5,115,Low Engagement
C01263,Customer_C01263,Repeat,Lucknow,159.4,4,3494.19,2,4,3,243,Loyal
C00746,Customer_C00746,Repeat,Lucknow,102.6,4,6524.59,2,4,4,244,Loyal
C02196,Customer_C02196,Repeat,Lucknow,68.1,3,28852.79,3,3,5,335,Loyal
C02880,Customer_C02880,Repeat,Gorakhpur,39.1,4,7550.02,4,4,5,445,Champions
C01618,Customer_C01618,Repeat,Lucknow,40.2,4,6026.82,4,4,4,444,Champions
C01210,Customer_C01210,Repeat,Noida,10.2,4,6162.4,5,4,4,544,Champions
C03141,Customer_C03141,Repeat,Gorakhpur,32.2,3,2937.26,4,3,3,433,Loyal
C01884,Customer_C01884,Repeat,Lucknow,32.3,4,3542.71,4,4,3,443,Loyal
C02810,Customer_C02810,Repeat,Noida,24.2,4,4770.87,5,4,4,544,Champions
C00633,Customer_C00633,Repeat,Lucknow,80.1,2,2310.41,3,2,3,323,Low Engagement
C02119,Customer_C02119,Repeat,Varanasi,33.1,5,4209.52,4,5,4,454,Champions
C01312,Customer_C01312,Repeat,Varanasi,153.3,2,3510.81,2,2,3,223,At Risk
C02901,Customer_C02901,Repeat,Noida,264.1,2,1086.16,1,2,2,122,At Risk
C02367,Customer_C02367,Repeat,Gorakhpur,16.1,6,24113.8,5,5,5,555,Champions
C02534,Customer_C02534,Repeat,Agra,33.2,4,5410.79,4,4,4,444,Champions
C01775,Customer_C01775,Repeat,Kanpur,78.0,3,1593.57,3,3,2,332,Low Engagement
C01088,Customer_C01088,Repeat,Kanpur,76.1,4,3618.37,3,4,3,343,Loyal
C00855,Customer_C00855,Repeat,Noida,172.1,2,611.02,1,2,1,121,At Risk
C03104,Customer_C03104,Repeat,Noida,19.0,2,484.22,5,2,1,521,Low Engagement
C01073,Customer_C01073,Repeat,Kanpur,241.0,3,3119.53,1,3,3,133,Loyal
C03072,Customer_C03072,Repeat,Varanasi,132.0,3,3192.43,2,3,3,233,Loyal
C03015,Customer_C03015,Repeat,Noida,85.2,3,1599.75,3,3,2,332,Low Engagement
C01841,Customer_C01841,Repeat,Gorakhpur,3.4,4,12901.89,5,4,5,545,Champions
C02212,Customer_C02212,Repeat,Kanpur,206.2,2,1505.02,1,2,2,122,At Risk
C02934,Customer_C02934,Repeat,Prayagraj,175.1,2,2976.06,1,2,3,123,At Risk
C02464,Customer_C02464,Repeat,Jaipur,35.2,4,6894.28,4,4,4,444,Champions
C03173,Customer_C03173,Repeat,Prayagraj,8.1,4,17082.54,5,4,5,545,Champions
C02154,Customer_C02154,Repeat,Lucknow,20.0,3,2560.43,5,3,3,533,Loyal
C02710,Customer_C02710,New,Jaipur,294.0,1,453.61,1,1,1,111,Low Engagement
C01699,Customer_C01699,Repeat,Varanasi,70.1,8,12173.61,3,5,5,355,Loyal
C01198,Customer_C01198,Repeat,Lucknow,46.0,3,1276.62,4,3,2,432,Low Engagement
C03333,Customer_C03333,Repeat,Prayagraj,21.1,2,3064.28,5,2,3,523,Potential Loyalists
C00306,Customer_C00306,Repeat,Noida,51.2,2,4102.2,4,2,4,424,Potential Loyalists
C02484,Customer_C02484,Repeat,Gorakhpur,58.4,4,8934.11,3,4,5,345,Loyal
C02670,Customer_C02670,Repeat,Jaipur,20.1,6,15018.64,5,5,5,555,Champions
C02589,Customer_C02589,Repeat,Kanpur,99.5,5,4711.96,2,5,4,254,Loyal
C00373,Customer_C00373,Repeat,Prayagraj,171.0,3,6066.31,2,3,4,234,Loyal
C02428,Customer_C02428,Repeat,Agra,63.2,3,2048.53,3,3,2,332,Low Engagement
C03365,Customer_C03365,Repeat,Prayagraj,90.1,4,3462.59,3,4,3,343,Loyal
C02062,Customer_C02062,Repeat,Noida,143.1,4,24339.13,2,4,5,245,Loyal
C02881,Customer_C02881,New,Prayagraj,293.2,1,1024.25,1,1,1,111,Low Engagement
C01084,Customer_C01084,Repeat,Varanasi,36.2,5,16309.17,4,5,5,455,Champions
C02130,Customer_C02130,Repeat,Noida,32.0,3,12071.7,4,3,5,435,Loyal
C00301,Customer_C00301,New,Varanasi,293.1,1,4463.52,1,1,4,114,Low Engagement
C00125,Customer_C00125,Repeat,Patna,13.2,5,4694.51,5,5,4,554,Champions
C01906,Customer_C01906,Repeat,Lucknow,53.1,4,2265.38,4,4,3,443,Loyal
C01496,Customer_C01496,Repeat,Varanasi,17.2,7,3946.92,5,5,4,554,Champions
C01330,Customer_C01330,Repeat,Kanpur,2.0,3,1331.9,5,3,2,532,Low Engagement
C01632,Customer_C01632,Repeat,Gorakhpur,75.0,3,4425.21,3,3,4,334,Loyal
C02711,Customer_C02711,Repeat,Lucknow,80.2,3,1111.7,3,3,2,332,Low Engagement
C00864,Customer_C00864,Repeat,Noida,138.1,3,19093.57,2,3,5,235,Loyal
C00379,Customer_C00379,Repeat,Noida,76.3,2,6895.52,3,2,4,324,Low Engagement
C01284,Customer_C01284,Repeat,Agra,130.3,3,1162.51,2,3,2,232,At Risk
C01584,Customer_C01584,Repeat,Kanpur,265.1,2,16663.0,1,2,5,125,At Risk
C00031,Customer_C00031,Repeat,Gorakhpur,25.0,7,3654.24,5,5,3,553,Loyal
C02443,Customer_C02443,Repeat,Lucknow,41.5,4,7087.58,4,4,4,444,Champions
C02255,Customer_C02255,New,Lucknow,292.3,1,3650.43,1,1,3,113,Low Engagement
C01772,Customer_C01772,Repeat,Noida,1.3,3,2425.37,5,3,3,533,Loyal
C02377,Customer_C02377,Repeat,Noida,140.2,4,1121.12,2,4,2,242,At Risk
C01505,Customer_C01505,Repeat,Kanpur,106.2,2,2404.96,2,2,3,223,At Risk
C00692,Customer_C00692,Repeat,Kanpur,43.5,5,2604.39,4,5,3,453,Loyal
C00694,Customer_C00694,Repeat,Prayagraj,57.0,3,14112.73,3,3,5,335,Loyal
C00948,Customer_C00948,Repeat,Prayagraj,68.1,3,2455.59,3,3,3,333,Loyal
C01345,Customer_C01345,Repeat,Lucknow,179.0,3,1337.31,1,3,2,132,At Risk
C02895,Customer_C02895,Repeat,Prayagraj,229.0,2,1885.04,1,2,2,122,At Risk
C01957,Customer_C01957,New,Prayagraj,292.0,1,371.88,1,1,1,111,Low Engagement
C03462,Customer_C03462,Repeat,Gorakhpur,269.0,2,1801.48,1,2,2,122,At Risk
C00672,Customer_C00672,Repeat,Varanasi,60.2,4,3257.21,3,4,3,343,Loyal
C02554,Customer_C02554,Repeat,Lucknow,10.6,4,5713.08,5,4,4,544,Champions
C00154,Customer_C00154,Repeat,Lucknow,147.1,2,1143.2,2,2,2,222,At Risk
C00073,Customer_C00073,Repeat,Noida,116.0,2,1311.74,2,2,2,222,At Risk
C02535,Customer_C02535,Repeat,Noida,13.2,4,10454.7,5,4,5,545,Champions
C03014,Customer_C03014,Repeat,Lucknow,37.2,4,2204.05,4,4,2,442,Low Engagement
C01625,Customer_C01625,Repeat,Prayagraj,155.1,2,710.02,2,2,1,221,At Risk
C00289,Customer_C00289,Repeat,Gorakhpur,10.1,3,12423.53,5,3,5,535,Loyal
C00553,Customer_C00553,Repeat,Prayagraj,9.2,4,2359.37,5,4,3,543,Loyal
C01559,Customer_C01559,Repeat,Prayagraj,194.0,3,3383.59,1,3,3,133,Loyal
C02785,Customer_C02785,Repeat,Lucknow,43.3,4,9430.86,4,4,5,445,Champions
C02794,Customer_C02794,Repeat,Lucknow,79.5,4,1973.59,3,4,2,342,Low Engagement
C00782,Customer_C00782,Repeat,Gorakhpur,100.1,2,1027.57,2,2,1,221,At Risk
C00660,Customer_C00660,New,Lucknow,291.1,1,930.23,1,1,1,111,Low Engagement
C01131,Customer_C01131,Repeat,Kanpur,51.0,4,4357.64,4,4,4,444,Champions
C01790,Customer_C01790,Repeat,Noida,88.1,4,3498.09,3,4,3,343,Loyal
C01174,Customer_C01174,Repeat,Kanpur,2.2,5,5419.16,5,5,4,554,Champions
C03048,Customer_C03048,Repeat,Patna,87.6,4,2047.26,3,4,2,342,Low Engagement
C02530,Customer_C02530,Repeat,Varanasi,66.1,4,3370.85,3,4,3,343,Loyal
C02956,Customer_C02956,Repeat,Lucknow,263.6,2,1627.07,1,2,2,122,At Risk
C00561,Customer_C00561,Repeat,Kanpur,132.1,6,13315.94,2,5,5,255,Loyal
C00433,Customer_C00433,Repeat,Varanasi,227.6,3,2698.7,1,3,3,133,Loyal
C00458,Customer_C00458,Repeat,Lucknow,46.1,4,1420.47,4,4,2,442,Low Engagement
C00927,Customer_C00927,Repeat,Gorakhpur,23.1,2,4629.33,5,2,4,524,Potential Loyalists
C01017,Customer_C01017,New,Jaipur,290.2,1,143.65,1,1,1,111,Low Engagement
C02418,Customer_C02418,Repeat,Patna,64.0,6,6077.66,3,5,4,354,Loyal
C00318,Customer_C00318,Repeat,Jaipur,71.2,2,5325.04,3,2,4,324,Low Engagement
C01426,Customer_C01426,Repeat,Kanpur,199.1,2,5890.25,1,2,4,124,At Risk
C00590,Customer_C00590,Repeat,Noida,56.1,4,2106.96,4,4,2,442,Low Engagement
C01545,Customer_C01545,Repeat,Prayagraj,97.1,2,7685.19,3,2,5,325,Low Engagement
C00823,Customer_C00823,Repeat,Varanasi,4.0,5,5471.37,5,5,4,554,Champions
C02417,Customer_C02417,Repeat,Kanpur,15.4,4,3694.66,5,4,3,543,Loyal
C01746,Customer_C01746,Repeat,Lucknow,2.0,4,13439.55,5,4,5,545,Champions
C00988,Customer_C00988,Repeat,Prayagraj,151.5,3,3729.84,2,3,3,233,Loyal
C02965,Customer_C02965,Repeat,Agra,32.4,4,3932.6,4,4,4,444,Champions
C02387,Customer_C02387,Repeat,Lucknow,129.1,3,1315.14,2,3,2,232,At Risk
C00012,Customer_C00012,Repeat,Lucknow,58.1,3,7661.75,3,3,5,335,Loyal
C00791,Customer_C00791,New,Prayagraj,290.1,1,978.75,1,1,1,111,Low Engagement
C00532,Customer_C00532,Repeat,Noida,8.1,4,4505.69,5,4,4,544,Champions
C01566,Customer_C01566,Repeat,Lucknow,93.5,3,17091.63,3,3,5,335,Loyal
C01177,Customer_C01177,Repeat,Lucknow,202.3,4,11000.97,1,4,5,145,Loyal
C01190,Customer_C01190,Repeat,Prayagraj,72.2,4,2505.24,3,4,3,343,Loyal
C01660,Customer_C01660,Repeat,Patna,118.5,2,2886.25,2,2,3,223,At Risk
C00499,Customer_C00499,Repeat,Noida,69.1,5,2967.47,3,5,3,353,Loyal
C00703,Customer_C00703,Repeat,Lucknow,42.2,4,1640.59,4,4,2,442,Low Engagement
C00441,Customer_C00441,Repeat,Lucknow,3.2,3,7571.86,5,3,5,535,Loyal
C02822,Customer_C02822,New,Prayagraj,290.0,1,2571.14,1,1,3,113,Low Engagement
C01132,Customer_C01132,New,Lucknow,290.0,1,911.36,1,1,1,111,Low Engagement
C03025,Customer_C03025,Repeat,Agra,32.4,6,4203.29,4,5,4,454,Champions
C03272,Customer_C03272,Repeat,Lucknow,50.1,4,3762.05,4,4,4,444,Champions
C02068,Customer_C02068,Repeat,Varanasi,4.1,5,3224.64,5,5,3,553,Loyal
C01879,Customer_C01879,Repeat,Gorakhpur,44.2,3,2624.04,4,3,3,433,Loyal
C01076,Customer_C01076,Repeat,Noida,14.1,3,10404.47,5,3,5,535,Loyal
C02583,Customer_C02583,Repeat,Agra,51.1,3,1129.68,4,3,2,432,Low Engagement
C00718,Customer_C00718,Repeat,Agra,286.4,2,2500.85,1,2,3,123,At Risk
C02562,Customer_C02562,Repeat,Agra,204.0,3,3717.62,1,3,3,133,Loyal
C02225,Customer_C02225,Repeat,Lucknow,64.1,6,5353.39,3,5,4,354,Loyal
C00062,Customer_C00062,Repeat,Noida,251.0,2,3601.64,1,2,3,123,At Risk
C00039,Customer_C00039,Repeat,Lucknow,248.2,2,2463.62,1,2,3,123,At Risk
C01473,Customer_C01473,Repeat,Kanpur,16.1,5,14648.66,5,5,5,555,Champions
C00701,Customer_C00701,Repeat,Noida,12.2,7,4589.97,5,5,4,554,Champions
C02900,Customer_C02900,Repeat,Prayagraj,91.4,4,3281.53,3,4,3,343,Loyal
C01194,Customer_C01194,Repeat,Jaipur,162.2,3,4137.49,2,3,4,234,Loyal
C01022,Customer_C01022,Repeat,Lucknow,7.1,7,6007.6,5,5,4,554,Champions
C03140,Customer_C03140,Repeat,Kanpur,31.1,3,1384.04,4,3,2,432,Low Engagement
C00369,Customer_C00369,Repeat,Lucknow,26.1,7,16643.32,4,5,5,455,Champions
C00556,Customer_C00556,Repeat,Prayagraj,54.1,4,3155.13,4,4,3,443,Loyal
C02707,Customer_C02707,Repeat,Lucknow,181.3,4,4510.96,1,4,4,144,Loyal
C00957,Customer_C00957,Repeat,Varanasi,80.0,4,1419.7,3,4,2,342,Low Engagement
C01633,Customer_C01633,Repeat,Agra,89.2,5,10422.44,3,5,5,355,Loyal
C01488,Customer_C01488,Repeat,Lucknow,72.2,3,1703.49,3,3,2,332,Low Engagement
C00292,Customer_C00292,Repeat,Varanasi,74.1,4,8497.22,3,4,5,345,Loyal
C00941,Customer_C00941,Repeat,Noida,90.2,4,2257.36,3,4,3,343,Loyal
C02602,Customer_C02602,New,Lucknow,288.2,1,979.45,1,1,1,111,Low Engagement
C01059,Customer_C01059,Repeat,Noida,29.2,4,12019.24,4,4,5,445,Champions
C00166,Customer_C00166,New,Gorakhpur,288.1,1,236.43,1,1,1,111,Low Engagement
C00113,Customer_C00113,Repeat,Kanpur,45.0,5,4999.02,4,5,4,454,Champions
C01283,Customer_C01283,Repeat,Kanpur,109.2,3,2386.93,2,3,3,233,Loyal
C00664,Customer_C00664,Repeat,Agra,73.4,3,3776.99,3,3,4,334,Loyal
C00253,Customer_C00253,Repeat,Lucknow,6.2,3,2597.01,5,3,3,533,Loyal
C00332,Customer_C00332,Repeat,Prayagraj,104.1,4,5115.38,2,4,4,244,Loyal
C01185,Customer_C01185,Repeat,Lucknow,262.0,3,1838.74,1,3,2,132,At Risk
C01768,Customer_C01768,Repeat,Lucknow,0.2,3,2820.19,5,3,3,533,Loyal
C03262,Customer_C03262,Repeat,Lucknow,37.4,7,33877.49,4,5,5,455,Champions
C01980,Customer_C01980,Repeat,Lucknow,247.1,2,4990.74,1,2,4,124,At Risk
C02612,Customer_C02612,Repeat,Agra,120.2,2,1761.7,2,2,2,222,At Risk
C03236,Customer_C03236,Repeat,Noida,33.1,3,2363.22,4,3,3,433,Loyal
C02722,Customer_C02722,New,Jaipur,287.1,1,406.48,1,1,1,111,Low Engagement
C03213,Customer_C03213,Repeat,Kanpur,236.0,2,1519.99,1,2,2,122,At Risk
C03112,Customer_C03112,Repeat,Prayagraj,30.2,5,4912.68,4,5,4,454,Champions
C03311,Customer_C03311,Repeat,Agra,65.2,6,9835.65,3,5,5,355,Loyal
C03253,Customer_C03253,Repeat,Gorakhpur,70.2,5,1801.31,3,5,2,352,Low Engagement
C02740,Customer_C02740,Repeat,Kanpur,39.1,5,3389.47,4,5,3,453,Loyal
C00270,Customer_C00270,Repeat,Prayagraj,59.6,2,862.18,3,2,1,321,Low Engagement
C02640,Customer_C02640,Repeat,Kanpur,70.4,5,3881.82,3,5,4,354,Loyal
C00848,Customer_C00848,Repeat,Agra,94.1,5,5976.07,3,5,4,354,Loyal
C00464,Customer_C00464,Repeat,Varanasi,187.0,2,1381.49,1,2,2,122,At Risk
C02593,Customer_C02593,Repeat,Lucknow,60.3,5,3997.06,3,5,4,354,Loyal
C02192,Customer_C02192,Repeat,Noida,268.0,2,1412.88,1,2,2,122,At Risk
C03323,Customer_C03323,Repeat,Kanpur,5.5,4,1571.04,5,4,2,542,Low Engagement
C00460,Customer_C00460,Repeat,Prayagraj,153.0,7,8407.17,2,5,5,255,Loyal
C02680,Customer_C02680,Repeat,Lucknow,235.4,2,449.07,1,2,1,121,At Risk
C01565,Customer_C01565,Repeat,Lucknow,98.1,5,9348.83,3,5,5,355,Loyal
C00857,Customer_C00857,Repeat,Lucknow,194.0,2,505.65,1,2,1,121,At Risk
C00679,Customer_C00679,Repeat,Jaipur,93.4,4,4742.23,3,4,4,344,Loyal
C01048,Customer_C01048,Repeat,Gorakhpur,55.1,5,2795.95,4,5,3,453,Loyal
C02871,Customer_C02871,Repeat,Delhi,2.1,4,1593.83,5,4,2,542,Low Engagement
C00965,Customer_C00965,Repeat,Prayagraj,60.5,2,557.32,3,2,1,321,Low Engagement
C02795,Customer_C02795,Repeat,Prayagraj,98.1,7,18887.56,3,5,5,355,Loyal
C00621,Customer_C00621,Repeat,Lucknow,40.4,4,14273.61,4,4,5,445,Champions
C01396,Customer_C01396,Repeat,Gorakhpur,43.1,4,2476.67,4,4,3,443,Loyal
C03425,Customer_C03425,Repeat,Gorakhpur,110.2,2,15786.07,2,2,5,225,At Risk
C01568,Customer_C01568,Repeat,Lucknow,100.6,4,2518.68,2,4,3,243,Loyal
C02887,Customer_C02887,Repeat,Kanpur,68.4,5,3259.38,3,5,3,353,Loyal
C01889,Customer_C01889,New,Lucknow,286.1,1,2507.04,1,1,3,113,Low Engagement
C02907,Customer_C02907,Repeat,Lucknow,44.3,5,2685.2,4,5,3,453,Loyal
C00088,Customer_C00088,Repeat,Prayagraj,158.2,3,1046.57,2,3,2,232,At Risk
C00302,Customer_C00302,Repeat,Gorakhpur,56.0,3,3410.61,4,3,3,433,Loyal
C00094,Customer_C00094,Repeat,Prayagraj,15.3,2,1282.64,5,2,2,522,Potential Loyalists
C02232,Customer_C02232,Repeat,Patna,120.0,5,2844.83,2,5,3,253,Loyal
C00858,Customer_C00858,Repeat,Prayagraj,92.3,4,1604.36,3,4,2,342,Low Engagement
C00476,Customer_C00476,Repeat,Jaipur,86.1,2,8177.33,3,2,5,325,Low Engagement
C02358,Customer_C02358,Repeat,Varanasi,271.1,2,1192.91,1,2,2,122,At Risk
C01013,Customer_C01013,Repeat,Lucknow,25.1,2,8725.87,5,2,5,525,Potential Loyalists
C03217,Customer_C03217,Repeat,Gorakhpur,29.1,3,11634.41,4,3,5,435,Loyal
C03326,Customer_C03326,Repeat,Prayagraj,112.1,2,2154.0,2,2,2,222,At Risk
C01136,Customer_C01136,Repeat,Gorakhpur,23.1,3,4719.47,5,3,4,534,Loyal
C00709,Customer_C00709,New,Noida,285.2,1,607.83,1,1,1,111,Low Engagement
C01058,Customer_C01058,Repeat,Noida,3.2,4,2767.17,5,4,3,543,Loyal
C01850,Customer_C01850,Repeat,Agra,39.2,7,22939.28,4,5,5,455,Champions
C01178,Customer_C01178,Repeat,Lucknow,46.1,2,4978.35,4,2,4,424,Potential Loyalists
C02565,Customer_C02565,Repeat,Gorakhpur,205.6,2,1945.76,1,2,2,122,At Risk
C00974,Customer_C00974,Repeat,Patna,2.2,7,4906.86,5,5,4,554,Champions
C01751,Customer_C01751,Repeat,Lucknow,142.0,3,2706.36,2,3,3,233,Loyal
C02359,Customer_C02359,Repeat,Lucknow,246.1,2,3200.0,1,2,3,123,At Risk
C01256,Customer_C01256,Repeat,Agra,157.6,3,839.5,2,3,1,231,At Risk
C02006,Customer_C02006,New,Noida,285.1,1,800.0,1,1,1,111,Low Engagement
C00408,Customer_C00408,Repeat,Lucknow,114.2,2,2271.85,2,2,3,223,At Risk
C03122,Customer_C03122,Repeat,Kanpur,177.2,4,3497.5,1,4,3,143,Loyal
C03121,Customer_C03121,Repeat,Lucknow,31.3,3,8482.84,4,3,5,435,Loyal
C00780,Customer_C00780,Repeat,Agra,34.1,6,6264.15,4,5,4,454,Champions
C03077,Customer_C03077,Repeat,Prayagraj,37.1,4,9151.04,4,4,5,445,Champions
C03464,Customer_C03464,Repeat,Kanpur,232.1,3,2594.94,1,3,3,133,Loyal
C01025,Customer_C01025,Repeat,Lucknow,83.1,5,4280.75,3,5,4,354,Loyal
C00874,Customer_C00874,Repeat,Noida,12.2,7,7824.52,5,5,5,555,Champions
C01157,Customer_C01157,Repeat,Noida,95.0,5,14442.29,3,5,5,355,Loyal
C01270,Customer_C01270,Repeat,Noida,113.3,3,3088.26,2,3,3,233,Loyal
C00503,Customer_C00503,Repeat,Lucknow,120.2,2,760.74,2,2,1,221,At Risk
C00419,Customer_C00419,Repeat,Kanpur,20.3,4,4212.8,5,4,4,544,Champions
C01548,Customer_C01548,Repeat,Lucknow,51.1,7,10884.19,4,5,5,455,Champions
C00626,Customer_C00626,Repeat,Lucknow,39.1,4,2151.2,4,4,2,442,Low Engagement
C02454,Customer_C02454,Repeat,Prayagraj,2.1,6,10013.68,5,5,5,555,Champions
C01727,Customer_C01727,Repeat,Prayagraj,264.0,2,2159.95,1,2,2,122,At Risk
C01504,Customer_C01504,Repeat,Noida,22.1,3,2526.54,5,3,3,533,Loyal
C00248,Customer_C00248,Repeat,Noida,61.2,4,2644.07,3,4,3,343,Loyal
C01208,Customer_C01208,Repeat,Agra,32.1,3,949.01,4,3,1,431,Low Engagement
C02531,Customer_C02531,Repeat,Kanpur,61.1,4,2126.79,3,4,2,342,Low Engagement
C00616,Customer_C00616,Repeat,Agra,49.4,2,1246.92,4,2,2,422,Potential Loyalists
C00826,Customer_C00826,Repeat,Prayagraj,5.1,3,2912.52,5,3,3,533,Loyal
C02796,Customer_C02796,Repeat,Gorakhpur,42.2,6,11242.13,4,5,5,455,Champions
C03393,Customer_C03393,New,Varanasi,284.1,1,1018.69,1,1,1,111,Low Engagement
C01753,Customer_C01753,Repeat,Jaipur,235.2,2,19827.48,1,2,5,125,At Risk
C02744,Customer_C02744,Repeat,Noida,28.1,6,6223.78,4,5,4,454,Champions
C03489,Customer_C03489,Repeat,Varanasi,29.4,3,4154.77,4,3,4,434,Loyal
C02613,Customer_C02613,Repeat,Lucknow,68.2,3,4288.82,3,3,4,334,Loyal
C01030,Customer_C01030,Repeat,Gorakhpur,165.2,4,16477.0,2,4,5,245,Loyal
C00485,Customer_C00485,Repeat,Lucknow,33.1,5,9534.69,4,5,5,455,Champions
C00410,Customer_C00410,Repeat,Noida,21.2,5,1685.35,5,5,2,552,Low Engagement
C00265,Customer_C00265,Repeat,Prayagraj,54.1,3,4872.81,4,3,4,434,Loyal
C01909,Customer_C01909,Repeat,Noida,74.2,5,6796.82,3,5,4,354,Loyal
C00463,Customer_C00463,Repeat,Kanpur,86.2,2,7503.84,3,2,5,325,Low Engagement
C01724,Customer_C01724,Repeat,Agra,22.1,3,2970.29,5,3,3,533,Loyal
C02301,Customer_C02301,Repeat,Agra,13.3,3,542.28,5,3,1,531,Low Engagement
C02016,Customer_C02016,New,Prayagraj,283.1,1,188.44,1,1,1,111,Low Engagement
C01838,Customer_C01838,Repeat,Prayagraj,246.5,2,1046.12,1,2,2,122,At Risk
C01720,Customer_C01720,Repeat,Noida,77.2,4,7825.0,3,4,5,345,Loyal
C03407,Customer_C03407,Repeat,Noida,62.4,2,1530.99,3,2,2,322,Low Engagement
C00048,Customer_C00048,Repeat,Jaipur,1.5,4,3239.61,5,4,3,543,Loyal
C01935,Customer_C01935,Repeat,Noida,102.0,3,1578.98,2,3,2,232,At Risk
C01759,Customer_C01759,Repeat,Agra,7.2,3,700.6,5,3,1,531,Low Engagement
C01917,Customer_C01917,Repeat,Gorakhpur,221.3,2,6260.94,1,2,4,124,At Risk
C02144,Customer_C02144,Repeat,Prayagraj,205.2,2,1756.8,1,2,2,122,At Risk
C00241,Customer_C00241,Repeat,Varanasi,104.1,3,8926.99,2,3,5,235,Loyal
C02480,Customer_C02480,Repeat,Prayagraj,48.3,3,5971.25,4,3,4,434,Loyal
C03075,Customer_C03075,Repeat,Lucknow,207.0,3,8219.72,1,3,5,135,Loyal
C00064,Customer_C00064,Repeat,Lucknow,43.1,5,3151.49,4,5,3,453,Loyal
C01855,Customer_C01855,Repeat,Prayagraj,46.0,6,6216.39,4,5,4,454,Champions
C01843,Customer_C01843,Repeat,Prayagraj,250.1,2,1523.26,1,2,2,122,At Risk
C01242,Customer_C01242,Repeat,Agra,234.2,2,3119.06,1,2,3,123,At Risk
C02545,Customer_C02545,Repeat,Agra,160.2,3,4299.4,2,3,4,234,Loyal
C01707,Customer_C01707,Repeat,Varanasi,121.1,3,11623.61,2,3,5,235,Loyal
C03204,Customer_C03204,Repeat,Patna,68.1,4,885.79,3,4,1,341,Low Engagement
C03063,Customer_C03063,Repeat,Prayagraj,208.3,3,1831.34,1,3,2,132,At Risk
C02861,Customer_C02861,Repeat,Agra,95.3,4,5555.77,3,4,4,344,Loyal
C00749,Customer_C00749,Repeat,Lucknow,21.3,3,2945.81,5,3,3,533,Loyal
C01258,Customer_C01258,Repeat,Prayagraj,259.2,2,810.15,1,2,1,121,At Risk
C01956,Customer_C01956,Repeat,Gorakhpur,64.2,5,20114.22,3,5,5,355,Loyal
C02539,Customer_C02539,Repeat,Lucknow,141.1,3,1946.46,2,3,2,232,At Risk
C00195,Customer_C00195,Repeat,Varanasi,169.0,2,1101.96,2,2,2,222,At Risk
C03129,Customer_C03129,New,Jaipur,281.2,1,428.2,1,1,1,111,Low Engagement
C02027,Customer_C02027,Repeat,Varanasi,7.3,5,21663.35,5,5,5,555,Champions
C02075,Customer_C02075,Repeat,Kanpur,154.1,2,1907.41,2,2,2,222,At Risk
C03020,Customer_C03020,Repeat,Lucknow,226.2,2,640.65,1,2,1,121,At Risk
C01785,Customer_C01785,Repeat,Prayagraj,12.1,4,3305.97,5,4,3,543,Loyal
C02468,Customer_C02468,Repeat,Jaipur,5.1,4,997.06,5,4,1,541,Low Engagement
C00842,Customer_C00842,Repeat,Lucknow,235.1,3,3266.32,1,3,3,133,Loyal
C02343,Customer_C02343,Repeat,Kanpur,214.1,2,1245.85,1,2,2,122,At Risk
C01318,Customer_C01318,Repeat,Gorakhpur,96.2,4,11476.26,3,4,5,345,Loyal
C01384,Customer_C01384,Repeat,Prayagraj,133.2,3,7314.98,2,3,5,235,Loyal
C01717,Customer_C01717,Repeat,Varanasi,59.1,5,6790.33,3,5,4,354,Loyal
C02938,Customer_C02938,Repeat,Prayagraj,41.1,4,7424.15,4,4,5,445,Champions
C02272,Customer_C02272,New,Prayagraj,280.2,1,855.61,1,1,1,111,Low Engagement
C00720,Customer_C00720,Repeat,Lucknow,92.2,3,6373.72,3,3,4,334,Loyal
C02258,Customer_C02258,New,Noida,280.1,1,83.06,1,1,1,111,Low Engagement
C03283,Customer_C03283,Repeat,Gorakhpur,179.2,3,17426.39,1,3,5,135,Loyal
C02976,Customer_C02976,Repeat,Noida,228.5,2,995.81,1,2,1,121,At Risk
C01108,Customer_C01108,Repeat,Gorakhpur,157.1,5,6517.42,2,5,4,254,Loyal
C00159,Customer_C00159,Repeat,Prayagraj,24.1,2,3612.37,5,2,3,523,Potential Loyalists
C03050,Customer_C03050,Repeat,Jaipur,123.2,3,1421.68,2,3,2,232,At Risk
C01766,Customer_C01766,Repeat,Noida,22.2,5,5524.13,5,5,4,554,Champions
C01593,Customer_C01593,Repeat,Prayagraj,75.1,3,1692.89,3,3,2,332,Low Engagement
C01413,Customer_C01413,Repeat,Noida,6.5,6,10382.32,5,5,5,555,Champions
C02234,Customer_C02234,Repeat,Noida,18.5,2,5030.89,5,2,4,524,Potential Loyalists
C00399,Customer_C00399,Repeat,Kanpur,61.5,5,4277.43,3,5,4,354,Loyal
C00883,Customer_C00883,Repeat,Noida,137.2,4,17974.95,2,4,5,245,Loyal
C00642,Customer_C00642,Repeat,Lucknow,4.0,4,2322.06,5,4,3,543,Loyal
C02563,Customer_C02563,Repeat,Lucknow,122.1,3,2181.01,2,3,2,232,At Risk
C03371,Customer_C03371,Repeat,Lucknow,32.1,2,2115.25,4,2,2,422,Potential Loyalists
C01100,Customer_C01100,New,Kanpur,279.4,1,1348.53,1,1,2,112,Low Engagement
C01170,Customer_C01170,Repeat,Prayagraj,171.2,4,2645.39,2,4,3,243,Loyal
C01449,Customer_C01449,Repeat,Prayagraj,68.2,3,2310.44,3,3,3,333,Loyal
C01196,Customer_C01196,Repeat,Kanpur,54.2,6,4502.99,4,5,4,454,Champions
C00400,Customer_C00400,Repeat,Noida,17.0,3,8467.81,5,3,5,535,Loyal
C01693,Customer_C01693,Repeat,Prayagraj,19.1,6,3199.11,5,5,3,553,Loyal
C00217,Customer_C00217,Repeat,Lucknow,100.1,3,1168.79,2,3,2,232,At Risk
C03374,Customer_C03374,Repeat,Kanpur,12.3,4,1809.58,5,4,2,542,Low Engagement
C03035,Customer_C03035,Repeat,Patna,183.1,2,1160.94,1,2,2,122,At Risk
C02236,Customer_C02236,Repeat,Agra,179.2,5,5501.25,1,5,4,154,Loyal
C02333,Customer_C02333,Repeat,Noida,39.2,4,2395.31,4,4,3,443,Loyal
C01542,Customer_C01542,Repeat,Lucknow,242.1,2,893.6,1,2,1,121,At Risk
C02096,Customer_C02096,Repeat,Noida,83.0,5,4407.51,3,5,4,354,Loyal
C01513,Customer_C01513,Repeat,Noida,134.0,2,813.14,2,2,1,221,At Risk
C03067,Customer_C03067,Repeat,Varanasi,123.0,2,13166.55,2,2,5,225,At Risk
C02859,Customer_C02859,New,Prayagraj,278.5,1,2500.0,1,1,3,113,Low Engagement
C01354,Customer_C01354,Repeat,Noida,245.2,2,1982.06,1,2,2,122,At Risk
C00330,Customer_C00330,Repeat,Noida,188.0,2,525.86,1,2,1,121,At Risk
C01684,Customer_C01684,Repeat,Jaipur,41.0,5,15830.14,4,5,5,455,Champions
C02143,Customer_C02143,Repeat,Prayagraj,29.3,6,5641.84,4,5,4,454,Champions
C01876,Customer_C01876,Repeat,Prayagraj,70.3,3,4009.38,3,3,4,334,Loyal
C00827,Customer_C00827,Repeat,Gorakhpur,50.2,4,27496.79,4,4,5,445,Champions
C02069,Customer_C02069,Repeat,Varanasi,31.4,4,8910.62,4,4,5,445,Champions
C01645,Customer_C01645,Repeat,Noida,30.5,6,17969.39,4,5,5,455,Champions
C00380,Customer_C00380,New,Jaipur,278.1,1,606.05,1,1,1,111,Low Engagement
C03362,Customer_C03362,Repeat,Delhi,26.3,8,12629.55,4,5,5,455,Champions
C00719,Customer_C00719,New,Varanasi,278.1,1,1252.18,1,1,2,112,Low Engagement
C01824,Customer_C01824,Repeat,Agra,81.2,2,1122.17,3,2,2,322,Low Engagement
C01004,Customer_C01004,Repeat,Agra,18.2,4,3701.15,5,4,3,543,Loyal
C01181,Customer_C01181,New,Lucknow,278.1,1,599.18,1,1,1,111,Low Engagement
C00860,Customer_C00860,Repeat,Lucknow,53.6,3,5894.18,4,3,4,434,Loyal
C03332,Customer_C03332,Repeat,Varanasi,210.0,2,6234.21,1,2,4,124,At Risk
C03111,Customer_C03111,Repeat,Noida,59.2,6,2438.19,3,5,3,353,Loyal
C00071,Customer_C00071,Repeat,Lucknow,248.3,2,394.68,1,2,1,121,At Risk
C02837,Customer_C02837,New,Prayagraj,278.0,1,374.96,1,1,1,111,Low Engagement
C03156,Customer_C03156,Repeat,Jaipur,171.0,3,2367.03,2,3,3,233,Loyal
C00215,Customer_C00215,Repeat,Lucknow,38.0,3,4818.29,4,3,4,434,Loyal
C03449,Customer_C03449,Repeat,Lucknow,61.4,4,4582.06,3,4,4,344,Loyal
C02220,Customer_C02220,Repeat,Gorakhpur,20.1,3,2151.39,5,3,2,532,Low Engagement
C01745,Customer_C01745,Repeat,Gorakhpur,79.0,2,10852.04,3,2,5,325,Low Engagement
C00757,Customer_C00757,Repeat,Varanasi,113.3,4,3813.59,2,4,4,244,Loyal
C02685,Customer_C02685,Repeat,Varanasi,171.0,2,1097.45,2,2,2,222,At Risk
C00728,Customer_C00728,Repeat,Kanpur,240.1,2,2080.22,1,2,2,122,At Risk
C02876,Customer_C02876,New,Lucknow,277.1,1,16500.0,1,1,5,115,Low Engagement
C01560,Customer_C01560,Repeat,Kanpur,137.1,3,3160.8,2,3,3,233,Loyal
C02435,Customer_C02435,Repeat,Kanpur,68.2,3,3866.97,3,3,4,334,Loyal
C01106,Customer_C01106,Repeat,Kanpur,16.1,4,6709.34,5,4,4,544,Champions
C00529,Customer_C00529,New,Prayagraj,277.0,1,224.55,1,1,1,111,Low Engagement
C01737,Customer_C01737,Repeat,Lucknow,85.2,3,5700.03,3,3,4,334,Loyal
C03238,Customer_C03238,Repeat,Prayagraj,65.1,3,14333.87,3,3,5,335,Loyal
C01683,Customer_C01683,Repeat,Lucknow,182.2,3,2414.24,1,3,3,133,Loyal
C02421,Customer_C02421,Repeat,Jaipur,118.1,4,2695.95,2,4,3,243,Loyal
C03171,Customer_C03171,Repeat,Prayagraj,35.3,4,2357.23,4,4,3,443,Loyal
C00381,Customer_C00381,Repeat,Prayagraj,230.1,2,2289.69,1,2,3,123,At Risk
C02092,Customer_C02092,Repeat,Noida,150.0,4,2723.07,2,4,3,243,Loyal
C00896,Customer_C00896,Repeat,Lucknow,30.6,3,2934.59,4,3,3,433,Loyal
C02413,Customer_C02413,Repeat,Varanasi,41.6,3,11356.4,4,3,5,435,Loyal
C01200,Customer_C01200,Repeat,Prayagraj,62.4,4,19206.39,3,4,5,345,Loyal
C01291,Customer_C01291,New,Gorakhpur,275.3,1,3000.0,1,1,3,113,Low Engagement
C01532,Customer_C01532,Repeat,Kanpur,169.3,3,1709.16,2,3,2,232,At Risk
C01368,Customer_C01368,Repeat,Kanpur,12.1,3,2695.12,5,3,3,533,Loyal
C02490,Customer_C02490,Repeat,Lucknow,157.5,3,8001.12,2,3,5,235,Loyal
C02013,Customer_C02013,Repeat,Noida,203.2,2,1249.32,1,2,2,122,At Risk
C00038,Customer_C00038,New,Noida,275.1,1,371.07,1,1,1,111,Low Engagement
C02175,Customer_C02175,New,Agra,275.1,1,461.01,1,1,1,111,Low Engagement
C02039,Customer_C02039,Repeat,Varanasi,14.5,5,29772.82,5,5,5,555,Champions
C02885,Customer_C02885,Repeat,Noida,269.1,2,9288.01,1,2,5,125,At Risk
C02734,Customer_C02734,Repeat,Jaipur,60.1,4,3958.57,3,4,4,344,Loyal
C01164,Customer_C01164,Repeat,Lucknow,214.4,2,718.79,1,2,1,121,At Risk
C02607,Customer_C02607,Repeat,Prayagraj,9.1,4,2868.05,5,4,3,543,Loyal
C03218,Customer_C03218,Repeat,Noida,58.2,4,8092.1,3,4,5,345,Loyal
C01146,Customer_C01146,Repeat,Prayagraj,79.1,2,5657.06,3,2,4,324,Low Engagement
C02620,Customer_C02620,New,Agra,274.5,1,946.37,1,1,1,111,Low Engagement
C02714,Customer_C02714,Repeat,Prayagraj,68.1,2,443.92,3,2,1,321,Low Engagement
C00308,Customer_C00308,Repeat,Lucknow,20.1,6,7999.54,5,5,5,555,Champions
C02379,Customer_C02379,Repeat,Agra,87.0,2,1548.73,3,2,2,322,Low Engagement
C00331,Customer_C00331,Repeat,Noida,156.2,3,4730.31,2,3,4,234,Loyal
C00018,Customer_C00018,Repeat,Agra,177.1,3,2207.58,1,3,2,132,At Risk
C00518,Customer_C00518,Repeat,Jaipur,63.1,6,2687.05,3,5,3,353,Loyal
C00414,Customer_C00414,Repeat,Jaipur,69.0,3,2549.48,3,3,3,333,Loyal
C02171,Customer_C02171,Repeat,Kanpur,199.1,2,526.4,1,2,1,121,At Risk
C01773,Customer_C01773,Repeat,Lucknow,55.2,4,9742.88,4,4,5,445,Champions
C02625,Customer_C02625,Repeat,Prayagraj,0.1,4,1893.79,5,4,2,542,Low Engagement
C02551,Customer_C02551,Repeat,Kanpur,1.4,4,3363.18,5,4,3,543,Loyal
C02950,Customer_C02950,Repeat,Lucknow,107.1,5,3701.96,2,5,3,253,Loyal
C01341,Customer_C01341,Repeat,Prayagraj,12.3,6,2393.94,5,5,3,553,Loyal
C02378,Customer_C02378,Repeat,Jaipur,2.0,4,34089.57,5,4,5,545,Champions
C02102,Customer_C02102,Repeat,Lucknow,60.2,4,7339.25,3,4,5,345,Loyal
C00416,Customer_C00416,Repeat,Jaipur,39.0,2,1049.82,4,2,2,422,Potential Loyalists
C01538,Customer_C01538,Repeat,Gorakhpur,223.1,2,5524.06,1,2,4,124,At Risk
C03267,Customer_C03267,Repeat,Kanpur,107.3,5,3057.65,2,5,3,253,Loyal
C01655,Customer_C01655,Repeat,Kanpur,5.3,4,3902.5,5,4,4,544,Champions
C01182,Customer_C01182,Repeat,Lucknow,48.2,2,2636.23,4,2,3,423,Potential Loyalists
C00041,Customer_C00041,Repeat,Lucknow,218.2,2,1260.0,1,2,2,122,At Risk
C00498,Customer_C00498,New,Jaipur,273.2,1,3144.0,1,1,3,113,Low Engagement
C00029,Customer_C00029,Repeat,Gorakhpur,42.1,2,1399.74,4,2,2,422,Potential Loyalists
C03069,Customer_C03069,Repeat,Kanpur,174.2,3,2218.69,1,3,3,133,Loyal
C01520,Customer_C01520,Repeat,Lucknow,34.1,4,4686.23,4,4,4,444,Champions
C00862,Customer_C00862,Repeat,Patna,190.0,3,3629.6,1,3,3,133,Loyal
C02466,Customer_C02466,Repeat,Gorakhpur,197.2,3,4637.68,1,3,4,134,Loyal
C00632,Customer_C00632,Repeat,Kanpur,21.1,5,3826.03,5,5,4,554,Champions
C02482,Customer_C02482,Repeat,Gorakhpur,11.5,4,3965.53,5,4,4,544,Champions
C00996,Customer_C00996,Repeat,Prayagraj,25.4,5,6844.19,4,5,4,454,Champions
C00653,Customer_C00653,Repeat,Prayagraj,140.0,2,3785.84,2,2,4,224,At Risk
C03038,Customer_C03038,Repeat,Lucknow,71.0,3,4097.94,3,3,4,334,Loyal
C03391,Customer_C03391,Repeat,Gorakhpur,131.2,3,2726.5,2,3,3,233,Loyal
C01730,Customer_C01730,Repeat,Jaipur,245.0,3,28244.06,1,3,5,135,Loyal
C00689,Customer_C00689,Repeat,Prayagraj,164.5,4,3699.85,2,4,3,243,Loyal
C02776,Customer_C02776,Repeat,Jaipur,235.5,2,6390.44,1,2,4,124,At Risk
C01587,Customer_C01587,Repeat,Noida,2.1,3,6974.24,5,3,4,534,Loyal
C00876,Customer_C00876,Repeat,Kanpur,73.5,4,5235.79,3,4,4,344,Loyal
C01348,Customer_C01348,Repeat,Varanasi,77.1,3,6888.17,3,3,4,334,Loyal
C02909,Customer_C02909,Repeat,Gorakhpur,154.2,2,2127.35,2,2,2,222,At Risk
C03357,Customer_C03357,Repeat,Noida,39.5,4,1992.28,4,4,2,442,Low Engagement
C01834,Customer_C01834,Repeat,Kanpur,28.1,6,7655.13,4,5,5,455,Champions
C00266,Customer_C00266,Repeat,Lucknow,27.1,6,3988.06,4,5,4,454,Champions
C01113,Customer_C01113,Repeat,Lucknow,78.2,4,3502.08,3,4,3,343,Loyal
C02049,Customer_C02049,Repeat,Lucknow,199.4,2,175.16,1,2,1,121,At Risk
C00326,Customer_C00326,Repeat,Varanasi,0.2,4,1266.88,5,4,2,542,Low Engagement
C02673,Customer_C02673,Repeat,Prayagraj,0.0,4,3662.01,5,4,3,543,Loyal
C01352,Customer_C01352,Repeat,Kanpur,187.3,2,299.35,1,2,1,121,At Risk
C01590,Customer_C01590,Repeat,Kanpur,147.3,3,2597.07,2,3,3,233,Loyal
C00889,Customer_C00889,Repeat,Noida,88.1,4,3469.89,3,4,3,343,Loyal
C01003,Customer_C01003,Repeat,Lucknow,59.1,4,3119.84,3,4,3,343,Loyal
C02394,Customer_C02394,Repeat,Varanasi,130.1,3,1830.02,2,3,2,232,At Risk
C02739,Customer_C02739,Repeat,Lucknow,104.1,2,727.63,2,2,1,221,At Risk
C03053,Customer_C03053,Repeat,Patna,31.2,4,5237.74,4,4,4,444,Champions
C00065,Customer_C00065,Repeat,Noida,32.0,4,12322.22,4,4,5,445,Champions
C00576,Customer_C00576,Repeat,Lucknow,18.1,2,3768.0,5,2,4,524,Potential Loyalists
C02585,Customer_C02585,Repeat,Prayagraj,253.3,2,493.94,1,2,1,121,At Risk
C01656,Customer_C01656,New,Kanpur,271.1,1,819.3,1,1,1,111,Low Engagement
C00406,Customer_C00406,New,Prayagraj,271.1,1,174.4,1,1,1,111,Low Engagement
C01326,Customer_C01326,Repeat,Kanpur,37.2,3,5930.82,4,3,4,434,Loyal
C02495,Customer_C02495,Repeat,Lucknow,2.5,4,4032.76,5,4,4,544,Champions
C01851,Customer_C01851,Repeat,Kanpur,22.1,4,2386.26,5,4,3,543,Loyal
C03460,Customer_C03460,Repeat,Kanpur,264.2,2,915.25,1,2,1,121,At Risk
C00847,Customer_C00847,Repeat,Lucknow,128.1,3,2166.89,2,3,2,232,At Risk
C00075,Customer_C00075,Repeat,Noida,40.6,6,8914.53,4,5,5,455,Champions
C03451,Customer_C03451,Repeat,Gorakhpur,49.2,3,4802.1,4,3,4,434,Loyal
C00807,Customer_C00807,New,Noida,270.3,1,880.0,1,1,1,111,Low Engagement
C00817,Customer_C00817,Repeat,Gorakhpur,24.1,3,2656.22,5,3,3,533,Loyal
C03366,Customer_C03366,Repeat,Jaipur,153.1,2,1146.54,2,2,2,222,At Risk
C02494,Customer_C02494,Repeat,Lucknow,78.2,4,1319.83,3,4,2,342,Low Engagement
C01673,Customer_C01673,New,Jaipur,270.2,1,598.37,1,1,1,111,Low Engagement
C01874,Customer_C01874,Repeat,Gorakhpur,86.3,2,2262.45,3,2,3,323,Low Engagement
C02833,Customer_C02833,Repeat,Lucknow,39.1,5,4192.63,4,5,4,454,Champions
C02581,Customer_C02581,Repeat,Noida,228.0,2,1620.4,1,2,2,122,At Risk
C01010,Customer_C01010,Repeat,Prayagraj,4.3,3,1446.73,5,3,2,532,Low Engagement
C00769,Customer_C00769,Repeat,Lucknow,27.1,4,3417.11,4,4,3,443,Loyal
C02645,Customer_C02645,Repeat,Lucknow,9.5,3,2275.81,5,3,3,533,Loyal
C01023,Customer_C01023,Repeat,Jaipur,4.2,4,2192.67,5,4,2,542,Low Engagement
C03350,Customer_C03350,Repeat,Lucknow,145.5,4,4446.02,2,4,4,244,Loyal
C02284,Customer_C02284,Repeat,Gorakhpur,23.1,6,8973.83,5,5,5,555,Champions
C03312,Customer_C03312,Repeat,Varanasi,22.2,5,7807.7,5,5,5,555,Champions
C01037,Customer_C01037,New,Lucknow,269.3,1,284.44,1,1,1,111,Low Engagement
C00015,Customer_C00015,Repeat,Gorakhpur,93.0,4,25717.28,3,4,5,345,Loyal
C02621,Customer_C02621,Repeat,Prayagraj,87.0,3,2595.26,3,3,3,333,Loyal
C01871,Customer_C01871,Repeat,Jaipur,108.1,4,18793.02,2,4,5,245,Loyal
C00466,Customer_C00466,New,Lucknow,269.1,1,364.78,1,1,1,111,Low Engagement
C00477,Customer_C00477,Repeat,Lucknow,199.4,2,6163.07,1,2,4,124,At Risk
C00334,Customer_C00334,Repeat,Lucknow,36.2,3,3844.56,4,3,4,434,Loyal
C01582,Customer_C01582,Repeat,Prayagraj,100.1,4,7623.77,2,4,5,245,Loyal
C01371,Customer_C01371,Repeat,Agra,9.1,5,2526.56,5,5,3,553,Loyal
C01406,Customer_C01406,Repeat,Noida,264.4,2,2047.16,1,2,2,122,At Risk
C02624,Customer_C02624,Repeat,Noida,174.0,3,2107.62,1,3,2,132,At Risk
C02865,Customer_C02865,Repeat,Lucknow,57.2,5,6159.99,3,5,4,354,Loyal
C02990,Customer_C02990,Repeat,Varanasi,5.4,5,6555.22,5,5,4,554,Champions
C00939,Customer_C00939,Repeat,Delhi,237.1,3,5714.97,1,3,4,134,Loyal
C03334,Customer_C03334,Repeat,Prayagraj,87.1,4,3425.85,3,4,3,343,Loyal
C02896,Customer_C02896,Repeat,Patna,171.1,3,3430.91,2,3,3,233,Loyal
C02259,Customer_C02259,Repeat,Jaipur,204.0,2,1119.51,1,2,2,122,At Risk
C00255,Customer_C00255,Repeat,Prayagraj,231.4,3,2433.29,1,3,3,133,Loyal
C02250,Customer_C02250,Repeat,Noida,115.0,2,2885.06,2,2,3,223,At Risk
C02227,Customer_C02227,Repeat,Agra,55.1,2,891.58,4,2,1,421,Low Engagement
C03219,Customer_C03219,Repeat,Prayagraj,31.4,4,17160.41,4,4,5,445,Champions
C01206,Customer_C01206,Repeat,Kanpur,101.1,2,1340.37,2,2,2,222,At Risk
C00033,Customer_C00033,Repeat,Lucknow,150.3,2,3355.43,2,2,3,223,At Risk
C00594,Customer_C00594,New,Agra,268.0,1,793.99,1,1,1,111,Low Engagement
C02439,Customer_C02439,Repeat,Lucknow,90.4,3,1140.16,3,3,2,332,Low Engagement
C01077,Customer_C01077,New,Varanasi,267.5,1,217.4,1,1,1,111,Low Engagement
C03434,Customer_C03434,Repeat,Lucknow,10.0,2,3154.17,5,2,3,523,Potential Loyalists
C01600,Customer_C01600,Repeat,Jaipur,4.4,7,7702.2,5,5,5,555,Champions
C03059,Customer_C03059,Repeat,Gorakhpur,78.0,2,2368.8,3,2,3,323,Low Engagement
C03131,Customer_C03131,New,Kanpur,267.1,1,3000.0,1,1,3,113,Low Engagement
C01171,Customer_C01171,New,Noida,267.1,1,497.19,1,1,1,111,Low Engagement
C01646,Customer_C01646,Repeat,Agra,37.1,5,2971.36,4,5,3,453,Loyal
C01461,Customer_C01461,Repeat,Lucknow,162.1,2,1499.96,2,2,2,222,At Risk
C00878,Customer_C00878,Repeat,Lucknow,29.1,3,1303.45,4,3,2,432,Low Engagement
C01376,Customer_C01376,Repeat,Lucknow,21.2,3,17485.7,5,3,5,535,Loyal
C02579,Customer_C02579,Repeat,Varanasi,122.0,3,2561.61,2,3,3,233,Loyal
C03195,Customer_C03195,New,Agra,266.6,1,1500.0,1,1,2,112,Low Engagement
C02364,Customer_C02364,Repeat,Lucknow,25.0,2,634.42,5,2,1,521,Low Engagement
C00392,Customer_C00392,New,Gorakhpur,266.4,1,468.56,1,1,1,111,Low Engagement
C00870,Customer_C00870,Repeat,Jaipur,37.2,2,2221.12,4,2,3,423,Potential Loyalists
C00875,Customer_C00875,Repeat,Noida,138.5,4,3963.96,2,4,4,244,Loyal
C00648,Customer_C00648,Repeat,Lucknow,144.2,2,2506.03,2,2,3,223,At Risk
C02790,Customer_C02790,Repeat,Agra,231.5,2,1969.91,1,2,2,122,At Risk
C02721,Customer_C02721,Repeat,Prayagraj,29.1,2,2074.19,4,2,2,422,Potential Loyalists
C03158,Customer_C03158,Repeat,Varanasi,29.0,4,15835.52,4,4,5,445,Champions
C00288,Customer_C00288,Repeat,Agra,41.3,2,15807.5,4,2,5,425,Potential Loyalists
C02406,Customer_C02406,Repeat,Prayagraj,21.2,3,4208.0,5,3,4,534,Loyal
C03441,Customer_C03441,Repeat,Kanpur,120.1,3,627.27,2,3,1,231,At Risk
C03448,Customer_C03448,Repeat,Noida,55.1,3,8806.69,4,3,5,435,Loyal
C01087,Customer_C01087,Repeat,Lucknow,130.2,3,4278.79,2,3,4,234,Loyal
C00163,Customer_C00163,New,Gorakhpur,265.4,1,2712.08,1,1,3,113,Low Engagement
C00322,Customer_C00322,Repeat,Kanpur,80.1,4,4265.13,3,4,4,344,Loyal
C01251,Customer_C01251,Repeat,Delhi,107.2,2,1506.88,2,2,2,222,At Risk
C01860,Customer_C01860,Repeat,Lucknow,46.3,4,5807.31,4,4,4,444,Champions
C01316,Customer_C01316,Repeat,Lucknow,133.3,2,5244.25,2,2,4,224,At Risk
C01690,Customer_C01690,Repeat,Lucknow,120.2,2,1065.89,2,2,2,222,At Risk
C01302,Customer_C01302,Repeat,Kanpur,1.2,2,2787.12,5,2,3,523,Potential Loyalists
C00452,Customer_C00452,Repeat,Lucknow,130.1,5,5207.12,2,5,4,254,Loyal
C02456,Customer_C02456,Repeat,Varanasi,30.2,3,13997.31,4,3,5,435,Loyal
C00617,Customer_C00617,Repeat,Jaipur,74.1,2,15425.43,3,2,5,325,Low Engagement
C00341,Customer_C00341,Repeat,Lucknow,98.3,7,11339.01,3,5,5,355,Loyal
C00641,Customer_C00641,Repeat,Lucknow,128.2,4,2813.38,2,4,3,243,Loyal
C01747,Customer_C01747,Repeat,Lucknow,92.6,3,1354.57,3,3,2,332,Low Engagement
C02945,Customer_C02945,Repeat,Kanpur,3.2,4,6237.54,5,4,4,544,Champions
C01606,Customer_C01606,Repeat,Noida,211.4,2,14342.12,1,2,5,125,At Risk
C00223,Customer_C00223,Repeat,Agra,33.4,3,3718.39,4,3,3,433,Loyal
C02470,Customer_C02470,Repeat,Noida,23.0,2,2475.32,5,2,3,523,Potential Loyalists
C02455,Customer_C02455,Repeat,Agra,1.6,3,4054.07,5,3,4,534,Loyal
C02368,Customer_C02368,Repeat,Lucknow,55.0,6,8029.05,4,5,5,455,Champions
C01305,Customer_C01305,Repeat,Noida,40.0,4,4945.21,4,4,4,444,Champions
C03245,Customer_C03245,Repeat,Jaipur,209.4,2,1195.54,1,2,2,122,At Risk
C02511,Customer_C02511,Repeat,Noida,158.0,3,1532.26,2,3,2,232,At Risk
C03284,Customer_C03284,New,Lucknow,264.0,1,123.8,1,1,1,111,Low Engagement
C03240,Customer_C03240,Repeat,Prayagraj,28.2,8,7343.7,4,5,5,455,Champions
C00671,Customer_C00671,Repeat,Gorakhpur,155.1,3,10281.83,2,3,5,235,Loyal
C01893,Customer_C01893,Repeat,Jaipur,13.2,2,986.12,5,2,1,521,Low Engagement
C00429,Customer_C00429,Repeat,Delhi,49.0,5,4988.63,4,5,4,454,Champions
C02327,Customer_C02327,New,Noida,263.3,1,626.17,1,1,1,111,Low Engagement
C02760,Customer_C02760,Repeat,Prayagraj,58.4,3,2205.81,3,3,2,332,Low Engagement
C01266,Customer_C01266,New,Noida,263.1,1,11068.82,1,1,5,115,Low Engagement
C00722,Customer_C00722,Repeat,Lucknow,199.1,5,4957.8,1,5,4,154,Loyal
C02932,Customer_C02932,Repeat,Agra,9.1,4,2664.15,5,4,3,543,Loyal
C02877,Customer_C02877,Repeat,Lucknow,45.0,3,5469.1,4,3,4,434,Loyal
C01839,Customer_C01839,Repeat,Lucknow,89.1,6,5504.23,3,5,4,354,Loyal
C01272,Customer_C01272,Repeat,Patna,81.0,2,2258.39,3,2,3,323,Low Engagement
C01736,Customer_C01736,Repeat,Jaipur,34.1,3,2131.88,4,3,2,432,Low Engagement
C02754,Customer_C02754,Repeat,Jaipur,65.1,2,4388.67,3,2,4,324,Low Engagement
C02260,Customer_C02260,New,Agra,263.0,1,250.68,1,1,1,111,Low Engagement
C01253,Customer_C01253,Repeat,Agra,174.1,3,4071.15,1,3,4,134,Loyal
C00397,Customer_C00397,New,Noida,262.4,1,5049.57,1,1,4,114,Low Engagement
C02294,Customer_C02294,Repeat,Noida,110.5,6,22464.5,2,5,5,255,Loyal
C03385,Customer_C03385,New,Kanpur,262.3,1,514.07,1,1,1,111,Low Engagement
C01740,Customer_C01740,Repeat,Lucknow,114.0,2,701.42,2,2,1,221,At Risk
C01658,Customer_C01658,Repeat,Lucknow,124.2,2,437.66,2,2,1,221,At Risk
C02597,Customer_C02597,Repeat,Noida,52.6,5,4933.21,4,5,4,454,Champions
C00474,Customer_C00474,Repeat,Kanpur,28.2,5,3698.69,4,5,3,453,Loyal
C02239,Customer_C02239,Repeat,Kanpur,58.1,4,2434.14,3,4,3,343,Loyal
C02935,Customer_C02935,Repeat,Kanpur,153.2,2,1064.98,2,2,2,222,At Risk
C00355,Customer_C00355,Repeat,Agra,11.0,3,1289.72,5,3,2,532,Low Engagement
C00895,Customer_C00895,Repeat,Agra,40.2,5,1596.46,4,5,2,452,Low Engagement
C01831,Customer_C01831,Repeat,Prayagraj,180.6,2,1360.11,1,2,2,122,At Risk
C01454,Customer_C01454,Repeat,Lucknow,140.2,2,9224.4,2,2,5,225,At Risk
C00366,Customer_C00366,Repeat,Kanpur,138.1,5,8781.77,2,5,5,255,Loyal
C02930,Customer_C02930,Repeat,Kanpur,206.5,3,10230.52,1,3,5,135,Loyal
C03233,Customer_C03233,Repeat,Jaipur,54.0,2,12979.87,4,2,5,425,Potential Loyalists
C00613,Customer_C00613,Repeat,Kanpur,72.2,4,2920.23,3,4,3,343,Loyal
C02629,Customer_C02629,Repeat,Varanasi,258.2,2,7796.25,1,2,5,125,At Risk
C00905,Customer_C00905,Repeat,Varanasi,119.1,3,8554.02,2,3,5,235,Loyal
C00067,Customer_C00067,Repeat,Kanpur,246.1,2,1647.12,1,2,2,122,At Risk
C02756,Customer_C02756,Repeat,Gorakhpur,40.0,5,14027.86,4,5,5,455,Champions
C03045,Customer_C03045,Repeat,Kanpur,142.1,3,1954.85,2,3,2,232,At Risk
C02149,Customer_C02149,Repeat,Noida,2.2,6,7995.3,5,5,5,555,Champions
C02644,Customer_C02644,Repeat,Kanpur,138.1,2,1962.35,2,2,2,222,At Risk
C01248,Customer_C01248,New,Kanpur,261.1,1,104.91,1,1,1,111,Low Engagement
C02655,Customer_C02655,Repeat,Agra,4.3,3,4425.22,5,3,4,534,Loyal
C00637,Customer_C00637,Repeat,Lucknow,144.2,3,1174.82,2,3,2,232,At Risk
C02053,Customer_C02053,Repeat,Gorakhpur,202.0,2,3885.26,1,2,4,124,At Risk
C02275,Customer_C02275,Repeat,Patna,130.1,2,2855.99,2,2,3,223,At Risk
C00814,Customer_C00814,Repeat,Kanpur,152.1,3,994.08,2,3,1,231,At Risk
C00233,Customer_C00233,Repeat,Varanasi,74.5,3,12166.37,3,3,5,335,Loyal
C00908,Customer_C00908,Repeat,Kanpur,15.3,5,6615.19,5,5,4,554,Champions
C01549,Customer_C01549,Repeat,Noida,194.1,3,2104.35,1,3,2,132,At Risk
C01389,Customer_C01389,Repeat,Gorakhpur,31.1,6,4037.46,4,5,4,454,Champions
C01779,Customer_C01779,Repeat,Kanpur,92.2,4,3493.44,3,4,3,343,Loyal
C00009,Customer_C00009,Repeat,Lucknow,127.1,2,664.41,2,2,1,221,At Risk
C03455,Customer_C03455,Repeat,Gorakhpur,194.0,3,1764.19,1,3,2,132,At Risk
C02525,Customer_C02525,Repeat,Gorakhpur,18.1,5,10643.55,5,5,5,555,Champions
C01418,Customer_C01418,Repeat,Delhi,46.1,3,2475.66,4,3,3,433,Loyal
C03227,Customer_C03227,Repeat,Varanasi,127.2,3,2952.47,2,3,3,233,Loyal
C02674,Customer_C02674,Repeat,Kanpur,106.1,2,4137.71,2,2,4,224,At Risk
C00961,Customer_C00961,Repeat,Kanpur,59.3,4,1846.42,3,4,2,342,Low Engagement
C01480,Customer_C01480,Repeat,Gorakhpur,19.1,4,28524.27,5,4,5,545,Champions
C01112,Customer_C01112,Repeat,Lucknow,8.3,4,6399.72,5,4,4,544,Champions
C02964,Customer_C02964,Repeat,Jaipur,13.3,5,5338.17,5,5,4,554,Champions
C01901,Customer_C01901,Repeat,Gorakhpur,73.2,4,2717.62,3,4,3,343,Loyal
C00224,Customer_C00224,Repeat,Agra,14.5,2,528.13,5,2,1,521,Low Engagement
C01346,Customer_C01346,Repeat,Prayagraj,45.0,4,3252.85,4,4,3,443,Loyal
C01865,Customer_C01865,Repeat,Lucknow,33.1,8,4592.23,4,5,4,454,Champions
C00922,Customer_C00922,Repeat,Kanpur,254.2,2,3899.69,1,2,4,124,At Risk
C02168,Customer_C02168,Repeat,Lucknow,189.0,2,351.55,1,2,1,121,At Risk
C02450,Customer_C02450,Repeat,Noida,72.1,4,4024.4,3,4,4,344,Loyal
C01365,Customer_C01365,Repeat,Lucknow,170.1,3,2008.91,2,3,2,232,At Risk
C01731,Customer_C01731,Repeat,Kanpur,0.5,2,3282.24,5,2,3,523,Potential Loyalists
C00571,Customer_C00571,Repeat,Noida,141.5,4,3506.23,2,4,3,243,Loyal
C01166,Customer_C01166,New,Lucknow,259.1,1,437.25,1,1,1,111,Low Engagement
C02105,Customer_C02105,Repeat,Prayagraj,18.1,6,7411.42,5,5,5,555,Champions
C00200,Customer_C00200,Repeat,Kanpur,3.1,2,2440.47,5,2,3,523,Potential Loyalists
C01034,Customer_C01034,Repeat,Varanasi,152.2,3,8412.85,2,3,5,235,Loyal
C01474,Customer_C01474,Repeat,Prayagraj,233.4,2,968.13,1,2,1,121,At Risk
C01090,Customer_C01090,Repeat,Agra,65.5,3,7285.3,3,3,4,334,Loyal
C00281,Customer_C00281,Repeat,Jaipur,65.6,2,15213.91,3,2,5,325,Low Engagement
C02770,Customer_C02770,Repeat,Lucknow,102.2,4,12801.74,2,4,5,245,Loyal
C02182,Customer_C02182,Repeat,Kanpur,24.1,4,8719.37,5,4,5,545,Champions
C01704,Customer_C01704,Repeat,Kanpur,1.1,5,2269.75,5,5,3,553,Loyal
C02986,Customer_C02986,Repeat,Kanpur,66.0,4,2846.61,3,4,3,343,Loyal
C01765,Customer_C01765,Repeat,Lucknow,8.1,3,10706.89,5,3,5,535,Loyal
C00524,Customer_C00524,New,Prayagraj,258.1,1,80.0,1,1,1,111,Low Engagement
C01944,Customer_C01944,New,Varanasi,258.0,1,1977.85,1,1,2,112,Low Engagement
C01805,Customer_C01805,Repeat,Kanpur,237.1,2,1161.86,1,2,2,122,At Risk
C00911,Customer_C00911,Repeat,Noida,38.3,2,9461.37,4,2,5,425,Potential Loyalists
C00307,Customer_C00307,Repeat,Lucknow,38.0,3,15807.85,4,3,5,435,Loyal
C02032,Customer_C02032,Repeat,Prayagraj,76.2,3,2573.8,3,3,3,333,Loyal
C00947,Customer_C00947,Repeat,Noida,59.2,3,8587.14,3,3,5,335,Loyal
C00092,Customer_C00092,Repeat,Delhi,8.2,3,3591.99,5,3,3,533,Loyal
C00640,Customer_C00640,Repeat,Kanpur,11.0,3,4806.47,5,3,4,534,Loyal
C00329,Customer_C00329,Repeat,Noida,232.2,2,2907.13,1,2,3,123,At Risk
C03196,Customer_C03196,New,Prayagraj,257.1,1,1002.57,1,1,1,111,Low Engagement
C02838,Customer_C02838,Repeat,Lucknow,84.3,3,1277.77,3,3,2,332,Low Engagement
C01507,Customer_C01507,Repeat,Gorakhpur,58.0,2,1635.29,3,2,2,322,Low Engagement
C02643,Customer_C02643,Repeat,Prayagraj,65.0,5,4923.08,3,5,4,354,Loyal
C00197,Customer_C00197,Repeat,Gorakhpur,179.4,2,2528.99,1,2,3,123,At Risk
C02547,Customer_C02547,Repeat,Kanpur,55.1,2,834.74,4,2,1,421,Low Engagement
C00317,Customer_C00317,Repeat,Lucknow,32.2,4,15449.04,4,4,5,445,Champions
C01314,Customer_C01314,Repeat,Noida,48.2,2,7141.29,4,2,4,424,Potential Loyalists
C01511,Customer_C01511,Repeat,Varanasi,115.4,2,986.37,2,2,1,221,At Risk
C00611,Customer_C00611,Repeat,Lucknow,38.1,3,5685.22,4,3,4,434,Loyal
C02813,Customer_C02813,Repeat,Noida,71.1,3,2107.68,3,3,2,332,Low Engagement
C01041,Customer_C01041,New,Noida,255.1,1,678.55,1,1,1,111,Low Engagement
C01323,Customer_C01323,Repeat,Kanpur,252.5,2,5997.27,1,2,4,124,At Risk
C02573,Customer_C02573,New,Prayagraj,255.1,1,1321.52,1,1,2,112,Low Engagement
C00605,Customer_C00605,Repeat,Noida,16.4,6,5155.58,5,5,4,554,Champions
C02000,Customer_C02000,Repeat,Lucknow,38.2,3,3996.43,4,3,4,434,Loyal
C02791,Customer_C02791,Repeat,Lucknow,30.3,3,1501.05,4,3,2,432,Low Engagement
C02691,Customer_C02691,Repeat,Gorakhpur,194.3,2,2618.84,1,2,3,123,At Risk
C01350,Customer_C01350,Repeat,Gorakhpur,139.3,4,2799.75,2,4,3,243,Loyal
C02401,Customer_C02401,Repeat,Noida,107.6,4,4073.15,2,4,4,244,Loyal
C01782,Customer_C01782,Repeat,Gorakhpur,123.1,2,1659.45,2,2,2,222,At Risk
C02404,Customer_C02404,Repeat,Jaipur,18.1,7,5629.23,5,5,4,554,Champions
C00074,Customer_C00074,Repeat,Kanpur,28.5,3,2476.87,4,3,3,433,Loyal
C01285,Customer_C01285,Repeat,Gorakhpur,165.3,3,1441.44,2,3,2,232,At Risk
C03145,Customer_C03145,Repeat,Noida,24.4,5,2725.79,5,5,3,553,Loyal
C01424,Customer_C01424,New,Lucknow,254.2,1,338.08,1,1,1,111,Low Engagement
C00619,Customer_C00619,Repeat,Lucknow,37.2,4,14754.54,4,4,5,445,Champions
C01622,Customer_C01622,Repeat,Kanpur,206.1,2,2406.2,1,2,3,123,At Risk
C01336,Customer_C01336,Repeat,Noida,79.0,5,7045.02,3,5,4,354,Loyal
C01991,Customer_C01991,Repeat,Noida,78.1,3,2032.65,3,3,2,332,Low Engagement
C02163,Customer_C02163,Repeat,Varanasi,70.2,3,1479.5,3,3,2,332,Low Engagement
C01999,Customer_C01999,Repeat,Kanpur,81.1,6,5313.83,3,5,4,354,Loyal
C00555,Customer_C00555,Repeat,Varanasi,66.0,3,1357.78,3,3,2,332,Low Engagement
C02591,Customer_C02591,Repeat,Lucknow,18.1,5,9062.43,5,5,5,555,Champions
C03126,Customer_C03126,Repeat,Agra,114.4,4,2867.8,2,4,3,243,Loyal
C01868,Customer_C01868,Repeat,Patna,58.2,9,9300.65,3,5,5,355,Loyal
C02715,Customer_C02715,Repeat,Lucknow,55.2,3,1061.27,4,3,2,432,Low Engagement
C03331,Customer_C03331,Repeat,Kanpur,141.0,2,829.71,2,2,1,221,At Risk
C02870,Customer_C02870,Repeat,Lucknow,70.1,3,6869.65,3,3,4,334,Loyal
C02052,Customer_C02052,Repeat,Kanpur,40.6,4,2077.85,4,4,2,442,Low Engagement
C01681,Customer_C01681,Repeat,Lucknow,96.1,4,3054.76,3,4,3,343,Loyal
C00599,Customer_C00599,Repeat,Noida,23.3,3,3662.15,5,3,3,533,Loyal
C01936,Customer_C01936,Repeat,Lucknow,149.1,3,753.61,2,3,1,231,At Risk
C02979,Customer_C02979,Repeat,Lucknow,141.1,2,870.64,2,2,1,221,At Risk
C03495,Customer_C03495,Repeat,Gorakhpur,39.2,4,3484.73,4,4,3,443,Loyal
C00700,Customer_C00700,Repeat,Kanpur,2.3,4,12750.29,5,4,5,545,Champions
C01888,Customer_C01888,Repeat,Lucknow,77.2,3,6451.42,3,3,4,334,Loyal
C00726,Customer_C00726,Repeat,Prayagraj,107.2,2,832.44,2,2,1,221,At Risk
C02426,Customer_C02426,Repeat,Lucknow,194.0,2,3906.2,1,2,4,124,At Risk
C00732,Customer_C00732,Repeat,Gorakhpur,248.1,2,2677.78,1,2,3,123,At Risk
C03286,Customer_C03286,Repeat,Prayagraj,173.4,4,4104.17,1,4,4,144,Loyal
C00137,Customer_C00137,Repeat,Agra,83.1,3,2132.89,3,3,2,332,Low Engagement
C01151,Customer_C01151,Repeat,Noida,76.3,2,2022.22,3,2,2,322,Low Engagement
C00507,Customer_C00507,New,Kanpur,251.3,1,2000.0,1,1,2,112,Low Engagement
C02415,Customer_C02415,Repeat,Prayagraj,180.1,4,2599.41,1,4,3,143,Loyal
C02955,Customer_C02955,Repeat,Lucknow,17.1,5,24052.6,5,5,5,555,Champions
C00559,Customer_C00559,Repeat,Prayagraj,110.2,4,6279.32,2,4,4,244,Loyal
C02463,Customer_C02463,Repeat,Noida,78.1,2,5189.19,3,2,4,324,Low Engagement
C02959,Customer_C02959,Repeat,Lucknow,62.3,3,1203.74,3,3,2,332,Low Engagement
C00615,Customer_C00615,New,Agra,251.1,1,599.47,1,1,1,111,Low Engagement
C01892,Customer_C01892,Repeat,Lucknow,152.0,5,20805.16,2,5,5,255,Loyal
C01929,Customer_C01929,Repeat,Prayagraj,1.1,9,10572.7,5,5,5,555,Champions
C01393,Customer_C01393,Repeat,Lucknow,14.1,3,5742.02,5,3,4,534,Loyal
C03086,Customer_C03086,Repeat,Noida,97.1,3,1429.11,3,3,2,332,Low Engagement
C01967,Customer_C01967,Repeat,Noida,43.5,3,2895.1,4,3,3,433,Loyal
C01827,Customer_C01827,Repeat,Jaipur,58.2,4,2531.46,3,4,3,343,Loyal
C01213,Customer_C01213,Repeat,Lucknow,58.2,3,2269.98,3,3,3,333,Loyal
C03478,Customer_C03478,Repeat,Lucknow,104.2,3,2773.43,2,3,3,233,Loyal
C03266,Customer_C03266,Repeat,Noida,68.2,4,4632.61,3,4,4,344,Loyal
C02289,Customer_C02289,Repeat,Gorakhpur,46.3,6,3780.06,4,5,4,454,Champions
C02389,Customer_C02389,Repeat,Kanpur,78.5,7,10954.24,3,5,5,355,Loyal
C02423,Customer_C02423,Repeat,Gorakhpur,45.4,5,21352.66,4,5,5,455,Champions
C00426,Customer_C00426,Repeat,Prayagraj,170.3,2,1503.21,2,2,2,222,At Risk
C03309,Customer_C03309,Repeat,Prayagraj,24.5,4,8824.6,5,4,5,545,Champions
C02782,Customer_C02782,Repeat,Noida,59.1,3,877.08,3,3,1,331,Low Engagement
C02249,Customer_C02249,Repeat,Lucknow,50.1,2,6574.21,4,2,4,424,Potential Loyalists
C01903,Customer_C01903,Repeat,Varanasi,86.4,2,342.16,3,2,1,321,Low Engagement
C03175,Customer_C03175,Repeat,Varanasi,49.1,3,656.67,4,3,1,431,Low Engagement
C00188,Customer_C00188,Repeat,Varanasi,141.3,4,19296.95,2,4,5,245,Loyal
C01508,Customer_C01508,Repeat,Lucknow,95.1,4,3025.91,3,4,3,343,Loyal
C01769,Customer_C01769,Repeat,Agra,39.3,4,10170.45,4,4,5,445,Champions
C01711,Customer_C01711,New,Prayagraj,250.1,1,682.84,1,1,1,111,Low Engagement
C00756,Customer_C00756,Repeat,Agra,16.0,5,4989.23,5,5,4,554,Champions
C00742,Customer_C00742,Repeat,Kanpur,98.3,3,7773.02,3,3,5,335,Loyal
C01342,Customer_C01342,New,Noida,249.5,1,433.67,1,1,1,111,Low Engagement
C01982,Customer_C01982,Repeat,Prayagraj,11.1,2,1913.56,5,2,2,522,Potential Loyalists
C00135,Customer_C00135,Repeat,Agra,94.2,2,4606.38,3,2,4,324,Low Engagement
C03191,Customer_C03191,Repeat,Kanpur,104.5,3,1746.51,2,3,2,232,At Risk
C01069,Customer_C01069,Repeat,Lucknow,24.2,3,5091.28,5,3,4,534,Loyal
C03090,Customer_C03090,Repeat,Noida,105.6,3,3792.85,2,3,4,234,Loyal
C01898,Customer_C01898,New,Prayagraj,249.1,1,152.76,1,1,1,111,Low Engagement
C02195,Customer_C02195,Repeat,Noida,12.4,3,18307.0,5,3,5,535,Loyal
C02829,Customer_C02829,Repeat,Lucknow,39.2,5,9416.37,4,5,5,455,Champions
C03275,Customer_C03275,Repeat,Lucknow,100.4,3,1055.82,2,3,2,232,At Risk
C00257,Customer_C00257,Repeat,Lucknow,163.1,2,2485.96,2,2,3,223,At Risk
C03483,Customer_C03483,Repeat,Jaipur,4.4,3,1835.58,5,3,2,532,Low Engagement
C03471,Customer_C03471,New,Gorakhpur,248.5,1,10370.92,1,1,5,115,Low Engagement
C01378,Customer_C01378,Repeat,Prayagraj,196.1,2,1696.35,1,2,2,122,At Risk
C01678,Customer_C01678,Repeat,Lucknow,43.2,5,7626.33,4,5,5,455,Champions
C03291,Customer_C03291,New,Noida,248.3,1,431.92,1,1,1,111,Low Engagement
C03116,Customer_C03116,Repeat,Patna,66.1,3,9546.48,3,3,5,335,Loyal
C02927,Customer_C02927,Repeat,Agra,108.0,2,851.43,2,2,1,221,At Risk
C03336,Customer_C03336,Repeat,Varanasi,59.1,6,14697.9,3,5,5,355,Loyal
C00367,Customer_C00367,Repeat,Patna,47.2,4,13290.58,4,4,5,445,Champions
C00465,Customer_C00465,Repeat,Noida,44.1,4,7111.79,4,4,4,444,Champions
C03128,Customer_C03128,Repeat,Varanasi,13.2,6,5654.76,5,5,4,554,Champions
C02222,Customer_C02222,Repeat,Prayagraj,2.1,7,14213.81,5,5,5,555,Champions
C00333,Customer_C00333,Repeat,Gorakhpur,5.2,2,694.82,5,2,1,521,Low Engagement
C00180,Customer_C00180,Repeat,Patna,77.3,4,1809.36,3,4,2,342,Low Engagement
C02688,Customer_C02688,Repeat,Noida,40.5,5,20755.37,4,5,5,455,Champions
C01925,Customer_C01925,New,Prayagraj,247.2,1,382.22,1,1,1,111,Low Engagement
C02351,Customer_C02351,Repeat,Gorakhpur,40.0,3,3249.59,4,3,3,433,Loyal
C03458,Customer_C03458,Repeat,Gorakhpur,101.3,2,2235.04,2,2,3,223,At Risk
C02123,Customer_C02123,Repeat,Gorakhpur,27.3,3,7389.24,4,3,5,435,Loyal
C00415,Customer_C00415,Repeat,Prayagraj,0.1,4,4034.22,5,4,4,544,Champions
C01933,Customer_C01933,Repeat,Delhi,134.2,3,1817.44,2,3,2,232,At Risk
C02646,Customer_C02646,Repeat,Kanpur,37.2,3,5933.61,4,3,4,434,Loyal
C00964,Customer_C00964,Repeat,Noida,19.2,4,4011.01,5,4,4,544,Champions
C02129,Customer_C02129,Repeat,Kanpur,154.1,4,2212.26,2,4,3,243,Loyal
C02873,Customer_C02873,Repeat,Delhi,14.6,5,4348.25,5,5,4,554,Champions
C03452,Customer_C03452,Repeat,Delhi,122.2,3,1329.59,2,3,2,232,At Risk
C02038,Customer_C02038,Repeat,Lucknow,145.1,4,14661.69,2,4,5,245,Loyal
C01374,Customer_C01374,Repeat,Noida,83.1,6,4120.05,3,5,4,354,Loyal
C01417,Customer_C01417,Repeat,Lucknow,176.1,2,841.9,1,2,1,121,At Risk
C02616,Customer_C02616,Repeat,Prayagraj,37.1,4,2201.7,4,4,2,442,Low Engagement
C00090,Customer_C00090,Repeat,Prayagraj,51.5,6,12519.64,4,5,5,455,Champions
C01463,Customer_C01463,Repeat,Kanpur,14.1,3,2996.49,5,3,3,533,Loyal
C00657,Customer_C00657,Repeat,Delhi,66.3,4,5683.5,3,4,4,344,Loyal
C01742,Customer_C01742,Repeat,Jaipur,12.3,2,1453.43,5,2,2,522,Potential Loyalists
C03079,Customer_C03079,Repeat,Noida,111.1,3,5405.51,2,3,4,234,Loyal
C02848,Customer_C02848,Repeat,Noida,99.2,2,9512.78,3,2,5,325,Low Engagement
C03299,Customer_C03299,Repeat,Lucknow,108.0,5,3107.62,2,5,3,253,Loyal
C02522,Customer_C02522,Repeat,Gorakhpur,123.0,5,15956.59,2,5,5,255,Loyal
C02800,Customer_C02800,Repeat,Gorakhpur,94.0,4,1911.03,3,4,2,342,Low Engagement
C03300,Customer_C03300,Repeat,Agra,62.0,3,2505.5,3,3,3,333,Loyal
C01539,Customer_C01539,Repeat,Prayagraj,240.2,2,3753.15,1,2,4,124,At Risk
C00398,Customer_C00398,Repeat,Gorakhpur,61.2,5,5550.98,3,5,4,354,Loyal
C03155,Customer_C03155,Repeat,Varanasi,81.0,4,5509.99,3,4,4,344,Loyal
C02595,Customer_C02595,Repeat,Noida,57.1,4,3170.46,3,4,3,343,Loyal
C02297,Customer_C02297,Repeat,Lucknow,156.2,3,2172.76,2,3,2,232,At Risk
C00515,Customer_C00515,Repeat,Prayagraj,94.1,4,1991.88,3,4,2,342,Low Engagement
C01470,Customer_C01470,Repeat,Noida,114.5,5,3715.08,2,5,3,253,Loyal
C03406,Customer_C03406,New,Lucknow,244.3,1,1966.26,1,1,2,112,Low Engagement
C01897,Customer_C01897,Repeat,Prayagraj,24.1,2,1659.53,5,2,2,522,Potential Loyalists
C02287,Customer_C02287,Repeat,Gorakhpur,18.1,4,3215.02,5,4,3,543,Loyal
C02570,Customer_C02570,New,Lucknow,244.1,1,524.95,1,1,1,111,Low Engagement
C03364,Customer_C03364,Repeat,Lucknow,86.2,4,5654.56,3,4,4,344,Loyal
C02371,Customer_C02371,New,Kanpur,243.5,1,345.36,1,1,1,111,Low Engagement
C01902,Customer_C01902,Repeat,Lucknow,116.1,3,1179.49,2,3,2,232,At Risk
C00500,Customer_C00500,Repeat,Kanpur,44.4,3,4709.26,4,3,4,434,Loyal
C02106,Customer_C02106,Repeat,Lucknow,76.6,3,2196.71,3,3,2,332,Low Engagement
C00208,Customer_C00208,Repeat,Noida,69.1,3,2516.01,3,3,3,333,Loyal
C00975,Customer_C00975,Repeat,Varanasi,43.5,4,1862.78,4,4,2,442,Low Engagement
C00543,Customer_C00543,Repeat,Lucknow,173.0,2,460.5,1,2,1,121,At Risk
C03198,Customer_C03198,Repeat,Kanpur,25.1,6,5654.2,5,5,4,554,Champions
C00023,Customer_C00023,Repeat,Noida,76.2,2,627.44,3,2,1,321,Low Engagement
C02452,Customer_C02452,Repeat,Lucknow,78.2,4,4927.06,3,4,4,344,Loyal
C00899,Customer_C00899,Repeat,Lucknow,2.1,3,4047.12,5,3,4,534,Loyal
C00354,Customer_C00354,Repeat,Noida,25.0,5,6229.13,5,5,4,554,Champions
C01021,Customer_C01021,Repeat,Noida,64.1,4,6927.32,3,4,4,344,Loyal
C01117,Customer_C01117,Repeat,Lucknow,78.0,4,3779.31,3,5,4,354,Loyal
C02659,Customer_C02659,Repeat,Lucknow,192.1,2,495.24,1,2,1,121,At Risk
C02121,Customer_C02121,Repeat,Gorakhpur,80.0,2,4323.7,3,2,4,324,Low Engagement
C01616,Customer_C01616,Repeat,Prayagraj,87.6,3,4351.23,3,3,4,334,Loyal
C01388,Customer_C01388,Repeat,Jaipur,126.2,3,7801.38,2,3,5,235,Loyal
C00603,Customer_C00603,Repeat,Lucknow,127.0,3,1303.1,2,3,2,232,At Risk
C02578,Customer_C02578,Repeat,Gorakhpur,61.1,3,4906.15,3,3,4,334,Loyal
C00696,Customer_C00696,Repeat,Kanpur,22.6,3,1003.31,5,3,1,531,Low Engagement
C02750,Customer_C02750,New,Varanasi,242.1,1,739.73,1,1,1,111,Low Engagement
C03427,Customer_C03427,Repeat,Noida,186.4,3,11759.69,1,3,5,135,Loyal
C03209,Customer_C03209,Repeat,Noida,151.0,3,5838.09,2,3,4,234,Loyal
C00691,Customer_C00691,Repeat,Gorakhpur,115.5,3,1883.99,2,3,2,232,At Risk
C02108,Customer_C02108,Repeat,Prayagraj,192.2,2,1320.36,1,2,2,122,At Risk
C03307,Customer_C03307,Repeat,Lucknow,28.2,5,2868.38,4,5,3,453,Loyal
C03206,Customer_C03206,Repeat,Lucknow,43.0,5,2957.29,4,5,3,453,Loyal
C02839,Customer_C02839,Repeat,Prayagraj,78.1,3,13315.17,3,3,5,335,Loyal
C01199,Customer_C01199,New,Gorakhpur,241.4,1,3124.58,1,1,3,113,Low Engagement
C02676,Customer_C02676,Repeat,Noida,188.5,2,4944.07,1,2,4,124,At Risk
C03409,Customer_C03409,Repeat,Noida,55.1,3,7959.09,4,3,5,435,Loyal
C00089,Customer_C00089,Repeat,Noida,83.0,2,5821.17,3,2,4,324,Low Engagement
C02257,Customer_C02257,Repeat,Noida,151.1,2,2771.33,2,2,3,223,At Risk
C03224,Customer_C03224,Repeat,Varanasi,94.3,2,1650.91,3,2,2,322,Low Engagement
C02980,Customer_C02980,Repeat,Lucknow,22.1,4,11670.91,5,5,5,555,Champions
C00385,Customer_C00385,New,Kanpur,240.3,1,423.16,1,1,1,111,Low Engagement
C02348,Customer_C02348,Repeat,Kanpur,7.1,7,5851.57,5,5,4,554,Champions
C01821,Customer_C01821,Repeat,Noida,57.3,4,4674.21,3,5,4,354,Loyal
C02034,Customer_C02034,Repeat,Lucknow,52.0,6,21011.19,4,5,5,455,Champions
C01334,Customer_C01334,Repeat,Noida,129.0,2,6391.87,2,2,4,224,At Risk
C02762,Customer_C02762,Repeat,Jaipur,181.1,3,1544.89,1,3,2,132,At Risk
C01817,Customer_C01817,New,Jaipur,239.5,1,364.51,1,1,1,111,Low Engagement
C00359,Customer_C00359,Repeat,Gorakhpur,104.2,2,3249.68,2,2,3,223,At Risk
C02787,Customer_C02787,Repeat,Lucknow,194.0,3,3055.52,1,3,3,133,Loyal
C01123,Customer_C01123,Repeat,Prayagraj,45.6,4,2549.19,4,5,3,453,Loyal
C03258,Customer_C03258,Repeat,Prayagraj,47.2,2,2667.36,4,2,3,423,Potential Loyalists
C02384,Customer_C02384,Repeat,Gorakhpur,156.2,3,12862.84,2,3,5,235,Loyal
C00295,Customer_C00295,Repeat,Jaipur,159.1,3,1162.42,2,3,2,232,At Risk
C00320,Customer_C00320,Repeat,Noida,127.2,2,683.48,2,2,1,221,At Risk
C02717,Customer_C02717,Repeat,Varanasi,59.0,3,7298.12,3,3,4,334,Loyal
C00942,Customer_C00942,Repeat,Noida,22.1,2,674.36,5,2,1,521,Low Engagement
C02814,Customer_C02814,Repeat,Lucknow,178.0,2,1730.74,1,2,2,122,At Risk
C02663,Customer_C02663,Repeat,Gorakhpur,223.1,2,2456.66,1,2,3,123,At Risk
C01335,Customer_C01335,Repeat,Noida,121.1,2,491.94,2,2,1,221,At Risk
C00910,Customer_C00910,New,Kanpur,238.3,1,498.29,1,1,1,111,Low Engagement
C00352,Customer_C00352,Repeat,Gorakhpur,166.3,4,11071.13,2,5,5,255,Loyal
C02769,Customer_C02769,Repeat,Noida,20.1,7,7130.61,5,5,4,554,Champions
C00496,Customer_C00496,Repeat,Prayagraj,204.3,2,348.92,1,2,1,121,At Risk
C02483,Customer_C02483,Repeat,Gorakhpur,73.1,2,9084.92,3,2,5,325,Low Engagement
C00687,Customer_C00687,Repeat,Agra,28.2,3,2391.49,4,3,3,433,Loyal
C00523,Customer_C00523,New,Varanasi,238.1,1,324.9,1,1,1,111,Low Engagement
C01435,Customer_C01435,Repeat,Delhi,35.0,4,1287.77,4,5,2,452,Low Engagement
C01555,Customer_C01555,Repeat,Kanpur,56.5,3,1053.77,4,3,2,432,Low Engagement
C02847,Customer_C02847,Repeat,Gorakhpur,17.1,3,2972.72,5,3,3,533,Loyal
C02273,Customer_C02273,Repeat,Varanasi,26.1,2,475.19,4,2,1,421,Low Engagement
C02093,Customer_C02093,Repeat,Kanpur,188.0,3,8587.08,1,3,5,135,Loyal
C00591,Customer_C00591,Repeat,Agra,36.0,3,17308.23,4,3,5,435,Loyal
C00751,Customer_C00751,Repeat,Noida,36.2,2,5641.3,4,2,4,424,Potential Loyalists
C02362,Customer_C02362,New,Varanasi,237.0,1,5348.06,1,1,4,114,Low Engagement
C00821,Customer_C00821,Repeat,Agra,7.4,4,18651.0,5,5,5,555,Champions
C02217,Customer_C02217,Repeat,Patna,51.5,3,2685.01,4,3,3,433,Loyal
C01344,Customer_C01344,Repeat,Prayagraj,32.1,4,2536.57,4,5,3,453,Loyal
C00483,Customer_C00483,Repeat,Varanasi,32.2,8,7115.18,4,5,4,454,Champions
C00588,Customer_C00588,Repeat,Jaipur,165.0,2,3964.0,2,2,4,224,At Risk
C01220,Customer_C01220,Repeat,Noida,43.5,4,6999.58,4,5,4,454,Champions
C03159,Customer_C03159,Repeat,Noida,97.0,2,697.91,3,2,1,321,Low Engagement
C02952,Customer_C02952,Repeat,Gorakhpur,100.1,2,15444.38,2,2,5,225,At Risk
C02824,Customer_C02824,Repeat,Noida,149.1,2,991.66,2,2,1,221,At Risk
C00372,Customer_C00372,New,Gorakhpur,236.1,1,993.42,1,1,1,111,Low Engagement
C02336,Customer_C02336,Repeat,Lucknow,48.2,3,907.12,4,3,1,431,Low Engagement
C03340,Customer_C03340,Repeat,Lucknow,3.1,4,14014.74,5,5,5,555,Champions
C02610,Customer_C02610,Repeat,Lucknow,47.1,4,7048.71,4,5,4,454,Champions
C02469,Customer_C02469,New,Jaipur,236.1,1,9905.56,1,1,5,115,Low Engagement
C03056,Customer_C03056,Repeat,Kanpur,2.1,4,1126.36,5,5,2,552,Low Engagement
C02507,Customer_C02507,Repeat,Noida,66.2,4,12953.22,3,5,5,355,Loyal
C01941,Customer_C01941,Repeat,Agra,54.1,2,1989.74,4,2,2,422,Potential Loyalists
C00666,Customer_C00666,Repeat,Kanpur,17.1,3,2242.13,5,3,3,533,Loyal
C02611,Customer_C02611,Repeat,Prayagraj,1.0,2,738.87,5,2,1,521,Low Engagement
C01375,Customer_C01375,Repeat,Jaipur,25.1,4,5990.12,5,5,4,554,Champions
C00772,Customer_C00772,Repeat,Lucknow,23.2,4,3049.18,5,5,3,553,Loyal
C03199,Customer_C03199,Repeat,Lucknow,140.0,5,13590.05,2,5,5,255,Loyal
C03297,Customer_C03297,Repeat,Jaipur,33.1,2,4684.49,4,2,4,424,Potential Loyalists
C00343,Customer_C00343,Repeat,Noida,67.5,2,3926.8,3,2,4,324,Low Engagement
C00967,Customer_C00967,Repeat,Varanasi,178.4,2,722.93,1,2,1,121,At Risk
C01116,Customer_C01116,Repeat,Kanpur,38.1,4,2240.8,4,5,3,453,Loyal
C01057,Customer_C01057,New,Lucknow,235.0,1,425.65,1,1,1,111,Low Engagement
C00277,Customer_C00277,Repeat,Jaipur,32.1,2,3632.88,4,2,3,423,Potential Loyalists
C02606,Customer_C02606,Repeat,Prayagraj,140.2,2,4726.36,2,2,4,224,At Risk
C01937,Customer_C01937,New,Prayagraj,234.3,1,363.79,1,1,1,111,Low Engagement
C03256,Customer_C03256,New,Lucknow,234.2,1,1399.2,1,1,2,112,Low Engagement
C03392,Customer_C03392,Repeat,Prayagraj,152.2,2,760.24,2,2,1,221,At Risk
C03197,Customer_C03197,New,Prayagraj,234.2,1,729.24,1,1,1,111,Low Engagement
C00929,Customer_C00929,Repeat,Lucknow,0.1,4,13429.74,5,5,5,555,Champions
C02342,Customer_C02342,Repeat,Noida,58.4,2,6315.92,3,2,4,324,Low Engagement
C02893,Customer_C02893,Repeat,Kanpur,25.0,2,7341.06,5,2,5,525,Potential Loyalists
C03424,Customer_C03424,Repeat,Agra,49.3,4,8110.56,4,5,5,455,Champions
C00620,Customer_C00620,Repeat,Gorakhpur,7.0,5,5897.17,5,5,4,554,Champions
C01585,Customer_C01585,Repeat,Lucknow,150.4,2,1185.04,2,2,2,222,At Risk
C02727,Customer_C02727,Repeat,Lucknow,11.4,4,3614.27,5,5,3,553,Loyal
C03046,Customer_C03046,New,Prayagraj,233.2,1,168.84,1,1,1,111,Low Engagement
C00578,Customer_C00578,Repeat,Gorakhpur,4.1,5,10103.25,5,5,5,555,Champions
C03477,Customer_C03477,Repeat,Kanpur,26.1,3,3600.35,4,3,3,433,Loyal
C00225,Customer_C00225,New,Gorakhpur,233.2,1,2497.1,1,1,3,113,Low Engagement
C02302,Customer_C02302,Repeat,Gorakhpur,53.6,2,5123.85,4,2,4,424,Potential Loyalists
C00877,Customer_C00877,Repeat,Patna,14.2,3,1795.47,5,3,2,532,Low Engagement
C01221,Customer_C01221,Repeat,Noida,25.1,4,5314.67,5,5,4,554,Champions
C02165,Customer_C02165,Repeat,Noida,16.1,2,3135.48,5,2,3,523,Potential Loyalists
C01810,Customer_C01810,New,Jaipur,233.1,1,574.31,1,1,1,111,Low Engagement
C00891,Customer_C00891,Repeat,Kanpur,124.2,2,1540.05,2,2,2,222,At Risk
C01124,Customer_C01124,Repeat,Lucknow,21.6,5,2138.24,5,5,2,552,Low Engagement
C01535,Customer_C01535,Repeat,Delhi,6.2,3,3180.89,5,3,3,533,Loyal
C02603,Customer_C02603,Repeat,Kanpur,63.0,2,466.77,3,2,1,321,Low Engagement
C00706,Customer_C00706,Repeat,Gorakhpur,54.1,5,14620.36,4,5,5,455,Champions
C00034,Customer_C00034,Repeat,Gorakhpur,12.2,3,2525.68,5,3,3,533,Loyal
C01492,Customer_C01492,Repeat,Lucknow,30.0,4,7844.04,4,5,5,455,Champions
C03278,Customer_C03278,Repeat,Prayagraj,5.3,4,10017.18,5,5,5,555,Champions
C02856,Customer_C02856,Repeat,Lucknow,65.1,4,13784.92,3,5,5,355,Loyal
C02926,Customer_C02926,Repeat,Lucknow,81.2,2,1610.84,3,2,2,322,Low Engagement
C00438,Customer_C00438,Repeat,Gorakhpur,52.1,3,2912.68,4,3,3,433,Loyal
C01159,Customer_C01159,Repeat,Noida,7.1,4,11418.03,5,5,5,555,Champions
C02940,Customer_C02940,New,Agra,231.2,1,470.48,1,1,1,111,Low Engagement
C01741,Customer_C01741,Repeat,Prayagraj,177.1,2,895.75,1,2,1,121,At Risk
C01642,Customer_C01642,New,Lucknow,231.2,1,608.69,1,1,1,111,Low Engagement
C01873,Customer_C01873,Repeat,Lucknow,224.1,2,1408.13,1,2,2,122,At Risk
C02085,Customer_C02085,New,Lucknow,231.1,1,1000.64,1,1,1,111,Low Engagement
C00169,Customer_C00169,Repeat,Gorakhpur,81.1,4,3508.03,3,5,3,353,Loyal
C01367,Customer_C01367,Repeat,Lucknow,81.2,2,547.45,3,2,1,321,Low Engagement
C00133,Customer_C00133,Repeat,Gorakhpur,84.1,5,6287.56,3,5,4,354,Loyal
C03345,Customer_C03345,Repeat,Prayagraj,3.0,3,1923.82,5,3,2,532,Low Engagement
C00390,Customer_C00390,Repeat,Prayagraj,139.2,3,1884.28,2,3,2,232,At Risk
C00128,Customer_C00128,Repeat,Lucknow,172.3,3,2815.87,1,3,3,133,Loyal
C02888,Customer_C02888,New,Gorakhpur,230.0,1,627.7,1,1,1,111,Low Engagement
C01536,Customer_C01536,Repeat,Lucknow,103.2,2,1111.82,2,2,2,222,At Risk
C01202,Customer_C01202,Repeat,Noida,82.2,4,10206.25,3,5,5,355,Loyal
C02221,Customer_C02221,Repeat,Noida,204.0,3,956.54,1,3,1,131,At Risk
C02686,Customer_C02686,Repeat,Lucknow,160.0,2,1865.51,2,2,2,222,At Risk
C03404,Customer_C03404,Repeat,Jaipur,75.2,3,2360.35,3,3,3,333,Loyal
C02481,Customer_C02481,Repeat,Agra,88.1,3,1122.38,3,3,2,332,Low Engagement
C00803,Customer_C00803,Repeat,Prayagraj,40.3,4,2945.92,4,5,3,453,Loyal
C02100,Customer_C02100,Repeat,Agra,104.2,5,1722.2,2,5,2,252,At Risk
C02567,Customer_C02567,New,Lucknow,229.0,1,3505.12,1,1,3,113,Low Engagement
C01963,Customer_C01963,New,Noida,229.0,1,134.98,1,1,1,111,Low Engagement
C03381,Customer_C03381,New,Varanasi,229.0,1,1914.77,1,1,2,112,Low Engagement
C02407,Customer_C02407,Repeat,Prayagraj,56.4,3,3325.67,4,3,3,433,Loyal
C01661,Customer_C01661,Repeat,Kanpur,166.1,3,10482.53,2,3,5,235,Loyal
C00840,Customer_C00840,Repeat,Lucknow,141.2,2,999.92,2,2,1,221,At Risk
C00587,Customer_C00587,Repeat,Noida,25.2,4,2052.91,5,5,2,552,Low Engagement
C00097,Customer_C00097,Repeat,Lucknow,115.1,3,8460.69,2,3,5,235,Loyal
C03387,Customer_C03387,Repeat,Prayagraj,22.0,3,1347.87,5,3,2,532,Low Engagement
C03028,Customer_C03028,Repeat,Lucknow,52.2,3,5611.86,4,3,4,434,Loyal
C01172,Customer_C01172,Repeat,Kanpur,148.2,3,1882.64,2,3,2,232,At Risk
C01663,Customer_C01663,Repeat,Gorakhpur,177.2,2,3308.66,1,2,3,123,At Risk
C01847,Customer_C01847,Repeat,Lucknow,170.1,2,1633.45,2,2,2,222,At Risk
C01421,Customer_C01421,Repeat,Prayagraj,88.3,4,1790.87,3,5,2,352,Low Engagement
C00801,Customer_C00801,Repeat,Gorakhpur,2.1,5,5237.73,5,5,4,554,Champions
C03377,Customer_C03377,Repeat,Agra,2.1,4,3262.45,5,5,3,553,Loyal
C00211,Customer_C00211,Repeat,Prayagraj,199.2,2,1758.75,1,2,2,122,At Risk
C01460,Customer_C01460,New,Noida,227.2,1,363.8,1,1,1,111,Low Engagement
C00568,Customer_C00568,Repeat,Noida,145.0,4,17709.94,2,5,5,255,Loyal
C02357,Customer_C02357,Repeat,Agra,135.2,2,2257.1,2,2,3,223,At Risk
C03444,Customer_C03444,Repeat,Lucknow,27.2,5,3827.14,4,5,4,454,Champions
C03098,Customer_C03098,Repeat,Jaipur,26.3,6,5435.98,4,5,4,454,Champions
C00612,Customer_C00612,Repeat,Kanpur,175.5,2,1835.61,1,2,2,122,At Risk
C02122,Customer_C02122,Repeat,Gorakhpur,74.2,3,2019.29,3,3,2,332,Low Engagement
C00835,Customer_C00835,Repeat,Gorakhpur,103.0,3,6949.72,2,3,4,234,Loyal
C00743,Customer_C00743,Repeat,Gorakhpur,50.5,3,4407.42,4,3,4,434,Loyal
C01241,Customer_C01241,Repeat,Kanpur,115.1,4,2755.43,2,5,3,253,Loyal
C02868,Customer_C02868,Repeat,Prayagraj,95.2,4,2424.34,3,5,3,353,Loyal
C02270,Customer_C02270,Repeat,Prayagraj,32.1,3,3436.68,4,3,3,433,Loyal
C02324,Customer_C02324,Repeat,Jaipur,11.1,3,10941.58,5,3,5,535,Loyal
C02515,Customer_C02515,Repeat,Varanasi,29.0,5,8831.61,4,5,5,455,Champions
C00468,Customer_C00468,Repeat,Jaipur,69.5,4,11202.1,3,5,5,355,Loyal
C00907,Customer_C00907,New,Varanasi,225.4,1,758.31,1,1,1,111,Low Engagement
C01943,Customer_C01943,Repeat,Varanasi,92.4,2,1579.15,3,2,2,322,Low Engagement
C00423,Customer_C00423,Repeat,Varanasi,3.2,3,2942.33,5,3,3,533,Loyal
C03073,Customer_C03073,Repeat,Agra,0.4,6,4862.85,5,5,4,554,Champions
C01668,Customer_C01668,New,Prayagraj,225.2,1,549.67,1,1,1,111,Low Engagement
C02817,Customer_C02817,Repeat,Lucknow,8.1,4,9166.99,5,5,5,555,Champions
C02120,Customer_C02120,Repeat,Noida,125.1,2,15112.11,2,2,5,225,At Risk
C00473,Customer_C00473,Repeat,Varanasi,106.0,4,4501.66,2,5,4,254,Loyal
C02279,Customer_C02279,Repeat,Lucknow,155.1,2,2287.05,2,2,3,223,At Risk
C03376,Customer_C03376,Repeat,Lucknow,70.5,5,10882.25,3,5,5,355,Loyal
C02380,Customer_C02380,Repeat,Kanpur,126.5,5,14139.58,2,5,5,255,Loyal
C03408,Customer_C03408,Repeat,Prayagraj,190.2,2,1554.19,1,2,2,122,At Risk
C00564,Customer_C00564,Repeat,Kanpur,120.2,2,5405.0,2,2,4,224,At Risk
C00037,Customer_C00037,Repeat,Noida,57.1,2,641.19,3,2,1,321,Low Engagement
C00106,Customer_C00106,Repeat,Patna,38.3,3,7656.83,4,3,5,435,Loyal
C00770,Customer_C00770,Repeat,Kanpur,149.0,3,3054.17,2,3,3,233,Loyal
C01857,Customer_C01857,Repeat,Gorakhpur,16.1,4,4424.35,5,5,4,554,Champions
C00218,Customer_C00218,Repeat,Noida,102.2,4,18842.77,2,5,5,255,Loyal
C01722,Customer_C01722,Repeat,Lucknow,23.2,2,2387.16,5,2,3,523,Potential Loyalists
C00805,Customer_C00805,Repeat,Noida,53.5,2,14740.23,4,2,5,425,Potential Loyalists
C01912,Customer_C01912,Repeat,Agra,76.1,3,7889.63,3,3,5,335,Loyal
C00391,Customer_C00391,Repeat,Kanpur,61.2,3,12068.23,3,3,5,335,Loyal
C03403,Customer_C03403,Repeat,Lucknow,10.1,2,1255.92,5,2,2,522,Potential Loyalists
C02139,Customer_C02139,New,Gorakhpur,222.2,1,1026.16,1,1,1,111,Low Engagement
C01135,Customer_C01135,Repeat,Agra,38.1,4,6113.02,4,5,4,454,Champions
C02172,Customer_C02172,Repeat,Agra,164.0,2,1580.97,2,2,2,222,At Risk
C03029,Customer_C03029,Repeat,Lucknow,58.1,3,1833.55,3,3,2,332,Low Engagement
C02931,Customer_C02931,Repeat,Noida,45.1,3,3568.71,4,3,3,433,Loyal
C03328,Customer_C03328,Repeat,Jaipur,23.2,3,3833.31,5,3,4,534,Loyal
C00651,Customer_C00651,Repeat,Prayagraj,188.1,3,2787.28,1,3,3,133,Loyal
C03024,Customer_C03024,Repeat,Varanasi,5.1,3,2344.03,5,3,3,533,Loyal
C00261,Customer_C00261,Repeat,Delhi,27.4,3,2743.25,4,3,3,433,Loyal
C01713,Customer_C01713,Repeat,Lucknow,49.5,4,4508.09,4,5,4,454,Champions
C01523,Customer_C01523,Repeat,Agra,34.3,2,5667.39,4,2,4,424,Potential Loyalists
C00636,Customer_C00636,Repeat,Lucknow,43.2,2,1235.88,4,2,2,422,Potential Loyalists
C03235,Customer_C03235,Repeat,Jaipur,125.5,3,474.91,2,3,1,231,At Risk
C01996,Customer_C01996,New,Gorakhpur,220.2,1,1280.7,1,1,2,112,Low Engagement
C02733,Customer_C02733,New,Noida,220.1,1,517.51,1,1,1,111,Low Engagement
C03255,Customer_C03255,New,Gorakhpur,220.0,1,187.54,1,1,1,111,Low Engagement
C00356,Customer_C00356,Repeat,Gorakhpur,42.2,3,17834.83,4,3,5,435,Loyal
C02136,Customer_C02136,Repeat,Noida,23.2,3,3783.2,5,3,4,534,Loyal
C00997,Customer_C00997,Repeat,Prayagraj,180.1,3,871.47,1,4,1,141,At Risk
C03080,Customer_C03080,Repeat,Agra,150.1,2,2379.61,2,2,3,223,At Risk
C02855,Customer_C02855,Repeat,Prayagraj,51.2,4,1777.24,4,5,2,452,Low Engagement
C02506,Customer_C02506,Repeat,Prayagraj,163.1,3,3318.38,2,4,3,243,Loyal
C01111,Customer_C01111,Repeat,Lucknow,43.1,5,5458.22,4,5,4,454,Champions
C00688,Customer_C00688,Repeat,Lucknow,27.2,7,3094.36,4,5,3,453,Loyal
C02653,Customer_C02653,Repeat,Gorakhpur,176.1,3,2547.65,1,4,3,143,Loyal
C01662,Customer_C01662,Repeat,Jaipur,120.0,2,6635.82,2,2,4,224,At Risk
C00959,Customer_C00959,Repeat,Kanpur,10.3,4,1879.85,5,5,2,552,Low Engagement
C02352,Customer_C02352,Repeat,Agra,124.0,2,2272.36,2,2,3,223,At Risk
C03153,Customer_C03153,Repeat,Lucknow,2.2,6,8068.7,5,5,5,555,Champions
C03400,Customer_C03400,Repeat,Noida,64.1,3,4652.42,3,4,4,344,Loyal
C00304,Customer_C00304,New,Varanasi,218.4,1,5402.4,1,1,4,114,Low Engagement
C03222,Customer_C03222,New,Noida,218.3,1,1515.7,1,1,2,112,Low Engagement
C02654,Customer_C02654,Repeat,Gorakhpur,124.1,2,15801.58,2,2,5,225,At Risk
C03037,Customer_C03037,Repeat,Prayagraj,128.1,3,4118.1,2,4,4,244,Loyal
C02777,Customer_C02777,Repeat,Lucknow,64.1,4,8567.14,3,5,5,355,Loyal
C00401,Customer_C00401,Repeat,Jaipur,7.2,3,7819.42,5,4,5,545,Champions
C01557,Customer_C01557,New,Gorakhpur,218.2,1,150.0,1,1,1,111,Low Engagement
C01428,Customer_C01428,Repeat,Lucknow,37.2,4,5940.92,4,5,4,454,Champions
C00841,Customer_C00841,New,Kanpur,218.1,1,324.21,1,1,1,111,Low Engagement
C02771,Customer_C02771,Repeat,Lucknow,40.2,3,3020.98,4,4,3,443,Loyal
C02628,Customer_C02628,Repeat,Agra,10.1,2,5133.53,5,2,4,524,Potential Loyalists
C01303,Customer_C01303,New,Jaipur,217.2,1,263.32,1,1,1,111,Low Engagement
C02314,Customer_C02314,Repeat,Kanpur,83.2,3,2869.66,3,4,3,343,Loyal
C00779,Customer_C00779,Repeat,Varanasi,22.5,3,4208.57,5,4,4,544,Champions
C02846,Customer_C02846,Repeat,Agra,150.1,2,912.25,2,2,1,221,At Risk
C02015,Customer_C02015,Repeat,Noida,158.1,2,2167.71,2,2,2,222,At Risk
C01203,Customer_C01203,Repeat,Agra,141.5,3,7911.22,2,4,5,245,Loyal
C03268,Customer_C03268,New,Patna,217.1,1,762.71,1,1,1,111,Low Engagement
C03000,Customer_C03000,Repeat,Gorakhpur,92.0,4,16812.44,3,5,5,355,Loyal
C00938,Customer_C00938,Repeat,Gorakhpur,8.2,4,4773.73,5,5,4,554,Champions
C01244,Customer_C01244,Repeat,Kanpur,7.1,5,3294.21,5,5,3,553,Loyal
C00584,Customer_C00584,Repeat,Kanpur,26.0,3,650.09,4,4,1,441,Low Engagement
C03061,Customer_C03061,Repeat,Noida,97.1,4,3223.26,3,5,3,353,Loyal
C03137,Customer_C03137,Repeat,Noida,108.2,4,3500.69,2,5,3,253,Loyal
C00790,Customer_C00790,Repeat,Delhi,27.2,4,4551.92,4,5,4,454,Champions
C00678,Customer_C00678,New,Gorakhpur,216.1,1,5780.34,1,1,4,114,Low Engagement
C00172,Customer_C00172,Repeat,Gorakhpur,63.1,3,2995.74,3,4,3,343,Loyal
C00471,Customer_C00471,Repeat,Prayagraj,84.4,2,1014.81,3,2,1,321,Low Engagement
C03341,Customer_C03341,Repeat,Lucknow,88.3,3,826.4,3,4,1,341,Low Engagement
C02623,Customer_C02623,Repeat,Prayagraj,107.1,4,2541.63,2,5,3,253,Loyal
C01942,Customer_C01942,Repeat,Lucknow,23.4,2,992.44,5,2,1,521,Low Engagement
C01212,Customer_C01212,Repeat,Gorakhpur,104.1,2,3715.99,2,2,3,223,At Risk
C02564,Customer_C02564,Repeat,Lucknow,184.6,3,2233.06,1,4,3,143,Loyal
C01761,Customer_C01761,Repeat,Jaipur,0.1,2,1064.26,5,2,2,522,Potential Loyalists
C00173,Customer_C00173,Repeat,Lucknow,45.0,4,5449.5,4,5,4,454,Champions
C02135,Customer_C02135,New,Patna,215.1,1,581.91,1,1,1,111,Low Engagement
C01056,Customer_C01056,Repeat,Prayagraj,54.2,4,3712.33,4,5,3,453,Loyal
C01425,Customer_C01425,New,Kanpur,214.6,1,640.43,1,1,1,111,Low Engagement
C02615,Customer_C02615,Repeat,Prayagraj,2.4,4,2856.93,5,5,3,553,Loyal
C00676,Customer_C00676,New,Kanpur,214.4,1,1688.3,1,1,2,112,Low Engagement
C00006,Customer_C00006,New,Kanpur,214.3,1,357.31,1,1,1,111,Low Engagement
C03445,Customer_C03445,Repeat,Lucknow,15.3,4,2893.86,5,5,3,553,Loyal
C02395,Customer_C02395,Repeat,Jaipur,9.2,4,4643.89,5,5,4,554,Champions
C00389,Customer_C00389,Repeat,Prayagraj,1.0,5,2267.42,5,5,3,553,Loyal
C00825,Customer_C00825,Repeat,Noida,189.1,2,3770.86,1,2,4,124,At Risk
C03060,Customer_C03060,New,Agra,214.1,1,826.5,1,1,1,111,Low Engagement
C03117,Customer_C03117,Repeat,Lucknow,52.2,3,3063.9,4,4,3,443,Loyal
C02211,Customer_C02211,Repeat,Patna,69.5,2,2170.78,3,2,2,322,Low Engagement
C00854,Customer_C00854,Repeat,Agra,111.3,2,3948.52,2,2,4,224,At Risk
C01351,Customer_C01351,Repeat,Lucknow,66.3,4,3995.69,3,5,4,354,Loyal
C03305,Customer_C03305,Repeat,Noida,72.2,4,2362.55,3,5,3,353,Loyal
C03500,Customer_C03500,Repeat,Lucknow,115.4,6,4782.96,2,5,4,254,Loyal
C02355,Customer_C02355,Repeat,Agra,59.3,3,2444.97,3,4,3,343,Loyal
C00809,Customer_C00809,Repeat,Prayagraj,115.0,2,207.19,2,2,1,221,At Risk
C02033,Customer_C02033,Repeat,Noida,11.0,3,7030.19,5,4,4,544,Champions
C02058,Customer_C02058,New,Lucknow,213.1,1,812.22,1,1,1,111,Low Engagement
C00677,Customer_C00677,New,Jaipur,213.1,1,4066.74,1,1,4,114,Low Engagement
C02818,Customer_C02818,Repeat,Lucknow,123.2,2,1548.74,2,2,2,222,At Risk
C03426,Customer_C03426,New,Delhi,213.1,1,1159.64,1,1,2,112,Low Engagement
C02819,Customer_C02819,Repeat,Kanpur,63.1,2,507.04,3,2,1,321,Low Engagement
C01553,Customer_C01553,Repeat,Agra,140.2,2,409.88,2,2,1,221,At Risk
C02781,Customer_C02781,New,Noida,212.3,1,8079.15,1,1,5,115,Low Engagement
C01274,Customer_C01274,Repeat,Kanpur,36.2,2,10468.64,4,2,5,425,Potential Loyalists
C03184,Customer_C03184,Repeat,Lucknow,88.0,5,15649.54,3,5,5,355,Loyal
C01687,Customer_C01687,New,Agra,212.1,1,445.97,1,1,1,111,Low Engagement
C00727,Customer_C00727,Repeat,Kanpur,28.2,4,14555.58,4,5,5,455,Champions
C00491,Customer_C00491,Repeat,Kanpur,35.1,4,24257.31,4,5,5,455,Champions
C02042,Customer_C02042,Repeat,Kanpur,46.0,3,4019.59,4,4,4,444,Champions
C02282,Customer_C02282,Repeat,Varanasi,102.4,2,5073.28,2,2,4,224,At Risk
C03322,Customer_C03322,Repeat,Noida,0.1,4,3411.53,5,5,3,553,Loyal
C01414,Customer_C01414,Repeat,Gorakhpur,126.0,2,8862.94,2,2,5,225,At Risk
C02051,Customer_C02051,Repeat,Noida,53.2,3,5648.42,4,4,4,444,Champions
C02382,Customer_C02382,Repeat,Prayagraj,99.0,3,2919.98,3,4,3,343,Loyal
C00680,Customer_C00680,New,Lucknow,210.2,1,210.2,1,1,1,111,Low Engagement
C00283,Customer_C00283,Repeat,Gorakhpur,71.5,3,2896.47,3,4,3,343,Loyal
C03282,Customer_C03282,Repeat,Patna,68.1,5,2883.81,3,5,3,353,Loyal
C02698,Customer_C02698,New,Kanpur,209.6,1,1116.55,1,1,2,112,Low Engagement
C00049,Customer_C00049,Repeat,Agra,27.1,3,3760.2,4,4,4,444,Champions
C00439,Customer_C00439,Repeat,Lucknow,48.0,2,5186.41,4,2,4,424,Potential Loyalists
C01641,Customer_C01641,New,Lucknow,209.2,1,1745.26,1,1,2,112,Low Engagement
C00114,Customer_C00114,Repeat,Noida,23.1,4,2431.95,5,5,3,553,Loyal
C00221,Customer_C00221,New,Agra,209.1,1,781.76,1,1,1,111,Low Engagement
C02772,Customer_C02772,Repeat,Lucknow,8.1,3,12271.27,5,4,5,545,Champions
C01859,Customer_C01859,Repeat,Noida,4.3,4,1183.6,5,5,2,552,Low Engagement
C03339,Customer_C03339,Repeat,Lucknow,56.1,3,1027.74,4,4,1,441,Low Engagement
C00080,Customer_C00080,New,Kanpur,208.6,1,422.78,1,1,1,111,Low Engagement
C03074,Customer_C03074,Repeat,Prayagraj,19.1,6,5734.7,5,5,4,554,Champions
C03143,Customer_C03143,New,Lucknow,208.2,1,400.56,1,1,1,111,Low Engagement
C03010,Customer_C03010,Repeat,Lucknow,67.1,5,23402.77,3,5,5,355,Loyal
C01787,Customer_C01787,Repeat,Varanasi,20.2,3,3606.46,5,4,3,543,Loyal
C02544,Customer_C02544,Repeat,Kanpur,198.2,2,7360.0,1,2,5,125,At Risk
C02091,Customer_C02091,New,Gorakhpur,208.1,1,907.81,1,1,1,111,Low Engagement
C03415,Customer_C03415,Repeat,Kanpur,74.3,2,1750.38,3,2,2,322,Low Engagement
C01895,Customer_C01895,Repeat,Jaipur,93.4,4,1630.21,3,5,2,352,Low Engagement
C03356,Customer_C03356,New,Noida,207.5,1,1068.4,1,1,2,112,Low Engagement
C00060,Customer_C00060,Repeat,Noida,81.5,4,4817.29,3,5,4,354,Loyal
C00558,Customer_C00558,Repeat,Lucknow,75.4,5,6762.6,3,5,4,354,Loyal
C03188,Customer_C03188,Repeat,Lucknow,118.5,2,19458.02,2,2,5,225,At Risk
C00138,Customer_C00138,Repeat,Noida,65.2,3,16250.51,3,4,5,345,Loyal
C01780,Customer_C01780,Repeat,Gorakhpur,124.0,3,1494.77,2,4,2,242,At Risk
C00935,Customer_C00935,Repeat,Noida,16.2,2,5264.6,5,2,4,524,Potential Loyalists
C00098,Customer_C00098,New,Lucknow,206.6,1,311.8,1,1,1,111,Low Engagement
C00340,Customer_C00340,Repeat,Lucknow,109.4,2,2212.9,2,2,3,223,At Risk
C03491,Customer_C03491,Repeat,Lucknow,101.0,5,5722.55,2,5,4,254,Loyal
C02313,Customer_C02313,New,Prayagraj,206.2,1,265.95,1,1,1,111,Low Engagement
C03288,Customer_C03288,New,Prayagraj,206.2,1,505.81,1,1,1,111,Low Engagement
C00813,Customer_C00813,Repeat,Lucknow,41.1,3,831.24,4,4,1,441,Low Engagement
C00598,Customer_C00598,Repeat,Lucknow,168.1,4,4429.79,2,5,4,254,Loyal
C01261,Customer_C01261,Repeat,Prayagraj,33.1,4,1744.9,4,5,2,452,Low Engagement
C00274,Customer_C00274,Repeat,Noida,3.2,3,1093.62,5,4,2,542,Low Engagement
C02311,Customer_C02311,Repeat,Lucknow,8.6,3,5682.36,5,4,4,544,Champions
C01292,Customer_C01292,Repeat,Patna,187.1,2,694.85,1,2,1,121,At Risk
C01173,Customer_C01173,Repeat,Prayagraj,149.0,2,2395.73,2,2,3,223,At Risk
C01137,Customer_C01137,New,Varanasi,205.1,1,866.91,1,1,1,111,Low Engagement
C02875,Customer_C02875,New,Jaipur,205.1,1,857.99,1,1,1,111,Low Engagement
C03461,Customer_C03461,Repeat,Kanpur,59.0,5,2697.74,3,5,3,353,Loyal
C00852,Customer_C00852,Repeat,Noida,25.1,2,731.75,5,2,1,521,Low Engagement
C02022,Customer_C02022,Repeat,Prayagraj,34.1,2,719.97,4,2,1,421,Low Engagement
C01930,Customer_C01930,New,Noida,204.5,1,718.86,1,1,1,111,Low Engagement
C00201,Customer_C00201,New,Agra,204.5,1,795.7,1,1,1,111,Low Engagement
C01400,Customer_C01400,Repeat,Prayagraj,29.2,2,4413.67,4,2,4,424,Potential Loyalists
C01776,Customer_C01776,New,Kanpur,204.4,1,2630.58,1,1,3,113,Low Engagement
C00042,Customer_C00042,Repeat,Noida,143.2,2,973.87,2,2,1,221,At Risk
C00256,Customer_C00256,Repeat,Gorakhpur,95.2,4,11674.45,3,5,5,355,Loyal
C00453,Customer_C00453,Repeat,Agra,129.0,2,2067.61,2,2,2,222,At Risk
C02725,Customer_C02725,Repeat,Varanasi,19.2,2,4892.7,5,2,4,524,Potential Loyalists
C00443,Customer_C00443,Repeat,Agra,45.2,3,2150.51,4,4,2,442,Low Engagement
C01620,Customer_C01620,New,Prayagraj,204.0,1,1475.12,1,1,2,112,Low Engagement
C00787,Customer_C00787,Repeat,Lucknow,4.2,3,6808.2,5,4,4,544,Champions
C03039,Customer_C03039,Repeat,Lucknow,21.5,4,3265.11,5,5,3,553,Loyal
C02237,Customer_C02237,Repeat,Lucknow,81.0,5,4702.0,3,5,4,354,Loyal
C01379,Customer_C01379,Repeat,Varanasi,106.0,3,4284.17,2,4,4,244,Loyal
C02437,Customer_C02437,Repeat,Prayagraj,41.5,2,1347.67,4,2,2,422,Potential Loyalists
C02400,Customer_C02400,New,Lucknow,203.2,1,259.25,1,1,1,111,Low Engagement
C01664,Customer_C01664,Repeat,Varanasi,181.2,2,19982.87,1,2,5,125,At Risk
C01691,Customer_C01691,New,Agra,203.1,1,264.14,1,1,1,111,Low Engagement
C02488,Customer_C02488,Repeat,Lucknow,108.5,4,1694.95,2,5,2,252,At Risk
C03436,Customer_C03436,Repeat,Kanpur,12.0,5,12900.45,5,5,5,555,Champions
C03230,Customer_C03230,Repeat,Lucknow,41.1,5,7724.23,4,5,5,455,Champions
C01363,Customer_C01363,Repeat,Kanpur,35.3,3,2705.47,4,4,3,443,Loyal
C02029,Customer_C02029,Repeat,Lucknow,21.3,3,6779.0,5,4,4,544,Champions
C01639,Customer_C01639,Repeat,Patna,64.2,3,750.5,3,4,1,341,Low Engagement
C01816,Customer_C01816,Repeat,Noida,110.2,2,1113.22,2,2,2,222,At Risk
C00843,Customer_C00843,Repeat,Prayagraj,7.2,3,2763.34,5,4,3,543,Loyal
C03132,Customer_C03132,Repeat,Prayagraj,3.2,3,3173.25,5,4,3,543,Loyal
C03271,Customer_C03271,Repeat,Lucknow,28.2,3,805.24,4,4,1,441,Low Engagement
C03004,Customer_C03004,Repeat,Lucknow,77.1,3,12383.57,3,4,5,345,Loyal
C01786,Customer_C01786,Repeat,Varanasi,17.1,3,1102.15,5,4,2,542,Low Engagement
C00313,Customer_C00313,New,Gorakhpur,202.1,1,632.62,1,1,1,111,Low Engagement
C00445,Customer_C00445,Repeat,Prayagraj,55.1,3,3446.03,4,4,3,443,Loyal
C02487,Customer_C02487,Repeat,Agra,61.1,4,2696.9,3,5,3,353,Loyal
C00454,Customer_C00454,Repeat,Varanasi,2.1,4,10276.9,5,5,5,555,Champions
C02245,Customer_C02245,Repeat,Prayagraj,170.3,2,3962.44,2,2,4,224,At Risk
C01415,Customer_C01415,Repeat,Gorakhpur,76.2,3,10785.54,3,4,5,345,Loyal
C01287,Customer_C01287,New,Prayagraj,201.2,1,754.16,1,1,1,111,Low Engagement
C03394,Customer_C03394,Repeat,Prayagraj,142.3,3,5356.97,2,4,4,244,Loyal
C00117,Customer_C00117,Repeat,Lucknow,11.2,5,1655.74,5,5,2,552,Low Engagement
C01754,Customer_C01754,New,Prayagraj,201.0,1,1496.15,1,1,2,112,Low Engagement
C03494,Customer_C03494,Repeat,Noida,173.2,2,3940.9,1,2,4,124,At Risk
C00258,Customer_C00258,Repeat,Varanasi,59.1,2,2163.9,3,2,2,322,Low Engagement
C01002,Customer_C01002,Repeat,Agra,126.5,2,4027.43,2,2,4,224,At Risk
C01487,Customer_C01487,Repeat,Noida,185.1,2,2234.72,1,2,3,123,At Risk
C03468,Customer_C03468,Repeat,Noida,42.5,2,807.17,4,2,1,421,Low Engagement
C02719,Customer_C02719,Repeat,Jaipur,32.0,4,12387.47,4,5,5,455,Champions
C00785,Customer_C00785,Repeat,Prayagraj,57.2,5,7127.44,3,5,4,354,Loyal
C00573,Customer_C00573,Repeat,Noida,50.0,6,4355.05,4,5,4,454,Champions
C01631,Customer_C01631,Repeat,Varanasi,60.5,3,1151.65,3,4,2,342,Low Engagement
C00181,Customer_C00181,New,Prayagraj,199.3,1,1817.9,1,1,2,112,Low Engagement
C00546,Customer_C00546,Repeat,Gorakhpur,167.2,2,1221.75,2,2,2,222,At Risk
C01863,Customer_C01863,Repeat,Prayagraj,46.2,3,3452.11,4,4,3,443,Loyal
C01412,Customer_C01412,Repeat,Gorakhpur,86.5,3,3705.14,3,4,3,343,Loyal
C02921,Customer_C02921,Repeat,Lucknow,63.1,5,15220.16,3,5,5,355,Loyal
C01043,Customer_C01043,Repeat,Prayagraj,113.0,2,966.98,2,2,1,221,At Risk
C01168,Customer_C01168,New,Lucknow,199.0,1,865.37,1,1,1,111,Low Engagement
C00045,Customer_C00045,Repeat,Prayagraj,6.1,4,7365.54,5,5,5,555,Champions
C00531,Customer_C00531,Repeat,Noida,89.1,4,11228.76,3,5,5,355,Loyal
C03120,Customer_C03120,Repeat,Lucknow,43.0,2,2536.24,4,2,3,423,Potential Loyalists
C02344,Customer_C02344,Repeat,Noida,167.1,3,683.61,2,4,1,241,At Risk
C03085,Customer_C03085,Repeat,Prayagraj,87.2,2,986.79,3,2,1,321,Low Engagement
C02265,Customer_C02265,Repeat,Varanasi,140.1,2,12213.17,2,2,5,225,At Risk
C00115,Customer_C00115,Repeat,Lucknow,63.1,3,2362.8,3,4,3,343,Loyal
C03034,Customer_C03034,Repeat,Kanpur,27.0,4,23678.87,4,5,5,455,Champions
C02366,Customer_C02366,Repeat,Kanpur,108.0,2,930.14,2,2,1,221,At Risk
C01027,Customer_C01027,Repeat,Noida,194.5,2,1098.12,1,2,2,122,At Risk
C00269,Customer_C00269,Repeat,Lucknow,3.2,3,2600.43,5,4,3,543,Loyal
C02797,Customer_C02797,Repeat,Lucknow,124.3,3,523.61,2,4,1,241,At Risk
C02183,Customer_C02183,New,Prayagraj,197.4,1,271.06,1,1,1,111,Low Engagement
C03429,Customer_C03429,Repeat,Varanasi,76.3,3,3050.66,3,4,3,343,Loyal
C01580,Customer_C01580,Repeat,Noida,29.0,5,8332.82,4,5,5,455,Champions
C01833,Customer_C01833,Repeat,Lucknow,46.1,3,4710.22,4,4,4,444,Champions
C02251,Customer_C02251,Repeat,Prayagraj,14.3,2,560.41,5,2,1,521,Low Engagement
C00386,Customer_C00386,New,Noida,196.6,1,147.04,1,1,1,111,Low Engagement
C02317,Customer_C02317,Repeat,Lucknow,86.1,2,852.01,3,2,1,321,Low Engagement
C00070,Customer_C00070,Repeat,Patna,6.2,4,2708.86,5,5,3,553,Loyal
C02658,Customer_C02658,Repeat,Lucknow,85.4,2,2286.66,3,2,3,323,Low Engagement
C00755,Customer_C00755,Repeat,Jaipur,9.1,6,2380.71,5,5,3,553,Loyal
C02518,Customer_C02518,New,Noida,196.1,1,367.25,1,1,1,111,Low Engagement
C02546,Customer_C02546,Repeat,Agra,19.3,6,19467.39,5,5,5,555,Champions
C00273,Customer_C00273,New,Prayagraj,195.4,1,918.98,1,1,1,111,Low Engagement
C01407,Customer_C01407,Repeat,Kanpur,53.1,5,4628.34,4,5,4,454,Champions
C02709,Customer_C02709,Repeat,Prayagraj,54.1,2,1558.96,4,2,2,422,Potential Loyalists
C01064,Customer_C01064,Repeat,Kanpur,142.1,2,447.96,2,2,1,221,At Risk
C01161,Customer_C01161,Repeat,Lucknow,133.1,2,5907.14,2,2,4,224,At Risk
C01522,Customer_C01522,New,Noida,195.1,1,936.63,1,1,1,111,Low Engagement
C00830,Customer_C00830,Repeat,Lucknow,120.4,3,3710.85,2,4,3,243,Loyal
C00963,Customer_C00963,New,Gorakhpur,194.1,1,1543.21,1,1,2,112,Low Engagement
C03138,Customer_C03138,Repeat,Noida,1.0,4,19252.95,5,5,5,555,Champions
C03180,Customer_C03180,Repeat,Lucknow,81.2,3,13424.67,3,4,5,345,Loyal
C03472,Customer_C03472,Repeat,Prayagraj,56.2,3,2309.44,4,4,3,443,Loyal
C03241,Customer_C03241,Repeat,Kanpur,17.1,2,759.03,5,2,1,521,Low Engagement
C01611,Customer_C01611,Repeat,Kanpur,2.1,5,7739.3,5,5,5,555,Champions
C01380,Customer_C01380,Repeat,Noida,57.1,2,1462.69,3,2,2,322,Low Engagement
C00348,Customer_C00348,Repeat,Gorakhpur,23.6,3,7319.13,5,4,5,545,Champions
C00051,Customer_C00051,Repeat,Noida,78.4,2,12149.85,3,2,5,325,Low Engagement
C00450,Customer_C00450,Repeat,Noida,91.2,4,11348.98,3,5,5,355,Loyal
C00717,Customer_C00717,Repeat,Lucknow,32.1,4,11979.0,4,5,5,455,Champions
C03446,Customer_C03446,Repeat,Lucknow,78.4,2,529.09,3,2,1,321,Low Engagement
C03482,Customer_C03482,Repeat,Jaipur,24.2,5,1851.79,5,5,2,552,Low Engagement
C01829,Customer_C01829,Repeat,Noida,77.1,3,14467.3,3,4,5,345,Loyal
C01966,Customer_C01966,New,Lucknow,190.2,1,900.0,1,1,1,111,Low Engagement
C00020,Customer_C00020,New,Lucknow,190.1,1,70.8,1,1,1,111,Low Engagement
C02983,Customer_C02983,Repeat,Lucknow,47.0,2,3799.79,4,2,4,424,Potential Loyalists
C00078,Customer_C00078,Repeat,Lucknow,14.3,3,1788.19,5,4,2,542,Low Engagement
C01811,Customer_C01811,New,Noida,190.1,1,1500.0,1,1,2,112,Low Engagement
C02061,Customer_C02061,Repeat,Varanasi,142.3,2,7576.06,2,2,5,225,At Risk
C00839,Customer_C00839,Repeat,Prayagraj,89.0,3,15538.71,3,4,5,345,Loyal
C03443,Customer_C03443,Repeat,Lucknow,18.0,3,5301.13,5,4,4,544,Champions
C02808,Customer_C02808,Repeat,Gorakhpur,159.4,3,2275.25,2,4,3,243,Loyal
C02170,Customer_C02170,New,Agra,189.3,1,467.67,1,1,1,111,Low Engagement
C02886,Customer_C02886,Repeat,Agra,147.0,3,4078.39,2,4,4,244,Loyal
C01167,Customer_C01167,Repeat,Lucknow,159.1,2,1930.49,2,2,2,222,At Risk
C01793,Customer_C01793,Repeat,Prayagraj,31.5,3,1294.21,4,4,2,442,Low Engagement
C00986,Customer_C00986,Repeat,Noida,138.2,2,12837.78,2,2,5,225,At Risk
C02864,Customer_C02864,New,Prayagraj,189.1,1,798.14,1,1,1,111,Low Engagement
C01700,Customer_C01700,Repeat,Kanpur,116.1,2,1787.9,2,2,2,222,At Risk
C03142,Customer_C03142,Repeat,Prayagraj,1.0,2,1253.36,5,2,2,522,Potential Loyalists
C03343,Customer_C03343,Repeat,Lucknow,120.1,3,7565.83,2,4,5,245,Loyal
C00535,Customer_C00535,Repeat,Prayagraj,113.1,2,3042.91,2,2,3,223,At Risk
C02660,Customer_C02660,Repeat,Noida,118.2,2,2623.64,2,2,3,223,At Risk
C01489,Customer_C01489,Repeat,Prayagraj,121.0,3,10859.36,2,4,5,245,Loyal
C02858,Customer_C02858,Repeat,Prayagraj,38.1,5,2917.84,4,5,3,453,Loyal
C01570,Customer_C01570,Repeat,Kanpur,82.1,5,3118.4,3,5,3,353,Loyal
C01666,Customer_C01666,Repeat,Agra,163.1,2,1199.37,2,2,2,222,At Risk
C00570,Customer_C00570,Repeat,Lucknow,38.0,4,4706.74,4,5,4,454,Champions
C02816,Customer_C02816,New,Gorakhpur,188.1,1,447.71,1,1,1,111,Low Engagement
C02802,Customer_C02802,Repeat,Kanpur,144.5,2,4343.02,2,2,4,224,At Risk
C00234,Customer_C00234,Repeat,Prayagraj,51.1,2,6081.48,4,2,4,424,Potential Loyalists
C02650,Customer_C02650,Repeat,Lucknow,1.1,4,1320.5,5,5,2,552,Low Engagement
C00783,Customer_C00783,Repeat,Gorakhpur,0.3,4,7410.5,5,5,5,555,Champions
C00184,Customer_C00184,New,Lucknow,187.3,1,884.26,1,1,1,111,Low Engagement
C00240,Customer_C00240,Repeat,Kanpur,97.1,2,1280.22,3,2,2,322,Low Engagement
C02823,Customer_C02823,Repeat,Varanasi,114.6,2,5498.97,2,2,4,224,At Risk
C00504,Customer_C00504,New,Kanpur,187.1,1,522.04,1,1,1,111,Low Engagement
C00165,Customer_C00165,Repeat,Agra,79.2,4,1017.46,3,5,1,351,Low Engagement
C02148,Customer_C02148,Repeat,Jaipur,93.2,3,661.36,3,4,1,341,Low Engagement
C00145,Customer_C00145,Repeat,Jaipur,3.3,4,5591.92,5,5,4,554,Champions
C01634,Customer_C01634,Repeat,Lucknow,22.0,5,12428.11,5,5,5,555,Champions
C02205,Customer_C02205,Repeat,Varanasi,171.3,2,985.28,1,2,1,121,At Risk
C02002,Customer_C02002,Repeat,Prayagraj,74.3,2,2954.39,3,2,3,323,Low Engagement
C00775,Customer_C00775,Repeat,Lucknow,28.3,3,11502.91,4,4,5,445,Champions
C01723,Customer_C01723,Repeat,Lucknow,49.2,2,914.72,4,2,1,421,Low Engagement
C03273,Customer_C03273,Repeat,Varanasi,84.3,3,2814.41,3,4,3,343,Loyal
C01589,Customer_C01589,Repeat,Agra,134.6,2,221.05,2,2,1,221,At Risk
C01927,Customer_C01927,Repeat,Gorakhpur,81.1,4,3823.49,3,5,4,354,Loyal
C03413,Customer_C03413,New,Agra,185.2,1,355.67,1,1,1,111,Low Engagement
C01955,Customer_C01955,Repeat,Prayagraj,12.1,3,16394.14,5,4,5,545,Champions
C01978,Customer_C01978,New,Noida,185.2,1,506.73,1,1,1,111,Low Engagement
C00873,Customer_C00873,New,Jaipur,185.2,1,5135.66,1,1,4,114,Low Engagement
C01005,Customer_C01005,Repeat,Lucknow,60.1,3,2509.62,3,4,3,343,Loyal
C02703,Customer_C02703,Repeat,Lucknow,10.5,4,11017.19,5,5,5,555,Champions
C02399,Customer_C02399,New,Noida,185.1,1,423.67,1,1,1,111,Low Engagement
C01939,Customer_C01939,Repeat,Prayagraj,158.1,2,2566.98,2,2,3,223,At Risk
C03380,Customer_C03380,Repeat,Noida,119.2,2,871.1,2,2,1,221,At Risk
C00972,Customer_C00972,Repeat,Kanpur,23.0,2,985.66,5,2,1,521,Low Engagement
C00431,Customer_C00431,Repeat,Kanpur,13.1,3,16501.5,5,4,5,545,Champions
C02398,Customer_C02398,Repeat,Prayagraj,20.1,4,8185.92,5,5,5,555,Champions
C01809,Customer_C01809,Repeat,Varanasi,5.3,2,8651.8,5,2,5,525,Potential Loyalists
C00933,Customer_C00933,Repeat,Gorakhpur,12.3,5,1839.34,5,5,2,552,Low Engagement
C00144,Customer_C00144,Repeat,Jaipur,83.1,2,447.51,3,2,1,321,Low Engagement
C03467,Customer_C03467,New,Agra,182.3,1,629.12,1,1,1,111,Low Engagement
C03189,Customer_C03189,Repeat,Jaipur,14.1,3,16789.92,5,4,5,545,Champions
C00502,Customer_C00502,Repeat,Noida,63.0,3,2851.93,3,4,3,343,Loyal
C00099,Customer_C00099,Repeat,Lucknow,4.2,3,3185.48,5,4,3,543,Loyal
C01386,Customer_C01386,New,Noida,182.2,1,204.87,1,1,1,111,Low Engagement
C01260,Customer_C01260,New,Kanpur,182.1,1,1770.0,1,1,2,112,Low Engagement
C01904,Customer_C01904,Repeat,Lucknow,55.0,5,5831.2,4,5,4,454,Champions
C01205,Customer_C01205,New,Kanpur,181.5,1,201.42,1,1,1,111,Low Engagement
C01281,Customer_C01281,Repeat,Jaipur,63.0,2,1075.73,3,2,2,322,Low Engagement
C01638,Customer_C01638,Repeat,Delhi,29.1,4,1493.96,4,5,2,452,Low Engagement
C02133,Customer_C02133,Repeat,Prayagraj,76.1,2,1354.55,3,2,2,322,Low Engagement
C01692,Customer_C01692,New,Kanpur,180.1,1,2508.69,1,1,3,113,Low Engagement
C01142,Customer_C01142,Repeat,Varanasi,80.3,4,7664.1,3,5,5,355,Loyal
C02349,Customer_C02349,Repeat,Prayagraj,0.2,2,1760.91,5,2,2,522,Potential Loyalists
C01948,Customer_C01948,Repeat,Lucknow,22.1,5,15502.51,5,5,5,555,Champions
C02037,Customer_C02037,Repeat,Gorakhpur,45.3,2,4737.84,4,2,4,424,Potential Loyalists
C00370,Customer_C00370,Repeat,Jaipur,15.2,4,1920.69,5,5,2,552,Low Engagement
C01951,Customer_C01951,Repeat,Lucknow,74.2,3,20753.83,3,4,5,345,Loyal
C01728,Customer_C01728,New,Jaipur,178.2,1,990.0,1,1,1,111,Low Engagement
C03134,Customer_C03134,New,Lucknow,178.1,1,201.0,1,1,1,111,Low Engagement
C00312,Customer_C00312,Repeat,Patna,12.2,2,1765.86,5,2,2,522,Potential Loyalists
C00730,Customer_C00730,Repeat,Gorakhpur,34.1,3,10385.17,4,4,5,445,Champions
C03094,Customer_C03094,New,Varanasi,177.1,1,2994.24,1,1,3,113,Low Engagement
C02533,Customer_C02533,New,Jaipur,176.4,1,157.67,1,1,1,111,Low Engagement
C03335,Customer_C03335,Repeat,Jaipur,12.1,2,19005.95,5,2,5,525,Potential Loyalists
C01725,Customer_C01725,Repeat,Noida,33.2,3,1898.4,4,4,2,442,Low Engagement
C02065,Customer_C02065,Repeat,Lucknow,8.5,2,15413.11,5,2,5,525,Potential Loyalists
C03248,Customer_C03248,Repeat,Agra,72.1,3,10731.08,3,4,5,345,Loyal
C00134,Customer_C00134,Repeat,Lucknow,49.4,3,1523.98,4,4,2,442,Low Engagement
C01534,Customer_C01534,New,Gorakhpur,176.0,1,6665.12,1,1,4,114,Low Engagement
C01796,Customer_C01796,Repeat,Jaipur,27.4,5,6120.35,4,5,4,454,Champions
C02280,Customer_C02280,Repeat,Noida,119.1,2,5336.81,2,2,4,224,At Risk
C02449,Customer_C02449,Repeat,Lucknow,0.2,5,8659.54,5,5,5,555,Champions
C00589,Customer_C00589,Repeat,Prayagraj,41.1,4,3706.99,4,5,3,453,Loyal
C00940,Customer_C00940,New,Noida,175.1,1,1318.55,1,1,2,112,Low Engagement
C00928,Customer_C00928,Repeat,Noida,38.0,2,1818.79,4,2,2,422,Potential Loyalists
C01457,Customer_C01457,Repeat,Kanpur,132.1,2,904.22,2,2,1,221,At Risk
C00914,Customer_C00914,Repeat,Lucknow,1.0,4,6602.48,5,5,4,554,Champions
C00205,Customer_C00205,New,Lucknow,174.4,1,192.93,1,1,1,111,Low Engagement
C00716,Customer_C00716,New,Agra,174.3,1,1476.37,1,1,2,112,Low Engagement
C01153,Customer_C01153,Repeat,Lucknow,146.2,2,577.11,2,2,1,221,At Risk
C03179,Customer_C03179,Repeat,Lucknow,26.1,4,21383.44,4,5,5,455,Champions
C02792,Customer_C02792,Repeat,Prayagraj,4.0,3,7498.16,5,4,5,545,Champions
C02315,Customer_C02315,New,Lucknow,174.0,1,273.51,1,1,1,111,Low Engagement
C00519,Customer_C00519,Repeat,Prayagraj,101.1,4,8360.25,2,5,5,255,Loyal
C01214,Customer_C01214,Repeat,Agra,110.5,3,1261.19,2,4,2,242,At Risk
C02867,Customer_C02867,Repeat,Prayagraj,110.5,2,860.33,2,2,1,221,At Risk
C02023,Customer_C02023,Repeat,Lucknow,111.0,2,16227.8,2,2,5,225,At Risk
C03486,Customer_C03486,Repeat,Noida,168.1,2,581.91,2,2,1,221,At Risk
C02263,Customer_C02263,New,Lucknow,173.0,1,508.76,1,1,1,111,Low Engagement
C02695,Customer_C02695,Repeat,Lucknow,48.1,2,2690.7,4,2,3,423,Potential Loyalists
C01714,Customer_C01714,Repeat,Varanasi,75.0,2,2252.34,3,2,3,323,Low Engagement
C00282,Customer_C00282,Repeat,Gorakhpur,148.4,2,3798.56,2,2,4,224,At Risk
C02197,Customer_C02197,New,Varanasi,172.1,1,383.33,1,1,1,111,Low Engagement
C00747,Customer_C00747,New,Lucknow,172.1,1,3498.0,1,1,3,113,Low Engagement
C02738,Customer_C02738,Repeat,Noida,32.1,3,4052.03,4,4,4,444,Champions
C02569,Customer_C02569,Repeat,Noida,169.3,2,2312.68,2,2,3,223,At Risk
C03006,Customer_C03006,New,Kanpur,171.5,1,948.25,1,1,1,111,Low Engagement
C01209,Customer_C01209,New,Noida,171.2,1,212.73,2,1,1,211,Low Engagement
C01613,Customer_C01613,New,Lucknow,171.2,1,158.83,1,1,1,111,Low Engagement
C03054,Customer_C03054,New,Patna,171.1,1,1137.32,2,1,2,212,Low Engagement
C01271,Customer_C01271,Repeat,Prayagraj,3.2,2,1134.24,5,2,2,522,Potential Loyalists
C02577,Customer_C02577,Repeat,Lucknow,40.0,2,1799.94,4,2,2,422,Potential Loyalists
C03207,Customer_C03207,New,Kanpur,171.1,1,1010.47,2,1,1,211,Low Engagement
C01204,Customer_C01204,Repeat,Noida,75.0,2,6690.58,3,2,4,324,Low Engagement
C02441,Customer_C02441,Repeat,Gorakhpur,86.1,2,17662.96,3,2,5,325,Low Engagement
C03148,Customer_C03148,Repeat,Noida,72.1,3,2414.82,3,4,3,343,Loyal
C00382,Customer_C00382,Repeat,Noida,36.2,4,3807.93,4,5,4,454,Champions
C01926,Customer_C01926,Repeat,Gorakhpur,13.4,3,4057.01,5,4,4,544,Champions
C03092,Customer_C03092,New,Jaipur,170.1,1,954.0,2,1,1,211,Low Engagement
C01138,Customer_C01138,New,Kanpur,170.0,1,1198.24,2,1,2,212,Low Engagement
C02830,Customer_C02830,New,Lucknow,169.4,1,5300.0,2,1,4,214,Low Engagement
C01698,Customer_C01698,Repeat,Varanasi,155.2,2,1920.35,2,2,2,222,At Risk
C01910,Customer_C01910,Repeat,Kanpur,43.1,3,1627.8,4,4,2,442,Low Engagement
C00913,Customer_C00913,Repeat,Noida,27.1,6,7598.63,4,5,5,455,Champions
C01540,Customer_C01540,Repeat,Lucknow,138.2,2,1001.29,2,2,1,221,At Risk
C01958,Customer_C01958,Repeat,Prayagraj,85.1,5,2544.57,3,5,3,353,Loyal
C02651,Customer_C02651,New,Kanpur,168.5,1,174.66,2,1,1,211,Low Engagement
C02780,Customer_C02780,Repeat,Lucknow,75.0,2,1432.92,3,2,2,322,Low Engagement
C02229,Customer_C02229,New,Gorakhpur,168.3,1,5543.9,2,1,4,214,Low Engagement
C01586,Customer_C01586,Repeat,Noida,60.5,2,3536.61,3,2,3,323,Low Engagement
C01469,Customer_C01469,Repeat,Lucknow,34.2,4,14668.71,4,5,5,455,Champions
C02637,Customer_C02637,Repeat,Lucknow,71.1,5,3169.98,3,5,3,353,Loyal
C02843,Customer_C02843,New,Prayagraj,168.1,1,80.0,2,1,1,211,Low Engagement
C02360,Customer_C02360,Repeat,Jaipur,33.3,2,1054.82,4,2,2,422,Potential Loyalists
C00669,Customer_C00669,New,Lucknow,167.5,1,590.85,2,1,1,211,Low Engagement
C03302,Customer_C03302,Repeat,Prayagraj,89.4,2,816.52,3,2,1,321,Low Engagement
C02064,Customer_C02064,Repeat,Prayagraj,122.4,2,791.5,2,2,1,221,At Risk
C01749,Customer_C01749,New,Varanasi,167.4,1,532.75,2,1,1,211,Low Engagement
C00712,Customer_C00712,Repeat,Jaipur,103.1,2,9423.89,2,2,5,225,At Risk
C01619,Customer_C01619,Repeat,Prayagraj,36.2,4,3246.22,4,5,3,453,Loyal
C01094,Customer_C01094,New,Lucknow,167.0,1,257.99,2,1,1,211,Low Engagement
C01526,Customer_C01526,Repeat,Noida,24.4,3,855.37,5,4,1,541,Low Engagement
C00462,Customer_C00462,New,Lucknow,166.2,1,261.26,2,1,1,211,Low Engagement
C02451,Customer_C02451,Repeat,Kanpur,97.2,2,1562.22,3,2,2,322,Low Engagement
C01327,Customer_C01327,New,Noida,166.2,1,286.08,2,1,1,211,Low Engagement
C01180,Customer_C01180,Repeat,Lucknow,97.3,2,1290.54,3,2,2,322,Low Engagement
C00511,Customer_C00511,Repeat,Gorakhpur,42.2,2,21256.03,4,2,5,425,Potential Loyalists
C01394,Customer_C01394,Repeat,Gorakhpur,85.4,2,477.18,3,2,1,321,Low Engagement
C02309,Customer_C02309,Repeat,Noida,60.1,2,5234.04,3,2,4,324,Low Engagement
C01385,Customer_C01385,New,Agra,166.0,1,381.04,2,1,1,211,Low Engagement
C03187,Customer_C03187,New,Gorakhpur,166.0,1,2120.49,2,1,2,212,Low Engagement
C02879,Customer_C02879,New,Noida,166.0,1,483.04,2,1,1,211,Low Engagement
C00634,Customer_C00634,Repeat,Patna,40.2,4,10184.42,4,5,5,455,Champions
C02923,Customer_C02923,Repeat,Agra,23.1,2,1345.72,5,2,2,522,Potential Loyalists
C02113,Customer_C02113,Repeat,Agra,130.2,2,1950.8,2,2,2,222,At Risk
C02933,Customer_C02933,Repeat,Varanasi,44.2,3,3676.78,4,4,3,443,Loyal
C02008,Customer_C02008,Repeat,Patna,8.5,2,750.83,5,2,1,521,Low Engagement
C01465,Customer_C01465,Repeat,Lucknow,7.1,4,18629.64,5,5,5,555,Champions
C03313,Customer_C03313,Repeat,Lucknow,142.3,2,555.03,2,2,1,221,At Risk
C01134,Customer_C01134,Repeat,Prayagraj,16.5,3,6985.49,5,4,4,544,Champions
C01046,Customer_C01046,Repeat,Noida,16.5,4,1810.86,5,5,2,552,Low Engagement
C00958,Customer_C00958,New,Gorakhpur,164.0,1,958.2,2,1,1,211,Low Engagement
C01065,Customer_C01065,New,Kanpur,163.4,1,493.73,2,1,1,211,Low Engagement
C00203,Customer_C00203,Repeat,Noida,81.2,2,7330.0,3,2,5,325,Low Engagement
C02473,Customer_C02473,Repeat,Noida,56.2,4,4425.31,4,5,4,454,Champions
C02074,Customer_C02074,Repeat,Lucknow,50.2,2,4136.55,4,2,4,424,Potential Loyalists
C00047,Customer_C00047,New,Lucknow,163.1,1,119.42,2,1,1,211,Low Engagement
C02396,Customer_C02396,Repeat,Gorakhpur,46.3,5,3376.79,4,5,3,453,Loyal
C01961,Customer_C01961,Repeat,Kanpur,18.0,3,1044.12,5,4,2,542,Low Engagement
C00492,Customer_C00492,Repeat,Noida,112.2,3,3345.31,2,4,3,243,Loyal
C00931,Customer_C00931,Repeat,Lucknow,151.1,2,823.39,2,2,1,221,At Risk
C00969,Customer_C00969,Repeat,Lucknow,47.1,4,1722.44,4,5,2,452,Low Engagement
C00371,Customer_C00371,Repeat,Prayagraj,14.0,3,2975.32,5,4,3,543,Loyal
C01024,Customer_C01024,Repeat,Varanasi,112.2,2,1000.45,2,2,1,221,At Risk
C00705,Customer_C00705,Repeat,Noida,36.1,2,694.6,4,2,1,421,Low Engagement
C01677,Customer_C01677,Repeat,Noida,20.2,3,2976.61,5,4,3,543,Loyal
C00695,Customer_C00695,New,Prayagraj,161.2,1,462.86,2,1,1,211,Low Engagement
C00866,Customer_C00866,New,Noida,161.2,1,2629.09,2,1,3,213,Low Engagement
C03254,Customer_C03254,Repeat,Patna,3.2,5,7784.78,5,5,5,555,Champions
C02768,Customer_C02768,Repeat,Prayagraj,23.0,4,5442.64,5,5,4,554,Champions
C03076,Customer_C03076,Repeat,Lucknow,66.4,4,9535.25,3,5,5,355,Loyal
C00482,Customer_C00482,Repeat,Prayagraj,40.2,3,3473.28,4,4,3,443,Loyal
C00032,Customer_C00032,Repeat,Noida,115.1,2,2745.53,2,2,3,223,At Risk
C00395,Customer_C00395,Repeat,Noida,43.1,3,1498.1,4,4,2,442,Low Engagement
C03215,Customer_C03215,Repeat,Patna,10.2,3,5484.58,5,4,4,544,Champions
C02499,Customer_C02499,Repeat,Noida,89.1,3,1960.62,3,4,2,342,Low Engagement
C02390,Customer_C02390,Repeat,Noida,130.2,2,1758.99,2,2,2,222,At Risk
C01599,Customer_C01599,Repeat,Lucknow,5.5,4,4895.74,5,5,4,554,Champions
C03216,Customer_C03216,Repeat,Varanasi,43.1,4,3789.63,4,5,4,454,Champions
C03119,Customer_C03119,Repeat,Gorakhpur,28.3,2,621.53,4,2,1,421,Low Engagement
C03135,Customer_C03135,Repeat,Noida,70.1,3,3481.89,3,4,3,343,Loyal
C03259,Customer_C03259,Repeat,Prayagraj,16.3,4,4588.71,5,5,4,554,Champions
C00247,Customer_C00247,Repeat,Prayagraj,24.1,3,1062.6,5,4,2,542,Low Engagement
C01972,Customer_C01972,New,Kanpur,158.2,1,397.77,2,1,1,211,Low Engagement
C00328,Customer_C00328,New,Lucknow,158.2,1,4175.83,2,1,4,214,Low Engagement
C01443,Customer_C01443,Repeat,Noida,78.4,6,4018.74,3,5,4,354,Loyal
C00951,Customer_C00951,Repeat,Noida,26.1,3,3075.6,4,4,3,443,Loyal
C00725,Customer_C00725,New,Prayagraj,157.6,1,661.28,2,1,1,211,Low Engagement
C00016,Customer_C00016,Repeat,Kanpur,63.1,4,3506.94,3,5,3,353,Loyal
C03315,Customer_C03315,Repeat,Noida,14.2,4,2212.58,5,5,3,553,Loyal
C00214,Customer_C00214,Repeat,Noida,87.1,4,2222.33,3,5,3,353,Loyal
C01381,Customer_C01381,Repeat,Prayagraj,8.5,7,4661.03,5,5,4,554,Champions
C01453,Customer_C01453,Repeat,Agra,26.2,3,1595.92,4,4,2,442,Low Engagement
C01329,Customer_C01329,New,Noida,156.3,1,5745.04,2,1,4,214,Low Engagement
C02617,Customer_C02617,New,Noida,156.2,1,136.16,2,1,1,211,Low Engagement
C00243,Customer_C00243,Repeat,Lucknow,93.2,2,391.12,3,2,1,321,Low Engagement
C02086,Customer_C02086,New,Gorakhpur,156.1,1,2019.71,2,1,2,212,Low Engagement
C03097,Customer_C03097,Repeat,Jaipur,85.1,2,1154.74,3,2,2,322,Low Engagement
C00430,Customer_C00430,New,Agra,155.2,1,328.08,2,1,1,211,Low Engagement
C00375,Customer_C00375,New,Gorakhpur,155.1,1,561.86,2,1,1,211,Low Engagement
C03338,Customer_C03338,New,Agra,155.1,1,506.39,2,1,1,211,Low Engagement
C03210,Customer_C03210,Repeat,Noida,115.1,3,4742.29,2,4,4,244,Loyal
C02207,Customer_C02207,New,Kanpur,154.2,1,396.79,2,1,1,211,Low Engagement
C00998,Customer_C00998,New,Lucknow,154.2,1,60.0,2,1,1,211,Low Engagement
C03247,Customer_C03247,Repeat,Varanasi,30.2,2,2761.99,4,2,3,423,Potential Loyalists
C03193,Customer_C03193,New,Noida,154.2,1,155.77,2,1,1,211,Low Engagement
C02575,Customer_C02575,New,Lucknow,154.0,1,430.94,2,1,1,211,Low Engagement
C01031,Customer_C01031,Repeat,Lucknow,62.1,2,2611.85,3,2,3,323,Low Engagement
C02283,Customer_C02283,Repeat,Noida,66.1,4,1319.5,3,5,2,352,Low Engagement
C02503,Customer_C02503,Repeat,Kanpur,144.2,2,1729.24,2,2,2,222,At Risk
C02200,Customer_C02200,Repeat,Noida,94.4,2,622.72,3,2,1,321,Low Engagement
C00836,Customer_C00836,Repeat,Noida,84.0,2,2420.35,3,2,3,323,Low Engagement
C03279,Customer_C03279,New,Gorakhpur,152.6,1,7072.57,2,1,4,214,Low Engagement
C02409,Customer_C02409,Repeat,Noida,3.4,4,3396.35,5,5,3,553,Loyal
C02928,Customer_C02928,Repeat,Jaipur,40.1,2,527.25,4,2,1,421,Low Engagement
C03065,Customer_C03065,Repeat,Kanpur,27.2,2,2667.21,4,2,3,423,Potential Loyalists
C01652,Customer_C01652,Repeat,Lucknow,12.3,4,1572.65,5,5,2,552,Low Engagement
C01845,Customer_C01845,New,Patna,152.1,1,302.64,2,1,1,211,Low Engagement
C00310,Customer_C00310,Repeat,Agra,2.2,5,3277.93,5,5,3,553,Loyal
C03398,Customer_C03398,New,Gorakhpur,152.0,1,553.64,2,1,1,211,Low Engagement
C01995,Customer_C01995,New,Agra,151.4,1,702.15,2,1,1,211,Low Engagement
C02004,Customer_C02004,Repeat,Prayagraj,98.1,3,9413.47,3,4,5,345,Loyal
C02724,Customer_C02724,Repeat,Kanpur,80.3,4,20363.82,3,5,5,355,Loyal
C00116,Customer_C00116,New,Lucknow,150.3,1,990.0,2,1,1,211,Low Engagement
C00268,Customer_C00268,New,Patna,150.2,1,1005.23,2,1,1,211,Low Engagement
C00084,Customer_C00084,Repeat,Noida,33.2,2,972.4,4,2,1,421,Low Engagement
C02664,Customer_C02664,New,Kanpur,150.1,1,275.13,2,1,1,211,Low Engagement
C02902,Customer_C02902,Repeat,Lucknow,26.3,3,7271.72,4,4,4,444,Champions
C02365,Customer_C02365,Repeat,Gorakhpur,90.5,2,2952.06,3,2,3,323,Low Engagement
C00455,Customer_C00455,Repeat,Gorakhpur,29.0,2,1197.54,4,2,2,422,Potential Loyalists
C02666,Customer_C02666,Repeat,Noida,28.2,2,1588.44,4,2,2,422,Potential Loyalists
C01988,Customer_C01988,New,Lucknow,148.5,1,1055.34,2,1,2,212,Low Engagement
C01231,Customer_C01231,Repeat,Gorakhpur,7.2,6,27795.64,5,5,5,555,Champions
C02716,Customer_C02716,Repeat,Gorakhpur,71.3,3,2093.85,3,4,2,342,Low Engagement
C01715,Customer_C01715,Repeat,Kanpur,117.5,2,2605.18,2,2,3,223,At Risk
C03388,Customer_C03388,Repeat,Prayagraj,112.2,3,16767.84,2,4,5,245,Loyal
C01050,Customer_C01050,Repeat,Noida,54.2,2,610.74,4,2,1,421,Low Engagement
C00335,Customer_C00335,Repeat,Prayagraj,57.2,2,3633.74,3,2,3,323,Low Engagement
C00560,Customer_C00560,New,Noida,146.6,1,340.73,2,1,1,211,Low Engagement
C01913,Customer_C01913,New,Prayagraj,146.2,1,1477.94,2,1,2,212,Low Engagement
C01890,Customer_C01890,Repeat,Gorakhpur,24.1,2,7535.67,5,2,5,525,Potential Loyalists
C00161,Customer_C00161,Repeat,Prayagraj,77.0,2,7805.98,3,2,5,325,Low Engagement
C02444,Customer_C02444,New,Lucknow,146.2,1,582.27,2,1,1,211,Low Engagement
C01051,Customer_C01051,Repeat,Lucknow,60.0,2,681.18,3,2,1,321,Low Engagement
C02264,Customer_C02264,New,Kanpur,145.3,1,747.88,2,1,1,211,Low Engagement
C01215,Customer_C01215,Repeat,Agra,113.0,2,2801.21,2,2,3,223,At Risk
C02178,Customer_C02178,Repeat,Lucknow,0.0,5,6223.86,5,5,4,554,Champions
C00924,Customer_C00924,New,Noida,145.0,1,954.0,2,1,1,211,Low Engagement
C01949,Customer_C01949,Repeat,Kanpur,143.3,2,1097.26,2,2,2,222,At Risk
C01934,Customer_C01934,Repeat,Gorakhpur,106.1,3,4688.76,2,4,4,244,Loyal
C02497,Customer_C02497,New,Kanpur,144.1,1,863.59,2,1,1,211,Low Engagement
C02459,Customer_C02459,Repeat,Kanpur,35.2,2,4588.17,4,2,4,424,Potential Loyalists
C02832,Customer_C02832,New,Gorakhpur,144.1,1,2899.04,2,1,3,213,Low Engagement
C00925,Customer_C00925,Repeat,Kanpur,22.1,2,611.45,5,2,1,521,Low Engagement
C01877,Customer_C01877,Repeat,Prayagraj,56.1,2,1077.89,4,2,2,422,Potential Loyalists
C01896,Customer_C01896,Repeat,Lucknow,76.4,2,1254.05,3,2,2,322,Low Engagement
C00196,Customer_C00196,New,Prayagraj,143.2,1,2304.31,2,1,3,213,Low Engagement
C01085,Customer_C01085,Repeat,Prayagraj,80.2,2,1241.47,3,2,2,322,Low Engagement
C00232,Customer_C00232,Repeat,Kanpur,14.1,2,1494.35,5,2,2,522,Potential Loyalists
C00202,Customer_C00202,Repeat,Noida,94.0,2,1083.55,3,2,2,322,Low Engagement
C00984,Customer_C00984,New,Jaipur,143.0,1,463.88,2,1,1,211,Low Engagement
C00892,Customer_C00892,New,Lucknow,143.0,1,712.13,2,1,1,211,Low Engagement
C00192,Customer_C00192,Repeat,Agra,52.2,2,2443.42,4,2,3,423,Potential Loyalists
C00566,Customer_C00566,Repeat,Jaipur,13.1,3,4023.96,5,4,4,544,Champions
C03344,Customer_C03344,New,Prayagraj,142.2,1,283.78,2,1,1,211,Low Engagement
C02860,Customer_C02860,Repeat,Gorakhpur,20.2,2,1560.98,5,2,2,522,Potential Loyalists
C01671,Customer_C01671,Repeat,Kanpur,79.2,2,881.07,3,2,1,321,Low Engagement
C01989,Customer_C01989,Repeat,Lucknow,13.1,2,3635.8,5,2,3,523,Potential Loyalists
C02513,Customer_C02513,New,Jaipur,141.4,1,954.0,2,1,1,211,Low Engagement
C00411,Customer_C00411,New,Prayagraj,141.2,1,164.58,2,1,1,211,Low Engagement
C03405,Customer_C03405,Repeat,Agra,38.3,2,804.48,4,2,1,421,Low Engagement
C00733,Customer_C00733,Repeat,Noida,18.3,4,8680.33,5,5,5,555,Champions
C01450,Customer_C01450,New,Gorakhpur,141.1,1,1274.45,2,1,2,212,Low Engagement
C03110,Customer_C03110,Repeat,Agra,94.1,2,2933.17,3,2,3,323,Low Engagement
C01276,Customer_C01276,New,Noida,141.1,1,807.69,2,1,1,211,Low Engagement
C01044,Customer_C01044,Repeat,Agra,64.0,2,1504.65,3,2,2,322,Low Engagement
C02997,Customer_C02997,Repeat,Gorakhpur,125.1,3,3301.9,2,4,3,243,Loyal
C01880,Customer_C01880,Repeat,Agra,48.5,4,2506.71,4,5,3,453,Loyal
C02424,Customer_C02424,Repeat,Noida,50.4,2,1809.82,4,2,2,422,Potential Loyalists
C01543,Customer_C01543,Repeat,Noida,28.0,4,4049.64,4,5,4,454,Champions
C01813,Customer_C01813,Repeat,Noida,8.3,2,6010.23,5,2,4,524,Potential Loyalists
C01217,Customer_C01217,Repeat,Agra,41.2,3,4793.64,4,4,4,444,Champions
C01086,Customer_C01086,Repeat,Kanpur,71.1,3,3925.59,3,4,4,344,Loyal
C03226,Customer_C03226,Repeat,Kanpur,45.0,3,1074.01,4,4,2,442,Low Engagement
C01089,Customer_C01089,Repeat,Kanpur,138.5,2,2300.1,2,2,3,223,At Risk
C01095,Customer_C01095,Repeat,Lucknow,69.0,3,13372.76,3,4,5,345,Loyal
C00081,Customer_C00081,Repeat,Patna,6.2,2,902.29,5,2,1,521,Low Engagement
C01825,Customer_C01825,Repeat,Patna,28.2,4,3484.96,4,5,3,453,Loyal
C00368,Customer_C00368,Repeat,Lucknow,71.1,2,2524.92,3,2,3,323,Low Engagement
C02325,Customer_C02325,Repeat,Noida,103.0,2,1408.16,2,2,2,222,At Risk
C01975,Customer_C01975,Repeat,Gorakhpur,92.1,3,4212.97,3,4,4,344,Loyal
C03239,Customer_C03239,Repeat,Agra,0.1,4,4581.32,5,5,4,554,Champions
C00668,Customer_C00668,Repeat,Prayagraj,98.1,2,1469.11,3,2,2,322,Low Engagement
C00956,Customer_C00956,Repeat,Jaipur,0.3,2,758.77,5,2,1,521,Low Engagement
C02920,Customer_C02920,Repeat,Gorakhpur,111.0,2,892.04,2,2,1,221,At Risk
C00291,Customer_C00291,Repeat,Gorakhpur,106.1,2,6860.8,2,2,4,224,At Risk
C02755,Customer_C02755,New,Noida,139.0,1,801.07,2,1,1,211,Low Engagement
C01309,Customer_C01309,Repeat,Kanpur,90.1,3,7262.58,3,4,4,344,Loyal
C03013,Customer_C03013,Repeat,Gorakhpur,39.2,3,10186.45,4,4,5,445,Champions
C02054,Customer_C02054,New,Noida,138.2,1,900.0,2,1,1,211,Low Engagement
C02306,Customer_C02306,Repeat,Noida,71.0,3,2652.41,3,4,3,343,Loyal
C02145,Customer_C02145,New,Prayagraj,138.2,1,254.42,2,1,1,211,Low Engagement
C03042,Customer_C03042,New,Kanpur,138.1,1,314.91,2,1,1,211,Low Engagement
C02084,Customer_C02084,Repeat,Noida,63.1,3,2671.14,3,4,3,343,Loyal
C02298,Customer_C02298,New,Lucknow,138.0,1,331.43,2,1,1,211,Low Engagement
C00552,Customer_C00552,New,Delhi,137.4,1,985.39,2,1,1,211,Low Engagement
C03361,Customer_C03361,New,Agra,137.2,1,1391.12,2,1,2,212,Low Engagement
C02383,Customer_C02383,Repeat,Agra,128.6,2,1476.97,2,2,2,222,At Risk
C00711,Customer_C00711,Repeat,Lucknow,54.2,2,3155.33,4,2,3,423,Potential Loyalists
C03466,Customer_C03466,New,Delhi,137.1,1,1830.49,2,1,2,212,Low Engagement
C01846,Customer_C01846,Repeat,Lucknow,0.1,4,13903.75,5,5,5,555,Champions
C03416,Customer_C03416,Repeat,Lucknow,24.3,2,1315.14,5,2,2,522,Potential Loyalists
C01732,Customer_C01732,Repeat,Prayagraj,13.4,2,377.1,5,2,1,521,Low Engagement
C00150,Customer_C00150,Repeat,Gorakhpur,14.1,2,3504.47,5,2,3,523,Potential Loyalists
C00053,Customer_C00053,Repeat,Prayagraj,74.2,3,3978.4,3,4,4,344,Loyal
C03270,Customer_C03270,Repeat,Lucknow,59.0,2,5255.15,3,2,4,324,Low Engagement
C00795,Customer_C00795,Repeat,Jaipur,81.2,3,1587.6,3,4,2,342,Low Engagement
C02548,Customer_C02548,Repeat,Agra,13.3,2,1026.75,5,2,1,521,Low Engagement
C00501,Customer_C00501,New,Lucknow,134.4,1,2745.19,2,1,3,213,Low Engagement
C00063,Customer_C00063,Repeat,Varanasi,34.2,3,717.58,4,4,1,441,Low Engagement
C01015,Customer_C01015,Repeat,Noida,92.1,3,9311.16,3,4,5,345,Loyal
C00244,Customer_C00244,Repeat,Kanpur,45.1,2,1112.84,4,2,2,422,Potential Loyalists
C01919,Customer_C01919,Repeat,Prayagraj,7.1,2,897.31,5,2,1,521,Low Engagement
C00563,Customer_C00563,Repeat,Gorakhpur,98.5,4,4551.34,3,5,4,354,Loyal
C01373,Customer_C01373,New,Kanpur,133.2,1,971.2,2,1,1,211,Low Engagement
C00470,Customer_C00470,Repeat,Prayagraj,37.0,2,8118.04,4,2,5,425,Potential Loyalists
C03144,Customer_C03144,Repeat,Lucknow,78.1,2,790.42,3,2,1,321,Low Engagement
C01325,Customer_C01325,New,Agra,133.1,1,1178.33,2,1,2,212,Low Engagement
C01734,Customer_C01734,Repeat,Prayagraj,1.3,6,3717.62,5,5,3,553,Loyal
C00645,Customer_C00645,Repeat,Kanpur,91.4,2,3639.77,3,2,3,323,Low Engagement
C00204,Customer_C00204,New,Gorakhpur,132.3,1,1778.81,2,1,2,212,Low Engagement
C02592,Customer_C02592,New,Noida,132.2,1,866.97,2,1,1,211,Low Engagement
C00028,Customer_C00028,Repeat,Kanpur,104.5,2,2241.69,2,2,3,223,At Risk
C01445,Customer_C01445,Repeat,Kanpur,44.3,3,3479.04,4,4,3,443,Loyal
C02803,Customer_C02803,Repeat,Prayagraj,56.5,3,1095.28,4,4,2,442,Low Engagement
C00811,Customer_C00811,Repeat,Kanpur,0.2,3,3350.27,5,4,3,543,Loyal
C02919,Customer_C02919,Repeat,Agra,20.1,4,4997.52,5,5,4,554,Champions
C02138,Customer_C02138,Repeat,Prayagraj,70.3,2,1264.22,3,2,2,322,Low Engagement
C00315,Customer_C00315,New,Agra,131.2,1,1158.55,2,1,2,212,Low Engagement
C02944,Customer_C02944,New,Noida,131.2,1,875.12,2,1,1,211,Low Engagement
C00771,Customer_C00771,Repeat,Noida,12.4,2,1604.53,5,2,2,522,Potential Loyalists
C02559,Customer_C02559,New,Gorakhpur,131.1,1,926.92,2,1,1,211,Low Engagement
C00010,Customer_C00010,Repeat,Patna,107.1,2,712.57,2,2,1,221,At Risk
C02622,Customer_C02622,Repeat,Prayagraj,46.0,3,3452.14,4,4,3,443,Loyal
C02213,Customer_C02213,Repeat,Agra,105.1,2,1285.7,2,2,2,222,At Risk
C02911,Customer_C02911,Repeat,Kanpur,118.1,2,699.22,2,2,1,221,At Risk
C00287,Customer_C00287,Repeat,Agra,50.1,3,1235.12,4,4,2,442,Low Engagement
C03321,Customer_C03321,Repeat,Varanasi,66.1,2,1483.19,3,2,2,322,Low Engagement
C00479,Customer_C00479,Repeat,Lucknow,8.2,2,7343.12,5,2,5,525,Potential Loyalists
C00710,Customer_C00710,Repeat,Noida,4.2,3,8327.01,5,4,5,545,Champions
C03418,Customer_C03418,New,Lucknow,129.0,1,1268.51,2,1,2,212,Low Engagement
C03055,Customer_C03055,Repeat,Lucknow,117.3,2,1131.4,2,2,2,222,At Risk
C00856,Customer_C00856,Repeat,Gorakhpur,63.1,3,2483.14,3,4,3,343,Loyal
C00625,Customer_C00625,Repeat,Lucknow,2.0,3,817.14,5,4,1,541,Low Engagement
C02244,Customer_C02244,New,Lucknow,128.1,1,11630.83,2,1,5,215,Low Engagement
C02385,Customer_C02385,Repeat,Delhi,49.5,2,1379.73,4,2,2,422,Potential Loyalists
C02632,Customer_C02632,Repeat,Lucknow,91.1,4,2297.26,3,5,3,353,Loyal
C01429,Customer_C01429,Repeat,Noida,28.2,2,856.09,4,2,1,421,Low Engagement
C03018,Customer_C03018,Repeat,Noida,17.1,2,747.84,5,2,1,521,Low Engagement
C02971,Customer_C02971,New,Lucknow,127.0,1,1100.12,2,1,2,212,Low Engagement
C01564,Customer_C01564,New,Gorakhpur,126.2,1,2274.93,2,1,3,213,Low Engagement
C00950,Customer_C00950,Repeat,Lucknow,61.2,2,5746.89,3,2,4,324,Low Engagement
C01973,Customer_C01973,Repeat,Lucknow,3.2,3,1871.23,5,4,2,542,Low Engagement
C01152,Customer_C01152,Repeat,Noida,90.4,3,1002.91,3,4,1,341,Low Engagement
C00187,Customer_C00187,New,Lucknow,126.1,1,817.38,2,1,1,211,Low Engagement
C02188,Customer_C02188,Repeat,Lucknow,22.1,2,1835.44,5,2,2,522,Potential Loyalists
C02107,Customer_C02107,Repeat,Noida,46.3,4,7455.64,4,5,5,455,Champions
C02999,Customer_C02999,New,Lucknow,125.2,1,159.1,2,1,1,211,Low Engagement
C01201,Customer_C01201,Repeat,Lucknow,46.1,3,4264.12,4,4,4,444,Champions
C00639,Customer_C00639,New,Lucknow,125.1,1,530.3,2,1,1,211,Low Engagement
C00183,Customer_C00183,New,Jaipur,124.4,1,311.44,2,1,1,211,Low Engagement
C00943,Customer_C00943,Repeat,Noida,0.4,2,881.03,5,2,1,521,Low Engagement
C01486,Customer_C01486,Repeat,Noida,67.2,2,1106.93,3,2,2,322,Low Engagement
C00209,Customer_C00209,Repeat,Lucknow,105.0,2,516.58,2,2,1,221,At Risk
C01828,Customer_C01828,Repeat,Noida,109.2,2,5342.19,2,2,4,224,At Risk
C02767,Customer_C02767,New,Prayagraj,124.0,1,417.81,2,1,1,211,Low Engagement
C00859,Customer_C00859,Repeat,Lucknow,86.1,2,1134.66,3,2,2,322,Low Engagement
C01127,Customer_C01127,Repeat,Kanpur,22.0,2,616.66,5,2,1,521,Low Engagement
C01844,Customer_C01844,Repeat,Agra,51.3,3,3746.74,4,4,4,444,Champions
C00378,Customer_C00378,Repeat,Noida,44.0,3,6812.79,4,4,4,444,Champions
C00650,Customer_C00650,New,Noida,123.1,1,2016.12,2,1,2,212,Low Engagement
C02594,Customer_C02594,Repeat,Lucknow,46.3,3,11781.13,4,4,5,445,Champions
C01433,Customer_C01433,Repeat,Noida,74.5,2,12291.05,3,2,5,325,Low Engagement
C01420,Customer_C01420,Repeat,Prayagraj,29.1,2,4632.09,4,2,4,424,Potential Loyalists
C00681,Customer_C00681,Repeat,Noida,59.5,3,1056.4,3,4,2,342,Low Engagement
C02115,Customer_C02115,Repeat,Agra,45.0,2,2257.81,4,2,3,423,Potential Loyalists
C03384,Customer_C03384,Repeat,Prayagraj,99.3,2,7658.8,3,2,5,325,Low Engagement
C00349,Customer_C00349,Repeat,Kanpur,27.2,2,906.74,4,2,1,421,Low Engagement
C02609,Customer_C02609,Repeat,Prayagraj,1.2,2,5982.88,5,2,4,524,Potential Loyalists
C01510,Customer_C01510,New,Lucknow,120.3,1,1325.31,2,1,2,212,Low Engagement
C00934,Customer_C00934,Repeat,Lucknow,75.0,2,7423.07,3,2,5,325,Low Engagement
C02425,Customer_C02425,Repeat,Gorakhpur,98.1,2,1196.03,3,2,2,322,Low Engagement
C00108,Customer_C00108,New,Lucknow,119.5,1,1200.0,2,1,2,212,Low Engagement
C01468,Customer_C01468,Repeat,Lucknow,88.2,3,4627.76,3,4,4,344,Loyal
C02374,Customer_C02374,New,Agra,119.2,1,1320.25,2,1,2,212,Low Engagement
C03320,Customer_C03320,Repeat,Gorakhpur,60.1,3,13513.69,3,4,5,345,Loyal
C00946,Customer_C00946,New,Kanpur,119.1,1,1282.05,2,1,2,212,Low Engagement
C02601,Customer_C02601,Repeat,Prayagraj,24.2,2,1774.75,5,2,2,522,Potential Loyalists
C00699,Customer_C00699,New,Agra,119.0,1,654.61,2,1,1,211,Low Engagement
C02241,Customer_C02241,Repeat,Lucknow,65.1,2,7535.85,3,2,5,325,Low Engagement
C01016,Customer_C01016,Repeat,Noida,5.2,5,7670.39,5,5,5,555,Champions
C02300,Customer_C02300,Repeat,Agra,10.2,3,1678.82,5,4,2,542,Low Engagement
C03294,Customer_C03294,Repeat,Lucknow,60.0,3,4466.53,3,4,4,344,Loyal
C02442,Customer_C02442,Repeat,Gorakhpur,5.1,2,4148.06,5,2,4,524,Potential Loyalists
C01141,Customer_C01141,New,Noida,117.1,1,15000.0,2,1,5,215,Low Engagement
C00487,Customer_C00487,Repeat,Delhi,96.0,2,6228.79,3,2,4,324,Low Engagement
C03295,Customer_C03295,Repeat,Gorakhpur,5.0,3,5033.61,5,4,4,544,Champions
C00100,Customer_C00100,Repeat,Kanpur,53.1,3,2025.46,4,4,2,442,Low Engagement
C03490,Customer_C03490,New,Lucknow,115.2,1,260.77,2,1,1,211,Low Engagement
C03351,Customer_C03351,New,Noida,115.2,1,604.65,2,1,1,211,Low Engagement
C00831,Customer_C00831,Repeat,Kanpur,25.0,3,1700.49,5,4,2,542,Low Engagement
C02502,Customer_C02502,Repeat,Jaipur,17.3,3,4722.15,5,4,4,544,Champions
C01597,Customer_C01597,New,Noida,115.1,1,262.37,2,1,1,211,Low Engagement
C03192,Customer_C03192,New,Patna,115.0,1,679.47,2,1,1,211,Low Engagement
C01986,Customer_C01986,Repeat,Agra,19.2,2,305.73,5,2,1,521,Low Engagement
C02056,Customer_C02056,Repeat,Jaipur,40.2,2,1166.39,4,2,2,422,Potential Loyalists
C01735,Customer_C01735,New,Jaipur,114.0,1,87.73,2,1,1,211,Low Engagement
C03228,Customer_C03228,New,Lucknow,113.1,1,416.74,2,1,1,211,Low Engagement
C02957,Customer_C02957,New,Kanpur,112.5,1,940.73,2,1,1,211,Low Engagement
C00597,Customer_C00597,Repeat,Noida,2.2,3,2784.96,5,4,3,543,Loyal
C01315,Customer_C01315,Repeat,Noida,10.1,2,16091.61,5,2,5,525,Potential Loyalists
C02700,Customer_C02700,Repeat,Noida,110.0,2,334.83,2,2,1,221,At Risk
C02312,Customer_C02312,Repeat,Lucknow,83.1,3,17306.04,3,4,5,345,Loyal
C02693,Customer_C02693,Repeat,Agra,109.2,2,4050.85,2,2,4,224,At Risk
C02779,Customer_C02779,New,Noida,111.2,1,323.73,2,1,1,211,Low Engagement
C01441,Customer_C01441,Repeat,Noida,63.4,2,2423.81,3,2,3,323,Low Engagement
C02820,Customer_C02820,Repeat,Jaipur,63.1,2,19163.58,3,2,5,325,Low Engagement
C01098,Customer_C01098,New,Kanpur,110.2,1,302.03,2,1,1,211,Low Engagement
C01144,Customer_C01144,New,Agra,110.2,1,1283.83,2,1,2,212,Low Engagement
C01635,Customer_C01635,New,Gorakhpur,110.2,1,2813.44,2,1,3,213,Low Engagement
C02461,Customer_C02461,Repeat,Gorakhpur,75.2,2,2583.94,3,2,3,323,Low Engagement
C00276,Customer_C00276,New,Patna,109.2,1,2098.8,2,1,2,212,Low Engagement
C00778,Customer_C00778,Repeat,Varanasi,77.0,2,4851.54,3,3,4,334,Loyal
C02778,Customer_C02778,Repeat,Kanpur,94.0,2,2048.3,3,3,2,332,Low Engagement
C01053,Customer_C01053,Repeat,Gorakhpur,73.4,2,6785.06,3,3,4,334,Loyal
C01885,Customer_C01885,New,Jaipur,109.0,1,15392.62,2,1,5,215,Low Engagement
C00517,Customer_C00517,Repeat,Prayagraj,24.2,3,6668.56,5,4,4,544,Champions
C00294,Customer_C00294,Repeat,Jaipur,11.2,4,6493.4,5,5,4,554,Champions
C00230,Customer_C00230,New,Gorakhpur,108.1,1,869.01,2,1,1,211,Low Engagement
C01748,Customer_C01748,New,Kanpur,108.0,1,249.63,2,1,1,211,Low Engagement
C02047,Customer_C02047,Repeat,Varanasi,93.2,3,7493.66,3,4,5,345,Loyal
C01006,Customer_C01006,Repeat,Noida,2.4,3,3428.98,5,4,3,543,Loyal
C02089,Customer_C02089,New,Noida,106.1,1,4635.57,2,1,4,214,Low Engagement
C00486,Customer_C00486,New,Kanpur,106.0,1,524.28,2,1,1,211,Low Engagement
C02045,Customer_C02045,New,Agra,105.3,1,474.65,2,1,1,211,Low Engagement
C01436,Customer_C01436,New,Kanpur,105.2,1,2000.0,2,1,2,212,Low Engagement
C01533,Customer_C01533,Repeat,Varanasi,50.5,3,1659.38,4,4,2,442,Low Engagement
C02842,Customer_C02842,New,Lucknow,104.5,1,429.16,2,1,1,211,Low Engagement
C00484,Customer_C00484,New,Jaipur,104.5,1,4065.43,2,1,4,214,Low Engagement
C02293,Customer_C02293,Repeat,Noida,11.1,2,587.4,5,3,1,531,Low Engagement
C00652,Customer_C00652,Repeat,Noida,68.5,2,2312.38,3,3,3,333,Loyal
C00919,Customer_C00919,Repeat,Gorakhpur,70.0,2,2111.69,3,3,2,332,Low Engagement
C00607,Customer_C00607,Repeat,Prayagraj,36.0,2,1669.42,4,3,2,432,Low Engagement
C01801,Customer_C01801,Repeat,Varanasi,44.3,2,719.97,4,3,1,431,Low Engagement
C01491,Customer_C01491,Repeat,Lucknow,11.3,3,1546.27,5,4,2,542,Low Engagement
C02388,Customer_C02388,New,Lucknow,102.2,1,112.13,2,1,1,211,Low Engagement
C01306,Customer_C01306,Repeat,Kanpur,43.1,2,3388.35,4,3,3,433,Loyal
C02941,Customer_C02941,Repeat,Kanpur,18.0,2,3726.58,5,3,3,533,Loyal
C02639,Customer_C02639,Repeat,Gorakhpur,26.2,3,1873.07,4,4,2,442,Low Engagement
C01237,Customer_C01237,Repeat,Kanpur,5.1,5,3659.67,5,5,3,553,Loyal
C03349,Customer_C03349,New,Prayagraj,100.4,1,312.98,2,1,1,211,Low Engagement
C00979,Customer_C00979,New,Prayagraj,100.4,1,159.89,2,1,1,211,Low Engagement
C01140,Customer_C01140,Repeat,Varanasi,87.1,3,5458.02,3,4,4,344,Loyal
C01550,Customer_C01550,New,Prayagraj,100.2,1,713.96,2,1,1,211,Low Engagement
C00357,Customer_C00357,Repeat,Noida,30.1,2,1251.11,4,3,2,432,Low Engagement
C02528,Customer_C02528,Repeat,Lucknow,15.2,2,8174.23,5,3,5,535,Loyal
C02917,Customer_C02917,New,Varanasi,99.2,1,6830.77,3,1,4,314,Low Engagement
C01987,Customer_C01987,New,Noida,99.1,1,229.67,3,1,1,311,Low Engagement
C00829,Customer_C00829,New,Agra,99.1,1,283.82,3,1,1,311,Low Engagement
C02526,Customer_C02526,New,Kanpur,99.1,1,1618.56,3,1,2,312,Low Engagement
C02218,Customer_C02218,New,Kanpur,98.3,1,783.82,3,1,1,311,Low Engagement
C02176,Customer_C02176,New,Agra,98.2,1,126.34,3,1,1,311,Low Engagement
C01223,Customer_C01223,New,Varanasi,98.1,1,119.12,3,1,1,311,Low Engagement
C02953,Customer_C02953,New,Kanpur,97.2,1,1023.69,3,1,1,311,Low Engagement
C02884,Customer_C02884,Repeat,Noida,78.4,2,1225.29,3,3,2,332,Low Engagement
C01705,Customer_C01705,Repeat,Noida,5.1,2,315.04,5,3,1,531,Low Engagement
C03422,Customer_C03422,New,Noida,97.0,1,161.58,3,1,1,311,Low Engagement
C00311,Customer_C00311,Repeat,Noida,2.0,5,4194.81,5,5,4,554,Champions
C00434,Customer_C00434,New,Lucknow,96.2,1,506.43,3,1,1,311,Low Engagement
C02910,Customer_C02910,New,Lucknow,96.0,1,263.33,3,1,1,311,Low Engagement
C00271,Customer_C00271,New,Kanpur,95.2,1,147.4,3,1,1,311,Low Engagement
C03324,Customer_C03324,New,Noida,95.1,1,471.68,3,1,1,311,Low Engagement
C00592,Customer_C00592,New,Lucknow,94.2,1,329.63,3,1,1,311,Low Engagement
C01147,Customer_C01147,Repeat,Lucknow,65.0,3,7277.9,3,4,4,344,Loyal
C00095,Customer_C00095,Repeat,Noida,18.0,3,1764.07,5,4,2,542,Low Engagement
C03292,Customer_C03292,Repeat,Gorakhpur,33.0,2,1648.15,4,3,2,432,Low Engagement
C02386,Customer_C02386,Repeat,Agra,23.2,2,3552.92,5,3,3,533,Loyal
C01800,Customer_C01800,New,Patna,93.4,1,621.17,3,1,1,311,Low Engagement
C01422,Customer_C01422,Repeat,Noida,5.3,2,359.71,5,3,1,531,Low Engagement
C01875,Customer_C01875,New,Lucknow,93.3,1,257.04,3,1,1,311,Low Engagement
C03237,Customer_C03237,New,Noida,93.1,1,92.56,3,1,1,311,Low Engagement
C01233,Customer_C01233,New,Prayagraj,93.0,1,356.12,3,1,1,311,Low Engagement
C00872,Customer_C00872,New,Lucknow,92.0,1,202.17,3,1,1,311,Low Engagement
C01651,Customer_C01651,Repeat,Kanpur,13.0,3,9029.6,5,4,5,545,Champions
C01968,Customer_C01968,Repeat,Lucknow,20.1,3,3176.79,5,4,3,543,Loyal
C01317,Customer_C01317,New,Gorakhpur,91.2,1,2478.34,3,1,3,313,Low Engagement
C02641,Customer_C02641,Repeat,Lucknow,24.2,4,4961.82,5,5,4,554,Champions
C02973,Customer_C02973,New,Jaipur,90.5,1,317.72,3,1,1,311,Low Engagement
C01653,Customer_C01653,Repeat,Prayagraj,61.4,2,2401.46,3,3,3,333,Loyal
C01695,Customer_C01695,New,Noida,90.2,1,335.55,3,1,1,311,Low Engagement
C02103,Customer_C02103,Repeat,Noida,1.3,3,1634.3,5,4,2,542,Low Engagement
C00953,Customer_C00953,Repeat,Lucknow,25.3,3,2372.69,5,4,3,543,Loyal
C02109,Customer_C02109,New,Jaipur,89.2,1,138.66,3,1,1,311,Low Engagement
C01959,Customer_C01959,New,Prayagraj,89.2,1,617.86,3,1,1,311,Low Engagement
C00708,Customer_C00708,New,Lucknow,89.1,1,5274.22,3,1,4,314,Low Engagement
C01464,Customer_C01464,Repeat,Noida,15.0,3,6903.98,5,4,4,544,Champions
C03133,Customer_C03133,Repeat,Noida,43.2,2,2013.59,4,3,2,432,Low Engagement
C02827,Customer_C02827,New,Varanasi,88.0,1,462.86,3,1,1,311,Low Engagement
C01837,Customer_C01837,New,Prayagraj,87.6,1,1158.95,3,1,2,312,Low Engagement
C01531,Customer_C01531,Repeat,Jaipur,36.0,3,1144.8,4,4,2,442,Low Engagement
C00319,Customer_C00319,New,Jaipur,87.2,1,548.98,3,1,1,311,Low Engagement
C01280,Customer_C01280,New,Lucknow,87.2,1,384.54,3,1,1,311,Low Engagement
C00781,Customer_C00781,Repeat,Gorakhpur,9.1,3,1361.04,5,4,2,542,Low Engagement
C00262,Customer_C00262,New,Noida,87.0,1,291.95,3,1,1,311,Low Engagement
C01528,Customer_C01528,Repeat,Lucknow,10.2,3,1274.42,5,4,2,542,Low Engagement
C01353,Customer_C01353,Repeat,Jaipur,2.2,3,1370.69,5,4,2,542,Low Engagement
C00890,Customer_C00890,Repeat,Lucknow,47.1,2,1522.43,4,3,2,432,Low Engagement
C01601,Customer_C01601,Repeat,Jaipur,55.0,2,5270.06,4,3,4,434,Loyal
C00132,Customer_C00132,Repeat,Kanpur,14.4,2,1006.17,5,3,1,531,Low Engagement
C02915,Customer_C02915,Repeat,Noida,5.2,3,1141.88,5,4,2,542,Low Engagement
C02815,Customer_C02815,Repeat,Prayagraj,4.4,3,1815.1,5,4,2,542,Low Engagement
C02969,Customer_C02969,New,Kanpur,85.3,1,701.49,3,1,1,311,Low Engagement
C03169,Customer_C03169,Repeat,Varanasi,37.2,3,2567.57,4,4,3,443,Loyal
C01928,Customer_C01928,Repeat,Noida,18.1,2,324.93,5,3,1,531,Low Engagement
C02242,Customer_C02242,New,Gorakhpur,84.5,1,652.71,3,1,1,311,Low Engagement
C03102,Customer_C03102,New,Noida,84.2,1,892.31,3,1,1,311,Low Engagement
C02198,Customer_C02198,New,Agra,84.1,1,761.04,3,1,1,311,Low Engagement
C02501,Customer_C02501,New,Noida,84.1,1,741.95,3,1,1,311,Low Engagement
C03234,Customer_C03234,Repeat,Gorakhpur,74.1,2,2876.33,3,3,3,333,Loyal
C01974,Customer_C01974,Repeat,Lucknow,56.0,2,7751.49,4,3,5,435,Loyal
C00901,Customer_C00901,Repeat,Kanpur,13.1,2,5271.33,5,3,4,534,Loyal
C00739,Customer_C00739,Repeat,Lucknow,57.1,2,1172.23,3,3,2,332,Low Engagement
C03347,Customer_C03347,New,Jaipur,82.5,1,587.41,3,1,1,311,Low Engagement
C01709,Customer_C01709,New,Lucknow,82.2,1,303.43,3,1,1,311,Low Engagement
C03242,Customer_C03242,New,Jaipur,81.3,1,217.42,3,1,1,311,Low Engagement
C02552,Customer_C02552,Repeat,Lucknow,30.0,3,6063.73,4,4,4,444,Champions
C03185,Customer_C03185,Repeat,Kanpur,18.1,2,1041.57,5,3,2,532,Low Engagement
C03337,Customer_C03337,Repeat,Lucknow,70.3,3,2398.1,3,4,3,343,Loyal
C02405,Customer_C02405,New,Lucknow,80.2,1,305.21,3,1,1,311,Low Engagement
C03285,Customer_C03285,Repeat,Agra,47.2,3,1793.81,4,4,2,442,Low Engagement
C02164,Customer_C02164,New,Kanpur,79.2,1,642.71,3,1,1,311,Low Engagement
C00298,Customer_C00298,New,Prayagraj,79.2,1,625.46,3,1,1,311,Low Engagement
C00987,Customer_C00987,New,Kanpur,79.1,1,1021.5,3,1,1,311,Low Engagement
C00815,Customer_C00815,Repeat,Agra,50.0,3,4180.62,4,4,4,444,Champions
C02891,Customer_C02891,New,Lucknow,78.6,1,291.37,3,1,1,311,Low Engagement
C02173,Customer_C02173,New,Kanpur,78.2,1,2120.0,3,1,2,312,Low Engagement
C01561,Customer_C01561,New,Prayagraj,78.1,1,379.87,3,1,1,311,Low Engagement
C01355,Customer_C01355,Repeat,Varanasi,3.3,2,2331.77,5,3,3,533,Loyal
C01778,Customer_C01778,New,Gorakhpur,76.4,1,664.23,3,1,1,311,Low Engagement
C00182,Customer_C00182,Repeat,Kanpur,6.1,3,4072.43,5,4,4,544,Champions
C01512,Customer_C01512,New,Agra,76.2,1,931.69,3,1,1,311,Low Engagement
C00338,Customer_C00338,New,Jaipur,76.1,1,364.94,3,1,1,311,Low Engagement
C00421,Customer_C00421,Repeat,Lucknow,11.0,3,5235.56,5,4,4,544,Champions
C02167,Customer_C02167,Repeat,Prayagraj,56.1,2,1875.58,4,3,2,432,Low Engagement
C01689,Customer_C01689,Repeat,Kanpur,36.1,2,736.53,4,3,1,431,Low Engagement
C01343,Customer_C01343,New,Gorakhpur,74.1,1,5318.45,3,1,4,314,Low Engagement
C00533,Customer_C00533,New,Prayagraj,74.1,1,598.63,3,1,1,311,Low Engagement
C02046,Customer_C02046,New,Prayagraj,74.0,1,269.63,3,1,1,311,Low Engagement
C01234,Customer_C01234,Repeat,Noida,47.2,2,16880.27,4,3,5,435,Loyal
C01054,Customer_C01054,New,Delhi,72.2,1,1123.3,3,1,2,312,Low Engagement
C00682,Customer_C00682,New,Gorakhpur,72.2,1,719.55,3,1,1,311,Low Engagement
C03058,Customer_C03058,New,Lucknow,71.2,1,357.11,3,1,1,311,Low Engagement
C00140,Customer_C00140,Repeat,Noida,41.3,2,516.96,4,3,1,431,Low Engagement
C00714,Customer_C00714,Repeat,Prayagraj,34.1,2,3103.18,4,3,3,433,Loyal
C01637,Customer_C01637,New,Lucknow,70.4,1,1381.5,3,1,2,312,Low Engagement
C01659,Customer_C01659,Repeat,Varanasi,40.1,2,7929.65,4,3,5,435,Loyal
C02524,Customer_C02524,New,Lucknow,70.1,1,3127.67,3,1,3,313,Low Engagement
C02057,Customer_C02057,Repeat,Noida,56.2,3,11494.18,4,4,5,445,Champions
C01395,Customer_C01395,Repeat,Lucknow,55.1,2,11120.04,4,3,5,435,Loyal
C02619,Customer_C02619,Repeat,Prayagraj,12.1,4,12578.67,5,5,5,555,Champions
C00146,Customer_C00146,New,Noida,69.0,1,5119.41,3,1,4,314,Low Engagement
C00489,Customer_C00489,New,Varanasi,68.4,1,4353.02,3,1,4,314,Low Engagement
C02974,Customer_C02974,New,Lucknow,68.4,1,267.76,3,1,1,311,Low Engagement
C01362,Customer_C01362,Repeat,Gorakhpur,7.1,3,4598.69,5,4,4,544,Champions
C01789,Customer_C01789,Repeat,Prayagraj,49.3,2,2234.54,4,3,3,433,Loyal
C01446,Customer_C01446,Repeat,Noida,8.1,2,2528.49,5,3,3,533,Loyal
C02807,Customer_C02807,New,Varanasi,68.1,1,1998.72,3,1,2,312,Low Engagement
C02948,Customer_C02948,New,Gorakhpur,67.0,1,1620.91,3,1,2,312,Low Engagement
C01183,Customer_C01183,Repeat,Varanasi,33.5,2,1474.42,4,3,2,432,Low Engagement
C01331,Customer_C01331,New,Delhi,66.0,1,2167.41,3,1,2,312,Low Engagement
C01438,Customer_C01438,Repeat,Delhi,61.1,3,2113.82,3,4,2,342,Low Engagement
C01061,Customer_C01061,New,Kanpur,64.3,1,1071.69,3,1,2,312,Low Engagement
C01000,Customer_C01000,New,Noida,64.0,1,10844.27,3,1,5,315,Low Engagement
C02505,Customer_C02505,New,Kanpur,62.1,1,633.11,3,1,1,311,Low Engagement
C02131,Customer_C02131,New,Prayagraj,61.5,1,270.79,3,1,1,311,Low Engagement
C00076,Customer_C00076,Repeat,Noida,2.6,2,4169.55,5,3,4,534,Loyal
C01456,Customer_C01456,Repeat,Lucknow,47.1,3,4157.59,4,4,4,444,Champions
C00189,Customer_C00189,New,Prayagraj,61.3,1,205.9,3,1,1,311,Low Engagement
C00604,Customer_C00604,New,Prayagraj,61.2,1,341.12,3,1,1,311,Low Engagement
C01649,Customer_C01649,Repeat,Varanasi,28.1,2,3930.21,4,3,4,434,Loyal
C03149,Customer_C03149,New,Noida,61.2,1,2608.01,3,1,3,313,Low Engagement
C02996,Customer_C02996,Repeat,Lucknow,29.2,3,2675.22,4,4,3,443,Loyal
C01848,Customer_C01848,Repeat,Prayagraj,14.3,3,2870.83,5,4,3,543,Loyal
C01121,Customer_C01121,New,Noida,60.2,1,132.0,3,1,1,311,Low Engagement
C00102,Customer_C00102,Repeat,Lucknow,39.1,3,1834.47,4,4,2,442,Low Engagement
C01924,Customer_C01924,New,Prayagraj,60.1,1,195.65,3,1,1,311,Low Engagement
C02320,Customer_C02320,New,Noida,59.3,1,311.46,3,1,1,311,Low Engagement
C00512,Customer_C00512,New,Prayagraj,59.1,1,2799.32,3,1,3,313,Low Engagement
C00593,Customer_C00593,New,Agra,58.1,1,1500.0,3,1,2,312,Low Engagement
C00469,Customer_C00469,Repeat,Noida,53.2,2,817.39,4,3,1,431,Low Engagement
C01207,Customer_C01207,New,Prayagraj,57.3,1,565.78,3,1,1,311,Low Engagement
C01092,Customer_C01092,Repeat,Lucknow,2.3,4,2186.38,5,5,2,552,Low Engagement
C02970,Customer_C02970,New,Lucknow,56.4,1,366.95,4,1,1,411,New Customers
C03480,Customer_C03480,New,Gorakhpur,55.5,1,443.0,4,1,1,411,New Customers
C01807,Customer_C01807,Repeat,Prayagraj,26.2,2,2247.82,4,3,3,433,Loyal
C00130,Customer_C00130,Repeat,Varanasi,10.0,2,802.83,5,3,1,531,Low Engagement
C03118,Customer_C03118,Repeat,Noida,35.1,2,8377.43,4,3,5,435,Loyal
C03354,Customer_C03354,New,Noida,54.2,1,8069.4,4,1,5,415,Potential Loyalists
C00285,Customer_C00285,Repeat,Noida,17.0,4,17592.48,5,5,5,555,Champions
C03369,Customer_C03369,Repeat,Lucknow,46.2,2,813.57,4,3,1,431,Low Engagement
C00091,Customer_C00091,Repeat,Lucknow,44.2,2,445.86,4,3,1,431,Low Engagement
C01628,Customer_C01628,New,Agra,53.3,1,1022.33,4,1,1,411,New Customers
C03208,Customer_C03208,New,Kanpur,53.2,1,2332.0,4,1,3,413,Potential Loyalists
C02202,Customer_C02202,New,Prayagraj,53.0,1,1204.99,4,1,2,412,Potential Loyalists
C03160,Customer_C03160,New,Gorakhpur,52.1,1,1582.86,4,1,2,412,Potential Loyalists
C00954,Customer_C00954,Repeat,Agra,4.2,2,756.45,5,3,1,531,Low Engagement
C03083,Customer_C03083,Repeat,Noida,50.0,2,501.67,4,3,1,431,Low Engagement
C00985,Customer_C00985,New,Prayagraj,51.0,1,604.43,4,1,1,411,New Customers
C03469,Customer_C03469,New,Kanpur,50.5,1,98.68,4,1,1,411,New Customers
C03277,Customer_C03277,New,Kanpur,50.1,1,1683.68,4,1,2,412,Potential Loyalists
C00220,Customer_C00220,New,Noida,50.1,1,4686.92,4,1,4,414,Potential Loyalists
C01760,Customer_C01760,New,Agra,50.0,1,660.67,4,1,1,411,New Customers
C00126,Customer_C00126,New,Lucknow,50.0,1,790.25,4,1,1,411,New Customers
C00337,Customer_C00337,Repeat,Noida,38.1,2,903.69,4,3,1,431,Low Engagement
C02098,Customer_C02098,New,Gorakhpur,49.3,1,3180.0,4,1,3,413,Potential Loyalists
C00118,Customer_C00118,New,Kanpur,49.1,1,583.13,4,1,1,411,New Customers
C02153,Customer_C02153,New,Noida,49.1,1,393.52,4,1,1,411,New Customers
C00898,Customer_C00898,New,Varanasi,49.0,1,422.31,4,1,1,411,New Customers
C03428,Customer_C03428,New,Lucknow,48.0,1,589.79,4,1,1,411,New Customers
C02308,Customer_C02308,Repeat,Kanpur,45.1,2,1029.43,4,3,1,431,Low Engagement
C00412,Customer_C00412,New,Kanpur,47.2,1,671.21,4,1,1,411,New Customers
C01269,Customer_C01269,Repeat,Prayagraj,42.3,3,1780.5,4,4,2,442,Low Engagement
C01826,Customer_C01826,New,Kanpur,46.2,1,2200.0,4,1,2,412,Potential Loyalists
C03244,Customer_C03244,New,Kanpur,46.2,1,641.74,4,1,1,411,New Customers
C01932,Customer_C01932,Repeat,Noida,38.0,2,1827.32,4,3,2,432,Low Engagement
C00816,Customer_C00816,New,Jaipur,46.0,1,444.22,4,1,1,411,New Customers
C01275,Customer_C01275,New,Prayagraj,46.0,1,1015.9,4,1,1,411,New Customers
C02230,Customer_C02230,Repeat,Varanasi,9.3,2,672.22,5,3,1,531,Low Engagement
C02337,Customer_C02337,New,Delhi,45.2,1,1081.23,4,1,2,412,Potential Loyalists
C00773,Customer_C00773,Repeat,Patna,34.3,2,8499.72,4,3,5,435,Loyal
C02605,Customer_C02605,New,Varanasi,44.2,1,244.0,4,1,1,411,New Customers
C01293,Customer_C01293,New,Gorakhpur,44.0,1,302.75,4,1,1,411,New Customers
C02656,Customer_C02656,Repeat,Patna,43.2,2,1107.76,4,3,2,432,Low Engagement
C01614,Customer_C01614,Repeat,Jaipur,41.5,2,686.55,4,3,1,431,Low Engagement
C01267,Customer_C01267,Repeat,Agra,7.1,2,1106.35,5,3,2,532,Low Engagement
C01583,Customer_C01583,Repeat,Noida,8.2,2,2321.84,5,3,3,533,Loyal
C03420,Customer_C03420,Repeat,Jaipur,25.1,2,7788.06,5,3,5,535,Loyal
C00374,Customer_C00374,Repeat,Jaipur,22.0,2,680.37,5,3,1,531,Low Engagement
C02025,Customer_C02025,New,Lucknow,41.1,1,4073.93,4,1,4,414,Potential Loyalists
C00228,Customer_C00228,New,Prayagraj,40.3,1,249.8,4,1,1,411,New Customers
C03260,Customer_C03260,New,Gorakhpur,40.2,1,1163.69,4,1,2,412,Potential Loyalists
C01571,Customer_C01571,New,Patna,40.1,1,716.62,4,1,1,411,New Customers
C02690,Customer_C02690,New,Prayagraj,38.5,1,448.86,4,1,1,411,New Customers
C02090,Customer_C02090,New,Prayagraj,37.5,1,1498.32,4,1,2,412,Potential Loyalists
C01696,Customer_C01696,New,Jaipur,37.4,1,431.4,4,1,1,411,New Customers
C00339,Customer_C00339,Repeat,Noida,8.1,2,4833.89,5,3,4,534,Loyal
C02316,Customer_C02316,New,Gorakhpur,37.1,1,3238.85,4,1,3,413,Potential Loyalists
C00832,Customer_C00832,New,Delhi,36.1,1,2015.73,4,1,2,412,Potential Loyalists
C02017,Customer_C02017,New,Agra,36.0,1,521.47,4,1,1,411,New Customers
C03411,Customer_C03411,New,Prayagraj,36.0,1,892.42,4,1,1,411,New Customers
C00245,Customer_C00245,New,Kanpur,34.1,1,419.94,4,1,1,411,New Customers
C00193,Customer_C00193,New,Kanpur,34.1,1,564.21,4,1,1,411,New Customers
C02845,Customer_C02845,New,Prayagraj,34.0,1,595.18,4,1,1,411,New Customers
C00618,Customer_C00618,New,Lucknow,33.3,1,353.73,4,1,1,411,New Customers
C00024,Customer_C00024,New,Lucknow,33.1,1,648.13,4,1,1,411,New Customers
C02430,Customer_C02430,Repeat,Patna,30.2,2,1089.04,4,3,2,432,Low Engagement
C00789,Customer_C00789,New,Lucknow,32.2,1,155.92,4,1,1,411,New Customers
C00880,Customer_C00880,Repeat,Lucknow,22.2,2,19345.99,5,3,5,535,Loyal
C01337,Customer_C01337,New,Gorakhpur,30.1,1,2399.24,4,1,3,413,Potential Loyalists
C02422,Customer_C02422,New,Varanasi,29.1,1,1211.16,4,1,2,412,Potential Loyalists
C02532,Customer_C02532,New,Prayagraj,28.3,1,109.33,4,1,1,411,New Customers
C02587,Customer_C02587,New,Lucknow,28.2,1,755.42,4,1,1,411,New Customers
C02679,Customer_C02679,New,Gorakhpur,28.2,1,2880.76,4,1,3,413,Potential Loyalists
C03093,Customer_C03093,Repeat,Agra,17.2,2,1142.8,5,3,2,532,Low Engagement
C03447,Customer_C03447,New,Noida,28.1,1,11182.0,4,1,5,415,Potential Loyalists
C00238,Customer_C00238,New,Noida,27.0,1,115.79,4,1,1,411,New Customers
C00978,Customer_C00978,New,Kanpur,26.1,1,249.89,4,1,1,411,New Customers
C03167,Customer_C03167,New,Lucknow,25.5,1,104.84,4,1,1,411,New Customers
C03318,Customer_C03318,New,Noida,25.2,1,5383.45,5,1,4,514,Potential Loyalists
C03293,Customer_C03293,New,Varanasi,25.1,1,280.86,5,1,1,511,New Customers
C01028,Customer_C01028,Repeat,Noida,4.1,2,11291.28,5,3,5,535,Loyal
C00658,Customer_C00658,Repeat,Gorakhpur,4.1,2,1213.11,5,3,2,532,Low Engagement
C00897,Customer_C00897,New,Lucknow,24.1,1,3300.0,5,1,3,513,Potential Loyalists
C00845,Customer_C00845,New,Kanpur,19.5,1,1286.17,5,1,2,512,Potential Loyalists
C01842,Customer_C01842,New,Jaipur,19.2,1,207.98,5,1,1,511,New Customers
C03346,Customer_C03346,New,Gorakhpur,19.1,1,1949.77,5,1,2,512,Potential Loyalists
C01324,Customer_C01324,New,Delhi,18.2,1,651.27,5,1,1,511,New Customers
C00690,Customer_C00690,Repeat,Lucknow,0.0,2,1105.61,5,3,2,532,Low Engagement
C02478,Customer_C02478,New,Lucknow,18.1,1,4626.71,5,1,4,514,Potential Loyalists
C03314,Customer_C03314,New,Kanpur,17.4,1,528.49,5,1,1,511,New Customers
C00314,Customer_C00314,New,Prayagraj,17.3,1,1264.76,5,1,2,512,Potential Loyalists
C00600,Customer_C00600,New,Lucknow,17.2,1,986.74,5,1,1,511,New Customers
C00686,Customer_C00686,Repeat,Lucknow,13.1,2,1198.08,5,3,2,532,Low Engagement
C00758,Customer_C00758,New,Varanasi,16.3,1,352.07,5,1,1,511,New Customers
C00581,Customer_C00581,New,Kanpur,16.2,1,206.25,5,1,1,511,New Customers
C01074,Customer_C01074,New,Patna,16.1,1,185.47,5,1,1,511,New Customers
C03475,Customer_C03475,New,Agra,16.0,1,1272.0,5,1,2,512,Potential Loyalists
C02420,Customer_C02420,New,Kanpur,15.3,1,327.02,5,1,1,511,New Customers
C01060,Customer_C01060,New,Jaipur,15.2,1,461.52,5,1,1,511,New Customers
C00174,Customer_C00174,New,Agra,15.1,1,1668.68,5,1,2,512,Potential Loyalists
C02066,Customer_C02066,New,Noida,14.2,1,1500.0,5,1,2,512,Potential Loyalists
C01255,Customer_C01255,New,Varanasi,12.5,1,2500.0,5,1,3,513,Potential Loyalists
C02951,Customer_C02951,New,Noida,12.2,1,8575.14,5,1,5,515,Potential Loyalists
C00056,Customer_C00056,New,Noida,12.1,1,384.29,5,1,1,511,New Customers
C01577,Customer_C01577,New,Lucknow,11.3,1,208.76,5,1,1,511,New Customers
C00050,Customer_C00050,New,Kanpur,11.1,1,565.61,5,1,1,511,New Customers
C03152,Customer_C03152,New,Kanpur,10.2,1,928.45,5,1,1,511,New Customers
C02210,Customer_C02210,Repeat,Lucknow,0.2,2,4208.74,5,3,4,534,Loyal
C02657,Customer_C02657,New,Jaipur,10.1,1,6534.26,5,1,4,514,Potential Loyalists
C00649,Customer_C00649,New,Kanpur,9.4,1,359.55,5,1,1,511,New Customers
C03316,Customer_C03316,New,Lucknow,9.0,1,441.59,5,1,1,511,New Customers
C01431,Customer_C01431,New,Lucknow,8.2,1,626.36,5,1,1,511,New Customers
C01096,Customer_C01096,New,Gorakhpur,7.1,1,2160.0,5,1,2,512,Potential Loyalists
C00449,Customer_C00449,New,Lucknow,7.1,1,1162.26,5,1,2,512,Potential Loyalists
C01122,Customer_C01122,New,Gorakhpur,6.3,1,6676.33,5,1,4,514,Potential Loyalists
C03183,Customer_C03183,New,Prayagraj,6.1,1,335.09,5,1,1,511,New Customers
C01399,Customer_C01399,New,Lucknow,6.1,1,665.72,5,1,1,511,New Customers
C01467,Customer_C01467,Repeat,Noida,0.1,2,592.45,5,3,1,531,Low Engagement
C02097,Customer_C02097,New,Gorakhpur,5.1,1,2267.52,5,1,3,513,Potential Loyalists
C03261,Customer_C03261,New,Lucknow,4.1,1,905.03,5,1,1,511,New Customers
C01259,Customer_C01259,New,Noida,3.5,1,194.29,5,1,1,511,New Customers
C03151,Customer_C03151,New,Noida,1.4,1,252.88,5,1,1,511,New Customers
C03243,Customer_C03243,New,Lucknow,1.4,1,3241.62,5,1,3,513,Potential Loyalists
C03485,Customer_C03485,New,Agra,1.0,1,560.37,5,1,1,511,New Customers
C01068,Customer_C01068,New,Jaipur,0.2,1,167.12,5,1,1,511,New Customers
C02099,Customer_C02099,New,Jaipur,0.1,1,13088.43,5,1,5,515,Potential Loyalists
