customer_id,snapshot_date,risk_probability,risk_band,model_name,model_version
C00001,2026-07-15,0.5797,medium,RandomForestClassifier,v1.0
C00002,2026-07-15,0.5213,medium,RandomForestClassifier,v1.0
C00003,2026-07-15,0.5055,medium,RandomForestClassifier,v1.0
C00004,2026-07-15,0.5189,medium,RandomForestClassifier,v1.0
C00005,2026-07-15,0.6312,high,RandomForestClassifier,v1.0
C00006,2026-07-15,0.5048,medium,RandomForestClassifier,v1.0
C00008,2026-07-15,0.5339,medium,RandomForestClassifier,v1.0
C00009,2026-07-15,0.482,medium,RandomForestClassifier,v1.0
C00010,2026-07-15,0.4667,medium,RandomForestClassifier,v1.0
C00012,2026-07-15,0.6602,high,RandomForestClassifier,v1.0
C00013,2026-07-15,0.5627,medium,RandomForestClassifier,v1.0
C00014,2026-07-15,0.4654,medium,RandomForestClassifier,v1.0
C00015,2026-07-15,0.4659,medium,RandomForestClassifier,v1.0
C00016,2026-07-15,0.4096,medium,RandomForestClassifier,v1.0
C00017,2026-07-15,0.5127,medium,RandomForestClassifier,v1.0
C00018,2026-07-15,0.4858,medium,RandomForestClassifier,v1.0
C00019,2026-07-15,0.5425,medium,RandomForestClassifier,v1.0
C00020,2026-07-15,0.5352,medium,RandomForestClassifier,v1.0
C00021,2026-07-15,0.6119,high,RandomForestClassifier,v1.0
C00022,2026-07-15,0.5947,medium,RandomForestClassifier,v1.0
C00023,2026-07-15,0.5781,medium,RandomForestClassifier,v1.0
C00025,2026-07-15,0.571,medium,RandomForestClassifier,v1.0
C00026,2026-07-15,0.5414,medium,RandomForestClassifier,v1.0
C00027,2026-07-15,0.5147,medium,RandomForestClassifier,v1.0
C00028,2026-07-15,0.3036,medium,RandomForestClassifier,v1.0
C00029,2026-07-15,0.5068,medium,RandomForestClassifier,v1.0
C00030,2026-07-15,0.6025,high,RandomForestClassifier,v1.0
C00031,2026-07-15,0.4858,medium,RandomForestClassifier,v1.0
C00032,2026-07-15,0.4398,medium,RandomForestClassifier,v1.0
C00033,2026-07-15,0.4785,medium,RandomForestClassifier,v1.0
C00034,2026-07-15,0.5202,medium,RandomForestClassifier,v1.0
C00035,2026-07-15,0.6507,high,RandomForestClassifier,v1.0
C00036,2026-07-15,0.5134,medium,RandomForestClassifier,v1.0
C00037,2026-07-15,0.5022,medium,RandomForestClassifier,v1.0
C00038,2026-07-15,0.5168,medium,RandomForestClassifier,v1.0
C00039,2026-07-15,0.5011,medium,RandomForestClassifier,v1.0
C00040,2026-07-15,0.5595,medium,RandomForestClassifier,v1.0
C00041,2026-07-15,0.511,medium,RandomForestClassifier,v1.0
C00042,2026-07-15,0.5229,medium,RandomForestClassifier,v1.0
C00043,2026-07-15,0.6254,high,RandomForestClassifier,v1.0
C00044,2026-07-15,0.5428,medium,RandomForestClassifier,v1.0
C00045,2026-07-15,0.4364,medium,RandomForestClassifier,v1.0
C00046,2026-07-15,0.5492,medium,RandomForestClassifier,v1.0
C00047,2026-07-15,0.5627,medium,RandomForestClassifier,v1.0
C00048,2026-07-15,0.5204,medium,RandomForestClassifier,v1.0
C00049,2026-07-15,0.501,medium,RandomForestClassifier,v1.0
C00051,2026-07-15,0.5387,medium,RandomForestClassifier,v1.0
C00052,2026-07-15,0.5322,medium,RandomForestClassifier,v1.0
C00053,2026-07-15,0.5952,medium,RandomForestClassifier,v1.0
C00054,2026-07-15,0.5399,medium,RandomForestClassifier,v1.0
C00055,2026-07-15,0.5076,medium,RandomForestClassifier,v1.0
C00057,2026-07-15,0.5346,medium,RandomForestClassifier,v1.0
C00058,2026-07-15,0.6181,high,RandomForestClassifier,v1.0
C00059,2026-07-15,0.42,medium,RandomForestClassifier,v1.0
C00060,2026-07-15,0.4354,medium,RandomForestClassifier,v1.0
C00061,2026-07-15,0.5066,medium,RandomForestClassifier,v1.0
C00062,2026-07-15,0.5118,medium,RandomForestClassifier,v1.0
C00063,2026-07-15,0.5818,medium,RandomForestClassifier,v1.0
C00064,2026-07-15,0.4676,medium,RandomForestClassifier,v1.0
C00065,2026-07-15,0.563,medium,RandomForestClassifier,v1.0
C00066,2026-07-15,0.629,high,RandomForestClassifier,v1.0
C00067,2026-07-15,0.4963,medium,RandomForestClassifier,v1.0
C00068,2026-07-15,0.5539,medium,RandomForestClassifier,v1.0
C00069,2026-07-15,0.523,medium,RandomForestClassifier,v1.0
C00070,2026-07-15,0.5043,medium,RandomForestClassifier,v1.0
C00071,2026-07-15,0.5354,medium,RandomForestClassifier,v1.0
C00072,2026-07-15,0.4866,medium,RandomForestClassifier,v1.0
C00073,2026-07-15,0.5192,medium,RandomForestClassifier,v1.0
C00074,2026-07-15,0.4997,medium,RandomForestClassifier,v1.0
C00075,2026-07-15,0.4787,medium,RandomForestClassifier,v1.0
C00077,2026-07-15,0.5968,medium,RandomForestClassifier,v1.0
C00078,2026-07-15,0.5399,medium,RandomForestClassifier,v1.0
C00079,2026-07-15,0.5438,medium,RandomForestClassifier,v1.0
C00080,2026-07-15,0.5278,medium,RandomForestClassifier,v1.0
C00081,2026-07-15,0.4984,medium,RandomForestClassifier,v1.0
C00083,2026-07-15,0.5807,medium,RandomForestClassifier,v1.0
C00084,2026-07-15,0.5649,medium,RandomForestClassifier,v1.0
C00086,2026-07-15,0.553,medium,RandomForestClassifier,v1.0
C00087,2026-07-15,0.5393,medium,RandomForestClassifier,v1.0
C00088,2026-07-15,0.5047,medium,RandomForestClassifier,v1.0
C00089,2026-07-15,0.609,high,RandomForestClassifier,v1.0
C00090,2026-07-15,0.6213,high,RandomForestClassifier,v1.0
C00092,2026-07-15,0.4765,medium,RandomForestClassifier,v1.0
C00093,2026-07-15,0.5148,medium,RandomForestClassifier,v1.0
C00094,2026-07-15,0.4961,medium,RandomForestClassifier,v1.0
C00095,2026-07-15,0.4518,medium,RandomForestClassifier,v1.0
C00096,2026-07-15,0.5474,medium,RandomForestClassifier,v1.0
C00097,2026-07-15,0.5108,medium,RandomForestClassifier,v1.0
C00098,2026-07-15,0.5159,medium,RandomForestClassifier,v1.0
C00099,2026-07-15,0.4835,medium,RandomForestClassifier,v1.0
C00100,2026-07-15,0.3687,medium,RandomForestClassifier,v1.0
C00101,2026-07-15,0.4789,medium,RandomForestClassifier,v1.0
C00103,2026-07-15,0.6052,high,RandomForestClassifier,v1.0
C00104,2026-07-15,0.5061,medium,RandomForestClassifier,v1.0
C00105,2026-07-15,0.5951,medium,RandomForestClassifier,v1.0
C00106,2026-07-15,0.4966,medium,RandomForestClassifier,v1.0
C00107,2026-07-15,0.4124,medium,RandomForestClassifier,v1.0
C00108,2026-07-15,0.5145,medium,RandomForestClassifier,v1.0
C00109,2026-07-15,0.5289,medium,RandomForestClassifier,v1.0
C00110,2026-07-15,0.4342,medium,RandomForestClassifier,v1.0
C00111,2026-07-15,0.4948,medium,RandomForestClassifier,v1.0
C00112,2026-07-15,0.5111,medium,RandomForestClassifier,v1.0
C00113,2026-07-15,0.5134,medium,RandomForestClassifier,v1.0
C00114,2026-07-15,0.448,medium,RandomForestClassifier,v1.0
C00115,2026-07-15,0.4156,medium,RandomForestClassifier,v1.0
C00116,2026-07-15,0.5423,medium,RandomForestClassifier,v1.0
C00117,2026-07-15,0.5011,medium,RandomForestClassifier,v1.0
C00120,2026-07-15,0.52,medium,RandomForestClassifier,v1.0
C00121,2026-07-15,0.5343,medium,RandomForestClassifier,v1.0
C00122,2026-07-15,0.5268,medium,RandomForestClassifier,v1.0
C00123,2026-07-15,0.5203,medium,RandomForestClassifier,v1.0
C00124,2026-07-15,0.527,medium,RandomForestClassifier,v1.0
C00125,2026-07-15,0.4564,medium,RandomForestClassifier,v1.0
C00127,2026-07-15,0.5092,medium,RandomForestClassifier,v1.0
C00128,2026-07-15,0.5142,medium,RandomForestClassifier,v1.0
C00129,2026-07-15,0.5691,medium,RandomForestClassifier,v1.0
C00131,2026-07-15,0.5247,medium,RandomForestClassifier,v1.0
C00132,2026-07-15,0.452,medium,RandomForestClassifier,v1.0
C00133,2026-07-15,0.4906,medium,RandomForestClassifier,v1.0
C00134,2026-07-15,0.5073,medium,RandomForestClassifier,v1.0
C00135,2026-07-15,0.5036,medium,RandomForestClassifier,v1.0
C00136,2026-07-15,0.5006,medium,RandomForestClassifier,v1.0
C00137,2026-07-15,0.4965,medium,RandomForestClassifier,v1.0
C00138,2026-07-15,0.5129,medium,RandomForestClassifier,v1.0
C00139,2026-07-15,0.5525,medium,RandomForestClassifier,v1.0
C00140,2026-07-15,0.5065,medium,RandomForestClassifier,v1.0
C00141,2026-07-15,0.5805,medium,RandomForestClassifier,v1.0
C00143,2026-07-15,0.502,medium,RandomForestClassifier,v1.0
C00144,2026-07-15,0.6032,high,RandomForestClassifier,v1.0
C00145,2026-07-15,0.5348,medium,RandomForestClassifier,v1.0
C00147,2026-07-15,0.5682,medium,RandomForestClassifier,v1.0
C00148,2026-07-15,0.6284,high,RandomForestClassifier,v1.0
C00149,2026-07-15,0.444,medium,RandomForestClassifier,v1.0
C00150,2026-07-15,0.5368,medium,RandomForestClassifier,v1.0
C00151,2026-07-15,0.4768,medium,RandomForestClassifier,v1.0
C00152,2026-07-15,0.5291,medium,RandomForestClassifier,v1.0
C00153,2026-07-15,0.535,medium,RandomForestClassifier,v1.0
C00154,2026-07-15,0.5347,medium,RandomForestClassifier,v1.0
C00155,2026-07-15,0.4709,medium,RandomForestClassifier,v1.0
C00157,2026-07-15,0.4627,medium,RandomForestClassifier,v1.0
C00158,2026-07-15,0.5379,medium,RandomForestClassifier,v1.0
C00159,2026-07-15,0.5135,medium,RandomForestClassifier,v1.0
C00160,2026-07-15,0.4996,medium,RandomForestClassifier,v1.0
C00161,2026-07-15,0.5015,medium,RandomForestClassifier,v1.0
C00162,2026-07-15,0.5596,medium,RandomForestClassifier,v1.0
C00163,2026-07-15,0.5141,medium,RandomForestClassifier,v1.0
C00164,2026-07-15,0.5579,medium,RandomForestClassifier,v1.0
C00165,2026-07-15,0.5019,medium,RandomForestClassifier,v1.0
C00166,2026-07-15,0.5108,medium,RandomForestClassifier,v1.0
C00167,2026-07-15,0.5731,medium,RandomForestClassifier,v1.0
C00168,2026-07-15,0.587,medium,RandomForestClassifier,v1.0
C00169,2026-07-15,0.4671,medium,RandomForestClassifier,v1.0
C00170,2026-07-15,0.4986,medium,RandomForestClassifier,v1.0
C00171,2026-07-15,0.4934,medium,RandomForestClassifier,v1.0
C00172,2026-07-15,0.4897,medium,RandomForestClassifier,v1.0
C00173,2026-07-15,0.466,medium,RandomForestClassifier,v1.0
C00175,2026-07-15,0.5342,medium,RandomForestClassifier,v1.0
C00176,2026-07-15,0.5811,medium,RandomForestClassifier,v1.0
C00177,2026-07-15,0.5052,medium,RandomForestClassifier,v1.0
C00178,2026-07-15,0.508,medium,RandomForestClassifier,v1.0
C00179,2026-07-15,0.4985,medium,RandomForestClassifier,v1.0
C00180,2026-07-15,0.587,medium,RandomForestClassifier,v1.0
C00181,2026-07-15,0.5025,medium,RandomForestClassifier,v1.0
C00182,2026-07-15,0.5285,medium,RandomForestClassifier,v1.0
C00183,2026-07-15,0.5014,medium,RandomForestClassifier,v1.0
C00184,2026-07-15,0.5141,medium,RandomForestClassifier,v1.0
C00185,2026-07-15,0.5317,medium,RandomForestClassifier,v1.0
C00187,2026-07-15,0.4714,medium,RandomForestClassifier,v1.0
C00188,2026-07-15,0.5744,medium,RandomForestClassifier,v1.0
C00190,2026-07-15,0.5201,medium,RandomForestClassifier,v1.0
C00191,2026-07-15,0.6154,high,RandomForestClassifier,v1.0
C00192,2026-07-15,0.4865,medium,RandomForestClassifier,v1.0
C00194,2026-07-15,0.5851,medium,RandomForestClassifier,v1.0
C00195,2026-07-15,0.5302,medium,RandomForestClassifier,v1.0
C00196,2026-07-15,0.4839,medium,RandomForestClassifier,v1.0
C00197,2026-07-15,0.4962,medium,RandomForestClassifier,v1.0
C00198,2026-07-15,0.5731,medium,RandomForestClassifier,v1.0
C00199,2026-07-15,0.502,medium,RandomForestClassifier,v1.0
C00200,2026-07-15,0.5188,medium,RandomForestClassifier,v1.0
C00201,2026-07-15,0.4941,medium,RandomForestClassifier,v1.0
C00202,2026-07-15,0.5545,medium,RandomForestClassifier,v1.0
C00203,2026-07-15,0.5895,medium,RandomForestClassifier,v1.0
C00204,2026-07-15,0.4332,medium,RandomForestClassifier,v1.0
C00205,2026-07-15,0.5944,medium,RandomForestClassifier,v1.0
C00206,2026-07-15,0.5054,medium,RandomForestClassifier,v1.0
C00207,2026-07-15,0.5296,medium,RandomForestClassifier,v1.0
C00208,2026-07-15,0.4884,medium,RandomForestClassifier,v1.0
C00209,2026-07-15,0.5216,medium,RandomForestClassifier,v1.0
C00210,2026-07-15,0.5757,medium,RandomForestClassifier,v1.0
C00211,2026-07-15,0.5013,medium,RandomForestClassifier,v1.0
C00212,2026-07-15,0.5622,medium,RandomForestClassifier,v1.0
C00213,2026-07-15,0.6025,high,RandomForestClassifier,v1.0
C00214,2026-07-15,0.5221,medium,RandomForestClassifier,v1.0
C00215,2026-07-15,0.4743,medium,RandomForestClassifier,v1.0
C00217,2026-07-15,0.5169,medium,RandomForestClassifier,v1.0
C00218,2026-07-15,0.587,medium,RandomForestClassifier,v1.0
C00219,2026-07-15,0.4985,medium,RandomForestClassifier,v1.0
C00221,2026-07-15,0.4886,medium,RandomForestClassifier,v1.0
C00222,2026-07-15,0.5572,medium,RandomForestClassifier,v1.0
C00223,2026-07-15,0.5131,medium,RandomForestClassifier,v1.0
C00224,2026-07-15,0.5153,medium,RandomForestClassifier,v1.0
C00225,2026-07-15,0.5294,medium,RandomForestClassifier,v1.0
C00229,2026-07-15,0.5384,medium,RandomForestClassifier,v1.0
C00230,2026-07-15,0.4892,medium,RandomForestClassifier,v1.0
C00231,2026-07-15,0.5249,medium,RandomForestClassifier,v1.0
C00232,2026-07-15,0.5677,medium,RandomForestClassifier,v1.0
C00233,2026-07-15,0.582,medium,RandomForestClassifier,v1.0
C00234,2026-07-15,0.5023,medium,RandomForestClassifier,v1.0
C00235,2026-07-15,0.5716,medium,RandomForestClassifier,v1.0
C00236,2026-07-15,0.5338,medium,RandomForestClassifier,v1.0
C00237,2026-07-15,0.4411,medium,RandomForestClassifier,v1.0
C00239,2026-07-15,0.5147,medium,RandomForestClassifier,v1.0
C00240,2026-07-15,0.5119,medium,RandomForestClassifier,v1.0
C00241,2026-07-15,0.5033,medium,RandomForestClassifier,v1.0
C00242,2026-07-15,0.4858,medium,RandomForestClassifier,v1.0
C00243,2026-07-15,0.6395,high,RandomForestClassifier,v1.0
C00244,2026-07-15,0.4586,medium,RandomForestClassifier,v1.0
C00246,2026-07-15,0.6325,high,RandomForestClassifier,v1.0
C00247,2026-07-15,0.569,medium,RandomForestClassifier,v1.0
C00248,2026-07-15,0.4507,medium,RandomForestClassifier,v1.0
C00249,2026-07-15,0.5242,medium,RandomForestClassifier,v1.0
C00250,2026-07-15,0.5453,medium,RandomForestClassifier,v1.0
C00251,2026-07-15,0.554,medium,RandomForestClassifier,v1.0
C00252,2026-07-15,0.5425,medium,RandomForestClassifier,v1.0
C00253,2026-07-15,0.5355,medium,RandomForestClassifier,v1.0
C00254,2026-07-15,0.4948,medium,RandomForestClassifier,v1.0
C00255,2026-07-15,0.5007,medium,RandomForestClassifier,v1.0
C00256,2026-07-15,0.6052,high,RandomForestClassifier,v1.0
C00257,2026-07-15,0.5029,medium,RandomForestClassifier,v1.0
C00258,2026-07-15,0.5144,medium,RandomForestClassifier,v1.0
C00259,2026-07-15,0.4634,medium,RandomForestClassifier,v1.0
C00260,2026-07-15,0.4727,medium,RandomForestClassifier,v1.0
C00261,2026-07-15,0.5053,medium,RandomForestClassifier,v1.0
C00262,2026-07-15,0.5908,medium,RandomForestClassifier,v1.0
C00263,2026-07-15,0.5416,medium,RandomForestClassifier,v1.0
C00264,2026-07-15,0.5996,medium,RandomForestClassifier,v1.0
C00265,2026-07-15,0.5059,medium,RandomForestClassifier,v1.0
C00266,2026-07-15,0.4727,medium,RandomForestClassifier,v1.0
C00267,2026-07-15,0.4471,medium,RandomForestClassifier,v1.0
C00268,2026-07-15,0.5276,medium,RandomForestClassifier,v1.0
C00269,2026-07-15,0.4858,medium,RandomForestClassifier,v1.0
C00270,2026-07-15,0.4935,medium,RandomForestClassifier,v1.0
C00271,2026-07-15,0.6638,high,RandomForestClassifier,v1.0
C00273,2026-07-15,0.4994,medium,RandomForestClassifier,v1.0
C00274,2026-07-15,0.4861,medium,RandomForestClassifier,v1.0
C00275,2026-07-15,0.4778,medium,RandomForestClassifier,v1.0
C00276,2026-07-15,0.4205,medium,RandomForestClassifier,v1.0
C00277,2026-07-15,0.5102,medium,RandomForestClassifier,v1.0
C00278,2026-07-15,0.5239,medium,RandomForestClassifier,v1.0
C00279,2026-07-15,0.5319,medium,RandomForestClassifier,v1.0
C00280,2026-07-15,0.4483,medium,RandomForestClassifier,v1.0
C00281,2026-07-15,0.2036,low,RandomForestClassifier,v1.0
C00282,2026-07-15,0.5123,medium,RandomForestClassifier,v1.0
C00283,2026-07-15,0.5425,medium,RandomForestClassifier,v1.0
C00286,2026-07-15,0.4886,medium,RandomForestClassifier,v1.0
C00287,2026-07-15,0.4024,medium,RandomForestClassifier,v1.0
C00288,2026-07-15,0.4883,medium,RandomForestClassifier,v1.0
C00289,2026-07-15,0.6212,high,RandomForestClassifier,v1.0
C00290,2026-07-15,0.4992,medium,RandomForestClassifier,v1.0
C00291,2026-07-15,0.4964,medium,RandomForestClassifier,v1.0
C00292,2026-07-15,0.6033,high,RandomForestClassifier,v1.0
C00293,2026-07-15,0.4698,medium,RandomForestClassifier,v1.0
C00294,2026-07-15,0.4188,medium,RandomForestClassifier,v1.0
C00295,2026-07-15,0.4991,medium,RandomForestClassifier,v1.0
C00296,2026-07-15,0.5163,medium,RandomForestClassifier,v1.0
C00297,2026-07-15,0.4707,medium,RandomForestClassifier,v1.0
C00298,2026-07-15,0.6278,high,RandomForestClassifier,v1.0
C00299,2026-07-15,0.5076,medium,RandomForestClassifier,v1.0
C00300,2026-07-15,0.4556,medium,RandomForestClassifier,v1.0
C00301,2026-07-15,0.481,medium,RandomForestClassifier,v1.0
C00302,2026-07-15,0.4958,medium,RandomForestClassifier,v1.0
C00303,2026-07-15,0.5006,medium,RandomForestClassifier,v1.0
C00304,2026-07-15,0.4907,medium,RandomForestClassifier,v1.0
C00305,2026-07-15,0.6582,high,RandomForestClassifier,v1.0
C00306,2026-07-15,0.4955,medium,RandomForestClassifier,v1.0
C00307,2026-07-15,0.4977,medium,RandomForestClassifier,v1.0
C00308,2026-07-15,0.415,medium,RandomForestClassifier,v1.0
C00309,2026-07-15,0.5123,medium,RandomForestClassifier,v1.0
C00310,2026-07-15,0.5111,medium,RandomForestClassifier,v1.0
C00311,2026-07-15,0.4708,medium,RandomForestClassifier,v1.0
C00312,2026-07-15,0.5383,medium,RandomForestClassifier,v1.0
C00313,2026-07-15,0.5097,medium,RandomForestClassifier,v1.0
C00315,2026-07-15,0.5133,medium,RandomForestClassifier,v1.0
C00317,2026-07-15,0.5393,medium,RandomForestClassifier,v1.0
C00318,2026-07-15,0.6502,high,RandomForestClassifier,v1.0
C00319,2026-07-15,0.5435,medium,RandomForestClassifier,v1.0
C00320,2026-07-15,0.4819,medium,RandomForestClassifier,v1.0
C00321,2026-07-15,0.5895,medium,RandomForestClassifier,v1.0
C00322,2026-07-15,0.4994,medium,RandomForestClassifier,v1.0
C00323,2026-07-15,0.4731,medium,RandomForestClassifier,v1.0
C00325,2026-07-15,0.4972,medium,RandomForestClassifier,v1.0
C00326,2026-07-15,0.4998,medium,RandomForestClassifier,v1.0
C00328,2026-07-15,0.539,medium,RandomForestClassifier,v1.0
C00329,2026-07-15,0.5141,medium,RandomForestClassifier,v1.0
C00330,2026-07-15,0.5144,medium,RandomForestClassifier,v1.0
C00331,2026-07-15,0.5234,medium,RandomForestClassifier,v1.0
C00332,2026-07-15,0.4826,medium,RandomForestClassifier,v1.0
C00333,2026-07-15,0.5001,medium,RandomForestClassifier,v1.0
C00334,2026-07-15,0.5168,medium,RandomForestClassifier,v1.0
C00335,2026-07-15,0.5191,medium,RandomForestClassifier,v1.0
C00336,2026-07-15,0.567,medium,RandomForestClassifier,v1.0
C00338,2026-07-15,0.631,high,RandomForestClassifier,v1.0
C00340,2026-07-15,0.4721,medium,RandomForestClassifier,v1.0
C00341,2026-07-15,0.6335,high,RandomForestClassifier,v1.0
C00342,2026-07-15,0.5114,medium,RandomForestClassifier,v1.0
C00343,2026-07-15,0.5078,medium,RandomForestClassifier,v1.0
C00345,2026-07-15,0.5029,medium,RandomForestClassifier,v1.0
C00346,2026-07-15,0.4849,medium,RandomForestClassifier,v1.0
C00347,2026-07-15,0.5588,medium,RandomForestClassifier,v1.0
C00348,2026-07-15,0.5585,medium,RandomForestClassifier,v1.0
C00349,2026-07-15,0.6275,high,RandomForestClassifier,v1.0
C00350,2026-07-15,0.5049,medium,RandomForestClassifier,v1.0
C00351,2026-07-15,0.5236,medium,RandomForestClassifier,v1.0
C00352,2026-07-15,0.5926,medium,RandomForestClassifier,v1.0
C00353,2026-07-15,0.5407,medium,RandomForestClassifier,v1.0
C00354,2026-07-15,0.4859,medium,RandomForestClassifier,v1.0
C00355,2026-07-15,0.5211,medium,RandomForestClassifier,v1.0
C00356,2026-07-15,0.5569,medium,RandomForestClassifier,v1.0
C00357,2026-07-15,0.5713,medium,RandomForestClassifier,v1.0
C00358,2026-07-15,0.4913,medium,RandomForestClassifier,v1.0
C00359,2026-07-15,0.4716,medium,RandomForestClassifier,v1.0
C00360,2026-07-15,0.5827,medium,RandomForestClassifier,v1.0
C00361,2026-07-15,0.5636,medium,RandomForestClassifier,v1.0
C00362,2026-07-15,0.454,medium,RandomForestClassifier,v1.0
C00363,2026-07-15,0.5118,medium,RandomForestClassifier,v1.0
C00364,2026-07-15,0.5218,medium,RandomForestClassifier,v1.0
C00365,2026-07-15,0.4656,medium,RandomForestClassifier,v1.0
C00366,2026-07-15,0.5529,medium,RandomForestClassifier,v1.0
C00367,2026-07-15,0.4645,medium,RandomForestClassifier,v1.0
C00368,2026-07-15,0.4554,medium,RandomForestClassifier,v1.0
C00369,2026-07-15,0.6825,high,RandomForestClassifier,v1.0
C00370,2026-07-15,0.523,medium,RandomForestClassifier,v1.0
C00371,2026-07-15,0.5258,medium,RandomForestClassifier,v1.0
C00372,2026-07-15,0.499,medium,RandomForestClassifier,v1.0
C00373,2026-07-15,0.5158,medium,RandomForestClassifier,v1.0
C00375,2026-07-15,0.538,medium,RandomForestClassifier,v1.0
C00376,2026-07-15,0.5242,medium,RandomForestClassifier,v1.0
C00377,2026-07-15,0.4868,medium,RandomForestClassifier,v1.0
C00378,2026-07-15,0.4462,medium,RandomForestClassifier,v1.0
C00379,2026-07-15,0.5619,medium,RandomForestClassifier,v1.0
C00380,2026-07-15,0.5205,medium,RandomForestClassifier,v1.0
C00381,2026-07-15,0.5067,medium,RandomForestClassifier,v1.0
C00382,2026-07-15,0.4273,medium,RandomForestClassifier,v1.0
C00384,2026-07-15,0.5594,medium,RandomForestClassifier,v1.0
C00385,2026-07-15,0.5164,medium,RandomForestClassifier,v1.0
C00386,2026-07-15,0.5532,medium,RandomForestClassifier,v1.0
C00387,2026-07-15,0.6482,high,RandomForestClassifier,v1.0
C00388,2026-07-15,0.5327,medium,RandomForestClassifier,v1.0
C00389,2026-07-15,0.4209,medium,RandomForestClassifier,v1.0
C00390,2026-07-15,0.5204,medium,RandomForestClassifier,v1.0
C00391,2026-07-15,0.4913,medium,RandomForestClassifier,v1.0
C00392,2026-07-15,0.5294,medium,RandomForestClassifier,v1.0
C00393,2026-07-15,0.5397,medium,RandomForestClassifier,v1.0
C00394,2026-07-15,0.5173,medium,RandomForestClassifier,v1.0
C00395,2026-07-15,0.4543,medium,RandomForestClassifier,v1.0
C00396,2026-07-15,0.475,medium,RandomForestClassifier,v1.0
C00397,2026-07-15,0.4778,medium,RandomForestClassifier,v1.0
C00398,2026-07-15,0.4174,medium,RandomForestClassifier,v1.0
C00399,2026-07-15,0.3569,medium,RandomForestClassifier,v1.0
C00400,2026-07-15,0.4771,medium,RandomForestClassifier,v1.0
C00401,2026-07-15,0.4779,medium,RandomForestClassifier,v1.0
C00402,2026-07-15,0.5268,medium,RandomForestClassifier,v1.0
C00403,2026-07-15,0.5257,medium,RandomForestClassifier,v1.0
C00404,2026-07-15,0.5065,medium,RandomForestClassifier,v1.0
C00405,2026-07-15,0.5186,medium,RandomForestClassifier,v1.0
C00406,2026-07-15,0.5473,medium,RandomForestClassifier,v1.0
C00407,2026-07-15,0.4836,medium,RandomForestClassifier,v1.0
C00408,2026-07-15,0.4823,medium,RandomForestClassifier,v1.0
C00409,2026-07-15,0.5274,medium,RandomForestClassifier,v1.0
C00410,2026-07-15,0.5464,medium,RandomForestClassifier,v1.0
C00411,2026-07-15,0.607,high,RandomForestClassifier,v1.0
C00413,2026-07-15,0.5132,medium,RandomForestClassifier,v1.0
C00414,2026-07-15,0.4857,medium,RandomForestClassifier,v1.0
C00415,2026-07-15,0.5119,medium,RandomForestClassifier,v1.0
C00416,2026-07-15,0.5308,medium,RandomForestClassifier,v1.0
C00418,2026-07-15,0.5248,medium,RandomForestClassifier,v1.0
C00419,2026-07-15,0.5193,medium,RandomForestClassifier,v1.0
C00420,2026-07-15,0.6071,high,RandomForestClassifier,v1.0
C00421,2026-07-15,0.4358,medium,RandomForestClassifier,v1.0
C00422,2026-07-15,0.5676,medium,RandomForestClassifier,v1.0
C00423,2026-07-15,0.5359,medium,RandomForestClassifier,v1.0
C00424,2026-07-15,0.5466,medium,RandomForestClassifier,v1.0
C00426,2026-07-15,0.4811,medium,RandomForestClassifier,v1.0
C00427,2026-07-15,0.5272,medium,RandomForestClassifier,v1.0
C00428,2026-07-15,0.6421,high,RandomForestClassifier,v1.0
C00429,2026-07-15,0.4662,medium,RandomForestClassifier,v1.0
C00430,2026-07-15,0.5665,medium,RandomForestClassifier,v1.0
C00431,2026-07-15,0.5744,medium,RandomForestClassifier,v1.0
C00433,2026-07-15,0.5077,medium,RandomForestClassifier,v1.0
C00434,2026-07-15,0.5823,medium,RandomForestClassifier,v1.0
C00435,2026-07-15,0.5534,medium,RandomForestClassifier,v1.0
C00436,2026-07-15,0.6094,high,RandomForestClassifier,v1.0
C00438,2026-07-15,0.5095,medium,RandomForestClassifier,v1.0
C00439,2026-07-15,0.4985,medium,RandomForestClassifier,v1.0
C00440,2026-07-15,0.5152,medium,RandomForestClassifier,v1.0
C00441,2026-07-15,0.518,medium,RandomForestClassifier,v1.0
C00442,2026-07-15,0.4259,medium,RandomForestClassifier,v1.0
C00443,2026-07-15,0.483,medium,RandomForestClassifier,v1.0
C00444,2026-07-15,0.5537,medium,RandomForestClassifier,v1.0
C00445,2026-07-15,0.4825,medium,RandomForestClassifier,v1.0
C00446,2026-07-15,0.5499,medium,RandomForestClassifier,v1.0
C00447,2026-07-15,0.5377,medium,RandomForestClassifier,v1.0
C00448,2026-07-15,0.5232,medium,RandomForestClassifier,v1.0
C00450,2026-07-15,0.6205,high,RandomForestClassifier,v1.0
C00451,2026-07-15,0.5129,medium,RandomForestClassifier,v1.0
C00452,2026-07-15,0.5174,medium,RandomForestClassifier,v1.0
C00453,2026-07-15,0.4326,medium,RandomForestClassifier,v1.0
C00454,2026-07-15,0.594,medium,RandomForestClassifier,v1.0
C00455,2026-07-15,0.535,medium,RandomForestClassifier,v1.0
C00456,2026-07-15,0.3925,medium,RandomForestClassifier,v1.0
C00457,2026-07-15,0.4983,medium,RandomForestClassifier,v1.0
C00458,2026-07-15,0.5564,medium,RandomForestClassifier,v1.0
C00459,2026-07-15,0.525,medium,RandomForestClassifier,v1.0
C00460,2026-07-15,0.6459,high,RandomForestClassifier,v1.0
C00461,2026-07-15,0.5524,medium,RandomForestClassifier,v1.0
C00462,2026-07-15,0.5922,medium,RandomForestClassifier,v1.0
C00463,2026-07-15,0.6325,high,RandomForestClassifier,v1.0
C00464,2026-07-15,0.5167,medium,RandomForestClassifier,v1.0
C00465,2026-07-15,0.3945,medium,RandomForestClassifier,v1.0
C00466,2026-07-15,0.5241,medium,RandomForestClassifier,v1.0
C00467,2026-07-15,0.541,medium,RandomForestClassifier,v1.0
C00468,2026-07-15,0.5963,medium,RandomForestClassifier,v1.0
C00470,2026-07-15,0.4557,medium,RandomForestClassifier,v1.0
C00471,2026-07-15,0.5583,medium,RandomForestClassifier,v1.0
C00472,2026-07-15,0.6377,high,RandomForestClassifier,v1.0
C00473,2026-07-15,0.4643,medium,RandomForestClassifier,v1.0
C00474,2026-07-15,0.4662,medium,RandomForestClassifier,v1.0
C00475,2026-07-15,0.6102,high,RandomForestClassifier,v1.0
C00476,2026-07-15,0.5918,medium,RandomForestClassifier,v1.0
C00477,2026-07-15,0.5389,medium,RandomForestClassifier,v1.0
C00478,2026-07-15,0.5318,medium,RandomForestClassifier,v1.0
C00479,2026-07-15,0.5657,medium,RandomForestClassifier,v1.0
C00482,2026-07-15,0.4713,medium,RandomForestClassifier,v1.0
C00483,2026-07-15,0.4992,medium,RandomForestClassifier,v1.0
C00484,2026-07-15,0.4242,medium,RandomForestClassifier,v1.0
C00485,2026-07-15,0.5301,medium,RandomForestClassifier,v1.0
C00486,2026-07-15,0.522,medium,RandomForestClassifier,v1.0
C00487,2026-07-15,0.4971,medium,RandomForestClassifier,v1.0
C00488,2026-07-15,0.5095,medium,RandomForestClassifier,v1.0
C00491,2026-07-15,0.5006,medium,RandomForestClassifier,v1.0
C00492,2026-07-15,0.4568,medium,RandomForestClassifier,v1.0
C00493,2026-07-15,0.5996,medium,RandomForestClassifier,v1.0
C00494,2026-07-15,0.4648,medium,RandomForestClassifier,v1.0
C00496,2026-07-15,0.5217,medium,RandomForestClassifier,v1.0
C00497,2026-07-15,0.6657,high,RandomForestClassifier,v1.0
C00498,2026-07-15,0.5231,medium,RandomForestClassifier,v1.0
C00499,2026-07-15,0.3599,medium,RandomForestClassifier,v1.0
C00500,2026-07-15,0.485,medium,RandomForestClassifier,v1.0
C00501,2026-07-15,0.5381,medium,RandomForestClassifier,v1.0
C00502,2026-07-15,0.4822,medium,RandomForestClassifier,v1.0
C00503,2026-07-15,0.4714,medium,RandomForestClassifier,v1.0
C00504,2026-07-15,0.546,medium,RandomForestClassifier,v1.0
C00506,2026-07-15,0.4997,medium,RandomForestClassifier,v1.0
C00507,2026-07-15,0.4993,medium,RandomForestClassifier,v1.0
C00508,2026-07-15,0.4893,medium,RandomForestClassifier,v1.0
C00509,2026-07-15,0.4751,medium,RandomForestClassifier,v1.0
C00510,2026-07-15,0.631,high,RandomForestClassifier,v1.0
C00511,2026-07-15,0.3248,medium,RandomForestClassifier,v1.0
C00513,2026-07-15,0.5475,medium,RandomForestClassifier,v1.0
C00514,2026-07-15,0.5223,medium,RandomForestClassifier,v1.0
C00515,2026-07-15,0.5522,medium,RandomForestClassifier,v1.0
C00516,2026-07-15,0.6305,high,RandomForestClassifier,v1.0
C00517,2026-07-15,0.4929,medium,RandomForestClassifier,v1.0
C00518,2026-07-15,0.4741,medium,RandomForestClassifier,v1.0
C00519,2026-07-15,0.6584,high,RandomForestClassifier,v1.0
C00520,2026-07-15,0.5209,medium,RandomForestClassifier,v1.0
C00521,2026-07-15,0.4477,medium,RandomForestClassifier,v1.0
C00522,2026-07-15,0.549,medium,RandomForestClassifier,v1.0
C00523,2026-07-15,0.5023,medium,RandomForestClassifier,v1.0
C00524,2026-07-15,0.5144,medium,RandomForestClassifier,v1.0
C00526,2026-07-15,0.5358,medium,RandomForestClassifier,v1.0
C00527,2026-07-15,0.5054,medium,RandomForestClassifier,v1.0
C00528,2026-07-15,0.5312,medium,RandomForestClassifier,v1.0
C00529,2026-07-15,0.5057,medium,RandomForestClassifier,v1.0
C00530,2026-07-15,0.5006,medium,RandomForestClassifier,v1.0
C00531,2026-07-15,0.6033,high,RandomForestClassifier,v1.0
C00532,2026-07-15,0.5032,medium,RandomForestClassifier,v1.0
C00533,2026-07-15,0.6742,high,RandomForestClassifier,v1.0
C00534,2026-07-15,0.5303,medium,RandomForestClassifier,v1.0
C00535,2026-07-15,0.4631,medium,RandomForestClassifier,v1.0
C00536,2026-07-15,0.5655,medium,RandomForestClassifier,v1.0
C00537,2026-07-15,0.5164,medium,RandomForestClassifier,v1.0
C00538,2026-07-15,0.5523,medium,RandomForestClassifier,v1.0
C00540,2026-07-15,0.5596,medium,RandomForestClassifier,v1.0
C00541,2026-07-15,0.5126,medium,RandomForestClassifier,v1.0
C00542,2026-07-15,0.5748,medium,RandomForestClassifier,v1.0
C00543,2026-07-15,0.4967,medium,RandomForestClassifier,v1.0
C00544,2026-07-15,0.5461,medium,RandomForestClassifier,v1.0
C00545,2026-07-15,0.5737,medium,RandomForestClassifier,v1.0
C00546,2026-07-15,0.5022,medium,RandomForestClassifier,v1.0
C00547,2026-07-15,0.5786,medium,RandomForestClassifier,v1.0
C00548,2026-07-15,0.6397,high,RandomForestClassifier,v1.0
C00549,2026-07-15,0.5326,medium,RandomForestClassifier,v1.0
C00550,2026-07-15,0.6326,high,RandomForestClassifier,v1.0
C00551,2026-07-15,0.5778,medium,RandomForestClassifier,v1.0
C00552,2026-07-15,0.5166,medium,RandomForestClassifier,v1.0
C00553,2026-07-15,0.5126,medium,RandomForestClassifier,v1.0
C00554,2026-07-15,0.5021,medium,RandomForestClassifier,v1.0
C00555,2026-07-15,0.5144,medium,RandomForestClassifier,v1.0
C00556,2026-07-15,0.411,medium,RandomForestClassifier,v1.0
C00557,2026-07-15,0.5212,medium,RandomForestClassifier,v1.0
C00558,2026-07-15,0.627,high,RandomForestClassifier,v1.0
C00559,2026-07-15,0.484,medium,RandomForestClassifier,v1.0
C00560,2026-07-15,0.5465,medium,RandomForestClassifier,v1.0
C00561,2026-07-15,0.6275,high,RandomForestClassifier,v1.0
C00562,2026-07-15,0.4788,medium,RandomForestClassifier,v1.0
C00563,2026-07-15,0.6437,high,RandomForestClassifier,v1.0
C00564,2026-07-15,0.5775,medium,RandomForestClassifier,v1.0
C00565,2026-07-15,0.5792,medium,RandomForestClassifier,v1.0
C00566,2026-07-15,0.4201,medium,RandomForestClassifier,v1.0
C00567,2026-07-15,0.6187,high,RandomForestClassifier,v1.0
C00568,2026-07-15,0.5979,medium,RandomForestClassifier,v1.0
C00569,2026-07-15,0.536,medium,RandomForestClassifier,v1.0
C00570,2026-07-15,0.5527,medium,RandomForestClassifier,v1.0
C00571,2026-07-15,0.5374,medium,RandomForestClassifier,v1.0
C00573,2026-07-15,0.4971,medium,RandomForestClassifier,v1.0
C00574,2026-07-15,0.5372,medium,RandomForestClassifier,v1.0
C00575,2026-07-15,0.5549,medium,RandomForestClassifier,v1.0
C00576,2026-07-15,0.5164,medium,RandomForestClassifier,v1.0
C00577,2026-07-15,0.5223,medium,RandomForestClassifier,v1.0
C00578,2026-07-15,0.5232,medium,RandomForestClassifier,v1.0
C00580,2026-07-15,0.6342,high,RandomForestClassifier,v1.0
C00582,2026-07-15,0.5819,medium,RandomForestClassifier,v1.0
C00583,2026-07-15,0.4823,medium,RandomForestClassifier,v1.0
C00584,2026-07-15,0.5215,medium,RandomForestClassifier,v1.0
C00585,2026-07-15,0.5913,medium,RandomForestClassifier,v1.0
C00586,2026-07-15,0.5854,medium,RandomForestClassifier,v1.0
C00587,2026-07-15,0.4881,medium,RandomForestClassifier,v1.0
C00588,2026-07-15,0.4944,medium,RandomForestClassifier,v1.0
C00589,2026-07-15,0.5196,medium,RandomForestClassifier,v1.0
C00590,2026-07-15,0.5101,medium,RandomForestClassifier,v1.0
C00591,2026-07-15,0.6239,high,RandomForestClassifier,v1.0
C00592,2026-07-15,0.6027,high,RandomForestClassifier,v1.0
C00594,2026-07-15,0.49,medium,RandomForestClassifier,v1.0
C00595,2026-07-15,0.4888,medium,RandomForestClassifier,v1.0
C00596,2026-07-15,0.5575,medium,RandomForestClassifier,v1.0
C00597,2026-07-15,0.3619,medium,RandomForestClassifier,v1.0
C00598,2026-07-15,0.4945,medium,RandomForestClassifier,v1.0
C00599,2026-07-15,0.4814,medium,RandomForestClassifier,v1.0
C00601,2026-07-15,0.5589,medium,RandomForestClassifier,v1.0
C00602,2026-07-15,0.5193,medium,RandomForestClassifier,v1.0
C00603,2026-07-15,0.5122,medium,RandomForestClassifier,v1.0
C00605,2026-07-15,0.4422,medium,RandomForestClassifier,v1.0
C00606,2026-07-15,0.5162,medium,RandomForestClassifier,v1.0
C00607,2026-07-15,0.5072,medium,RandomForestClassifier,v1.0
C00608,2026-07-15,0.554,medium,RandomForestClassifier,v1.0
C00609,2026-07-15,0.5554,medium,RandomForestClassifier,v1.0
C00611,2026-07-15,0.497,medium,RandomForestClassifier,v1.0
C00612,2026-07-15,0.4988,medium,RandomForestClassifier,v1.0
C00613,2026-07-15,0.4675,medium,RandomForestClassifier,v1.0
C00614,2026-07-15,0.5619,medium,RandomForestClassifier,v1.0
C00615,2026-07-15,0.5027,medium,RandomForestClassifier,v1.0
C00616,2026-07-15,0.5096,medium,RandomForestClassifier,v1.0
C00617,2026-07-15,0.6585,high,RandomForestClassifier,v1.0
C00619,2026-07-15,0.5616,medium,RandomForestClassifier,v1.0
C00620,2026-07-15,0.5475,medium,RandomForestClassifier,v1.0
C00621,2026-07-15,0.554,medium,RandomForestClassifier,v1.0
C00623,2026-07-15,0.5296,medium,RandomForestClassifier,v1.0
C00624,2026-07-15,0.5374,medium,RandomForestClassifier,v1.0
C00625,2026-07-15,0.5326,medium,RandomForestClassifier,v1.0
C00626,2026-07-15,0.5809,medium,RandomForestClassifier,v1.0
C00628,2026-07-15,0.569,medium,RandomForestClassifier,v1.0
C00629,2026-07-15,0.6422,high,RandomForestClassifier,v1.0
C00630,2026-07-15,0.4892,medium,RandomForestClassifier,v1.0
C00631,2026-07-15,0.5164,medium,RandomForestClassifier,v1.0
C00632,2026-07-15,0.4918,medium,RandomForestClassifier,v1.0
C00633,2026-07-15,0.5287,medium,RandomForestClassifier,v1.0
C00634,2026-07-15,0.6012,high,RandomForestClassifier,v1.0
C00635,2026-07-15,0.4713,medium,RandomForestClassifier,v1.0
C00636,2026-07-15,0.4966,medium,RandomForestClassifier,v1.0
C00637,2026-07-15,0.508,medium,RandomForestClassifier,v1.0
C00638,2026-07-15,0.4592,medium,RandomForestClassifier,v1.0
C00639,2026-07-15,0.4946,medium,RandomForestClassifier,v1.0
C00640,2026-07-15,0.4991,medium,RandomForestClassifier,v1.0
C00641,2026-07-15,0.4957,medium,RandomForestClassifier,v1.0
C00642,2026-07-15,0.5175,medium,RandomForestClassifier,v1.0
C00643,2026-07-15,0.5619,medium,RandomForestClassifier,v1.0
C00644,2026-07-15,0.4469,medium,RandomForestClassifier,v1.0
C00645,2026-07-15,0.4222,medium,RandomForestClassifier,v1.0
C00646,2026-07-15,0.525,medium,RandomForestClassifier,v1.0
C00647,2026-07-15,0.4991,medium,RandomForestClassifier,v1.0
C00648,2026-07-15,0.5028,medium,RandomForestClassifier,v1.0
C00650,2026-07-15,0.3837,medium,RandomForestClassifier,v1.0
C00651,2026-07-15,0.5075,medium,RandomForestClassifier,v1.0
C00652,2026-07-15,0.5118,medium,RandomForestClassifier,v1.0
C00653,2026-07-15,0.5041,medium,RandomForestClassifier,v1.0
C00654,2026-07-15,0.5576,medium,RandomForestClassifier,v1.0
C00655,2026-07-15,0.5185,medium,RandomForestClassifier,v1.0
C00656,2026-07-15,0.6022,high,RandomForestClassifier,v1.0
C00657,2026-07-15,0.3926,medium,RandomForestClassifier,v1.0
C00660,2026-07-15,0.5053,medium,RandomForestClassifier,v1.0
C00661,2026-07-15,0.5344,medium,RandomForestClassifier,v1.0
C00662,2026-07-15,0.5882,medium,RandomForestClassifier,v1.0
C00663,2026-07-15,0.5099,medium,RandomForestClassifier,v1.0
C00664,2026-07-15,0.5051,medium,RandomForestClassifier,v1.0
C00665,2026-07-15,0.5809,medium,RandomForestClassifier,v1.0
C00666,2026-07-15,0.4681,medium,RandomForestClassifier,v1.0
C00668,2026-07-15,0.4457,medium,RandomForestClassifier,v1.0
C00669,2026-07-15,0.5348,medium,RandomForestClassifier,v1.0
C00670,2026-07-15,0.5733,medium,RandomForestClassifier,v1.0
C00671,2026-07-15,0.6124,high,RandomForestClassifier,v1.0
C00672,2026-07-15,0.4881,medium,RandomForestClassifier,v1.0
C00673,2026-07-15,0.6158,high,RandomForestClassifier,v1.0
C00674,2026-07-15,0.5231,medium,RandomForestClassifier,v1.0
C00675,2026-07-15,0.5208,medium,RandomForestClassifier,v1.0
C00676,2026-07-15,0.4979,medium,RandomForestClassifier,v1.0
C00677,2026-07-15,0.4785,medium,RandomForestClassifier,v1.0
C00678,2026-07-15,0.5035,medium,RandomForestClassifier,v1.0
C00679,2026-07-15,0.5479,medium,RandomForestClassifier,v1.0
C00680,2026-07-15,0.5378,medium,RandomForestClassifier,v1.0
C00681,2026-07-15,0.4958,medium,RandomForestClassifier,v1.0
C00682,2026-07-15,0.6248,high,RandomForestClassifier,v1.0
C00683,2026-07-15,0.5171,medium,RandomForestClassifier,v1.0
C00687,2026-07-15,0.5171,medium,RandomForestClassifier,v1.0
C00688,2026-07-15,0.5153,medium,RandomForestClassifier,v1.0
C00689,2026-07-15,0.4952,medium,RandomForestClassifier,v1.0
C00691,2026-07-15,0.4901,medium,RandomForestClassifier,v1.0
C00692,2026-07-15,0.4928,medium,RandomForestClassifier,v1.0
C00693,2026-07-15,0.4696,medium,RandomForestClassifier,v1.0
C00694,2026-07-15,0.5123,medium,RandomForestClassifier,v1.0
C00695,2026-07-15,0.5494,medium,RandomForestClassifier,v1.0
C00696,2026-07-15,0.5111,medium,RandomForestClassifier,v1.0
C00699,2026-07-15,0.4935,medium,RandomForestClassifier,v1.0
C00700,2026-07-15,0.4966,medium,RandomForestClassifier,v1.0
C00701,2026-07-15,0.4927,medium,RandomForestClassifier,v1.0
C00702,2026-07-15,0.5191,medium,RandomForestClassifier,v1.0
C00703,2026-07-15,0.5055,medium,RandomForestClassifier,v1.0
C00704,2026-07-15,0.5596,medium,RandomForestClassifier,v1.0
C00705,2026-07-15,0.5497,medium,RandomForestClassifier,v1.0
C00706,2026-07-15,0.5614,medium,RandomForestClassifier,v1.0
C00707,2026-07-15,0.4685,medium,RandomForestClassifier,v1.0
C00708,2026-07-15,0.5487,medium,RandomForestClassifier,v1.0
C00709,2026-07-15,0.5157,medium,RandomForestClassifier,v1.0
C00710,2026-07-15,0.4457,medium,RandomForestClassifier,v1.0
C00711,2026-07-15,0.4068,medium,RandomForestClassifier,v1.0
C00712,2026-07-15,0.5689,medium,RandomForestClassifier,v1.0
C00713,2026-07-15,0.6219,high,RandomForestClassifier,v1.0
C00714,2026-07-15,0.5678,medium,RandomForestClassifier,v1.0
C00715,2026-07-15,0.4587,medium,RandomForestClassifier,v1.0
C00716,2026-07-15,0.5161,medium,RandomForestClassifier,v1.0
C00717,2026-07-15,0.4889,medium,RandomForestClassifier,v1.0
C00718,2026-07-15,0.5203,medium,RandomForestClassifier,v1.0
C00719,2026-07-15,0.5152,medium,RandomForestClassifier,v1.0
C00720,2026-07-15,0.5275,medium,RandomForestClassifier,v1.0
C00721,2026-07-15,0.5739,medium,RandomForestClassifier,v1.0
C00722,2026-07-15,0.4691,medium,RandomForestClassifier,v1.0
C00723,2026-07-15,0.5863,medium,RandomForestClassifier,v1.0
C00724,2026-07-15,0.6366,high,RandomForestClassifier,v1.0
C00725,2026-07-15,0.5191,medium,RandomForestClassifier,v1.0
C00726,2026-07-15,0.4931,medium,RandomForestClassifier,v1.0
C00727,2026-07-15,0.631,high,RandomForestClassifier,v1.0
C00728,2026-07-15,0.5118,medium,RandomForestClassifier,v1.0
C00730,2026-07-15,0.5304,medium,RandomForestClassifier,v1.0
C00731,2026-07-15,0.5388,medium,RandomForestClassifier,v1.0
C00732,2026-07-15,0.5136,medium,RandomForestClassifier,v1.0
C00733,2026-07-15,0.3214,medium,RandomForestClassifier,v1.0
C00735,2026-07-15,0.5882,medium,RandomForestClassifier,v1.0
C00736,2026-07-15,0.5336,medium,RandomForestClassifier,v1.0
C00737,2026-07-15,0.4484,medium,RandomForestClassifier,v1.0
C00739,2026-07-15,0.4873,medium,RandomForestClassifier,v1.0
C00740,2026-07-15,0.629,high,RandomForestClassifier,v1.0
C00741,2026-07-15,0.536,medium,RandomForestClassifier,v1.0
C00742,2026-07-15,0.5368,medium,RandomForestClassifier,v1.0
C00743,2026-07-15,0.4,medium,RandomForestClassifier,v1.0
C00744,2026-07-15,0.4793,medium,RandomForestClassifier,v1.0
C00745,2026-07-15,0.5352,medium,RandomForestClassifier,v1.0
C00746,2026-07-15,0.5122,medium,RandomForestClassifier,v1.0
C00747,2026-07-15,0.4905,medium,RandomForestClassifier,v1.0
C00748,2026-07-15,0.5126,medium,RandomForestClassifier,v1.0
C00749,2026-07-15,0.5034,medium,RandomForestClassifier,v1.0
C00750,2026-07-15,0.51,medium,RandomForestClassifier,v1.0
C00751,2026-07-15,0.4906,medium,RandomForestClassifier,v1.0
C00752,2026-07-15,0.564,medium,RandomForestClassifier,v1.0
C00753,2026-07-15,0.519,medium,RandomForestClassifier,v1.0
C00754,2026-07-15,0.5318,medium,RandomForestClassifier,v1.0
C00755,2026-07-15,0.4645,medium,RandomForestClassifier,v1.0
C00756,2026-07-15,0.4703,medium,RandomForestClassifier,v1.0
C00757,2026-07-15,0.4362,medium,RandomForestClassifier,v1.0
C00759,2026-07-15,0.5507,medium,RandomForestClassifier,v1.0
C00760,2026-07-15,0.5424,medium,RandomForestClassifier,v1.0
C00761,2026-07-15,0.6382,high,RandomForestClassifier,v1.0
C00762,2026-07-15,0.5564,medium,RandomForestClassifier,v1.0
C00763,2026-07-15,0.5328,medium,RandomForestClassifier,v1.0
C00764,2026-07-15,0.5097,medium,RandomForestClassifier,v1.0
C00765,2026-07-15,0.5618,medium,RandomForestClassifier,v1.0
C00766,2026-07-15,0.5615,medium,RandomForestClassifier,v1.0
C00767,2026-07-15,0.5469,medium,RandomForestClassifier,v1.0
C00768,2026-07-15,0.4964,medium,RandomForestClassifier,v1.0
C00769,2026-07-15,0.5154,medium,RandomForestClassifier,v1.0
C00770,2026-07-15,0.5068,medium,RandomForestClassifier,v1.0
C00771,2026-07-15,0.4747,medium,RandomForestClassifier,v1.0
C00772,2026-07-15,0.4674,medium,RandomForestClassifier,v1.0
C00774,2026-07-15,0.5507,medium,RandomForestClassifier,v1.0
C00775,2026-07-15,0.5858,medium,RandomForestClassifier,v1.0
C00776,2026-07-15,0.5118,medium,RandomForestClassifier,v1.0
C00777,2026-07-15,0.5329,medium,RandomForestClassifier,v1.0
C00778,2026-07-15,0.564,medium,RandomForestClassifier,v1.0
C00779,2026-07-15,0.5108,medium,RandomForestClassifier,v1.0
C00780,2026-07-15,0.4726,medium,RandomForestClassifier,v1.0
C00781,2026-07-15,0.4831,medium,RandomForestClassifier,v1.0
C00782,2026-07-15,0.5386,medium,RandomForestClassifier,v1.0
C00783,2026-07-15,0.5633,medium,RandomForestClassifier,v1.0
C00784,2026-07-15,0.5446,medium,RandomForestClassifier,v1.0
C00785,2026-07-15,0.4798,medium,RandomForestClassifier,v1.0
C00786,2026-07-15,0.5769,medium,RandomForestClassifier,v1.0
C00787,2026-07-15,0.609,high,RandomForestClassifier,v1.0
C00788,2026-07-15,0.4376,medium,RandomForestClassifier,v1.0
C00790,2026-07-15,0.4915,medium,RandomForestClassifier,v1.0
C00791,2026-07-15,0.5053,medium,RandomForestClassifier,v1.0
C00792,2026-07-15,0.4537,medium,RandomForestClassifier,v1.0
C00793,2026-07-15,0.5538,medium,RandomForestClassifier,v1.0
C00794,2026-07-15,0.5611,medium,RandomForestClassifier,v1.0
C00795,2026-07-15,0.5566,medium,RandomForestClassifier,v1.0
C00796,2026-07-15,0.619,high,RandomForestClassifier,v1.0
C00797,2026-07-15,0.6058,high,RandomForestClassifier,v1.0
C00798,2026-07-15,0.5227,medium,RandomForestClassifier,v1.0
C00801,2026-07-15,0.4565,medium,RandomForestClassifier,v1.0
C00802,2026-07-15,0.5139,medium,RandomForestClassifier,v1.0
C00803,2026-07-15,0.4067,medium,RandomForestClassifier,v1.0
C00804,2026-07-15,0.5665,medium,RandomForestClassifier,v1.0
C00805,2026-07-15,0.2155,low,RandomForestClassifier,v1.0
C00806,2026-07-15,0.6003,high,RandomForestClassifier,v1.0
C00807,2026-07-15,0.5093,medium,RandomForestClassifier,v1.0
C00808,2026-07-15,0.5095,medium,RandomForestClassifier,v1.0
C00809,2026-07-15,0.5459,medium,RandomForestClassifier,v1.0
C00810,2026-07-15,0.5453,medium,RandomForestClassifier,v1.0
C00811,2026-07-15,0.4099,medium,RandomForestClassifier,v1.0
C00812,2026-07-15,0.5431,medium,RandomForestClassifier,v1.0
C00813,2026-07-15,0.4838,medium,RandomForestClassifier,v1.0
C00814,2026-07-15,0.5109,medium,RandomForestClassifier,v1.0
C00815,2026-07-15,0.4948,medium,RandomForestClassifier,v1.0
C00817,2026-07-15,0.4996,medium,RandomForestClassifier,v1.0
C00818,2026-07-15,0.5836,medium,RandomForestClassifier,v1.0
C00819,2026-07-15,0.6343,high,RandomForestClassifier,v1.0
C00820,2026-07-15,0.5553,medium,RandomForestClassifier,v1.0
C00821,2026-07-15,0.4912,medium,RandomForestClassifier,v1.0
C00822,2026-07-15,0.5377,medium,RandomForestClassifier,v1.0
C00823,2026-07-15,0.4862,medium,RandomForestClassifier,v1.0
C00824,2026-07-15,0.5584,medium,RandomForestClassifier,v1.0
C00825,2026-07-15,0.4867,medium,RandomForestClassifier,v1.0
C00826,2026-07-15,0.5127,medium,RandomForestClassifier,v1.0
C00827,2026-07-15,0.5721,medium,RandomForestClassifier,v1.0
C00829,2026-07-15,0.6372,high,RandomForestClassifier,v1.0
C00830,2026-07-15,0.4468,medium,RandomForestClassifier,v1.0
C00831,2026-07-15,0.5011,medium,RandomForestClassifier,v1.0
C00833,2026-07-15,0.4783,medium,RandomForestClassifier,v1.0
C00834,2026-07-15,0.6038,high,RandomForestClassifier,v1.0
C00835,2026-07-15,0.4451,medium,RandomForestClassifier,v1.0
C00836,2026-07-15,0.4436,medium,RandomForestClassifier,v1.0
C00837,2026-07-15,0.5523,medium,RandomForestClassifier,v1.0
C00838,2026-07-15,0.637,high,RandomForestClassifier,v1.0
C00839,2026-07-15,0.4813,medium,RandomForestClassifier,v1.0
C00840,2026-07-15,0.5371,medium,RandomForestClassifier,v1.0
C00841,2026-07-15,0.5047,medium,RandomForestClassifier,v1.0
C00842,2026-07-15,0.4961,medium,RandomForestClassifier,v1.0
C00843,2026-07-15,0.4799,medium,RandomForestClassifier,v1.0
C00847,2026-07-15,0.4874,medium,RandomForestClassifier,v1.0
C00848,2026-07-15,0.4897,medium,RandomForestClassifier,v1.0
C00849,2026-07-15,0.4994,medium,RandomForestClassifier,v1.0
C00850,2026-07-15,0.5181,medium,RandomForestClassifier,v1.0
C00851,2026-07-15,0.5829,medium,RandomForestClassifier,v1.0
C00852,2026-07-15,0.5286,medium,RandomForestClassifier,v1.0
C00853,2026-07-15,0.5425,medium,RandomForestClassifier,v1.0
C00854,2026-07-15,0.4508,medium,RandomForestClassifier,v1.0
C00855,2026-07-15,0.5108,medium,RandomForestClassifier,v1.0
C00856,2026-07-15,0.2702,low,RandomForestClassifier,v1.0
C00857,2026-07-15,0.5168,medium,RandomForestClassifier,v1.0
C00858,2026-07-15,0.5021,medium,RandomForestClassifier,v1.0
C00859,2026-07-15,0.5204,medium,RandomForestClassifier,v1.0
C00860,2026-07-15,0.5114,medium,RandomForestClassifier,v1.0
C00861,2026-07-15,0.585,medium,RandomForestClassifier,v1.0
C00862,2026-07-15,0.4798,medium,RandomForestClassifier,v1.0
C00863,2026-07-15,0.5746,medium,RandomForestClassifier,v1.0
C00864,2026-07-15,0.557,medium,RandomForestClassifier,v1.0
C00865,2026-07-15,0.6043,high,RandomForestClassifier,v1.0
C00866,2026-07-15,0.5241,medium,RandomForestClassifier,v1.0
C00867,2026-07-15,0.5574,medium,RandomForestClassifier,v1.0
C00868,2026-07-15,0.4703,medium,RandomForestClassifier,v1.0
C00869,2026-07-15,0.5623,medium,RandomForestClassifier,v1.0
C00870,2026-07-15,0.5385,medium,RandomForestClassifier,v1.0
C00871,2026-07-15,0.3709,medium,RandomForestClassifier,v1.0
C00872,2026-07-15,0.6574,high,RandomForestClassifier,v1.0
C00873,2026-07-15,0.5212,medium,RandomForestClassifier,v1.0
C00874,2026-07-15,0.4948,medium,RandomForestClassifier,v1.0
C00875,2026-07-15,0.4586,medium,RandomForestClassifier,v1.0
C00876,2026-07-15,0.4861,medium,RandomForestClassifier,v1.0
C00877,2026-07-15,0.4972,medium,RandomForestClassifier,v1.0
C00878,2026-07-15,0.518,medium,RandomForestClassifier,v1.0
C00879,2026-07-15,0.5084,medium,RandomForestClassifier,v1.0
C00881,2026-07-15,0.4941,medium,RandomForestClassifier,v1.0
C00882,2026-07-15,0.5231,medium,RandomForestClassifier,v1.0
C00883,2026-07-15,0.554,medium,RandomForestClassifier,v1.0
C00884,2026-07-15,0.57,medium,RandomForestClassifier,v1.0
C00887,2026-07-15,0.5089,medium,RandomForestClassifier,v1.0
C00888,2026-07-15,0.5505,medium,RandomForestClassifier,v1.0
C00889,2026-07-15,0.4552,medium,RandomForestClassifier,v1.0
C00890,2026-07-15,0.4523,medium,RandomForestClassifier,v1.0
C00891,2026-07-15,0.4969,medium,RandomForestClassifier,v1.0
C00892,2026-07-15,0.4948,medium,RandomForestClassifier,v1.0
C00893,2026-07-15,0.5366,medium,RandomForestClassifier,v1.0
C00894,2026-07-15,0.5403,medium,RandomForestClassifier,v1.0
C00895,2026-07-15,0.5089,medium,RandomForestClassifier,v1.0
C00896,2026-07-15,0.5184,medium,RandomForestClassifier,v1.0
C00899,2026-07-15,0.5049,medium,RandomForestClassifier,v1.0
C00900,2026-07-15,0.597,medium,RandomForestClassifier,v1.0
C00901,2026-07-15,0.4387,medium,RandomForestClassifier,v1.0
C00902,2026-07-15,0.5355,medium,RandomForestClassifier,v1.0
C00903,2026-07-15,0.5643,medium,RandomForestClassifier,v1.0
C00904,2026-07-15,0.5219,medium,RandomForestClassifier,v1.0
C00905,2026-07-15,0.5909,medium,RandomForestClassifier,v1.0
C00906,2026-07-15,0.5282,medium,RandomForestClassifier,v1.0
C00907,2026-07-15,0.4789,medium,RandomForestClassifier,v1.0
C00908,2026-07-15,0.4952,medium,RandomForestClassifier,v1.0
C00909,2026-07-15,0.5593,medium,RandomForestClassifier,v1.0
C00910,2026-07-15,0.5207,medium,RandomForestClassifier,v1.0
C00911,2026-07-15,0.4946,medium,RandomForestClassifier,v1.0
C00912,2026-07-15,0.5418,medium,RandomForestClassifier,v1.0
C00913,2026-07-15,0.397,medium,RandomForestClassifier,v1.0
C00914,2026-07-15,0.5192,medium,RandomForestClassifier,v1.0
C00915,2026-07-15,0.5311,medium,RandomForestClassifier,v1.0
C00916,2026-07-15,0.5442,medium,RandomForestClassifier,v1.0
C00917,2026-07-15,0.5134,medium,RandomForestClassifier,v1.0
C00918,2026-07-15,0.614,high,RandomForestClassifier,v1.0
C00919,2026-07-15,0.3511,medium,RandomForestClassifier,v1.0
C00920,2026-07-15,0.4509,medium,RandomForestClassifier,v1.0
C00921,2026-07-15,0.5366,medium,RandomForestClassifier,v1.0
C00922,2026-07-15,0.5034,medium,RandomForestClassifier,v1.0
C00923,2026-07-15,0.4543,medium,RandomForestClassifier,v1.0
C00924,2026-07-15,0.5324,medium,RandomForestClassifier,v1.0
C00925,2026-07-15,0.5723,medium,RandomForestClassifier,v1.0
C00926,2026-07-15,0.6123,high,RandomForestClassifier,v1.0
C00927,2026-07-15,0.4903,medium,RandomForestClassifier,v1.0
C00928,2026-07-15,0.5084,medium,RandomForestClassifier,v1.0
C00929,2026-07-15,0.5428,medium,RandomForestClassifier,v1.0
C00930,2026-07-15,0.4582,medium,RandomForestClassifier,v1.0
C00931,2026-07-15,0.4947,medium,RandomForestClassifier,v1.0
C00932,2026-07-15,0.5361,medium,RandomForestClassifier,v1.0
C00933,2026-07-15,0.4924,medium,RandomForestClassifier,v1.0
C00934,2026-07-15,0.5439,medium,RandomForestClassifier,v1.0
C00935,2026-07-15,0.5313,medium,RandomForestClassifier,v1.0
C00936,2026-07-15,0.5158,medium,RandomForestClassifier,v1.0
C00937,2026-07-15,0.5443,medium,RandomForestClassifier,v1.0
C00938,2026-07-15,0.4918,medium,RandomForestClassifier,v1.0
C00939,2026-07-15,0.5176,medium,RandomForestClassifier,v1.0
C00940,2026-07-15,0.5143,medium,RandomForestClassifier,v1.0
C00941,2026-07-15,0.564,medium,RandomForestClassifier,v1.0
C00942,2026-07-15,0.5134,medium,RandomForestClassifier,v1.0
C00943,2026-07-15,0.5629,medium,RandomForestClassifier,v1.0
C00944,2026-07-15,0.4978,medium,RandomForestClassifier,v1.0
C00945,2026-07-15,0.5168,medium,RandomForestClassifier,v1.0
C00946,2026-07-15,0.4375,medium,RandomForestClassifier,v1.0
C00947,2026-07-15,0.5035,medium,RandomForestClassifier,v1.0
C00948,2026-07-15,0.473,medium,RandomForestClassifier,v1.0
C00949,2026-07-15,0.6151,high,RandomForestClassifier,v1.0
C00950,2026-07-15,0.4603,medium,RandomForestClassifier,v1.0
C00951,2026-07-15,0.4509,medium,RandomForestClassifier,v1.0
C00952,2026-07-15,0.5437,medium,RandomForestClassifier,v1.0
C00953,2026-07-15,0.6165,high,RandomForestClassifier,v1.0
C00955,2026-07-15,0.6174,high,RandomForestClassifier,v1.0
C00956,2026-07-15,0.551,medium,RandomForestClassifier,v1.0
C00957,2026-07-15,0.5498,medium,RandomForestClassifier,v1.0
C00958,2026-07-15,0.526,medium,RandomForestClassifier,v1.0
C00959,2026-07-15,0.5779,medium,RandomForestClassifier,v1.0
C00961,2026-07-15,0.4529,medium,RandomForestClassifier,v1.0
C00962,2026-07-15,0.4403,medium,RandomForestClassifier,v1.0
C00963,2026-07-15,0.5022,medium,RandomForestClassifier,v1.0
C00964,2026-07-15,0.4944,medium,RandomForestClassifier,v1.0
C00965,2026-07-15,0.5217,medium,RandomForestClassifier,v1.0
C00966,2026-07-15,0.553,medium,RandomForestClassifier,v1.0
C00967,2026-07-15,0.5003,medium,RandomForestClassifier,v1.0
C00968,2026-07-15,0.5666,medium,RandomForestClassifier,v1.0
C00969,2026-07-15,0.5032,medium,RandomForestClassifier,v1.0
C00970,2026-07-15,0.5475,medium,RandomForestClassifier,v1.0
C00971,2026-07-15,0.6468,high,RandomForestClassifier,v1.0
C00972,2026-07-15,0.5092,medium,RandomForestClassifier,v1.0
C00973,2026-07-15,0.4926,medium,RandomForestClassifier,v1.0
C00974,2026-07-15,0.5375,medium,RandomForestClassifier,v1.0
C00975,2026-07-15,0.4935,medium,RandomForestClassifier,v1.0
C00977,2026-07-15,0.591,medium,RandomForestClassifier,v1.0
C00979,2026-07-15,0.6898,high,RandomForestClassifier,v1.0
C00980,2026-07-15,0.5331,medium,RandomForestClassifier,v1.0
C00981,2026-07-15,0.5484,medium,RandomForestClassifier,v1.0
C00982,2026-07-15,0.5484,medium,RandomForestClassifier,v1.0
C00984,2026-07-15,0.5533,medium,RandomForestClassifier,v1.0
C00986,2026-07-15,0.5922,medium,RandomForestClassifier,v1.0
C00987,2026-07-15,0.5438,medium,RandomForestClassifier,v1.0
C00988,2026-07-15,0.5102,medium,RandomForestClassifier,v1.0
C00989,2026-07-15,0.4955,medium,RandomForestClassifier,v1.0
C00990,2026-07-15,0.55,medium,RandomForestClassifier,v1.0
C00991,2026-07-15,0.5347,medium,RandomForestClassifier,v1.0
C00992,2026-07-15,0.5558,medium,RandomForestClassifier,v1.0
C00993,2026-07-15,0.5035,medium,RandomForestClassifier,v1.0
C00994,2026-07-15,0.5664,medium,RandomForestClassifier,v1.0
C00995,2026-07-15,0.6345,high,RandomForestClassifier,v1.0
C00996,2026-07-15,0.509,medium,RandomForestClassifier,v1.0
C00997,2026-07-15,0.5003,medium,RandomForestClassifier,v1.0
C00998,2026-07-15,0.6093,high,RandomForestClassifier,v1.0
C00999,2026-07-15,0.5177,medium,RandomForestClassifier,v1.0
C01001,2026-07-15,0.6,high,RandomForestClassifier,v1.0
C01002,2026-07-15,0.4819,medium,RandomForestClassifier,v1.0
C01003,2026-07-15,0.4804,medium,RandomForestClassifier,v1.0
C01004,2026-07-15,0.5246,medium,RandomForestClassifier,v1.0
C01005,2026-07-15,0.3931,medium,RandomForestClassifier,v1.0
C01006,2026-07-15,0.4313,medium,RandomForestClassifier,v1.0
C01007,2026-07-15,0.5262,medium,RandomForestClassifier,v1.0
C01008,2026-07-15,0.5226,medium,RandomForestClassifier,v1.0
C01009,2026-07-15,0.5772,medium,RandomForestClassifier,v1.0
C01010,2026-07-15,0.5373,medium,RandomForestClassifier,v1.0
C01011,2026-07-15,0.5313,medium,RandomForestClassifier,v1.0
C01012,2026-07-15,0.525,medium,RandomForestClassifier,v1.0
C01013,2026-07-15,0.5519,medium,RandomForestClassifier,v1.0
C01014,2026-07-15,0.5356,medium,RandomForestClassifier,v1.0
C01015,2026-07-15,0.4752,medium,RandomForestClassifier,v1.0
C01016,2026-07-15,0.4901,medium,RandomForestClassifier,v1.0
C01017,2026-07-15,0.5026,medium,RandomForestClassifier,v1.0
C01018,2026-07-15,0.497,medium,RandomForestClassifier,v1.0
C01019,2026-07-15,0.5205,medium,RandomForestClassifier,v1.0
C01020,2026-07-15,0.557,medium,RandomForestClassifier,v1.0
C01021,2026-07-15,0.3927,medium,RandomForestClassifier,v1.0
C01022,2026-07-15,0.5133,medium,RandomForestClassifier,v1.0
C01023,2026-07-15,0.5215,medium,RandomForestClassifier,v1.0
C01024,2026-07-15,0.5014,medium,RandomForestClassifier,v1.0
C01025,2026-07-15,0.5305,medium,RandomForestClassifier,v1.0
C01026,2026-07-15,0.5008,medium,RandomForestClassifier,v1.0
C01027,2026-07-15,0.5017,medium,RandomForestClassifier,v1.0
C01029,2026-07-15,0.4698,medium,RandomForestClassifier,v1.0
C01030,2026-07-15,0.5658,medium,RandomForestClassifier,v1.0
C01031,2026-07-15,0.522,medium,RandomForestClassifier,v1.0
C01032,2026-07-15,0.5117,medium,RandomForestClassifier,v1.0
C01033,2026-07-15,0.5497,medium,RandomForestClassifier,v1.0
C01034,2026-07-15,0.5478,medium,RandomForestClassifier,v1.0
C01036,2026-07-15,0.5352,medium,RandomForestClassifier,v1.0
C01037,2026-07-15,0.5128,medium,RandomForestClassifier,v1.0
C01039,2026-07-15,0.5428,medium,RandomForestClassifier,v1.0
C01040,2026-07-15,0.5375,medium,RandomForestClassifier,v1.0
C01041,2026-07-15,0.4964,medium,RandomForestClassifier,v1.0
C01042,2026-07-15,0.4903,medium,RandomForestClassifier,v1.0
C01043,2026-07-15,0.5102,medium,RandomForestClassifier,v1.0
C01044,2026-07-15,0.5226,medium,RandomForestClassifier,v1.0
C01045,2026-07-15,0.5109,medium,RandomForestClassifier,v1.0
C01046,2026-07-15,0.5455,medium,RandomForestClassifier,v1.0
C01047,2026-07-15,0.5554,medium,RandomForestClassifier,v1.0
C01048,2026-07-15,0.3905,medium,RandomForestClassifier,v1.0
C01049,2026-07-15,0.6046,high,RandomForestClassifier,v1.0
C01050,2026-07-15,0.5419,medium,RandomForestClassifier,v1.0
C01051,2026-07-15,0.5545,medium,RandomForestClassifier,v1.0
C01052,2026-07-15,0.4574,medium,RandomForestClassifier,v1.0
C01053,2026-07-15,0.5442,medium,RandomForestClassifier,v1.0
C01054,2026-07-15,0.6002,high,RandomForestClassifier,v1.0
C01055,2026-07-15,0.5602,medium,RandomForestClassifier,v1.0
C01056,2026-07-15,0.4169,medium,RandomForestClassifier,v1.0
C01057,2026-07-15,0.5235,medium,RandomForestClassifier,v1.0
C01058,2026-07-15,0.5101,medium,RandomForestClassifier,v1.0
C01059,2026-07-15,0.5217,medium,RandomForestClassifier,v1.0
C01062,2026-07-15,0.5477,medium,RandomForestClassifier,v1.0
C01063,2026-07-15,0.4532,medium,RandomForestClassifier,v1.0
C01064,2026-07-15,0.5133,medium,RandomForestClassifier,v1.0
C01065,2026-07-15,0.5557,medium,RandomForestClassifier,v1.0
C01066,2026-07-15,0.5205,medium,RandomForestClassifier,v1.0
C01067,2026-07-15,0.6055,high,RandomForestClassifier,v1.0
C01069,2026-07-15,0.4873,medium,RandomForestClassifier,v1.0
C01070,2026-07-15,0.6108,high,RandomForestClassifier,v1.0
C01071,2026-07-15,0.523,medium,RandomForestClassifier,v1.0
C01072,2026-07-15,0.5015,medium,RandomForestClassifier,v1.0
C01073,2026-07-15,0.5097,medium,RandomForestClassifier,v1.0
C01075,2026-07-15,0.4965,medium,RandomForestClassifier,v1.0
C01076,2026-07-15,0.4751,medium,RandomForestClassifier,v1.0
C01077,2026-07-15,0.5231,medium,RandomForestClassifier,v1.0
C01078,2026-07-15,0.5274,medium,RandomForestClassifier,v1.0
C01079,2026-07-15,0.4903,medium,RandomForestClassifier,v1.0
C01081,2026-07-15,0.5177,medium,RandomForestClassifier,v1.0
C01082,2026-07-15,0.5088,medium,RandomForestClassifier,v1.0
C01084,2026-07-15,0.5191,medium,RandomForestClassifier,v1.0
C01085,2026-07-15,0.5164,medium,RandomForestClassifier,v1.0
C01086,2026-07-15,0.6418,high,RandomForestClassifier,v1.0
C01087,2026-07-15,0.472,medium,RandomForestClassifier,v1.0
C01088,2026-07-15,0.5432,medium,RandomForestClassifier,v1.0
C01089,2026-07-15,0.3361,medium,RandomForestClassifier,v1.0
C01090,2026-07-15,0.4876,medium,RandomForestClassifier,v1.0
C01091,2026-07-15,0.5054,medium,RandomForestClassifier,v1.0
C01093,2026-07-15,0.4891,medium,RandomForestClassifier,v1.0
C01094,2026-07-15,0.5922,medium,RandomForestClassifier,v1.0
C01095,2026-07-15,0.3056,medium,RandomForestClassifier,v1.0
C01097,2026-07-15,0.5037,medium,RandomForestClassifier,v1.0
C01098,2026-07-15,0.5736,medium,RandomForestClassifier,v1.0
C01099,2026-07-15,0.611,high,RandomForestClassifier,v1.0
C01100,2026-07-15,0.5109,medium,RandomForestClassifier,v1.0
C01101,2026-07-15,0.5691,medium,RandomForestClassifier,v1.0
C01102,2026-07-15,0.6052,high,RandomForestClassifier,v1.0
C01103,2026-07-15,0.5929,medium,RandomForestClassifier,v1.0
C01104,2026-07-15,0.5166,medium,RandomForestClassifier,v1.0
C01106,2026-07-15,0.4963,medium,RandomForestClassifier,v1.0
C01107,2026-07-15,0.5124,medium,RandomForestClassifier,v1.0
C01108,2026-07-15,0.4346,medium,RandomForestClassifier,v1.0
C01109,2026-07-15,0.5265,medium,RandomForestClassifier,v1.0
C01110,2026-07-15,0.4772,medium,RandomForestClassifier,v1.0
C01111,2026-07-15,0.461,medium,RandomForestClassifier,v1.0
C01112,2026-07-15,0.483,medium,RandomForestClassifier,v1.0
C01113,2026-07-15,0.5001,medium,RandomForestClassifier,v1.0
C01114,2026-07-15,0.5141,medium,RandomForestClassifier,v1.0
C01115,2026-07-15,0.5066,medium,RandomForestClassifier,v1.0
C01116,2026-07-15,0.5133,medium,RandomForestClassifier,v1.0
C01117,2026-07-15,0.5425,medium,RandomForestClassifier,v1.0
C01118,2026-07-15,0.5574,medium,RandomForestClassifier,v1.0
C01120,2026-07-15,0.6398,high,RandomForestClassifier,v1.0
C01123,2026-07-15,0.4445,medium,RandomForestClassifier,v1.0
C01124,2026-07-15,0.6069,high,RandomForestClassifier,v1.0
C01125,2026-07-15,0.6631,high,RandomForestClassifier,v1.0
C01126,2026-07-15,0.6276,high,RandomForestClassifier,v1.0
C01127,2026-07-15,0.5917,medium,RandomForestClassifier,v1.0
C01128,2026-07-15,0.5659,medium,RandomForestClassifier,v1.0
C01130,2026-07-15,0.5216,medium,RandomForestClassifier,v1.0
C01131,2026-07-15,0.431,medium,RandomForestClassifier,v1.0
C01132,2026-07-15,0.5053,medium,RandomForestClassifier,v1.0
C01134,2026-07-15,0.6236,high,RandomForestClassifier,v1.0
C01135,2026-07-15,0.5107,medium,RandomForestClassifier,v1.0
C01136,2026-07-15,0.5271,medium,RandomForestClassifier,v1.0
C01137,2026-07-15,0.5091,medium,RandomForestClassifier,v1.0
C01138,2026-07-15,0.5133,medium,RandomForestClassifier,v1.0
C01139,2026-07-15,0.5347,medium,RandomForestClassifier,v1.0
C01140,2026-07-15,0.4561,medium,RandomForestClassifier,v1.0
C01141,2026-07-15,0.325,medium,RandomForestClassifier,v1.0
C01142,2026-07-15,0.6321,high,RandomForestClassifier,v1.0
C01143,2026-07-15,0.592,medium,RandomForestClassifier,v1.0
C01144,2026-07-15,0.4329,medium,RandomForestClassifier,v1.0
C01146,2026-07-15,0.6152,high,RandomForestClassifier,v1.0
C01147,2026-07-15,0.3412,medium,RandomForestClassifier,v1.0
C01148,2026-07-15,0.5912,medium,RandomForestClassifier,v1.0
C01149,2026-07-15,0.5276,medium,RandomForestClassifier,v1.0
C01150,2026-07-15,0.6061,high,RandomForestClassifier,v1.0
C01151,2026-07-15,0.5494,medium,RandomForestClassifier,v1.0
C01152,2026-07-15,0.5194,medium,RandomForestClassifier,v1.0
C01153,2026-07-15,0.5128,medium,RandomForestClassifier,v1.0
C01154,2026-07-15,0.5262,medium,RandomForestClassifier,v1.0
C01155,2026-07-15,0.5106,medium,RandomForestClassifier,v1.0
C01156,2026-07-15,0.5074,medium,RandomForestClassifier,v1.0
C01157,2026-07-15,0.6235,high,RandomForestClassifier,v1.0
C01158,2026-07-15,0.4645,medium,RandomForestClassifier,v1.0
C01159,2026-07-15,0.502,medium,RandomForestClassifier,v1.0
C01160,2026-07-15,0.6138,high,RandomForestClassifier,v1.0
C01161,2026-07-15,0.5978,medium,RandomForestClassifier,v1.0
C01162,2026-07-15,0.503,medium,RandomForestClassifier,v1.0
C01163,2026-07-15,0.5194,medium,RandomForestClassifier,v1.0
C01164,2026-07-15,0.5101,medium,RandomForestClassifier,v1.0
C01165,2026-07-15,0.5584,medium,RandomForestClassifier,v1.0
C01166,2026-07-15,0.5043,medium,RandomForestClassifier,v1.0
C01167,2026-07-15,0.4542,medium,RandomForestClassifier,v1.0
C01168,2026-07-15,0.5112,medium,RandomForestClassifier,v1.0
C01169,2026-07-15,0.5863,medium,RandomForestClassifier,v1.0
C01170,2026-07-15,0.4987,medium,RandomForestClassifier,v1.0
C01171,2026-07-15,0.5271,medium,RandomForestClassifier,v1.0
C01172,2026-07-15,0.5244,medium,RandomForestClassifier,v1.0
C01173,2026-07-15,0.5027,medium,RandomForestClassifier,v1.0
C01174,2026-07-15,0.5036,medium,RandomForestClassifier,v1.0
C01175,2026-07-15,0.4901,medium,RandomForestClassifier,v1.0
C01176,2026-07-15,0.5541,medium,RandomForestClassifier,v1.0
C01177,2026-07-15,0.5998,medium,RandomForestClassifier,v1.0
C01178,2026-07-15,0.4786,medium,RandomForestClassifier,v1.0
C01179,2026-07-15,0.5454,medium,RandomForestClassifier,v1.0
C01180,2026-07-15,0.5338,medium,RandomForestClassifier,v1.0
C01181,2026-07-15,0.5205,medium,RandomForestClassifier,v1.0
C01182,2026-07-15,0.4955,medium,RandomForestClassifier,v1.0
C01184,2026-07-15,0.5442,medium,RandomForestClassifier,v1.0
C01185,2026-07-15,0.524,medium,RandomForestClassifier,v1.0
C01188,2026-07-15,0.5152,medium,RandomForestClassifier,v1.0
C01189,2026-07-15,0.5539,medium,RandomForestClassifier,v1.0
C01190,2026-07-15,0.5339,medium,RandomForestClassifier,v1.0
C01192,2026-07-15,0.5744,medium,RandomForestClassifier,v1.0
C01193,2026-07-15,0.5123,medium,RandomForestClassifier,v1.0
C01194,2026-07-15,0.5075,medium,RandomForestClassifier,v1.0
C01195,2026-07-15,0.4844,medium,RandomForestClassifier,v1.0
C01196,2026-07-15,0.4388,medium,RandomForestClassifier,v1.0
C01197,2026-07-15,0.5289,medium,RandomForestClassifier,v1.0
C01198,2026-07-15,0.4906,medium,RandomForestClassifier,v1.0
C01199,2026-07-15,0.5237,medium,RandomForestClassifier,v1.0
C01200,2026-07-15,0.4869,medium,RandomForestClassifier,v1.0
C01201,2026-07-15,0.3528,medium,RandomForestClassifier,v1.0
C01202,2026-07-15,0.6265,high,RandomForestClassifier,v1.0
C01203,2026-07-15,0.5875,medium,RandomForestClassifier,v1.0
C01204,2026-07-15,0.6505,high,RandomForestClassifier,v1.0
C01205,2026-07-15,0.5943,medium,RandomForestClassifier,v1.0
C01206,2026-07-15,0.5075,medium,RandomForestClassifier,v1.0
C01208,2026-07-15,0.5044,medium,RandomForestClassifier,v1.0
C01209,2026-07-15,0.5927,medium,RandomForestClassifier,v1.0
C01210,2026-07-15,0.5033,medium,RandomForestClassifier,v1.0
C01211,2026-07-15,0.5365,medium,RandomForestClassifier,v1.0
C01212,2026-07-15,0.4583,medium,RandomForestClassifier,v1.0
C01213,2026-07-15,0.4878,medium,RandomForestClassifier,v1.0
C01214,2026-07-15,0.4916,medium,RandomForestClassifier,v1.0
C01215,2026-07-15,0.4223,medium,RandomForestClassifier,v1.0
C01216,2026-07-15,0.4805,medium,RandomForestClassifier,v1.0
C01217,2026-07-15,0.3976,medium,RandomForestClassifier,v1.0
C01218,2026-07-15,0.4741,medium,RandomForestClassifier,v1.0
C01219,2026-07-15,0.4567,medium,RandomForestClassifier,v1.0
C01220,2026-07-15,0.4819,medium,RandomForestClassifier,v1.0
C01221,2026-07-15,0.5196,medium,RandomForestClassifier,v1.0
C01222,2026-07-15,0.5279,medium,RandomForestClassifier,v1.0
C01223,2026-07-15,0.5187,medium,RandomForestClassifier,v1.0
C01224,2026-07-15,0.5243,medium,RandomForestClassifier,v1.0
C01225,2026-07-15,0.6568,high,RandomForestClassifier,v1.0
C01226,2026-07-15,0.5166,medium,RandomForestClassifier,v1.0
C01227,2026-07-15,0.5404,medium,RandomForestClassifier,v1.0
C01229,2026-07-15,0.6582,high,RandomForestClassifier,v1.0
C01230,2026-07-15,0.6194,high,RandomForestClassifier,v1.0
C01231,2026-07-15,0.5608,medium,RandomForestClassifier,v1.0
C01232,2026-07-15,0.6851,high,RandomForestClassifier,v1.0
C01233,2026-07-15,0.5938,medium,RandomForestClassifier,v1.0
C01234,2026-07-15,0.1786,low,RandomForestClassifier,v1.0
C01235,2026-07-15,0.5504,medium,RandomForestClassifier,v1.0
C01236,2026-07-15,0.5324,medium,RandomForestClassifier,v1.0
C01237,2026-07-15,0.2819,low,RandomForestClassifier,v1.0
C01238,2026-07-15,0.5944,medium,RandomForestClassifier,v1.0
C01239,2026-07-15,0.5917,medium,RandomForestClassifier,v1.0
C01240,2026-07-15,0.5282,medium,RandomForestClassifier,v1.0
C01241,2026-07-15,0.437,medium,RandomForestClassifier,v1.0
C01242,2026-07-15,0.5263,medium,RandomForestClassifier,v1.0
C01244,2026-07-15,0.4852,medium,RandomForestClassifier,v1.0
C01245,2026-07-15,0.5716,medium,RandomForestClassifier,v1.0
C01246,2026-07-15,0.5724,medium,RandomForestClassifier,v1.0
C01247,2026-07-15,0.5674,medium,RandomForestClassifier,v1.0
C01248,2026-07-15,0.4971,medium,RandomForestClassifier,v1.0
C01249,2026-07-15,0.5579,medium,RandomForestClassifier,v1.0
C01251,2026-07-15,0.4833,medium,RandomForestClassifier,v1.0
C01252,2026-07-15,0.5585,medium,RandomForestClassifier,v1.0
C01253,2026-07-15,0.4891,medium,RandomForestClassifier,v1.0
C01256,2026-07-15,0.4913,medium,RandomForestClassifier,v1.0
C01257,2026-07-15,0.4959,medium,RandomForestClassifier,v1.0
C01258,2026-07-15,0.5081,medium,RandomForestClassifier,v1.0
C01260,2026-07-15,0.5007,medium,RandomForestClassifier,v1.0
C01261,2026-07-15,0.5079,medium,RandomForestClassifier,v1.0
C01262,2026-07-15,0.4868,medium,RandomForestClassifier,v1.0
C01263,2026-07-15,0.5045,medium,RandomForestClassifier,v1.0
C01265,2026-07-15,0.569,medium,RandomForestClassifier,v1.0
C01266,2026-07-15,0.3893,medium,RandomForestClassifier,v1.0
C01268,2026-07-15,0.5459,medium,RandomForestClassifier,v1.0
C01270,2026-07-15,0.5052,medium,RandomForestClassifier,v1.0
C01271,2026-07-15,0.5913,medium,RandomForestClassifier,v1.0
C01272,2026-07-15,0.4904,medium,RandomForestClassifier,v1.0
C01274,2026-07-15,0.5084,medium,RandomForestClassifier,v1.0
C01276,2026-07-15,0.5053,medium,RandomForestClassifier,v1.0
C01277,2026-07-15,0.5372,medium,RandomForestClassifier,v1.0
C01278,2026-07-15,0.6012,high,RandomForestClassifier,v1.0
C01279,2026-07-15,0.6345,high,RandomForestClassifier,v1.0
C01280,2026-07-15,0.5654,medium,RandomForestClassifier,v1.0
C01281,2026-07-15,0.5438,medium,RandomForestClassifier,v1.0
C01282,2026-07-15,0.5551,medium,RandomForestClassifier,v1.0
C01283,2026-07-15,0.4953,medium,RandomForestClassifier,v1.0
C01284,2026-07-15,0.5028,medium,RandomForestClassifier,v1.0
C01285,2026-07-15,0.5109,medium,RandomForestClassifier,v1.0
C01286,2026-07-15,0.4842,medium,RandomForestClassifier,v1.0
C01287,2026-07-15,0.4822,medium,RandomForestClassifier,v1.0
C01288,2026-07-15,0.5837,medium,RandomForestClassifier,v1.0
C01289,2026-07-15,0.5981,medium,RandomForestClassifier,v1.0
C01290,2026-07-15,0.5714,medium,RandomForestClassifier,v1.0
C01291,2026-07-15,0.5218,medium,RandomForestClassifier,v1.0
C01292,2026-07-15,0.4963,medium,RandomForestClassifier,v1.0
C01294,2026-07-15,0.5619,medium,RandomForestClassifier,v1.0
C01295,2026-07-15,0.526,medium,RandomForestClassifier,v1.0
C01296,2026-07-15,0.6383,high,RandomForestClassifier,v1.0
C01298,2026-07-15,0.526,medium,RandomForestClassifier,v1.0
C01299,2026-07-15,0.5564,medium,RandomForestClassifier,v1.0
C01300,2026-07-15,0.6519,high,RandomForestClassifier,v1.0
C01301,2026-07-15,0.5119,medium,RandomForestClassifier,v1.0
C01302,2026-07-15,0.503,medium,RandomForestClassifier,v1.0
C01303,2026-07-15,0.5309,medium,RandomForestClassifier,v1.0
C01304,2026-07-15,0.6081,high,RandomForestClassifier,v1.0
C01305,2026-07-15,0.5179,medium,RandomForestClassifier,v1.0
C01306,2026-07-15,0.5041,medium,RandomForestClassifier,v1.0
C01307,2026-07-15,0.5515,medium,RandomForestClassifier,v1.0
C01308,2026-07-15,0.5129,medium,RandomForestClassifier,v1.0
C01309,2026-07-15,0.6554,high,RandomForestClassifier,v1.0
C01310,2026-07-15,0.5516,medium,RandomForestClassifier,v1.0
C01311,2026-07-15,0.5439,medium,RandomForestClassifier,v1.0
C01312,2026-07-15,0.5229,medium,RandomForestClassifier,v1.0
C01314,2026-07-15,0.4932,medium,RandomForestClassifier,v1.0
C01315,2026-07-15,0.3384,medium,RandomForestClassifier,v1.0
C01316,2026-07-15,0.5291,medium,RandomForestClassifier,v1.0
C01317,2026-07-15,0.5097,medium,RandomForestClassifier,v1.0
C01318,2026-07-15,0.4613,medium,RandomForestClassifier,v1.0
C01319,2026-07-15,0.5735,medium,RandomForestClassifier,v1.0
C01320,2026-07-15,0.5341,medium,RandomForestClassifier,v1.0
C01321,2026-07-15,0.4953,medium,RandomForestClassifier,v1.0
C01322,2026-07-15,0.487,medium,RandomForestClassifier,v1.0
C01323,2026-07-15,0.5262,medium,RandomForestClassifier,v1.0
C01325,2026-07-15,0.5163,medium,RandomForestClassifier,v1.0
C01326,2026-07-15,0.5073,medium,RandomForestClassifier,v1.0
C01327,2026-07-15,0.5531,medium,RandomForestClassifier,v1.0
C01328,2026-07-15,0.6471,high,RandomForestClassifier,v1.0
C01329,2026-07-15,0.6269,high,RandomForestClassifier,v1.0
C01330,2026-07-15,0.5126,medium,RandomForestClassifier,v1.0
C01332,2026-07-15,0.4973,medium,RandomForestClassifier,v1.0
C01334,2026-07-15,0.5424,medium,RandomForestClassifier,v1.0
C01335,2026-07-15,0.4851,medium,RandomForestClassifier,v1.0
C01336,2026-07-15,0.4929,medium,RandomForestClassifier,v1.0
C01338,2026-07-15,0.5029,medium,RandomForestClassifier,v1.0
C01341,2026-07-15,0.5887,medium,RandomForestClassifier,v1.0
C01342,2026-07-15,0.5075,medium,RandomForestClassifier,v1.0
C01343,2026-07-15,0.5411,medium,RandomForestClassifier,v1.0
C01344,2026-07-15,0.4886,medium,RandomForestClassifier,v1.0
C01345,2026-07-15,0.5029,medium,RandomForestClassifier,v1.0
C01346,2026-07-15,0.4865,medium,RandomForestClassifier,v1.0
C01347,2026-07-15,0.5295,medium,RandomForestClassifier,v1.0
C01348,2026-07-15,0.45,medium,RandomForestClassifier,v1.0
C01349,2026-07-15,0.5256,medium,RandomForestClassifier,v1.0
C01350,2026-07-15,0.4964,medium,RandomForestClassifier,v1.0
C01351,2026-07-15,0.466,medium,RandomForestClassifier,v1.0
C01352,2026-07-15,0.5397,medium,RandomForestClassifier,v1.0
C01353,2026-07-15,0.5088,medium,RandomForestClassifier,v1.0
C01354,2026-07-15,0.5068,medium,RandomForestClassifier,v1.0
C01355,2026-07-15,0.5756,medium,RandomForestClassifier,v1.0
C01356,2026-07-15,0.492,medium,RandomForestClassifier,v1.0
C01357,2026-07-15,0.4699,medium,RandomForestClassifier,v1.0
C01358,2026-07-15,0.4859,medium,RandomForestClassifier,v1.0
C01359,2026-07-15,0.5578,medium,RandomForestClassifier,v1.0
C01361,2026-07-15,0.5534,medium,RandomForestClassifier,v1.0
C01363,2026-07-15,0.4822,medium,RandomForestClassifier,v1.0
C01364,2026-07-15,0.5067,medium,RandomForestClassifier,v1.0
C01365,2026-07-15,0.4898,medium,RandomForestClassifier,v1.0
C01366,2026-07-15,0.526,medium,RandomForestClassifier,v1.0
C01367,2026-07-15,0.5764,medium,RandomForestClassifier,v1.0
C01368,2026-07-15,0.5217,medium,RandomForestClassifier,v1.0
C01369,2026-07-15,0.5788,medium,RandomForestClassifier,v1.0
C01370,2026-07-15,0.6099,high,RandomForestClassifier,v1.0
C01371,2026-07-15,0.5022,medium,RandomForestClassifier,v1.0
C01372,2026-07-15,0.4849,medium,RandomForestClassifier,v1.0
C01373,2026-07-15,0.4977,medium,RandomForestClassifier,v1.0
C01374,2026-07-15,0.5412,medium,RandomForestClassifier,v1.0
C01375,2026-07-15,0.4821,medium,RandomForestClassifier,v1.0
C01376,2026-07-15,0.5135,medium,RandomForestClassifier,v1.0
C01377,2026-07-15,0.5108,medium,RandomForestClassifier,v1.0
C01378,2026-07-15,0.4904,medium,RandomForestClassifier,v1.0
C01379,2026-07-15,0.4068,medium,RandomForestClassifier,v1.0
C01380,2026-07-15,0.4863,medium,RandomForestClassifier,v1.0
C01381,2026-07-15,0.5963,medium,RandomForestClassifier,v1.0
C01382,2026-07-15,0.5339,medium,RandomForestClassifier,v1.0
C01383,2026-07-15,0.5413,medium,RandomForestClassifier,v1.0
C01384,2026-07-15,0.4918,medium,RandomForestClassifier,v1.0
C01385,2026-07-15,0.561,medium,RandomForestClassifier,v1.0
C01386,2026-07-15,0.5943,medium,RandomForestClassifier,v1.0
C01387,2026-07-15,0.5248,medium,RandomForestClassifier,v1.0
C01388,2026-07-15,0.5134,medium,RandomForestClassifier,v1.0
C01389,2026-07-15,0.4923,medium,RandomForestClassifier,v1.0
C01390,2026-07-15,0.4338,medium,RandomForestClassifier,v1.0
C01391,2026-07-15,0.5213,medium,RandomForestClassifier,v1.0
C01392,2026-07-15,0.5364,medium,RandomForestClassifier,v1.0
C01393,2026-07-15,0.4899,medium,RandomForestClassifier,v1.0
C01394,2026-07-15,0.583,medium,RandomForestClassifier,v1.0
C01396,2026-07-15,0.5031,medium,RandomForestClassifier,v1.0
C01397,2026-07-15,0.5993,medium,RandomForestClassifier,v1.0
C01400,2026-07-15,0.5113,medium,RandomForestClassifier,v1.0
C01401,2026-07-15,0.5534,medium,RandomForestClassifier,v1.0
C01402,2026-07-15,0.4389,medium,RandomForestClassifier,v1.0
C01403,2026-07-15,0.5284,medium,RandomForestClassifier,v1.0
C01404,2026-07-15,0.5772,medium,RandomForestClassifier,v1.0
C01406,2026-07-15,0.5093,medium,RandomForestClassifier,v1.0
C01407,2026-07-15,0.4102,medium,RandomForestClassifier,v1.0
C01408,2026-07-15,0.5356,medium,RandomForestClassifier,v1.0
C01409,2026-07-15,0.5545,medium,RandomForestClassifier,v1.0
C01410,2026-07-15,0.514,medium,RandomForestClassifier,v1.0
C01411,2026-07-15,0.4752,medium,RandomForestClassifier,v1.0
C01412,2026-07-15,0.4428,medium,RandomForestClassifier,v1.0
C01413,2026-07-15,0.2623,low,RandomForestClassifier,v1.0
C01414,2026-07-15,0.5613,medium,RandomForestClassifier,v1.0
C01415,2026-07-15,0.4687,medium,RandomForestClassifier,v1.0
C01416,2026-07-15,0.5525,medium,RandomForestClassifier,v1.0
C01417,2026-07-15,0.5148,medium,RandomForestClassifier,v1.0
C01418,2026-07-15,0.4893,medium,RandomForestClassifier,v1.0
C01419,2026-07-15,0.5583,medium,RandomForestClassifier,v1.0
C01420,2026-07-15,0.4771,medium,RandomForestClassifier,v1.0
C01421,2026-07-15,0.5925,medium,RandomForestClassifier,v1.0
C01422,2026-07-15,0.6868,high,RandomForestClassifier,v1.0
C01423,2026-07-15,0.5406,medium,RandomForestClassifier,v1.0
C01424,2026-07-15,0.4834,medium,RandomForestClassifier,v1.0
C01425,2026-07-15,0.5055,medium,RandomForestClassifier,v1.0
C01426,2026-07-15,0.5227,medium,RandomForestClassifier,v1.0
C01427,2026-07-15,0.5142,medium,RandomForestClassifier,v1.0
C01428,2026-07-15,0.5056,medium,RandomForestClassifier,v1.0
C01429,2026-07-15,0.4882,medium,RandomForestClassifier,v1.0
C01430,2026-07-15,0.5089,medium,RandomForestClassifier,v1.0
C01432,2026-07-15,0.5439,medium,RandomForestClassifier,v1.0
C01433,2026-07-15,0.45,medium,RandomForestClassifier,v1.0
C01434,2026-07-15,0.5129,medium,RandomForestClassifier,v1.0
C01435,2026-07-15,0.5179,medium,RandomForestClassifier,v1.0
C01436,2026-07-15,0.3894,medium,RandomForestClassifier,v1.0
C01437,2026-07-15,0.5043,medium,RandomForestClassifier,v1.0
C01439,2026-07-15,0.5534,medium,RandomForestClassifier,v1.0
C01440,2026-07-15,0.4818,medium,RandomForestClassifier,v1.0
C01441,2026-07-15,0.5071,medium,RandomForestClassifier,v1.0
C01442,2026-07-15,0.5208,medium,RandomForestClassifier,v1.0
C01443,2026-07-15,0.6233,high,RandomForestClassifier,v1.0
C01444,2026-07-15,0.5158,medium,RandomForestClassifier,v1.0
C01445,2026-07-15,0.3613,medium,RandomForestClassifier,v1.0
C01447,2026-07-15,0.4969,medium,RandomForestClassifier,v1.0
C01448,2026-07-15,0.5821,medium,RandomForestClassifier,v1.0
C01449,2026-07-15,0.4789,medium,RandomForestClassifier,v1.0
C01450,2026-07-15,0.4674,medium,RandomForestClassifier,v1.0
C01451,2026-07-15,0.5165,medium,RandomForestClassifier,v1.0
C01452,2026-07-15,0.5123,medium,RandomForestClassifier,v1.0
C01453,2026-07-15,0.5202,medium,RandomForestClassifier,v1.0
C01454,2026-07-15,0.6077,high,RandomForestClassifier,v1.0
C01455,2026-07-15,0.5322,medium,RandomForestClassifier,v1.0
C01457,2026-07-15,0.5042,medium,RandomForestClassifier,v1.0
C01458,2026-07-15,0.5509,medium,RandomForestClassifier,v1.0
C01460,2026-07-15,0.5117,medium,RandomForestClassifier,v1.0
C01461,2026-07-15,0.4934,medium,RandomForestClassifier,v1.0
C01462,2026-07-15,0.6538,high,RandomForestClassifier,v1.0
C01463,2026-07-15,0.5256,medium,RandomForestClassifier,v1.0
C01464,2026-07-15,0.4788,medium,RandomForestClassifier,v1.0
C01465,2026-07-15,0.5431,medium,RandomForestClassifier,v1.0
C01466,2026-07-15,0.6011,high,RandomForestClassifier,v1.0
C01468,2026-07-15,0.5946,medium,RandomForestClassifier,v1.0
C01469,2026-07-15,0.5882,medium,RandomForestClassifier,v1.0
C01470,2026-07-15,0.4005,medium,RandomForestClassifier,v1.0
C01472,2026-07-15,0.5353,medium,RandomForestClassifier,v1.0
C01473,2026-07-15,0.5417,medium,RandomForestClassifier,v1.0
C01474,2026-07-15,0.5242,medium,RandomForestClassifier,v1.0
C01475,2026-07-15,0.5327,medium,RandomForestClassifier,v1.0
C01476,2026-07-15,0.5202,medium,RandomForestClassifier,v1.0
C01477,2026-07-15,0.5344,medium,RandomForestClassifier,v1.0
C01478,2026-07-15,0.5605,medium,RandomForestClassifier,v1.0
C01479,2026-07-15,0.5037,medium,RandomForestClassifier,v1.0
C01480,2026-07-15,0.5043,medium,RandomForestClassifier,v1.0
C01481,2026-07-15,0.5391,medium,RandomForestClassifier,v1.0
C01483,2026-07-15,0.4844,medium,RandomForestClassifier,v1.0
C01485,2026-07-15,0.5394,medium,RandomForestClassifier,v1.0
C01486,2026-07-15,0.4871,medium,RandomForestClassifier,v1.0
C01487,2026-07-15,0.4782,medium,RandomForestClassifier,v1.0
C01488,2026-07-15,0.599,medium,RandomForestClassifier,v1.0
C01489,2026-07-15,0.5469,medium,RandomForestClassifier,v1.0
C01490,2026-07-15,0.4045,medium,RandomForestClassifier,v1.0
C01491,2026-07-15,0.542,medium,RandomForestClassifier,v1.0
C01492,2026-07-15,0.5196,medium,RandomForestClassifier,v1.0
C01493,2026-07-15,0.5763,medium,RandomForestClassifier,v1.0
C01494,2026-07-15,0.5681,medium,RandomForestClassifier,v1.0
C01495,2026-07-15,0.5865,medium,RandomForestClassifier,v1.0
C01496,2026-07-15,0.5117,medium,RandomForestClassifier,v1.0
C01497,2026-07-15,0.5299,medium,RandomForestClassifier,v1.0
C01498,2026-07-15,0.5404,medium,RandomForestClassifier,v1.0
C01499,2026-07-15,0.5074,medium,RandomForestClassifier,v1.0
C01500,2026-07-15,0.4827,medium,RandomForestClassifier,v1.0
C01501,2026-07-15,0.4839,medium,RandomForestClassifier,v1.0
C01502,2026-07-15,0.5665,medium,RandomForestClassifier,v1.0
C01503,2026-07-15,0.4148,medium,RandomForestClassifier,v1.0
C01504,2026-07-15,0.5197,medium,RandomForestClassifier,v1.0
C01505,2026-07-15,0.4575,medium,RandomForestClassifier,v1.0
C01506,2026-07-15,0.5211,medium,RandomForestClassifier,v1.0
C01507,2026-07-15,0.4649,medium,RandomForestClassifier,v1.0
C01508,2026-07-15,0.494,medium,RandomForestClassifier,v1.0
C01509,2026-07-15,0.5386,medium,RandomForestClassifier,v1.0
C01510,2026-07-15,0.4638,medium,RandomForestClassifier,v1.0
C01511,2026-07-15,0.5289,medium,RandomForestClassifier,v1.0
C01512,2026-07-15,0.481,medium,RandomForestClassifier,v1.0
C01513,2026-07-15,0.4927,medium,RandomForestClassifier,v1.0
C01514,2026-07-15,0.508,medium,RandomForestClassifier,v1.0
C01515,2026-07-15,0.4015,medium,RandomForestClassifier,v1.0
C01516,2026-07-15,0.4643,medium,RandomForestClassifier,v1.0
C01517,2026-07-15,0.5412,medium,RandomForestClassifier,v1.0
C01518,2026-07-15,0.5741,medium,RandomForestClassifier,v1.0
C01519,2026-07-15,0.526,medium,RandomForestClassifier,v1.0
C01520,2026-07-15,0.5405,medium,RandomForestClassifier,v1.0
C01521,2026-07-15,0.4614,medium,RandomForestClassifier,v1.0
C01522,2026-07-15,0.4994,medium,RandomForestClassifier,v1.0
C01523,2026-07-15,0.5052,medium,RandomForestClassifier,v1.0
C01524,2026-07-15,0.5617,medium,RandomForestClassifier,v1.0
C01525,2026-07-15,0.5204,medium,RandomForestClassifier,v1.0
C01526,2026-07-15,0.5746,medium,RandomForestClassifier,v1.0
C01527,2026-07-15,0.6006,high,RandomForestClassifier,v1.0
C01528,2026-07-15,0.3033,medium,RandomForestClassifier,v1.0
C01529,2026-07-15,0.5409,medium,RandomForestClassifier,v1.0
C01530,2026-07-15,0.542,medium,RandomForestClassifier,v1.0
C01531,2026-07-15,0.6017,high,RandomForestClassifier,v1.0
C01532,2026-07-15,0.5035,medium,RandomForestClassifier,v1.0
C01533,2026-07-15,0.3257,medium,RandomForestClassifier,v1.0
C01534,2026-07-15,0.5575,medium,RandomForestClassifier,v1.0
C01535,2026-07-15,0.5066,medium,RandomForestClassifier,v1.0
C01536,2026-07-15,0.5235,medium,RandomForestClassifier,v1.0
C01537,2026-07-15,0.4883,medium,RandomForestClassifier,v1.0
C01538,2026-07-15,0.5134,medium,RandomForestClassifier,v1.0
C01539,2026-07-15,0.5001,medium,RandomForestClassifier,v1.0
C01540,2026-07-15,0.5085,medium,RandomForestClassifier,v1.0
C01541,2026-07-15,0.5464,medium,RandomForestClassifier,v1.0
C01542,2026-07-15,0.5133,medium,RandomForestClassifier,v1.0
C01543,2026-07-15,0.3795,medium,RandomForestClassifier,v1.0
C01544,2026-07-15,0.526,medium,RandomForestClassifier,v1.0
C01545,2026-07-15,0.6471,high,RandomForestClassifier,v1.0
C01546,2026-07-15,0.5609,medium,RandomForestClassifier,v1.0
C01547,2026-07-15,0.5548,medium,RandomForestClassifier,v1.0
C01548,2026-07-15,0.27,low,RandomForestClassifier,v1.0
C01549,2026-07-15,0.4804,medium,RandomForestClassifier,v1.0
C01550,2026-07-15,0.5698,medium,RandomForestClassifier,v1.0
C01551,2026-07-15,0.5122,medium,RandomForestClassifier,v1.0
C01552,2026-07-15,0.5475,medium,RandomForestClassifier,v1.0
C01553,2026-07-15,0.5198,medium,RandomForestClassifier,v1.0
C01554,2026-07-15,0.6192,high,RandomForestClassifier,v1.0
C01555,2026-07-15,0.4912,medium,RandomForestClassifier,v1.0
C01556,2026-07-15,0.5187,medium,RandomForestClassifier,v1.0
C01557,2026-07-15,0.5476,medium,RandomForestClassifier,v1.0
C01558,2026-07-15,0.5326,medium,RandomForestClassifier,v1.0
C01559,2026-07-15,0.4947,medium,RandomForestClassifier,v1.0
C01560,2026-07-15,0.4634,medium,RandomForestClassifier,v1.0
C01561,2026-07-15,0.6596,high,RandomForestClassifier,v1.0
C01562,2026-07-15,0.4736,medium,RandomForestClassifier,v1.0
C01563,2026-07-15,0.5516,medium,RandomForestClassifier,v1.0
C01564,2026-07-15,0.387,medium,RandomForestClassifier,v1.0
C01565,2026-07-15,0.5605,medium,RandomForestClassifier,v1.0
C01566,2026-07-15,0.5628,medium,RandomForestClassifier,v1.0
C01568,2026-07-15,0.5141,medium,RandomForestClassifier,v1.0
C01570,2026-07-15,0.55,medium,RandomForestClassifier,v1.0
C01572,2026-07-15,0.5247,medium,RandomForestClassifier,v1.0
C01574,2026-07-15,0.5589,medium,RandomForestClassifier,v1.0
C01575,2026-07-15,0.5396,medium,RandomForestClassifier,v1.0
C01576,2026-07-15,0.6087,high,RandomForestClassifier,v1.0
C01578,2026-07-15,0.4939,medium,RandomForestClassifier,v1.0
C01579,2026-07-15,0.5267,medium,RandomForestClassifier,v1.0
C01580,2026-07-15,0.4216,medium,RandomForestClassifier,v1.0
C01581,2026-07-15,0.5394,medium,RandomForestClassifier,v1.0
C01582,2026-07-15,0.5763,medium,RandomForestClassifier,v1.0
C01584,2026-07-15,0.606,high,RandomForestClassifier,v1.0
C01585,2026-07-15,0.5284,medium,RandomForestClassifier,v1.0
C01586,2026-07-15,0.5062,medium,RandomForestClassifier,v1.0
C01587,2026-07-15,0.5504,medium,RandomForestClassifier,v1.0
C01588,2026-07-15,0.6253,high,RandomForestClassifier,v1.0
C01589,2026-07-15,0.5623,medium,RandomForestClassifier,v1.0
C01590,2026-07-15,0.5084,medium,RandomForestClassifier,v1.0
C01591,2026-07-15,0.4863,medium,RandomForestClassifier,v1.0
C01592,2026-07-15,0.573,medium,RandomForestClassifier,v1.0
C01593,2026-07-15,0.5797,medium,RandomForestClassifier,v1.0
C01594,2026-07-15,0.5889,medium,RandomForestClassifier,v1.0
C01595,2026-07-15,0.5079,medium,RandomForestClassifier,v1.0
C01597,2026-07-15,0.6153,high,RandomForestClassifier,v1.0
C01598,2026-07-15,0.5126,medium,RandomForestClassifier,v1.0
C01599,2026-07-15,0.5032,medium,RandomForestClassifier,v1.0
C01600,2026-07-15,0.4993,medium,RandomForestClassifier,v1.0
C01601,2026-07-15,0.3439,medium,RandomForestClassifier,v1.0
C01602,2026-07-15,0.5341,medium,RandomForestClassifier,v1.0
C01603,2026-07-15,0.5379,medium,RandomForestClassifier,v1.0
C01604,2026-07-15,0.5251,medium,RandomForestClassifier,v1.0
C01605,2026-07-15,0.523,medium,RandomForestClassifier,v1.0
C01606,2026-07-15,0.5351,medium,RandomForestClassifier,v1.0
C01607,2026-07-15,0.5306,medium,RandomForestClassifier,v1.0
C01609,2026-07-15,0.4472,medium,RandomForestClassifier,v1.0
C01610,2026-07-15,0.5328,medium,RandomForestClassifier,v1.0
C01611,2026-07-15,0.4452,medium,RandomForestClassifier,v1.0
C01612,2026-07-15,0.5104,medium,RandomForestClassifier,v1.0
C01613,2026-07-15,0.5951,medium,RandomForestClassifier,v1.0
C01615,2026-07-15,0.5222,medium,RandomForestClassifier,v1.0
C01616,2026-07-15,0.4504,medium,RandomForestClassifier,v1.0
C01617,2026-07-15,0.5513,medium,RandomForestClassifier,v1.0
C01618,2026-07-15,0.5113,medium,RandomForestClassifier,v1.0
C01619,2026-07-15,0.4132,medium,RandomForestClassifier,v1.0
C01620,2026-07-15,0.5038,medium,RandomForestClassifier,v1.0
C01621,2026-07-15,0.562,medium,RandomForestClassifier,v1.0
C01622,2026-07-15,0.4884,medium,RandomForestClassifier,v1.0
C01623,2026-07-15,0.5138,medium,RandomForestClassifier,v1.0
C01624,2026-07-15,0.5709,medium,RandomForestClassifier,v1.0
C01625,2026-07-15,0.5065,medium,RandomForestClassifier,v1.0
C01626,2026-07-15,0.508,medium,RandomForestClassifier,v1.0
C01627,2026-07-15,0.5329,medium,RandomForestClassifier,v1.0
C01629,2026-07-15,0.5514,medium,RandomForestClassifier,v1.0
C01630,2026-07-15,0.4906,medium,RandomForestClassifier,v1.0
C01631,2026-07-15,0.488,medium,RandomForestClassifier,v1.0
C01632,2026-07-15,0.5549,medium,RandomForestClassifier,v1.0
C01633,2026-07-15,0.6196,high,RandomForestClassifier,v1.0
C01634,2026-07-15,0.4806,medium,RandomForestClassifier,v1.0
C01635,2026-07-15,0.5093,medium,RandomForestClassifier,v1.0
C01638,2026-07-15,0.6057,high,RandomForestClassifier,v1.0
C01639,2026-07-15,0.4667,medium,RandomForestClassifier,v1.0
C01640,2026-07-15,0.5241,medium,RandomForestClassifier,v1.0
C01641,2026-07-15,0.506,medium,RandomForestClassifier,v1.0
C01642,2026-07-15,0.5219,medium,RandomForestClassifier,v1.0
C01643,2026-07-15,0.5208,medium,RandomForestClassifier,v1.0
C01644,2026-07-15,0.539,medium,RandomForestClassifier,v1.0
C01645,2026-07-15,0.5827,medium,RandomForestClassifier,v1.0
C01646,2026-07-15,0.481,medium,RandomForestClassifier,v1.0
C01647,2026-07-15,0.56,medium,RandomForestClassifier,v1.0
C01648,2026-07-15,0.5876,medium,RandomForestClassifier,v1.0
C01650,2026-07-15,0.5088,medium,RandomForestClassifier,v1.0
C01651,2026-07-15,0.6229,high,RandomForestClassifier,v1.0
C01652,2026-07-15,0.6336,high,RandomForestClassifier,v1.0
C01653,2026-07-15,0.5732,medium,RandomForestClassifier,v1.0
C01654,2026-07-15,0.539,medium,RandomForestClassifier,v1.0
C01655,2026-07-15,0.512,medium,RandomForestClassifier,v1.0
C01656,2026-07-15,0.4983,medium,RandomForestClassifier,v1.0
C01657,2026-07-15,0.5264,medium,RandomForestClassifier,v1.0
C01658,2026-07-15,0.4935,medium,RandomForestClassifier,v1.0
C01660,2026-07-15,0.5162,medium,RandomForestClassifier,v1.0
C01661,2026-07-15,0.5948,medium,RandomForestClassifier,v1.0
C01662,2026-07-15,0.5263,medium,RandomForestClassifier,v1.0
C01663,2026-07-15,0.5059,medium,RandomForestClassifier,v1.0
C01664,2026-07-15,0.5035,medium,RandomForestClassifier,v1.0
C01665,2026-07-15,0.5925,medium,RandomForestClassifier,v1.0
C01666,2026-07-15,0.502,medium,RandomForestClassifier,v1.0
C01667,2026-07-15,0.5462,medium,RandomForestClassifier,v1.0
C01668,2026-07-15,0.5145,medium,RandomForestClassifier,v1.0
C01669,2026-07-15,0.5393,medium,RandomForestClassifier,v1.0
C01670,2026-07-15,0.5436,medium,RandomForestClassifier,v1.0
C01671,2026-07-15,0.5695,medium,RandomForestClassifier,v1.0
C01672,2026-07-15,0.6899,high,RandomForestClassifier,v1.0
C01673,2026-07-15,0.5148,medium,RandomForestClassifier,v1.0
C01674,2026-07-15,0.518,medium,RandomForestClassifier,v1.0
C01675,2026-07-15,0.489,medium,RandomForestClassifier,v1.0
C01676,2026-07-15,0.599,medium,RandomForestClassifier,v1.0
C01677,2026-07-15,0.4799,medium,RandomForestClassifier,v1.0
C01678,2026-07-15,0.4719,medium,RandomForestClassifier,v1.0
C01679,2026-07-15,0.6136,high,RandomForestClassifier,v1.0
C01681,2026-07-15,0.5331,medium,RandomForestClassifier,v1.0
C01682,2026-07-15,0.5062,medium,RandomForestClassifier,v1.0
C01683,2026-07-15,0.4845,medium,RandomForestClassifier,v1.0
C01684,2026-07-15,0.4357,medium,RandomForestClassifier,v1.0
C01686,2026-07-15,0.481,medium,RandomForestClassifier,v1.0
C01687,2026-07-15,0.5091,medium,RandomForestClassifier,v1.0
C01688,2026-07-15,0.6021,high,RandomForestClassifier,v1.0
C01689,2026-07-15,0.6869,high,RandomForestClassifier,v1.0
C01690,2026-07-15,0.5246,medium,RandomForestClassifier,v1.0
C01691,2026-07-15,0.5522,medium,RandomForestClassifier,v1.0
C01692,2026-07-15,0.5095,medium,RandomForestClassifier,v1.0
C01693,2026-07-15,0.5201,medium,RandomForestClassifier,v1.0
C01694,2026-07-15,0.5297,medium,RandomForestClassifier,v1.0
C01695,2026-07-15,0.5897,medium,RandomForestClassifier,v1.0
C01697,2026-07-15,0.4263,medium,RandomForestClassifier,v1.0
C01698,2026-07-15,0.4691,medium,RandomForestClassifier,v1.0
C01699,2026-07-15,0.555,medium,RandomForestClassifier,v1.0
C01700,2026-07-15,0.5094,medium,RandomForestClassifier,v1.0
C01701,2026-07-15,0.535,medium,RandomForestClassifier,v1.0
C01702,2026-07-15,0.6033,high,RandomForestClassifier,v1.0
C01703,2026-07-15,0.3849,medium,RandomForestClassifier,v1.0
C01704,2026-07-15,0.4638,medium,RandomForestClassifier,v1.0
C01705,2026-07-15,0.5825,medium,RandomForestClassifier,v1.0
C01706,2026-07-15,0.4702,medium,RandomForestClassifier,v1.0
C01707,2026-07-15,0.6165,high,RandomForestClassifier,v1.0
C01708,2026-07-15,0.5665,medium,RandomForestClassifier,v1.0
C01709,2026-07-15,0.6148,high,RandomForestClassifier,v1.0
C01710,2026-07-15,0.5503,medium,RandomForestClassifier,v1.0
C01711,2026-07-15,0.5007,medium,RandomForestClassifier,v1.0
C01712,2026-07-15,0.563,medium,RandomForestClassifier,v1.0
C01713,2026-07-15,0.4224,medium,RandomForestClassifier,v1.0
C01714,2026-07-15,0.5317,medium,RandomForestClassifier,v1.0
C01715,2026-07-15,0.4251,medium,RandomForestClassifier,v1.0
C01716,2026-07-15,0.5439,medium,RandomForestClassifier,v1.0
C01717,2026-07-15,0.5007,medium,RandomForestClassifier,v1.0
C01718,2026-07-15,0.5835,medium,RandomForestClassifier,v1.0
C01719,2026-07-15,0.6781,high,RandomForestClassifier,v1.0
C01720,2026-07-15,0.4519,medium,RandomForestClassifier,v1.0
C01721,2026-07-15,0.5951,medium,RandomForestClassifier,v1.0
C01722,2026-07-15,0.4966,medium,RandomForestClassifier,v1.0
C01723,2026-07-15,0.5674,medium,RandomForestClassifier,v1.0
C01724,2026-07-15,0.5325,medium,RandomForestClassifier,v1.0
C01725,2026-07-15,0.4881,medium,RandomForestClassifier,v1.0
C01726,2026-07-15,0.5093,medium,RandomForestClassifier,v1.0
C01727,2026-07-15,0.5208,medium,RandomForestClassifier,v1.0
C01728,2026-07-15,0.5014,medium,RandomForestClassifier,v1.0
C01729,2026-07-15,0.5236,medium,RandomForestClassifier,v1.0
C01730,2026-07-15,0.5351,medium,RandomForestClassifier,v1.0
C01731,2026-07-15,0.5062,medium,RandomForestClassifier,v1.0
C01732,2026-07-15,0.596,medium,RandomForestClassifier,v1.0
C01734,2026-07-15,0.3354,medium,RandomForestClassifier,v1.0
C01735,2026-07-15,0.5819,medium,RandomForestClassifier,v1.0
C01736,2026-07-15,0.4842,medium,RandomForestClassifier,v1.0
C01737,2026-07-15,0.5527,medium,RandomForestClassifier,v1.0
C01739,2026-07-15,0.6094,high,RandomForestClassifier,v1.0
C01740,2026-07-15,0.4924,medium,RandomForestClassifier,v1.0
C01741,2026-07-15,0.5241,medium,RandomForestClassifier,v1.0
C01742,2026-07-15,0.5227,medium,RandomForestClassifier,v1.0
C01743,2026-07-15,0.6089,high,RandomForestClassifier,v1.0
C01744,2026-07-15,0.5228,medium,RandomForestClassifier,v1.0
C01745,2026-07-15,0.6262,high,RandomForestClassifier,v1.0
C01746,2026-07-15,0.5024,medium,RandomForestClassifier,v1.0
C01747,2026-07-15,0.5501,medium,RandomForestClassifier,v1.0
C01748,2026-07-15,0.6222,high,RandomForestClassifier,v1.0
C01749,2026-07-15,0.5478,medium,RandomForestClassifier,v1.0
C01750,2026-07-15,0.6746,high,RandomForestClassifier,v1.0
C01751,2026-07-15,0.5016,medium,RandomForestClassifier,v1.0
C01752,2026-07-15,0.3199,medium,RandomForestClassifier,v1.0
C01753,2026-07-15,0.6046,high,RandomForestClassifier,v1.0
C01754,2026-07-15,0.5038,medium,RandomForestClassifier,v1.0
C01756,2026-07-15,0.4404,medium,RandomForestClassifier,v1.0
C01757,2026-07-15,0.5349,medium,RandomForestClassifier,v1.0
C01758,2026-07-15,0.5777,medium,RandomForestClassifier,v1.0
C01759,2026-07-15,0.4903,medium,RandomForestClassifier,v1.0
C01761,2026-07-15,0.5101,medium,RandomForestClassifier,v1.0
C01762,2026-07-15,0.5511,medium,RandomForestClassifier,v1.0
C01763,2026-07-15,0.519,medium,RandomForestClassifier,v1.0
C01764,2026-07-15,0.4953,medium,RandomForestClassifier,v1.0
C01765,2026-07-15,0.5575,medium,RandomForestClassifier,v1.0
C01766,2026-07-15,0.5763,medium,RandomForestClassifier,v1.0
C01768,2026-07-15,0.5108,medium,RandomForestClassifier,v1.0
C01769,2026-07-15,0.5034,medium,RandomForestClassifier,v1.0
C01770,2026-07-15,0.5112,medium,RandomForestClassifier,v1.0
C01771,2026-07-15,0.5376,medium,RandomForestClassifier,v1.0
C01772,2026-07-15,0.5812,medium,RandomForestClassifier,v1.0
C01773,2026-07-15,0.5154,medium,RandomForestClassifier,v1.0
C01774,2026-07-15,0.5891,medium,RandomForestClassifier,v1.0
C01775,2026-07-15,0.5439,medium,RandomForestClassifier,v1.0
C01776,2026-07-15,0.5134,medium,RandomForestClassifier,v1.0
C01778,2026-07-15,0.5909,medium,RandomForestClassifier,v1.0
C01779,2026-07-15,0.4921,medium,RandomForestClassifier,v1.0
C01780,2026-07-15,0.5073,medium,RandomForestClassifier,v1.0
C01781,2026-07-15,0.604,high,RandomForestClassifier,v1.0
C01782,2026-07-15,0.4844,medium,RandomForestClassifier,v1.0
C01783,2026-07-15,0.5197,medium,RandomForestClassifier,v1.0
C01784,2026-07-15,0.5746,medium,RandomForestClassifier,v1.0
C01785,2026-07-15,0.4961,medium,RandomForestClassifier,v1.0
C01786,2026-07-15,0.5753,medium,RandomForestClassifier,v1.0
C01787,2026-07-15,0.5102,medium,RandomForestClassifier,v1.0
C01788,2026-07-15,0.5683,medium,RandomForestClassifier,v1.0
C01790,2026-07-15,0.5208,medium,RandomForestClassifier,v1.0
C01791,2026-07-15,0.5306,medium,RandomForestClassifier,v1.0
C01792,2026-07-15,0.5518,medium,RandomForestClassifier,v1.0
C01793,2026-07-15,0.5194,medium,RandomForestClassifier,v1.0
C01794,2026-07-15,0.4704,medium,RandomForestClassifier,v1.0
C01795,2026-07-15,0.5288,medium,RandomForestClassifier,v1.0
C01796,2026-07-15,0.4218,medium,RandomForestClassifier,v1.0
C01797,2026-07-15,0.5069,medium,RandomForestClassifier,v1.0
C01798,2026-07-15,0.5506,medium,RandomForestClassifier,v1.0
C01800,2026-07-15,0.5799,medium,RandomForestClassifier,v1.0
C01801,2026-07-15,0.4983,medium,RandomForestClassifier,v1.0
C01802,2026-07-15,0.4068,medium,RandomForestClassifier,v1.0
C01804,2026-07-15,0.5251,medium,RandomForestClassifier,v1.0
C01805,2026-07-15,0.5195,medium,RandomForestClassifier,v1.0
C01806,2026-07-15,0.6383,high,RandomForestClassifier,v1.0
C01808,2026-07-15,0.59,medium,RandomForestClassifier,v1.0
C01809,2026-07-15,0.5093,medium,RandomForestClassifier,v1.0
C01810,2026-07-15,0.5138,medium,RandomForestClassifier,v1.0
C01811,2026-07-15,0.502,medium,RandomForestClassifier,v1.0
C01812,2026-07-15,0.6098,high,RandomForestClassifier,v1.0
C01813,2026-07-15,0.5903,medium,RandomForestClassifier,v1.0
C01814,2026-07-15,0.462,medium,RandomForestClassifier,v1.0
C01815,2026-07-15,0.5507,medium,RandomForestClassifier,v1.0
C01816,2026-07-15,0.5053,medium,RandomForestClassifier,v1.0
C01817,2026-07-15,0.5145,medium,RandomForestClassifier,v1.0
C01818,2026-07-15,0.5745,medium,RandomForestClassifier,v1.0
C01819,2026-07-15,0.5451,medium,RandomForestClassifier,v1.0
C01820,2026-07-15,0.5115,medium,RandomForestClassifier,v1.0
C01821,2026-07-15,0.4494,medium,RandomForestClassifier,v1.0
C01822,2026-07-15,0.5066,medium,RandomForestClassifier,v1.0
C01823,2026-07-15,0.519,medium,RandomForestClassifier,v1.0
C01824,2026-07-15,0.5658,medium,RandomForestClassifier,v1.0
C01825,2026-07-15,0.5321,medium,RandomForestClassifier,v1.0
C01827,2026-07-15,0.5077,medium,RandomForestClassifier,v1.0
C01828,2026-07-15,0.4804,medium,RandomForestClassifier,v1.0
C01829,2026-07-15,0.5886,medium,RandomForestClassifier,v1.0
C01830,2026-07-15,0.528,medium,RandomForestClassifier,v1.0
C01831,2026-07-15,0.5012,medium,RandomForestClassifier,v1.0
C01832,2026-07-15,0.4581,medium,RandomForestClassifier,v1.0
C01833,2026-07-15,0.3859,medium,RandomForestClassifier,v1.0
C01834,2026-07-15,0.5152,medium,RandomForestClassifier,v1.0
C01835,2026-07-15,0.5781,medium,RandomForestClassifier,v1.0
C01837,2026-07-15,0.5386,medium,RandomForestClassifier,v1.0
C01838,2026-07-15,0.5291,medium,RandomForestClassifier,v1.0
C01839,2026-07-15,0.5093,medium,RandomForestClassifier,v1.0
C01840,2026-07-15,0.5376,medium,RandomForestClassifier,v1.0
C01841,2026-07-15,0.6061,high,RandomForestClassifier,v1.0
C01843,2026-07-15,0.4984,medium,RandomForestClassifier,v1.0
C01844,2026-07-15,0.3641,medium,RandomForestClassifier,v1.0
C01845,2026-07-15,0.5761,medium,RandomForestClassifier,v1.0
C01846,2026-07-15,0.6323,high,RandomForestClassifier,v1.0
C01847,2026-07-15,0.5065,medium,RandomForestClassifier,v1.0
C01850,2026-07-15,0.4386,medium,RandomForestClassifier,v1.0
C01851,2026-07-15,0.5163,medium,RandomForestClassifier,v1.0
C01853,2026-07-15,0.5201,medium,RandomForestClassifier,v1.0
C01854,2026-07-15,0.6001,high,RandomForestClassifier,v1.0
C01855,2026-07-15,0.3338,medium,RandomForestClassifier,v1.0
C01857,2026-07-15,0.5042,medium,RandomForestClassifier,v1.0
C01858,2026-07-15,0.5309,medium,RandomForestClassifier,v1.0
C01859,2026-07-15,0.512,medium,RandomForestClassifier,v1.0
C01860,2026-07-15,0.4393,medium,RandomForestClassifier,v1.0
C01862,2026-07-15,0.528,medium,RandomForestClassifier,v1.0
C01863,2026-07-15,0.4739,medium,RandomForestClassifier,v1.0
C01864,2026-07-15,0.5459,medium,RandomForestClassifier,v1.0
C01865,2026-07-15,0.385,medium,RandomForestClassifier,v1.0
C01866,2026-07-15,0.5049,medium,RandomForestClassifier,v1.0
C01867,2026-07-15,0.5022,medium,RandomForestClassifier,v1.0
C01868,2026-07-15,0.4362,medium,RandomForestClassifier,v1.0
C01869,2026-07-15,0.5266,medium,RandomForestClassifier,v1.0
C01870,2026-07-15,0.619,high,RandomForestClassifier,v1.0
C01871,2026-07-15,0.5339,medium,RandomForestClassifier,v1.0
C01872,2026-07-15,0.5158,medium,RandomForestClassifier,v1.0
C01873,2026-07-15,0.5061,medium,RandomForestClassifier,v1.0
C01874,2026-07-15,0.4902,medium,RandomForestClassifier,v1.0
C01875,2026-07-15,0.6649,high,RandomForestClassifier,v1.0
C01876,2026-07-15,0.4983,medium,RandomForestClassifier,v1.0
C01877,2026-07-15,0.5074,medium,RandomForestClassifier,v1.0
C01878,2026-07-15,0.4008,medium,RandomForestClassifier,v1.0
C01879,2026-07-15,0.5061,medium,RandomForestClassifier,v1.0
C01880,2026-07-15,0.369,medium,RandomForestClassifier,v1.0
C01881,2026-07-15,0.5151,medium,RandomForestClassifier,v1.0
C01882,2026-07-15,0.4354,medium,RandomForestClassifier,v1.0
C01883,2026-07-15,0.5794,medium,RandomForestClassifier,v1.0
C01884,2026-07-15,0.4604,medium,RandomForestClassifier,v1.0
C01885,2026-07-15,0.3321,medium,RandomForestClassifier,v1.0
C01886,2026-07-15,0.4818,medium,RandomForestClassifier,v1.0
C01887,2026-07-15,0.523,medium,RandomForestClassifier,v1.0
C01888,2026-07-15,0.5924,medium,RandomForestClassifier,v1.0
C01889,2026-07-15,0.5186,medium,RandomForestClassifier,v1.0
C01890,2026-07-15,0.5847,medium,RandomForestClassifier,v1.0
C01891,2026-07-15,0.6125,high,RandomForestClassifier,v1.0
C01892,2026-07-15,0.5603,medium,RandomForestClassifier,v1.0
C01893,2026-07-15,0.5289,medium,RandomForestClassifier,v1.0
C01894,2026-07-15,0.4486,medium,RandomForestClassifier,v1.0
C01895,2026-07-15,0.5523,medium,RandomForestClassifier,v1.0
C01896,2026-07-15,0.5144,medium,RandomForestClassifier,v1.0
C01897,2026-07-15,0.4915,medium,RandomForestClassifier,v1.0
C01898,2026-07-15,0.5094,medium,RandomForestClassifier,v1.0
C01900,2026-07-15,0.5891,medium,RandomForestClassifier,v1.0
C01901,2026-07-15,0.5594,medium,RandomForestClassifier,v1.0
C01902,2026-07-15,0.4864,medium,RandomForestClassifier,v1.0
C01903,2026-07-15,0.5584,medium,RandomForestClassifier,v1.0
C01904,2026-07-15,0.4361,medium,RandomForestClassifier,v1.0
C01905,2026-07-15,0.5047,medium,RandomForestClassifier,v1.0
C01906,2026-07-15,0.4967,medium,RandomForestClassifier,v1.0
C01907,2026-07-15,0.6169,high,RandomForestClassifier,v1.0
C01908,2026-07-15,0.5678,medium,RandomForestClassifier,v1.0
C01909,2026-07-15,0.4808,medium,RandomForestClassifier,v1.0
C01910,2026-07-15,0.5331,medium,RandomForestClassifier,v1.0
C01911,2026-07-15,0.5911,medium,RandomForestClassifier,v1.0
C01912,2026-07-15,0.4862,medium,RandomForestClassifier,v1.0
C01913,2026-07-15,0.5259,medium,RandomForestClassifier,v1.0
C01914,2026-07-15,0.5568,medium,RandomForestClassifier,v1.0
C01915,2026-07-15,0.6167,high,RandomForestClassifier,v1.0
C01916,2026-07-15,0.525,medium,RandomForestClassifier,v1.0
C01917,2026-07-15,0.5322,medium,RandomForestClassifier,v1.0
C01918,2026-07-15,0.4789,medium,RandomForestClassifier,v1.0
C01919,2026-07-15,0.5629,medium,RandomForestClassifier,v1.0
C01920,2026-07-15,0.5277,medium,RandomForestClassifier,v1.0
C01921,2026-07-15,0.531,medium,RandomForestClassifier,v1.0
C01923,2026-07-15,0.5573,medium,RandomForestClassifier,v1.0
C01925,2026-07-15,0.5146,medium,RandomForestClassifier,v1.0
C01926,2026-07-15,0.4879,medium,RandomForestClassifier,v1.0
C01927,2026-07-15,0.4899,medium,RandomForestClassifier,v1.0
C01928,2026-07-15,0.5724,medium,RandomForestClassifier,v1.0
C01929,2026-07-15,0.5831,medium,RandomForestClassifier,v1.0
C01930,2026-07-15,0.5059,medium,RandomForestClassifier,v1.0
C01931,2026-07-15,0.5527,medium,RandomForestClassifier,v1.0
C01933,2026-07-15,0.4922,medium,RandomForestClassifier,v1.0
C01934,2026-07-15,0.5972,medium,RandomForestClassifier,v1.0
C01935,2026-07-15,0.4882,medium,RandomForestClassifier,v1.0
C01936,2026-07-15,0.4834,medium,RandomForestClassifier,v1.0
C01937,2026-07-15,0.5127,medium,RandomForestClassifier,v1.0
C01938,2026-07-15,0.3995,medium,RandomForestClassifier,v1.0
C01939,2026-07-15,0.517,medium,RandomForestClassifier,v1.0
C01940,2026-07-15,0.5113,medium,RandomForestClassifier,v1.0
C01941,2026-07-15,0.5207,medium,RandomForestClassifier,v1.0
C01942,2026-07-15,0.4966,medium,RandomForestClassifier,v1.0
C01943,2026-07-15,0.4553,medium,RandomForestClassifier,v1.0
C01944,2026-07-15,0.4891,medium,RandomForestClassifier,v1.0
C01945,2026-07-15,0.5534,medium,RandomForestClassifier,v1.0
C01946,2026-07-15,0.4711,medium,RandomForestClassifier,v1.0
C01947,2026-07-15,0.5032,medium,RandomForestClassifier,v1.0
C01948,2026-07-15,0.5864,medium,RandomForestClassifier,v1.0
C01949,2026-07-15,0.458,medium,RandomForestClassifier,v1.0
C01950,2026-07-15,0.6301,high,RandomForestClassifier,v1.0
C01951,2026-07-15,0.5458,medium,RandomForestClassifier,v1.0
C01952,2026-07-15,0.3449,medium,RandomForestClassifier,v1.0
C01953,2026-07-15,0.4591,medium,RandomForestClassifier,v1.0
C01954,2026-07-15,0.5871,medium,RandomForestClassifier,v1.0
C01955,2026-07-15,0.4977,medium,RandomForestClassifier,v1.0
C01956,2026-07-15,0.2978,low,RandomForestClassifier,v1.0
C01957,2026-07-15,0.5158,medium,RandomForestClassifier,v1.0
C01958,2026-07-15,0.6162,high,RandomForestClassifier,v1.0
C01959,2026-07-15,0.5732,medium,RandomForestClassifier,v1.0
C01961,2026-07-15,0.5157,medium,RandomForestClassifier,v1.0
C01962,2026-07-15,0.5734,medium,RandomForestClassifier,v1.0
C01963,2026-07-15,0.5432,medium,RandomForestClassifier,v1.0
C01964,2026-07-15,0.583,medium,RandomForestClassifier,v1.0
C01965,2026-07-15,0.5518,medium,RandomForestClassifier,v1.0
C01966,2026-07-15,0.4991,medium,RandomForestClassifier,v1.0
C01967,2026-07-15,0.4749,medium,RandomForestClassifier,v1.0
C01968,2026-07-15,0.4387,medium,RandomForestClassifier,v1.0
C01969,2026-07-15,0.6541,high,RandomForestClassifier,v1.0
C01970,2026-07-15,0.5547,medium,RandomForestClassifier,v1.0
C01971,2026-07-15,0.5568,medium,RandomForestClassifier,v1.0
C01972,2026-07-15,0.5667,medium,RandomForestClassifier,v1.0
C01973,2026-07-15,0.3589,medium,RandomForestClassifier,v1.0
C01974,2026-07-15,0.3608,medium,RandomForestClassifier,v1.0
C01975,2026-07-15,0.5689,medium,RandomForestClassifier,v1.0
C01977,2026-07-15,0.6121,high,RandomForestClassifier,v1.0
C01978,2026-07-15,0.5389,medium,RandomForestClassifier,v1.0
C01979,2026-07-15,0.6177,high,RandomForestClassifier,v1.0
C01980,2026-07-15,0.5285,medium,RandomForestClassifier,v1.0
C01981,2026-07-15,0.6004,high,RandomForestClassifier,v1.0
C01982,2026-07-15,0.4873,medium,RandomForestClassifier,v1.0
C01983,2026-07-15,0.4584,medium,RandomForestClassifier,v1.0
C01984,2026-07-15,0.5233,medium,RandomForestClassifier,v1.0
C01985,2026-07-15,0.504,medium,RandomForestClassifier,v1.0
C01986,2026-07-15,0.6194,high,RandomForestClassifier,v1.0
C01987,2026-07-15,0.6761,high,RandomForestClassifier,v1.0
C01988,2026-07-15,0.5309,medium,RandomForestClassifier,v1.0
C01989,2026-07-15,0.548,medium,RandomForestClassifier,v1.0
C01990,2026-07-15,0.5505,medium,RandomForestClassifier,v1.0
C01991,2026-07-15,0.5653,medium,RandomForestClassifier,v1.0
C01993,2026-07-15,0.5323,medium,RandomForestClassifier,v1.0
C01994,2026-07-15,0.5012,medium,RandomForestClassifier,v1.0
C01995,2026-07-15,0.5158,medium,RandomForestClassifier,v1.0
C01996,2026-07-15,0.4964,medium,RandomForestClassifier,v1.0
C01997,2026-07-15,0.5306,medium,RandomForestClassifier,v1.0
C01998,2026-07-15,0.6177,high,RandomForestClassifier,v1.0
C01999,2026-07-15,0.5327,medium,RandomForestClassifier,v1.0
C02000,2026-07-15,0.566,medium,RandomForestClassifier,v1.0
C02001,2026-07-15,0.5734,medium,RandomForestClassifier,v1.0
C02002,2026-07-15,0.4886,medium,RandomForestClassifier,v1.0
C02003,2026-07-15,0.5417,medium,RandomForestClassifier,v1.0
C02004,2026-07-15,0.6682,high,RandomForestClassifier,v1.0
C02005,2026-07-15,0.6215,high,RandomForestClassifier,v1.0
C02006,2026-07-15,0.4949,medium,RandomForestClassifier,v1.0
C02007,2026-07-15,0.5853,medium,RandomForestClassifier,v1.0
C02008,2026-07-15,0.5422,medium,RandomForestClassifier,v1.0
C02009,2026-07-15,0.541,medium,RandomForestClassifier,v1.0
C02010,2026-07-15,0.5278,medium,RandomForestClassifier,v1.0
C02011,2026-07-15,0.5252,medium,RandomForestClassifier,v1.0
C02012,2026-07-15,0.4771,medium,RandomForestClassifier,v1.0
C02013,2026-07-15,0.5184,medium,RandomForestClassifier,v1.0
C02014,2026-07-15,0.5731,medium,RandomForestClassifier,v1.0
C02015,2026-07-15,0.449,medium,RandomForestClassifier,v1.0
C02016,2026-07-15,0.5096,medium,RandomForestClassifier,v1.0
C02018,2026-07-15,0.5569,medium,RandomForestClassifier,v1.0
C02019,2026-07-15,0.5536,medium,RandomForestClassifier,v1.0
C02020,2026-07-15,0.5536,medium,RandomForestClassifier,v1.0
C02021,2026-07-15,0.5015,medium,RandomForestClassifier,v1.0
C02022,2026-07-15,0.5196,medium,RandomForestClassifier,v1.0
C02023,2026-07-15,0.5977,medium,RandomForestClassifier,v1.0
C02024,2026-07-15,0.5023,medium,RandomForestClassifier,v1.0
C02026,2026-07-15,0.5525,medium,RandomForestClassifier,v1.0
C02027,2026-07-15,0.5605,medium,RandomForestClassifier,v1.0
C02028,2026-07-15,0.5154,medium,RandomForestClassifier,v1.0
C02029,2026-07-15,0.495,medium,RandomForestClassifier,v1.0
C02030,2026-07-15,0.5519,medium,RandomForestClassifier,v1.0
C02031,2026-07-15,0.5316,medium,RandomForestClassifier,v1.0
C02032,2026-07-15,0.5436,medium,RandomForestClassifier,v1.0
C02033,2026-07-15,0.5177,medium,RandomForestClassifier,v1.0
C02034,2026-07-15,0.4135,medium,RandomForestClassifier,v1.0
C02035,2026-07-15,0.5073,medium,RandomForestClassifier,v1.0
C02036,2026-07-15,0.5068,medium,RandomForestClassifier,v1.0
C02037,2026-07-15,0.4562,medium,RandomForestClassifier,v1.0
C02038,2026-07-15,0.654,high,RandomForestClassifier,v1.0
C02039,2026-07-15,0.4312,medium,RandomForestClassifier,v1.0
C02040,2026-07-15,0.5316,medium,RandomForestClassifier,v1.0
C02041,2026-07-15,0.5139,medium,RandomForestClassifier,v1.0
C02042,2026-07-15,0.486,medium,RandomForestClassifier,v1.0
C02043,2026-07-15,0.515,medium,RandomForestClassifier,v1.0
C02044,2026-07-15,0.5138,medium,RandomForestClassifier,v1.0
C02045,2026-07-15,0.5298,medium,RandomForestClassifier,v1.0
C02046,2026-07-15,0.7138,high,RandomForestClassifier,v1.0
C02047,2026-07-15,0.5629,medium,RandomForestClassifier,v1.0
C02048,2026-07-15,0.5628,medium,RandomForestClassifier,v1.0
C02049,2026-07-15,0.5217,medium,RandomForestClassifier,v1.0
C02051,2026-07-15,0.4915,medium,RandomForestClassifier,v1.0
C02052,2026-07-15,0.4919,medium,RandomForestClassifier,v1.0
C02053,2026-07-15,0.4973,medium,RandomForestClassifier,v1.0
C02054,2026-07-15,0.5141,medium,RandomForestClassifier,v1.0
C02055,2026-07-15,0.514,medium,RandomForestClassifier,v1.0
C02056,2026-07-15,0.4895,medium,RandomForestClassifier,v1.0
C02058,2026-07-15,0.4925,medium,RandomForestClassifier,v1.0
C02059,2026-07-15,0.5852,medium,RandomForestClassifier,v1.0
C02060,2026-07-15,0.5138,medium,RandomForestClassifier,v1.0
C02061,2026-07-15,0.5848,medium,RandomForestClassifier,v1.0
C02062,2026-07-15,0.5734,medium,RandomForestClassifier,v1.0
C02063,2026-07-15,0.5768,medium,RandomForestClassifier,v1.0
C02064,2026-07-15,0.494,medium,RandomForestClassifier,v1.0
C02065,2026-07-15,0.556,medium,RandomForestClassifier,v1.0
C02067,2026-07-15,0.5356,medium,RandomForestClassifier,v1.0
C02068,2026-07-15,0.4965,medium,RandomForestClassifier,v1.0
C02069,2026-07-15,0.5026,medium,RandomForestClassifier,v1.0
C02070,2026-07-15,0.5896,medium,RandomForestClassifier,v1.0
C02071,2026-07-15,0.5068,medium,RandomForestClassifier,v1.0
C02072,2026-07-15,0.4513,medium,RandomForestClassifier,v1.0
C02073,2026-07-15,0.4897,medium,RandomForestClassifier,v1.0
C02074,2026-07-15,0.5203,medium,RandomForestClassifier,v1.0
C02075,2026-07-15,0.5322,medium,RandomForestClassifier,v1.0
C02076,2026-07-15,0.5113,medium,RandomForestClassifier,v1.0
C02077,2026-07-15,0.5081,medium,RandomForestClassifier,v1.0
C02078,2026-07-15,0.6412,high,RandomForestClassifier,v1.0
C02079,2026-07-15,0.5898,medium,RandomForestClassifier,v1.0
C02080,2026-07-15,0.5212,medium,RandomForestClassifier,v1.0
C02081,2026-07-15,0.4714,medium,RandomForestClassifier,v1.0
C02082,2026-07-15,0.4941,medium,RandomForestClassifier,v1.0
C02084,2026-07-15,0.2964,low,RandomForestClassifier,v1.0
C02085,2026-07-15,0.5102,medium,RandomForestClassifier,v1.0
C02086,2026-07-15,0.4939,medium,RandomForestClassifier,v1.0
C02087,2026-07-15,0.613,high,RandomForestClassifier,v1.0
C02088,2026-07-15,0.5038,medium,RandomForestClassifier,v1.0
C02089,2026-07-15,0.5295,medium,RandomForestClassifier,v1.0
C02091,2026-07-15,0.5001,medium,RandomForestClassifier,v1.0
C02092,2026-07-15,0.5076,medium,RandomForestClassifier,v1.0
C02093,2026-07-15,0.5268,medium,RandomForestClassifier,v1.0
C02094,2026-07-15,0.588,medium,RandomForestClassifier,v1.0
C02095,2026-07-15,0.4458,medium,RandomForestClassifier,v1.0
C02096,2026-07-15,0.4896,medium,RandomForestClassifier,v1.0
C02100,2026-07-15,0.5125,medium,RandomForestClassifier,v1.0
C02101,2026-07-15,0.6263,high,RandomForestClassifier,v1.0
C02102,2026-07-15,0.5145,medium,RandomForestClassifier,v1.0
C02103,2026-07-15,0.5977,medium,RandomForestClassifier,v1.0
C02104,2026-07-15,0.5534,medium,RandomForestClassifier,v1.0
C02105,2026-07-15,0.4134,medium,RandomForestClassifier,v1.0
C02106,2026-07-15,0.5693,medium,RandomForestClassifier,v1.0
C02107,2026-07-15,0.267,low,RandomForestClassifier,v1.0
C02108,2026-07-15,0.5011,medium,RandomForestClassifier,v1.0
C02109,2026-07-15,0.5331,medium,RandomForestClassifier,v1.0
C02110,2026-07-15,0.5745,medium,RandomForestClassifier,v1.0
C02111,2026-07-15,0.5026,medium,RandomForestClassifier,v1.0
C02112,2026-07-15,0.586,medium,RandomForestClassifier,v1.0
C02113,2026-07-15,0.4342,medium,RandomForestClassifier,v1.0
C02114,2026-07-15,0.5221,medium,RandomForestClassifier,v1.0
C02115,2026-07-15,0.3739,medium,RandomForestClassifier,v1.0
C02116,2026-07-15,0.6028,high,RandomForestClassifier,v1.0
C02117,2026-07-15,0.5281,medium,RandomForestClassifier,v1.0
C02118,2026-07-15,0.5055,medium,RandomForestClassifier,v1.0
C02119,2026-07-15,0.5056,medium,RandomForestClassifier,v1.0
C02120,2026-07-15,0.5437,medium,RandomForestClassifier,v1.0
C02121,2026-07-15,0.5205,medium,RandomForestClassifier,v1.0
C02122,2026-07-15,0.5925,medium,RandomForestClassifier,v1.0
C02123,2026-07-15,0.6259,high,RandomForestClassifier,v1.0
C02124,2026-07-15,0.6281,high,RandomForestClassifier,v1.0
C02125,2026-07-15,0.4605,medium,RandomForestClassifier,v1.0
C02126,2026-07-15,0.5531,medium,RandomForestClassifier,v1.0
C02127,2026-07-15,0.5586,medium,RandomForestClassifier,v1.0
C02128,2026-07-15,0.5121,medium,RandomForestClassifier,v1.0
C02129,2026-07-15,0.4915,medium,RandomForestClassifier,v1.0
C02130,2026-07-15,0.4873,medium,RandomForestClassifier,v1.0
C02132,2026-07-15,0.6254,high,RandomForestClassifier,v1.0
C02133,2026-07-15,0.5837,medium,RandomForestClassifier,v1.0
C02134,2026-07-15,0.5236,medium,RandomForestClassifier,v1.0
C02135,2026-07-15,0.5032,medium,RandomForestClassifier,v1.0
C02136,2026-07-15,0.5288,medium,RandomForestClassifier,v1.0
C02137,2026-07-15,0.6651,high,RandomForestClassifier,v1.0
C02138,2026-07-15,0.436,medium,RandomForestClassifier,v1.0
C02139,2026-07-15,0.4966,medium,RandomForestClassifier,v1.0
C02141,2026-07-15,0.589,medium,RandomForestClassifier,v1.0
C02142,2026-07-15,0.6689,high,RandomForestClassifier,v1.0
C02143,2026-07-15,0.4815,medium,RandomForestClassifier,v1.0
C02144,2026-07-15,0.5157,medium,RandomForestClassifier,v1.0
C02145,2026-07-15,0.6047,high,RandomForestClassifier,v1.0
C02146,2026-07-15,0.5207,medium,RandomForestClassifier,v1.0
C02147,2026-07-15,0.5145,medium,RandomForestClassifier,v1.0
C02148,2026-07-15,0.5916,medium,RandomForestClassifier,v1.0
C02149,2026-07-15,0.5,medium,RandomForestClassifier,v1.0
C02150,2026-07-15,0.5518,medium,RandomForestClassifier,v1.0
C02151,2026-07-15,0.5457,medium,RandomForestClassifier,v1.0
C02152,2026-07-15,0.4627,medium,RandomForestClassifier,v1.0
C02154,2026-07-15,0.5109,medium,RandomForestClassifier,v1.0
C02155,2026-07-15,0.5035,medium,RandomForestClassifier,v1.0
C02156,2026-07-15,0.3668,medium,RandomForestClassifier,v1.0
C02158,2026-07-15,0.5393,medium,RandomForestClassifier,v1.0
C02159,2026-07-15,0.4803,medium,RandomForestClassifier,v1.0
C02160,2026-07-15,0.503,medium,RandomForestClassifier,v1.0
C02161,2026-07-15,0.5676,medium,RandomForestClassifier,v1.0
C02163,2026-07-15,0.5005,medium,RandomForestClassifier,v1.0
C02164,2026-07-15,0.6157,high,RandomForestClassifier,v1.0
C02165,2026-07-15,0.5151,medium,RandomForestClassifier,v1.0
C02166,2026-07-15,0.6367,high,RandomForestClassifier,v1.0
C02167,2026-07-15,0.4167,medium,RandomForestClassifier,v1.0
C02168,2026-07-15,0.5344,medium,RandomForestClassifier,v1.0
C02169,2026-07-15,0.4756,medium,RandomForestClassifier,v1.0
C02170,2026-07-15,0.53,medium,RandomForestClassifier,v1.0
C02171,2026-07-15,0.5061,medium,RandomForestClassifier,v1.0
C02172,2026-07-15,0.4917,medium,RandomForestClassifier,v1.0
C02173,2026-07-15,0.5125,medium,RandomForestClassifier,v1.0
C02174,2026-07-15,0.554,medium,RandomForestClassifier,v1.0
C02175,2026-07-15,0.5226,medium,RandomForestClassifier,v1.0
C02176,2026-07-15,0.5218,medium,RandomForestClassifier,v1.0
C02177,2026-07-15,0.5444,medium,RandomForestClassifier,v1.0
C02178,2026-07-15,0.6306,high,RandomForestClassifier,v1.0
C02180,2026-07-15,0.5347,medium,RandomForestClassifier,v1.0
C02181,2026-07-15,0.547,medium,RandomForestClassifier,v1.0
C02182,2026-07-15,0.594,medium,RandomForestClassifier,v1.0
C02183,2026-07-15,0.5413,medium,RandomForestClassifier,v1.0
C02184,2026-07-15,0.5192,medium,RandomForestClassifier,v1.0
C02185,2026-07-15,0.5563,medium,RandomForestClassifier,v1.0
C02186,2026-07-15,0.5328,medium,RandomForestClassifier,v1.0
C02187,2026-07-15,0.5888,medium,RandomForestClassifier,v1.0
C02188,2026-07-15,0.4964,medium,RandomForestClassifier,v1.0
C02189,2026-07-15,0.5088,medium,RandomForestClassifier,v1.0
C02190,2026-07-15,0.608,high,RandomForestClassifier,v1.0
C02191,2026-07-15,0.4741,medium,RandomForestClassifier,v1.0
C02192,2026-07-15,0.513,medium,RandomForestClassifier,v1.0
C02193,2026-07-15,0.5558,medium,RandomForestClassifier,v1.0
C02194,2026-07-15,0.6007,high,RandomForestClassifier,v1.0
C02195,2026-07-15,0.2321,low,RandomForestClassifier,v1.0
C02196,2026-07-15,0.2349,low,RandomForestClassifier,v1.0
C02197,2026-07-15,0.5531,medium,RandomForestClassifier,v1.0
C02198,2026-07-15,0.4928,medium,RandomForestClassifier,v1.0
C02200,2026-07-15,0.5656,medium,RandomForestClassifier,v1.0
C02201,2026-07-15,0.4667,medium,RandomForestClassifier,v1.0
C02203,2026-07-15,0.4903,medium,RandomForestClassifier,v1.0
C02204,2026-07-15,0.5149,medium,RandomForestClassifier,v1.0
C02205,2026-07-15,0.5218,medium,RandomForestClassifier,v1.0
C02207,2026-07-15,0.5691,medium,RandomForestClassifier,v1.0
C02208,2026-07-15,0.4895,medium,RandomForestClassifier,v1.0
C02209,2026-07-15,0.4714,medium,RandomForestClassifier,v1.0
C02211,2026-07-15,0.4953,medium,RandomForestClassifier,v1.0
C02212,2026-07-15,0.4856,medium,RandomForestClassifier,v1.0
C02213,2026-07-15,0.3533,medium,RandomForestClassifier,v1.0
C02214,2026-07-15,0.5203,medium,RandomForestClassifier,v1.0
C02215,2026-07-15,0.5525,medium,RandomForestClassifier,v1.0
C02216,2026-07-15,0.5343,medium,RandomForestClassifier,v1.0
C02217,2026-07-15,0.4483,medium,RandomForestClassifier,v1.0
C02218,2026-07-15,0.5404,medium,RandomForestClassifier,v1.0
C02219,2026-07-15,0.5247,medium,RandomForestClassifier,v1.0
C02220,2026-07-15,0.507,medium,RandomForestClassifier,v1.0
C02221,2026-07-15,0.4965,medium,RandomForestClassifier,v1.0
C02222,2026-07-15,0.4977,medium,RandomForestClassifier,v1.0
C02223,2026-07-15,0.4499,medium,RandomForestClassifier,v1.0
C02225,2026-07-15,0.4715,medium,RandomForestClassifier,v1.0
C02226,2026-07-15,0.5256,medium,RandomForestClassifier,v1.0
C02227,2026-07-15,0.5012,medium,RandomForestClassifier,v1.0
C02228,2026-07-15,0.5634,medium,RandomForestClassifier,v1.0
C02229,2026-07-15,0.543,medium,RandomForestClassifier,v1.0
C02231,2026-07-15,0.5477,medium,RandomForestClassifier,v1.0
C02232,2026-07-15,0.5013,medium,RandomForestClassifier,v1.0
C02233,2026-07-15,0.5397,medium,RandomForestClassifier,v1.0
C02234,2026-07-15,0.5209,medium,RandomForestClassifier,v1.0
C02235,2026-07-15,0.5325,medium,RandomForestClassifier,v1.0
C02236,2026-07-15,0.4825,medium,RandomForestClassifier,v1.0
C02237,2026-07-15,0.6017,high,RandomForestClassifier,v1.0
C02238,2026-07-15,0.4926,medium,RandomForestClassifier,v1.0
C02239,2026-07-15,0.4876,medium,RandomForestClassifier,v1.0
C02240,2026-07-15,0.5412,medium,RandomForestClassifier,v1.0
C02241,2026-07-15,0.3822,medium,RandomForestClassifier,v1.0
C02242,2026-07-15,0.5408,medium,RandomForestClassifier,v1.0
C02244,2026-07-15,0.445,medium,RandomForestClassifier,v1.0
C02245,2026-07-15,0.4941,medium,RandomForestClassifier,v1.0
C02246,2026-07-15,0.5072,medium,RandomForestClassifier,v1.0
C02247,2026-07-15,0.5301,medium,RandomForestClassifier,v1.0
C02249,2026-07-15,0.5069,medium,RandomForestClassifier,v1.0
C02250,2026-07-15,0.5019,medium,RandomForestClassifier,v1.0
C02251,2026-07-15,0.5262,medium,RandomForestClassifier,v1.0
C02252,2026-07-15,0.4771,medium,RandomForestClassifier,v1.0
C02253,2026-07-15,0.5615,medium,RandomForestClassifier,v1.0
C02255,2026-07-15,0.4903,medium,RandomForestClassifier,v1.0
C02256,2026-07-15,0.4776,medium,RandomForestClassifier,v1.0
C02257,2026-07-15,0.4941,medium,RandomForestClassifier,v1.0
C02258,2026-07-15,0.535,medium,RandomForestClassifier,v1.0
C02259,2026-07-15,0.5266,medium,RandomForestClassifier,v1.0
C02260,2026-07-15,0.5144,medium,RandomForestClassifier,v1.0
C02261,2026-07-15,0.5144,medium,RandomForestClassifier,v1.0
C02263,2026-07-15,0.5464,medium,RandomForestClassifier,v1.0
C02264,2026-07-15,0.4904,medium,RandomForestClassifier,v1.0
C02265,2026-07-15,0.6011,high,RandomForestClassifier,v1.0
C02266,2026-07-15,0.5218,medium,RandomForestClassifier,v1.0
C02267,2026-07-15,0.5782,medium,RandomForestClassifier,v1.0
C02268,2026-07-15,0.5169,medium,RandomForestClassifier,v1.0
C02270,2026-07-15,0.4808,medium,RandomForestClassifier,v1.0
C02271,2026-07-15,0.498,medium,RandomForestClassifier,v1.0
C02272,2026-07-15,0.5161,medium,RandomForestClassifier,v1.0
C02273,2026-07-15,0.5317,medium,RandomForestClassifier,v1.0
C02275,2026-07-15,0.4993,medium,RandomForestClassifier,v1.0
C02276,2026-07-15,0.4899,medium,RandomForestClassifier,v1.0
C02278,2026-07-15,0.5224,medium,RandomForestClassifier,v1.0
C02279,2026-07-15,0.4701,medium,RandomForestClassifier,v1.0
C02280,2026-07-15,0.5346,medium,RandomForestClassifier,v1.0
C02281,2026-07-15,0.545,medium,RandomForestClassifier,v1.0
C02282,2026-07-15,0.4991,medium,RandomForestClassifier,v1.0
C02283,2026-07-15,0.4679,medium,RandomForestClassifier,v1.0
C02284,2026-07-15,0.3962,medium,RandomForestClassifier,v1.0
C02286,2026-07-15,0.5484,medium,RandomForestClassifier,v1.0
C02287,2026-07-15,0.58,medium,RandomForestClassifier,v1.0
C02288,2026-07-15,0.543,medium,RandomForestClassifier,v1.0
C02289,2026-07-15,0.4831,medium,RandomForestClassifier,v1.0
C02290,2026-07-15,0.507,medium,RandomForestClassifier,v1.0
C02291,2026-07-15,0.5529,medium,RandomForestClassifier,v1.0
C02292,2026-07-15,0.5204,medium,RandomForestClassifier,v1.0
C02293,2026-07-15,0.6238,high,RandomForestClassifier,v1.0
C02294,2026-07-15,0.5995,medium,RandomForestClassifier,v1.0
C02295,2026-07-15,0.4251,medium,RandomForestClassifier,v1.0
C02296,2026-07-15,0.5514,medium,RandomForestClassifier,v1.0
C02297,2026-07-15,0.4997,medium,RandomForestClassifier,v1.0
C02298,2026-07-15,0.5486,medium,RandomForestClassifier,v1.0
C02299,2026-07-15,0.5159,medium,RandomForestClassifier,v1.0
C02300,2026-07-15,0.6292,high,RandomForestClassifier,v1.0
C02301,2026-07-15,0.5349,medium,RandomForestClassifier,v1.0
C02302,2026-07-15,0.5047,medium,RandomForestClassifier,v1.0
C02303,2026-07-15,0.5152,medium,RandomForestClassifier,v1.0
C02304,2026-07-15,0.5558,medium,RandomForestClassifier,v1.0
C02305,2026-07-15,0.5562,medium,RandomForestClassifier,v1.0
C02306,2026-07-15,0.5312,medium,RandomForestClassifier,v1.0
C02307,2026-07-15,0.5318,medium,RandomForestClassifier,v1.0
C02309,2026-07-15,0.468,medium,RandomForestClassifier,v1.0
C02310,2026-07-15,0.5235,medium,RandomForestClassifier,v1.0
C02311,2026-07-15,0.4986,medium,RandomForestClassifier,v1.0
C02312,2026-07-15,0.662,high,RandomForestClassifier,v1.0
C02313,2026-07-15,0.5488,medium,RandomForestClassifier,v1.0
C02314,2026-07-15,0.4866,medium,RandomForestClassifier,v1.0
C02315,2026-07-15,0.5852,medium,RandomForestClassifier,v1.0
C02317,2026-07-15,0.544,medium,RandomForestClassifier,v1.0
C02318,2026-07-15,0.5807,medium,RandomForestClassifier,v1.0
C02319,2026-07-15,0.5233,medium,RandomForestClassifier,v1.0
C02321,2026-07-15,0.6262,high,RandomForestClassifier,v1.0
C02322,2026-07-15,0.5362,medium,RandomForestClassifier,v1.0
C02323,2026-07-15,0.6,high,RandomForestClassifier,v1.0
C02324,2026-07-15,0.5071,medium,RandomForestClassifier,v1.0
C02325,2026-07-15,0.3946,medium,RandomForestClassifier,v1.0
C02326,2026-07-15,0.5922,medium,RandomForestClassifier,v1.0
C02327,2026-07-15,0.5162,medium,RandomForestClassifier,v1.0
C02328,2026-07-15,0.5191,medium,RandomForestClassifier,v1.0
C02329,2026-07-15,0.5608,medium,RandomForestClassifier,v1.0
C02330,2026-07-15,0.5306,medium,RandomForestClassifier,v1.0
C02331,2026-07-15,0.5806,medium,RandomForestClassifier,v1.0
C02332,2026-07-15,0.6112,high,RandomForestClassifier,v1.0
C02333,2026-07-15,0.4939,medium,RandomForestClassifier,v1.0
C02334,2026-07-15,0.4795,medium,RandomForestClassifier,v1.0
C02335,2026-07-15,0.6248,high,RandomForestClassifier,v1.0
C02336,2026-07-15,0.473,medium,RandomForestClassifier,v1.0
C02338,2026-07-15,0.5121,medium,RandomForestClassifier,v1.0
C02339,2026-07-15,0.5227,medium,RandomForestClassifier,v1.0
C02340,2026-07-15,0.6013,high,RandomForestClassifier,v1.0
C02341,2026-07-15,0.5153,medium,RandomForestClassifier,v1.0
C02342,2026-07-15,0.4822,medium,RandomForestClassifier,v1.0
C02343,2026-07-15,0.5244,medium,RandomForestClassifier,v1.0
C02344,2026-07-15,0.5165,medium,RandomForestClassifier,v1.0
C02346,2026-07-15,0.5277,medium,RandomForestClassifier,v1.0
C02347,2026-07-15,0.5078,medium,RandomForestClassifier,v1.0
C02348,2026-07-15,0.4035,medium,RandomForestClassifier,v1.0
C02349,2026-07-15,0.5019,medium,RandomForestClassifier,v1.0
C02350,2026-07-15,0.5587,medium,RandomForestClassifier,v1.0
C02351,2026-07-15,0.5074,medium,RandomForestClassifier,v1.0
C02352,2026-07-15,0.478,medium,RandomForestClassifier,v1.0
C02353,2026-07-15,0.508,medium,RandomForestClassifier,v1.0
C02354,2026-07-15,0.3079,medium,RandomForestClassifier,v1.0
C02355,2026-07-15,0.4762,medium,RandomForestClassifier,v1.0
C02356,2026-07-15,0.5393,medium,RandomForestClassifier,v1.0
C02357,2026-07-15,0.4987,medium,RandomForestClassifier,v1.0
C02358,2026-07-15,0.5263,medium,RandomForestClassifier,v1.0
C02359,2026-07-15,0.5218,medium,RandomForestClassifier,v1.0
C02360,2026-07-15,0.5453,medium,RandomForestClassifier,v1.0
C02361,2026-07-15,0.4861,medium,RandomForestClassifier,v1.0
C02362,2026-07-15,0.4914,medium,RandomForestClassifier,v1.0
C02363,2026-07-15,0.5971,medium,RandomForestClassifier,v1.0
C02364,2026-07-15,0.5368,medium,RandomForestClassifier,v1.0
C02365,2026-07-15,0.4511,medium,RandomForestClassifier,v1.0
C02366,2026-07-15,0.5047,medium,RandomForestClassifier,v1.0
C02367,2026-07-15,0.5849,medium,RandomForestClassifier,v1.0
C02368,2026-07-15,0.4379,medium,RandomForestClassifier,v1.0
C02370,2026-07-15,0.6401,high,RandomForestClassifier,v1.0
C02371,2026-07-15,0.5067,medium,RandomForestClassifier,v1.0
C02372,2026-07-15,0.497,medium,RandomForestClassifier,v1.0
C02373,2026-07-15,0.576,medium,RandomForestClassifier,v1.0
C02374,2026-07-15,0.4619,medium,RandomForestClassifier,v1.0
C02375,2026-07-15,0.5576,medium,RandomForestClassifier,v1.0
C02376,2026-07-15,0.559,medium,RandomForestClassifier,v1.0
C02377,2026-07-15,0.4902,medium,RandomForestClassifier,v1.0
C02378,2026-07-15,0.5228,medium,RandomForestClassifier,v1.0
C02379,2026-07-15,0.4778,medium,RandomForestClassifier,v1.0
C02380,2026-07-15,0.5963,medium,RandomForestClassifier,v1.0
C02381,2026-07-15,0.566,medium,RandomForestClassifier,v1.0
C02382,2026-07-15,0.5209,medium,RandomForestClassifier,v1.0
C02383,2026-07-15,0.3511,medium,RandomForestClassifier,v1.0
C02384,2026-07-15,0.5787,medium,RandomForestClassifier,v1.0
C02385,2026-07-15,0.465,medium,RandomForestClassifier,v1.0
C02386,2026-07-15,0.5413,medium,RandomForestClassifier,v1.0
C02387,2026-07-15,0.5019,medium,RandomForestClassifier,v1.0
C02388,2026-07-15,0.54,medium,RandomForestClassifier,v1.0
C02389,2026-07-15,0.6327,high,RandomForestClassifier,v1.0
C02390,2026-07-15,0.4478,medium,RandomForestClassifier,v1.0
C02391,2026-07-15,0.4633,medium,RandomForestClassifier,v1.0
C02394,2026-07-15,0.5104,medium,RandomForestClassifier,v1.0
C02395,2026-07-15,0.4949,medium,RandomForestClassifier,v1.0
C02396,2026-07-15,0.466,medium,RandomForestClassifier,v1.0
C02398,2026-07-15,0.5094,medium,RandomForestClassifier,v1.0
C02399,2026-07-15,0.5393,medium,RandomForestClassifier,v1.0
C02400,2026-07-15,0.5522,medium,RandomForestClassifier,v1.0
C02401,2026-07-15,0.463,medium,RandomForestClassifier,v1.0
C02402,2026-07-15,0.5323,medium,RandomForestClassifier,v1.0
C02403,2026-07-15,0.5211,medium,RandomForestClassifier,v1.0
C02404,2026-07-15,0.4076,medium,RandomForestClassifier,v1.0
C02405,2026-07-15,0.6255,high,RandomForestClassifier,v1.0
C02406,2026-07-15,0.4948,medium,RandomForestClassifier,v1.0
C02407,2026-07-15,0.5038,medium,RandomForestClassifier,v1.0
C02408,2026-07-15,0.556,medium,RandomForestClassifier,v1.0
C02409,2026-07-15,0.4739,medium,RandomForestClassifier,v1.0
C02411,2026-07-15,0.5419,medium,RandomForestClassifier,v1.0
C02412,2026-07-15,0.5166,medium,RandomForestClassifier,v1.0
C02413,2026-07-15,0.5281,medium,RandomForestClassifier,v1.0
C02414,2026-07-15,0.5696,medium,RandomForestClassifier,v1.0
C02415,2026-07-15,0.4707,medium,RandomForestClassifier,v1.0
C02416,2026-07-15,0.543,medium,RandomForestClassifier,v1.0
C02417,2026-07-15,0.5058,medium,RandomForestClassifier,v1.0
C02418,2026-07-15,0.5862,medium,RandomForestClassifier,v1.0
C02419,2026-07-15,0.5187,medium,RandomForestClassifier,v1.0
C02421,2026-07-15,0.5067,medium,RandomForestClassifier,v1.0
C02423,2026-07-15,0.3626,medium,RandomForestClassifier,v1.0
C02424,2026-07-15,0.4914,medium,RandomForestClassifier,v1.0
C02425,2026-07-15,0.506,medium,RandomForestClassifier,v1.0
C02426,2026-07-15,0.4908,medium,RandomForestClassifier,v1.0
C02427,2026-07-15,0.543,medium,RandomForestClassifier,v1.0
C02428,2026-07-15,0.5151,medium,RandomForestClassifier,v1.0
C02429,2026-07-15,0.6185,high,RandomForestClassifier,v1.0
C02431,2026-07-15,0.5484,medium,RandomForestClassifier,v1.0
C02433,2026-07-15,0.5155,medium,RandomForestClassifier,v1.0
C02435,2026-07-15,0.462,medium,RandomForestClassifier,v1.0
C02436,2026-07-15,0.5985,medium,RandomForestClassifier,v1.0
C02437,2026-07-15,0.5502,medium,RandomForestClassifier,v1.0
C02438,2026-07-15,0.4924,medium,RandomForestClassifier,v1.0
C02439,2026-07-15,0.555,medium,RandomForestClassifier,v1.0
C02440,2026-07-15,0.5381,medium,RandomForestClassifier,v1.0
C02441,2026-07-15,0.6343,high,RandomForestClassifier,v1.0
C02442,2026-07-15,0.4064,medium,RandomForestClassifier,v1.0
C02443,2026-07-15,0.4115,medium,RandomForestClassifier,v1.0
C02444,2026-07-15,0.5118,medium,RandomForestClassifier,v1.0
C02445,2026-07-15,0.5231,medium,RandomForestClassifier,v1.0
C02447,2026-07-15,0.5896,medium,RandomForestClassifier,v1.0
C02448,2026-07-15,0.5652,medium,RandomForestClassifier,v1.0
C02449,2026-07-15,0.6657,high,RandomForestClassifier,v1.0
C02450,2026-07-15,0.4592,medium,RandomForestClassifier,v1.0
C02451,2026-07-15,0.5295,medium,RandomForestClassifier,v1.0
C02452,2026-07-15,0.5006,medium,RandomForestClassifier,v1.0
C02453,2026-07-15,0.462,medium,RandomForestClassifier,v1.0
C02454,2026-07-15,0.5613,medium,RandomForestClassifier,v1.0
C02455,2026-07-15,0.4925,medium,RandomForestClassifier,v1.0
C02456,2026-07-15,0.5374,medium,RandomForestClassifier,v1.0
C02457,2026-07-15,0.5265,medium,RandomForestClassifier,v1.0
C02458,2026-07-15,0.523,medium,RandomForestClassifier,v1.0
C02459,2026-07-15,0.5179,medium,RandomForestClassifier,v1.0
C02460,2026-07-15,0.5481,medium,RandomForestClassifier,v1.0
C02461,2026-07-15,0.4271,medium,RandomForestClassifier,v1.0
C02462,2026-07-15,0.5325,medium,RandomForestClassifier,v1.0
C02463,2026-07-15,0.6032,high,RandomForestClassifier,v1.0
C02464,2026-07-15,0.5177,medium,RandomForestClassifier,v1.0
C02465,2026-07-15,0.5402,medium,RandomForestClassifier,v1.0
C02466,2026-07-15,0.5024,medium,RandomForestClassifier,v1.0
C02467,2026-07-15,0.4904,medium,RandomForestClassifier,v1.0
C02468,2026-07-15,0.4864,medium,RandomForestClassifier,v1.0
C02469,2026-07-15,0.5284,medium,RandomForestClassifier,v1.0
C02470,2026-07-15,0.5131,medium,RandomForestClassifier,v1.0
C02471,2026-07-15,0.5117,medium,RandomForestClassifier,v1.0
C02472,2026-07-15,0.5572,medium,RandomForestClassifier,v1.0
C02473,2026-07-15,0.4688,medium,RandomForestClassifier,v1.0
C02475,2026-07-15,0.564,medium,RandomForestClassifier,v1.0
C02476,2026-07-15,0.5102,medium,RandomForestClassifier,v1.0
C02480,2026-07-15,0.52,medium,RandomForestClassifier,v1.0
C02481,2026-07-15,0.5417,medium,RandomForestClassifier,v1.0
C02482,2026-07-15,0.5082,medium,RandomForestClassifier,v1.0
C02483,2026-07-15,0.5937,medium,RandomForestClassifier,v1.0
C02484,2026-07-15,0.4404,medium,RandomForestClassifier,v1.0
C02485,2026-07-15,0.52,medium,RandomForestClassifier,v1.0
C02486,2026-07-15,0.4789,medium,RandomForestClassifier,v1.0
C02487,2026-07-15,0.3394,medium,RandomForestClassifier,v1.0
C02488,2026-07-15,0.488,medium,RandomForestClassifier,v1.0
C02489,2026-07-15,0.5296,medium,RandomForestClassifier,v1.0
C02490,2026-07-15,0.5308,medium,RandomForestClassifier,v1.0
C02491,2026-07-15,0.4464,medium,RandomForestClassifier,v1.0
C02492,2026-07-15,0.5556,medium,RandomForestClassifier,v1.0
C02493,2026-07-15,0.4928,medium,RandomForestClassifier,v1.0
C02494,2026-07-15,0.5758,medium,RandomForestClassifier,v1.0
C02495,2026-07-15,0.487,medium,RandomForestClassifier,v1.0
C02496,2026-07-15,0.528,medium,RandomForestClassifier,v1.0
C02497,2026-07-15,0.5264,medium,RandomForestClassifier,v1.0
C02498,2026-07-15,0.5506,medium,RandomForestClassifier,v1.0
C02499,2026-07-15,0.3959,medium,RandomForestClassifier,v1.0
C02500,2026-07-15,0.4553,medium,RandomForestClassifier,v1.0
C02501,2026-07-15,0.4928,medium,RandomForestClassifier,v1.0
C02502,2026-07-15,0.3887,medium,RandomForestClassifier,v1.0
C02503,2026-07-15,0.4846,medium,RandomForestClassifier,v1.0
C02506,2026-07-15,0.506,medium,RandomForestClassifier,v1.0
C02507,2026-07-15,0.5374,medium,RandomForestClassifier,v1.0
C02508,2026-07-15,0.5913,medium,RandomForestClassifier,v1.0
C02509,2026-07-15,0.4691,medium,RandomForestClassifier,v1.0
C02510,2026-07-15,0.477,medium,RandomForestClassifier,v1.0
C02511,2026-07-15,0.5026,medium,RandomForestClassifier,v1.0
C02512,2026-07-15,0.5547,medium,RandomForestClassifier,v1.0
C02513,2026-07-15,0.5173,medium,RandomForestClassifier,v1.0
C02514,2026-07-15,0.548,medium,RandomForestClassifier,v1.0
C02515,2026-07-15,0.6331,high,RandomForestClassifier,v1.0
C02517,2026-07-15,0.5573,medium,RandomForestClassifier,v1.0
C02518,2026-07-15,0.5338,medium,RandomForestClassifier,v1.0
C02520,2026-07-15,0.5219,medium,RandomForestClassifier,v1.0
C02521,2026-07-15,0.6295,high,RandomForestClassifier,v1.0
C02522,2026-07-15,0.5614,medium,RandomForestClassifier,v1.0
C02523,2026-07-15,0.5355,medium,RandomForestClassifier,v1.0
C02525,2026-07-15,0.4695,medium,RandomForestClassifier,v1.0
C02526,2026-07-15,0.4176,medium,RandomForestClassifier,v1.0
C02528,2026-07-15,0.6394,high,RandomForestClassifier,v1.0
C02530,2026-07-15,0.4253,medium,RandomForestClassifier,v1.0
C02531,2026-07-15,0.4959,medium,RandomForestClassifier,v1.0
C02533,2026-07-15,0.598,medium,RandomForestClassifier,v1.0
C02534,2026-07-15,0.5044,medium,RandomForestClassifier,v1.0
C02535,2026-07-15,0.4986,medium,RandomForestClassifier,v1.0
C02537,2026-07-15,0.5001,medium,RandomForestClassifier,v1.0
C02538,2026-07-15,0.5454,medium,RandomForestClassifier,v1.0
C02539,2026-07-15,0.5087,medium,RandomForestClassifier,v1.0
C02540,2026-07-15,0.54,medium,RandomForestClassifier,v1.0
C02541,2026-07-15,0.5427,medium,RandomForestClassifier,v1.0
C02542,2026-07-15,0.5517,medium,RandomForestClassifier,v1.0
C02543,2026-07-15,0.5452,medium,RandomForestClassifier,v1.0
C02544,2026-07-15,0.5346,medium,RandomForestClassifier,v1.0
C02545,2026-07-15,0.4992,medium,RandomForestClassifier,v1.0
C02546,2026-07-15,0.6466,high,RandomForestClassifier,v1.0
C02547,2026-07-15,0.4979,medium,RandomForestClassifier,v1.0
C02548,2026-07-15,0.5344,medium,RandomForestClassifier,v1.0
C02549,2026-07-15,0.6276,high,RandomForestClassifier,v1.0
C02550,2026-07-15,0.4908,medium,RandomForestClassifier,v1.0
C02551,2026-07-15,0.5232,medium,RandomForestClassifier,v1.0
C02552,2026-07-15,0.548,medium,RandomForestClassifier,v1.0
C02553,2026-07-15,0.5221,medium,RandomForestClassifier,v1.0
C02554,2026-07-15,0.5133,medium,RandomForestClassifier,v1.0
C02556,2026-07-15,0.411,medium,RandomForestClassifier,v1.0
C02557,2026-07-15,0.5646,medium,RandomForestClassifier,v1.0
C02558,2026-07-15,0.5514,medium,RandomForestClassifier,v1.0
C02559,2026-07-15,0.4741,medium,RandomForestClassifier,v1.0
C02560,2026-07-15,0.59,medium,RandomForestClassifier,v1.0
C02561,2026-07-15,0.5656,medium,RandomForestClassifier,v1.0
C02562,2026-07-15,0.495,medium,RandomForestClassifier,v1.0
C02563,2026-07-15,0.448,medium,RandomForestClassifier,v1.0
C02564,2026-07-15,0.4782,medium,RandomForestClassifier,v1.0
C02565,2026-07-15,0.5043,medium,RandomForestClassifier,v1.0
C02566,2026-07-15,0.6354,high,RandomForestClassifier,v1.0
C02567,2026-07-15,0.5042,medium,RandomForestClassifier,v1.0
C02568,2026-07-15,0.5453,medium,RandomForestClassifier,v1.0
C02569,2026-07-15,0.5141,medium,RandomForestClassifier,v1.0
C02570,2026-07-15,0.5188,medium,RandomForestClassifier,v1.0
C02571,2026-07-15,0.5863,medium,RandomForestClassifier,v1.0
C02572,2026-07-15,0.5267,medium,RandomForestClassifier,v1.0
C02573,2026-07-15,0.4832,medium,RandomForestClassifier,v1.0
C02574,2026-07-15,0.5448,medium,RandomForestClassifier,v1.0
C02575,2026-07-15,0.5649,medium,RandomForestClassifier,v1.0
C02576,2026-07-15,0.4809,medium,RandomForestClassifier,v1.0
C02577,2026-07-15,0.5193,medium,RandomForestClassifier,v1.0
C02578,2026-07-15,0.4724,medium,RandomForestClassifier,v1.0
C02579,2026-07-15,0.4936,medium,RandomForestClassifier,v1.0
C02580,2026-07-15,0.4926,medium,RandomForestClassifier,v1.0
C02581,2026-07-15,0.5101,medium,RandomForestClassifier,v1.0
C02582,2026-07-15,0.5401,medium,RandomForestClassifier,v1.0
C02583,2026-07-15,0.4993,medium,RandomForestClassifier,v1.0
C02584,2026-07-15,0.5445,medium,RandomForestClassifier,v1.0
C02585,2026-07-15,0.509,medium,RandomForestClassifier,v1.0
C02586,2026-07-15,0.5563,medium,RandomForestClassifier,v1.0
C02588,2026-07-15,0.5241,medium,RandomForestClassifier,v1.0
C02589,2026-07-15,0.5077,medium,RandomForestClassifier,v1.0
C02591,2026-07-15,0.5141,medium,RandomForestClassifier,v1.0
C02592,2026-07-15,0.4752,medium,RandomForestClassifier,v1.0
C02593,2026-07-15,0.4967,medium,RandomForestClassifier,v1.0
C02594,2026-07-15,0.446,medium,RandomForestClassifier,v1.0
C02595,2026-07-15,0.5061,medium,RandomForestClassifier,v1.0
C02596,2026-07-15,0.5722,medium,RandomForestClassifier,v1.0
C02597,2026-07-15,0.4645,medium,RandomForestClassifier,v1.0
C02599,2026-07-15,0.5605,medium,RandomForestClassifier,v1.0
C02600,2026-07-15,0.4197,medium,RandomForestClassifier,v1.0
C02601,2026-07-15,0.4895,medium,RandomForestClassifier,v1.0
C02602,2026-07-15,0.5111,medium,RandomForestClassifier,v1.0
C02603,2026-07-15,0.533,medium,RandomForestClassifier,v1.0
C02604,2026-07-15,0.519,medium,RandomForestClassifier,v1.0
C02606,2026-07-15,0.5568,medium,RandomForestClassifier,v1.0
C02607,2026-07-15,0.5012,medium,RandomForestClassifier,v1.0
C02608,2026-07-15,0.5324,medium,RandomForestClassifier,v1.0
C02609,2026-07-15,0.5415,medium,RandomForestClassifier,v1.0
C02610,2026-07-15,0.4913,medium,RandomForestClassifier,v1.0
C02611,2026-07-15,0.5207,medium,RandomForestClassifier,v1.0
C02612,2026-07-15,0.5248,medium,RandomForestClassifier,v1.0
C02613,2026-07-15,0.4849,medium,RandomForestClassifier,v1.0
C02614,2026-07-15,0.5406,medium,RandomForestClassifier,v1.0
C02615,2026-07-15,0.5131,medium,RandomForestClassifier,v1.0
C02616,2026-07-15,0.5429,medium,RandomForestClassifier,v1.0
C02617,2026-07-15,0.566,medium,RandomForestClassifier,v1.0
C02618,2026-07-15,0.4978,medium,RandomForestClassifier,v1.0
C02620,2026-07-15,0.5103,medium,RandomForestClassifier,v1.0
C02621,2026-07-15,0.4194,medium,RandomForestClassifier,v1.0
C02622,2026-07-15,0.4971,medium,RandomForestClassifier,v1.0
C02623,2026-07-15,0.4743,medium,RandomForestClassifier,v1.0
C02624,2026-07-15,0.4891,medium,RandomForestClassifier,v1.0
C02625,2026-07-15,0.5018,medium,RandomForestClassifier,v1.0
C02626,2026-07-15,0.6283,high,RandomForestClassifier,v1.0
C02627,2026-07-15,0.5502,medium,RandomForestClassifier,v1.0
C02628,2026-07-15,0.4945,medium,RandomForestClassifier,v1.0
C02629,2026-07-15,0.5347,medium,RandomForestClassifier,v1.0
C02630,2026-07-15,0.5159,medium,RandomForestClassifier,v1.0
C02631,2026-07-15,0.4167,medium,RandomForestClassifier,v1.0
C02632,2026-07-15,0.374,medium,RandomForestClassifier,v1.0
C02633,2026-07-15,0.5596,medium,RandomForestClassifier,v1.0
C02634,2026-07-15,0.4968,medium,RandomForestClassifier,v1.0
C02635,2026-07-15,0.5404,medium,RandomForestClassifier,v1.0
C02636,2026-07-15,0.5026,medium,RandomForestClassifier,v1.0
C02637,2026-07-15,0.5552,medium,RandomForestClassifier,v1.0
C02638,2026-07-15,0.5834,medium,RandomForestClassifier,v1.0
C02639,2026-07-15,0.344,medium,RandomForestClassifier,v1.0
C02640,2026-07-15,0.4176,medium,RandomForestClassifier,v1.0
C02641,2026-07-15,0.5,medium,RandomForestClassifier,v1.0
C02642,2026-07-15,0.6282,high,RandomForestClassifier,v1.0
C02643,2026-07-15,0.4546,medium,RandomForestClassifier,v1.0
C02644,2026-07-15,0.5323,medium,RandomForestClassifier,v1.0
C02645,2026-07-15,0.5296,medium,RandomForestClassifier,v1.0
C02646,2026-07-15,0.4738,medium,RandomForestClassifier,v1.0
C02647,2026-07-15,0.4179,medium,RandomForestClassifier,v1.0
C02648,2026-07-15,0.6365,high,RandomForestClassifier,v1.0
C02649,2026-07-15,0.5316,medium,RandomForestClassifier,v1.0
C02650,2026-07-15,0.4945,medium,RandomForestClassifier,v1.0
C02651,2026-07-15,0.5951,medium,RandomForestClassifier,v1.0
C02652,2026-07-15,0.579,medium,RandomForestClassifier,v1.0
C02653,2026-07-15,0.515,medium,RandomForestClassifier,v1.0
C02654,2026-07-15,0.5822,medium,RandomForestClassifier,v1.0
C02655,2026-07-15,0.4671,medium,RandomForestClassifier,v1.0
C02658,2026-07-15,0.4866,medium,RandomForestClassifier,v1.0
C02659,2026-07-15,0.4942,medium,RandomForestClassifier,v1.0
C02660,2026-07-15,0.4956,medium,RandomForestClassifier,v1.0
C02661,2026-07-15,0.5333,medium,RandomForestClassifier,v1.0
C02662,2026-07-15,0.516,medium,RandomForestClassifier,v1.0
C02663,2026-07-15,0.4834,medium,RandomForestClassifier,v1.0
C02664,2026-07-15,0.6095,high,RandomForestClassifier,v1.0
C02665,2026-07-15,0.5982,medium,RandomForestClassifier,v1.0
C02666,2026-07-15,0.518,medium,RandomForestClassifier,v1.0
C02667,2026-07-15,0.554,medium,RandomForestClassifier,v1.0
C02668,2026-07-15,0.4488,medium,RandomForestClassifier,v1.0
C02670,2026-07-15,0.6288,high,RandomForestClassifier,v1.0
C02671,2026-07-15,0.5724,medium,RandomForestClassifier,v1.0
C02672,2026-07-15,0.3574,medium,RandomForestClassifier,v1.0
C02673,2026-07-15,0.4447,medium,RandomForestClassifier,v1.0
C02674,2026-07-15,0.5232,medium,RandomForestClassifier,v1.0
C02675,2026-07-15,0.4809,medium,RandomForestClassifier,v1.0
C02676,2026-07-15,0.5031,medium,RandomForestClassifier,v1.0
C02677,2026-07-15,0.5461,medium,RandomForestClassifier,v1.0
C02678,2026-07-15,0.512,medium,RandomForestClassifier,v1.0
C02680,2026-07-15,0.5223,medium,RandomForestClassifier,v1.0
C02681,2026-07-15,0.5804,medium,RandomForestClassifier,v1.0
C02683,2026-07-15,0.5487,medium,RandomForestClassifier,v1.0
C02684,2026-07-15,0.5243,medium,RandomForestClassifier,v1.0
C02685,2026-07-15,0.5305,medium,RandomForestClassifier,v1.0
C02686,2026-07-15,0.5069,medium,RandomForestClassifier,v1.0
C02687,2026-07-15,0.5394,medium,RandomForestClassifier,v1.0
C02688,2026-07-15,0.5042,medium,RandomForestClassifier,v1.0
C02689,2026-07-15,0.5804,medium,RandomForestClassifier,v1.0
C02691,2026-07-15,0.4997,medium,RandomForestClassifier,v1.0
C02692,2026-07-15,0.5336,medium,RandomForestClassifier,v1.0
C02693,2026-07-15,0.4686,medium,RandomForestClassifier,v1.0
C02694,2026-07-15,0.4445,medium,RandomForestClassifier,v1.0
C02695,2026-07-15,0.5184,medium,RandomForestClassifier,v1.0
C02696,2026-07-15,0.4717,medium,RandomForestClassifier,v1.0
C02697,2026-07-15,0.4847,medium,RandomForestClassifier,v1.0
C02698,2026-07-15,0.4985,medium,RandomForestClassifier,v1.0
C02699,2026-07-15,0.4731,medium,RandomForestClassifier,v1.0
C02700,2026-07-15,0.5754,medium,RandomForestClassifier,v1.0
C02701,2026-07-15,0.6507,high,RandomForestClassifier,v1.0
C02702,2026-07-15,0.4834,medium,RandomForestClassifier,v1.0
C02703,2026-07-15,0.5435,medium,RandomForestClassifier,v1.0
C02705,2026-07-15,0.6103,high,RandomForestClassifier,v1.0
C02706,2026-07-15,0.549,medium,RandomForestClassifier,v1.0
C02707,2026-07-15,0.4998,medium,RandomForestClassifier,v1.0
C02708,2026-07-15,0.5537,medium,RandomForestClassifier,v1.0
C02709,2026-07-15,0.5097,medium,RandomForestClassifier,v1.0
C02710,2026-07-15,0.5236,medium,RandomForestClassifier,v1.0
C02711,2026-07-15,0.5789,medium,RandomForestClassifier,v1.0
C02712,2026-07-15,0.5186,medium,RandomForestClassifier,v1.0
C02713,2026-07-15,0.525,medium,RandomForestClassifier,v1.0
C02714,2026-07-15,0.5103,medium,RandomForestClassifier,v1.0
C02715,2026-07-15,0.4781,medium,RandomForestClassifier,v1.0
C02716,2026-07-15,0.4299,medium,RandomForestClassifier,v1.0
C02717,2026-07-15,0.5023,medium,RandomForestClassifier,v1.0
C02718,2026-07-15,0.5243,medium,RandomForestClassifier,v1.0
C02719,2026-07-15,0.6716,high,RandomForestClassifier,v1.0
C02720,2026-07-15,0.6328,high,RandomForestClassifier,v1.0
C02721,2026-07-15,0.5015,medium,RandomForestClassifier,v1.0
C02722,2026-07-15,0.5159,medium,RandomForestClassifier,v1.0
C02723,2026-07-15,0.5141,medium,RandomForestClassifier,v1.0
C02724,2026-07-15,0.5016,medium,RandomForestClassifier,v1.0
C02725,2026-07-15,0.4921,medium,RandomForestClassifier,v1.0
C02726,2026-07-15,0.5491,medium,RandomForestClassifier,v1.0
C02727,2026-07-15,0.4941,medium,RandomForestClassifier,v1.0
C02728,2026-07-15,0.5013,medium,RandomForestClassifier,v1.0
C02729,2026-07-15,0.559,medium,RandomForestClassifier,v1.0
C02730,2026-07-15,0.6234,high,RandomForestClassifier,v1.0
C02732,2026-07-15,0.5272,medium,RandomForestClassifier,v1.0
C02733,2026-07-15,0.5226,medium,RandomForestClassifier,v1.0
C02734,2026-07-15,0.484,medium,RandomForestClassifier,v1.0
C02735,2026-07-15,0.4851,medium,RandomForestClassifier,v1.0
C02736,2026-07-15,0.5957,medium,RandomForestClassifier,v1.0
C02738,2026-07-15,0.4917,medium,RandomForestClassifier,v1.0
C02739,2026-07-15,0.487,medium,RandomForestClassifier,v1.0
C02740,2026-07-15,0.5025,medium,RandomForestClassifier,v1.0
C02741,2026-07-15,0.5317,medium,RandomForestClassifier,v1.0
C02742,2026-07-15,0.5165,medium,RandomForestClassifier,v1.0
C02743,2026-07-15,0.5447,medium,RandomForestClassifier,v1.0
C02744,2026-07-15,0.4425,medium,RandomForestClassifier,v1.0
C02745,2026-07-15,0.5337,medium,RandomForestClassifier,v1.0
C02746,2026-07-15,0.4903,medium,RandomForestClassifier,v1.0
C02747,2026-07-15,0.5381,medium,RandomForestClassifier,v1.0
C02748,2026-07-15,0.5044,medium,RandomForestClassifier,v1.0
C02749,2026-07-15,0.5697,medium,RandomForestClassifier,v1.0
C02750,2026-07-15,0.4802,medium,RandomForestClassifier,v1.0
C02751,2026-07-15,0.5437,medium,RandomForestClassifier,v1.0
C02752,2026-07-15,0.5356,medium,RandomForestClassifier,v1.0
C02753,2026-07-15,0.5252,medium,RandomForestClassifier,v1.0
C02754,2026-07-15,0.4785,medium,RandomForestClassifier,v1.0
C02755,2026-07-15,0.5053,medium,RandomForestClassifier,v1.0
C02756,2026-07-15,0.5344,medium,RandomForestClassifier,v1.0
C02757,2026-07-15,0.5476,medium,RandomForestClassifier,v1.0
C02758,2026-07-15,0.5873,medium,RandomForestClassifier,v1.0
C02759,2026-07-15,0.5709,medium,RandomForestClassifier,v1.0
C02760,2026-07-15,0.5003,medium,RandomForestClassifier,v1.0
C02761,2026-07-15,0.5248,medium,RandomForestClassifier,v1.0
C02762,2026-07-15,0.4949,medium,RandomForestClassifier,v1.0
C02763,2026-07-15,0.5443,medium,RandomForestClassifier,v1.0
C02764,2026-07-15,0.5327,medium,RandomForestClassifier,v1.0
C02766,2026-07-15,0.4912,medium,RandomForestClassifier,v1.0
C02767,2026-07-15,0.5262,medium,RandomForestClassifier,v1.0
C02768,2026-07-15,0.5332,medium,RandomForestClassifier,v1.0
C02769,2026-07-15,0.5079,medium,RandomForestClassifier,v1.0
C02770,2026-07-15,0.6107,high,RandomForestClassifier,v1.0
C02771,2026-07-15,0.4949,medium,RandomForestClassifier,v1.0
C02772,2026-07-15,0.5492,medium,RandomForestClassifier,v1.0
C02774,2026-07-15,0.4884,medium,RandomForestClassifier,v1.0
C02775,2026-07-15,0.5256,medium,RandomForestClassifier,v1.0
C02776,2026-07-15,0.5453,medium,RandomForestClassifier,v1.0
C02777,2026-07-15,0.5081,medium,RandomForestClassifier,v1.0
C02778,2026-07-15,0.3527,medium,RandomForestClassifier,v1.0
C02779,2026-07-15,0.5474,medium,RandomForestClassifier,v1.0
C02780,2026-07-15,0.5986,medium,RandomForestClassifier,v1.0
C02781,2026-07-15,0.532,medium,RandomForestClassifier,v1.0
C02782,2026-07-15,0.4901,medium,RandomForestClassifier,v1.0
C02783,2026-07-15,0.543,medium,RandomForestClassifier,v1.0
C02784,2026-07-15,0.6324,high,RandomForestClassifier,v1.0
C02785,2026-07-15,0.5179,medium,RandomForestClassifier,v1.0
C02786,2026-07-15,0.534,medium,RandomForestClassifier,v1.0
C02787,2026-07-15,0.483,medium,RandomForestClassifier,v1.0
C02788,2026-07-15,0.5416,medium,RandomForestClassifier,v1.0
C02789,2026-07-15,0.5781,medium,RandomForestClassifier,v1.0
C02790,2026-07-15,0.5099,medium,RandomForestClassifier,v1.0
C02791,2026-07-15,0.4899,medium,RandomForestClassifier,v1.0
C02792,2026-07-15,0.5928,medium,RandomForestClassifier,v1.0
C02793,2026-07-15,0.5738,medium,RandomForestClassifier,v1.0
C02794,2026-07-15,0.5601,medium,RandomForestClassifier,v1.0
C02795,2026-07-15,0.6525,high,RandomForestClassifier,v1.0
C02796,2026-07-15,0.4872,medium,RandomForestClassifier,v1.0
C02797,2026-07-15,0.5821,medium,RandomForestClassifier,v1.0
C02798,2026-07-15,0.5367,medium,RandomForestClassifier,v1.0
C02799,2026-07-15,0.5951,medium,RandomForestClassifier,v1.0
C02800,2026-07-15,0.5571,medium,RandomForestClassifier,v1.0
C02801,2026-07-15,0.5149,medium,RandomForestClassifier,v1.0
C02802,2026-07-15,0.5019,medium,RandomForestClassifier,v1.0
C02803,2026-07-15,0.4764,medium,RandomForestClassifier,v1.0
C02805,2026-07-15,0.6027,high,RandomForestClassifier,v1.0
C02806,2026-07-15,0.5536,medium,RandomForestClassifier,v1.0
C02808,2026-07-15,0.4556,medium,RandomForestClassifier,v1.0
C02809,2026-07-15,0.5318,medium,RandomForestClassifier,v1.0
C02810,2026-07-15,0.4564,medium,RandomForestClassifier,v1.0
C02811,2026-07-15,0.5417,medium,RandomForestClassifier,v1.0
C02812,2026-07-15,0.4912,medium,RandomForestClassifier,v1.0
C02813,2026-07-15,0.4553,medium,RandomForestClassifier,v1.0
C02814,2026-07-15,0.4878,medium,RandomForestClassifier,v1.0
C02815,2026-07-15,0.4263,medium,RandomForestClassifier,v1.0
C02816,2026-07-15,0.5436,medium,RandomForestClassifier,v1.0
C02817,2026-07-15,0.5544,medium,RandomForestClassifier,v1.0
C02818,2026-07-15,0.4785,medium,RandomForestClassifier,v1.0
C02819,2026-07-15,0.5041,medium,RandomForestClassifier,v1.0
C02820,2026-07-15,0.5342,medium,RandomForestClassifier,v1.0
C02822,2026-07-15,0.5194,medium,RandomForestClassifier,v1.0
C02823,2026-07-15,0.5248,medium,RandomForestClassifier,v1.0
C02824,2026-07-15,0.5328,medium,RandomForestClassifier,v1.0
C02825,2026-07-15,0.5172,medium,RandomForestClassifier,v1.0
C02826,2026-07-15,0.5051,medium,RandomForestClassifier,v1.0
C02827,2026-07-15,0.5827,medium,RandomForestClassifier,v1.0
C02828,2026-07-15,0.5448,medium,RandomForestClassifier,v1.0
C02829,2026-07-15,0.4976,medium,RandomForestClassifier,v1.0
C02830,2026-07-15,0.5415,medium,RandomForestClassifier,v1.0
C02831,2026-07-15,0.4964,medium,RandomForestClassifier,v1.0
C02832,2026-07-15,0.5515,medium,RandomForestClassifier,v1.0
C02833,2026-07-15,0.4465,medium,RandomForestClassifier,v1.0
C02834,2026-07-15,0.6113,high,RandomForestClassifier,v1.0
C02835,2026-07-15,0.5778,medium,RandomForestClassifier,v1.0
C02836,2026-07-15,0.5429,medium,RandomForestClassifier,v1.0
C02837,2026-07-15,0.5213,medium,RandomForestClassifier,v1.0
C02838,2026-07-15,0.5551,medium,RandomForestClassifier,v1.0
C02839,2026-07-15,0.497,medium,RandomForestClassifier,v1.0
C02840,2026-07-15,0.4975,medium,RandomForestClassifier,v1.0
C02841,2026-07-15,0.5281,medium,RandomForestClassifier,v1.0
C02842,2026-07-15,0.5384,medium,RandomForestClassifier,v1.0
C02843,2026-07-15,0.571,medium,RandomForestClassifier,v1.0
C02844,2026-07-15,0.4867,medium,RandomForestClassifier,v1.0
C02846,2026-07-15,0.5259,medium,RandomForestClassifier,v1.0
C02847,2026-07-15,0.5004,medium,RandomForestClassifier,v1.0
C02848,2026-07-15,0.6173,high,RandomForestClassifier,v1.0
C02850,2026-07-15,0.5239,medium,RandomForestClassifier,v1.0
C02851,2026-07-15,0.5802,medium,RandomForestClassifier,v1.0
C02853,2026-07-15,0.5557,medium,RandomForestClassifier,v1.0
C02854,2026-07-15,0.5045,medium,RandomForestClassifier,v1.0
C02855,2026-07-15,0.4487,medium,RandomForestClassifier,v1.0
C02856,2026-07-15,0.4088,medium,RandomForestClassifier,v1.0
C02857,2026-07-15,0.4658,medium,RandomForestClassifier,v1.0
C02858,2026-07-15,0.4196,medium,RandomForestClassifier,v1.0
C02859,2026-07-15,0.5245,medium,RandomForestClassifier,v1.0
C02860,2026-07-15,0.5169,medium,RandomForestClassifier,v1.0
C02861,2026-07-15,0.5261,medium,RandomForestClassifier,v1.0
C02862,2026-07-15,0.5109,medium,RandomForestClassifier,v1.0
C02863,2026-07-15,0.4563,medium,RandomForestClassifier,v1.0
C02864,2026-07-15,0.4927,medium,RandomForestClassifier,v1.0
C02865,2026-07-15,0.5098,medium,RandomForestClassifier,v1.0
C02866,2026-07-15,0.4739,medium,RandomForestClassifier,v1.0
C02867,2026-07-15,0.5252,medium,RandomForestClassifier,v1.0
C02868,2026-07-15,0.4313,medium,RandomForestClassifier,v1.0
C02869,2026-07-15,0.5146,medium,RandomForestClassifier,v1.0
C02870,2026-07-15,0.4793,medium,RandomForestClassifier,v1.0
C02871,2026-07-15,0.5089,medium,RandomForestClassifier,v1.0
C02873,2026-07-15,0.4883,medium,RandomForestClassifier,v1.0
C02874,2026-07-15,0.5155,medium,RandomForestClassifier,v1.0
C02875,2026-07-15,0.5091,medium,RandomForestClassifier,v1.0
C02876,2026-07-15,0.4752,medium,RandomForestClassifier,v1.0
C02877,2026-07-15,0.4969,medium,RandomForestClassifier,v1.0
C02878,2026-07-15,0.5398,medium,RandomForestClassifier,v1.0
C02879,2026-07-15,0.549,medium,RandomForestClassifier,v1.0
C02880,2026-07-15,0.5448,medium,RandomForestClassifier,v1.0
C02881,2026-07-15,0.5107,medium,RandomForestClassifier,v1.0
C02882,2026-07-15,0.5469,medium,RandomForestClassifier,v1.0
C02883,2026-07-15,0.5518,medium,RandomForestClassifier,v1.0
C02884,2026-07-15,0.3586,medium,RandomForestClassifier,v1.0
C02885,2026-07-15,0.5521,medium,RandomForestClassifier,v1.0
C02886,2026-07-15,0.4551,medium,RandomForestClassifier,v1.0
C02887,2026-07-15,0.4688,medium,RandomForestClassifier,v1.0
C02888,2026-07-15,0.5191,medium,RandomForestClassifier,v1.0
C02889,2026-07-15,0.5906,medium,RandomForestClassifier,v1.0
C02890,2026-07-15,0.5661,medium,RandomForestClassifier,v1.0
C02891,2026-07-15,0.6826,high,RandomForestClassifier,v1.0
C02892,2026-07-15,0.6086,high,RandomForestClassifier,v1.0
C02893,2026-07-15,0.5261,medium,RandomForestClassifier,v1.0
C02894,2026-07-15,0.4657,medium,RandomForestClassifier,v1.0
C02895,2026-07-15,0.5044,medium,RandomForestClassifier,v1.0
C02896,2026-07-15,0.4931,medium,RandomForestClassifier,v1.0
C02897,2026-07-15,0.5132,medium,RandomForestClassifier,v1.0
C02898,2026-07-15,0.552,medium,RandomForestClassifier,v1.0
C02899,2026-07-15,0.5158,medium,RandomForestClassifier,v1.0
C02900,2026-07-15,0.5139,medium,RandomForestClassifier,v1.0
C02901,2026-07-15,0.5203,medium,RandomForestClassifier,v1.0
C02902,2026-07-15,0.5857,medium,RandomForestClassifier,v1.0
C02903,2026-07-15,0.5472,medium,RandomForestClassifier,v1.0
C02904,2026-07-15,0.4422,medium,RandomForestClassifier,v1.0
C02905,2026-07-15,0.6565,high,RandomForestClassifier,v1.0
C02906,2026-07-15,0.5915,medium,RandomForestClassifier,v1.0
C02907,2026-07-15,0.4865,medium,RandomForestClassifier,v1.0
C02908,2026-07-15,0.4578,medium,RandomForestClassifier,v1.0
C02909,2026-07-15,0.5194,medium,RandomForestClassifier,v1.0
C02910,2026-07-15,0.6579,high,RandomForestClassifier,v1.0
C02911,2026-07-15,0.48,medium,RandomForestClassifier,v1.0
C02912,2026-07-15,0.555,medium,RandomForestClassifier,v1.0
C02913,2026-07-15,0.5393,medium,RandomForestClassifier,v1.0
C02914,2026-07-15,0.5206,medium,RandomForestClassifier,v1.0
C02915,2026-07-15,0.2823,low,RandomForestClassifier,v1.0
C02916,2026-07-15,0.5041,medium,RandomForestClassifier,v1.0
C02917,2026-07-15,0.6203,high,RandomForestClassifier,v1.0
C02919,2026-07-15,0.4003,medium,RandomForestClassifier,v1.0
C02920,2026-07-15,0.4533,medium,RandomForestClassifier,v1.0
C02921,2026-07-15,0.4586,medium,RandomForestClassifier,v1.0
C02922,2026-07-15,0.6147,high,RandomForestClassifier,v1.0
C02923,2026-07-15,0.5422,medium,RandomForestClassifier,v1.0
C02924,2026-07-15,0.5294,medium,RandomForestClassifier,v1.0
C02926,2026-07-15,0.4758,medium,RandomForestClassifier,v1.0
C02927,2026-07-15,0.5094,medium,RandomForestClassifier,v1.0
C02928,2026-07-15,0.5691,medium,RandomForestClassifier,v1.0
C02929,2026-07-15,0.5078,medium,RandomForestClassifier,v1.0
C02930,2026-07-15,0.5417,medium,RandomForestClassifier,v1.0
C02931,2026-07-15,0.4942,medium,RandomForestClassifier,v1.0
C02932,2026-07-15,0.4938,medium,RandomForestClassifier,v1.0
C02933,2026-07-15,0.4968,medium,RandomForestClassifier,v1.0
C02934,2026-07-15,0.5188,medium,RandomForestClassifier,v1.0
C02935,2026-07-15,0.5387,medium,RandomForestClassifier,v1.0
C02936,2026-07-15,0.5753,medium,RandomForestClassifier,v1.0
C02937,2026-07-15,0.5332,medium,RandomForestClassifier,v1.0
C02938,2026-07-15,0.36,medium,RandomForestClassifier,v1.0
C02939,2026-07-15,0.571,medium,RandomForestClassifier,v1.0
C02940,2026-07-15,0.5324,medium,RandomForestClassifier,v1.0
C02941,2026-07-15,0.5002,medium,RandomForestClassifier,v1.0
C02942,2026-07-15,0.5025,medium,RandomForestClassifier,v1.0
C02943,2026-07-15,0.5366,medium,RandomForestClassifier,v1.0
C02944,2026-07-15,0.4767,medium,RandomForestClassifier,v1.0
C02945,2026-07-15,0.4546,medium,RandomForestClassifier,v1.0
C02947,2026-07-15,0.5304,medium,RandomForestClassifier,v1.0
C02949,2026-07-15,0.545,medium,RandomForestClassifier,v1.0
C02950,2026-07-15,0.5188,medium,RandomForestClassifier,v1.0
C02952,2026-07-15,0.6071,high,RandomForestClassifier,v1.0
C02953,2026-07-15,0.5301,medium,RandomForestClassifier,v1.0
C02954,2026-07-15,0.5374,medium,RandomForestClassifier,v1.0
C02955,2026-07-15,0.5915,medium,RandomForestClassifier,v1.0
C02956,2026-07-15,0.5056,medium,RandomForestClassifier,v1.0
C02957,2026-07-15,0.479,medium,RandomForestClassifier,v1.0
C02958,2026-07-15,0.5511,medium,RandomForestClassifier,v1.0
C02959,2026-07-15,0.5117,medium,RandomForestClassifier,v1.0
C02961,2026-07-15,0.4948,medium,RandomForestClassifier,v1.0
C02962,2026-07-15,0.5283,medium,RandomForestClassifier,v1.0
C02964,2026-07-15,0.5274,medium,RandomForestClassifier,v1.0
C02965,2026-07-15,0.5058,medium,RandomForestClassifier,v1.0
C02967,2026-07-15,0.5374,medium,RandomForestClassifier,v1.0
C02968,2026-07-15,0.5523,medium,RandomForestClassifier,v1.0
C02969,2026-07-15,0.5084,medium,RandomForestClassifier,v1.0
C02971,2026-07-15,0.5085,medium,RandomForestClassifier,v1.0
C02972,2026-07-15,0.4916,medium,RandomForestClassifier,v1.0
C02973,2026-07-15,0.5753,medium,RandomForestClassifier,v1.0
C02975,2026-07-15,0.6189,high,RandomForestClassifier,v1.0
C02976,2026-07-15,0.5289,medium,RandomForestClassifier,v1.0
C02977,2026-07-15,0.5554,medium,RandomForestClassifier,v1.0
C02978,2026-07-15,0.535,medium,RandomForestClassifier,v1.0
C02979,2026-07-15,0.5389,medium,RandomForestClassifier,v1.0
C02980,2026-07-15,0.565,medium,RandomForestClassifier,v1.0
C02981,2026-07-15,0.5809,medium,RandomForestClassifier,v1.0
C02982,2026-07-15,0.5662,medium,RandomForestClassifier,v1.0
C02983,2026-07-15,0.5132,medium,RandomForestClassifier,v1.0
C02984,2026-07-15,0.538,medium,RandomForestClassifier,v1.0
C02985,2026-07-15,0.5287,medium,RandomForestClassifier,v1.0
C02986,2026-07-15,0.4639,medium,RandomForestClassifier,v1.0
C02987,2026-07-15,0.4643,medium,RandomForestClassifier,v1.0
C02989,2026-07-15,0.6272,high,RandomForestClassifier,v1.0
C02990,2026-07-15,0.542,medium,RandomForestClassifier,v1.0
C02991,2026-07-15,0.5445,medium,RandomForestClassifier,v1.0
C02992,2026-07-15,0.5279,medium,RandomForestClassifier,v1.0
C02994,2026-07-15,0.589,medium,RandomForestClassifier,v1.0
C02995,2026-07-15,0.5322,medium,RandomForestClassifier,v1.0
C02997,2026-07-15,0.4991,medium,RandomForestClassifier,v1.0
C02998,2026-07-15,0.4769,medium,RandomForestClassifier,v1.0
C02999,2026-07-15,0.6053,high,RandomForestClassifier,v1.0
C03000,2026-07-15,0.5611,medium,RandomForestClassifier,v1.0
C03001,2026-07-15,0.538,medium,RandomForestClassifier,v1.0
C03002,2026-07-15,0.4781,medium,RandomForestClassifier,v1.0
C03003,2026-07-15,0.5728,medium,RandomForestClassifier,v1.0
C03004,2026-07-15,0.4926,medium,RandomForestClassifier,v1.0
C03005,2026-07-15,0.5565,medium,RandomForestClassifier,v1.0
C03006,2026-07-15,0.5191,medium,RandomForestClassifier,v1.0
C03008,2026-07-15,0.5319,medium,RandomForestClassifier,v1.0
C03009,2026-07-15,0.4831,medium,RandomForestClassifier,v1.0
C03010,2026-07-15,0.4297,medium,RandomForestClassifier,v1.0
C03011,2026-07-15,0.5171,medium,RandomForestClassifier,v1.0
C03013,2026-07-15,0.3893,medium,RandomForestClassifier,v1.0
C03014,2026-07-15,0.5081,medium,RandomForestClassifier,v1.0
C03015,2026-07-15,0.5758,medium,RandomForestClassifier,v1.0
C03016,2026-07-15,0.5205,medium,RandomForestClassifier,v1.0
C03017,2026-07-15,0.5639,medium,RandomForestClassifier,v1.0
C03018,2026-07-15,0.5145,medium,RandomForestClassifier,v1.0
C03019,2026-07-15,0.5434,medium,RandomForestClassifier,v1.0
C03020,2026-07-15,0.5055,medium,RandomForestClassifier,v1.0
C03021,2026-07-15,0.5407,medium,RandomForestClassifier,v1.0
C03023,2026-07-15,0.5079,medium,RandomForestClassifier,v1.0
C03024,2026-07-15,0.4783,medium,RandomForestClassifier,v1.0
C03025,2026-07-15,0.5035,medium,RandomForestClassifier,v1.0
C03026,2026-07-15,0.5235,medium,RandomForestClassifier,v1.0
C03027,2026-07-15,0.5474,medium,RandomForestClassifier,v1.0
C03028,2026-07-15,0.4867,medium,RandomForestClassifier,v1.0
C03029,2026-07-15,0.4762,medium,RandomForestClassifier,v1.0
C03030,2026-07-15,0.5757,medium,RandomForestClassifier,v1.0
C03031,2026-07-15,0.2654,low,RandomForestClassifier,v1.0
C03032,2026-07-15,0.5145,medium,RandomForestClassifier,v1.0
C03033,2026-07-15,0.5262,medium,RandomForestClassifier,v1.0
C03034,2026-07-15,0.4942,medium,RandomForestClassifier,v1.0
C03035,2026-07-15,0.5302,medium,RandomForestClassifier,v1.0
C03036,2026-07-15,0.4613,medium,RandomForestClassifier,v1.0
C03037,2026-07-15,0.5163,medium,RandomForestClassifier,v1.0
C03038,2026-07-15,0.5422,medium,RandomForestClassifier,v1.0
C03039,2026-07-15,0.4841,medium,RandomForestClassifier,v1.0
C03040,2026-07-15,0.5191,medium,RandomForestClassifier,v1.0
C03041,2026-07-15,0.5411,medium,RandomForestClassifier,v1.0
C03042,2026-07-15,0.5284,medium,RandomForestClassifier,v1.0
C03043,2026-07-15,0.5252,medium,RandomForestClassifier,v1.0
C03044,2026-07-15,0.5246,medium,RandomForestClassifier,v1.0
C03045,2026-07-15,0.4983,medium,RandomForestClassifier,v1.0
C03046,2026-07-15,0.5505,medium,RandomForestClassifier,v1.0
C03047,2026-07-15,0.5127,medium,RandomForestClassifier,v1.0
C03048,2026-07-15,0.5375,medium,RandomForestClassifier,v1.0
C03049,2026-07-15,0.5807,medium,RandomForestClassifier,v1.0
C03050,2026-07-15,0.5171,medium,RandomForestClassifier,v1.0
C03051,2026-07-15,0.5243,medium,RandomForestClassifier,v1.0
C03053,2026-07-15,0.5468,medium,RandomForestClassifier,v1.0
C03054,2026-07-15,0.5098,medium,RandomForestClassifier,v1.0
C03055,2026-07-15,0.4423,medium,RandomForestClassifier,v1.0
C03056,2026-07-15,0.4937,medium,RandomForestClassifier,v1.0
C03057,2026-07-15,0.521,medium,RandomForestClassifier,v1.0
C03058,2026-07-15,0.6973,high,RandomForestClassifier,v1.0
C03059,2026-07-15,0.5145,medium,RandomForestClassifier,v1.0
C03060,2026-07-15,0.4925,medium,RandomForestClassifier,v1.0
C03061,2026-07-15,0.497,medium,RandomForestClassifier,v1.0
C03063,2026-07-15,0.5033,medium,RandomForestClassifier,v1.0
C03064,2026-07-15,0.4416,medium,RandomForestClassifier,v1.0
C03065,2026-07-15,0.5653,medium,RandomForestClassifier,v1.0
C03066,2026-07-15,0.5828,medium,RandomForestClassifier,v1.0
C03067,2026-07-15,0.5548,medium,RandomForestClassifier,v1.0
C03068,2026-07-15,0.5218,medium,RandomForestClassifier,v1.0
C03069,2026-07-15,0.4872,medium,RandomForestClassifier,v1.0
C03070,2026-07-15,0.5512,medium,RandomForestClassifier,v1.0
C03072,2026-07-15,0.5303,medium,RandomForestClassifier,v1.0
C03073,2026-07-15,0.4503,medium,RandomForestClassifier,v1.0
C03074,2026-07-15,0.5302,medium,RandomForestClassifier,v1.0
C03075,2026-07-15,0.5184,medium,RandomForestClassifier,v1.0
C03076,2026-07-15,0.357,medium,RandomForestClassifier,v1.0
C03077,2026-07-15,0.511,medium,RandomForestClassifier,v1.0
C03078,2026-07-15,0.5141,medium,RandomForestClassifier,v1.0
C03079,2026-07-15,0.3979,medium,RandomForestClassifier,v1.0
C03080,2026-07-15,0.5048,medium,RandomForestClassifier,v1.0
C03081,2026-07-15,0.5151,medium,RandomForestClassifier,v1.0
C03082,2026-07-15,0.5601,medium,RandomForestClassifier,v1.0
C03084,2026-07-15,0.5103,medium,RandomForestClassifier,v1.0
C03085,2026-07-15,0.5661,medium,RandomForestClassifier,v1.0
C03086,2026-07-15,0.5753,medium,RandomForestClassifier,v1.0
C03087,2026-07-15,0.549,medium,RandomForestClassifier,v1.0
C03088,2026-07-15,0.5297,medium,RandomForestClassifier,v1.0
C03089,2026-07-15,0.489,medium,RandomForestClassifier,v1.0
C03090,2026-07-15,0.4814,medium,RandomForestClassifier,v1.0
C03091,2026-07-15,0.5383,medium,RandomForestClassifier,v1.0
C03092,2026-07-15,0.5191,medium,RandomForestClassifier,v1.0
C03094,2026-07-15,0.5081,medium,RandomForestClassifier,v1.0
C03095,2026-07-15,0.5376,medium,RandomForestClassifier,v1.0
C03096,2026-07-15,0.5226,medium,RandomForestClassifier,v1.0
C03097,2026-07-15,0.6163,high,RandomForestClassifier,v1.0
C03098,2026-07-15,0.434,medium,RandomForestClassifier,v1.0
C03100,2026-07-15,0.6338,high,RandomForestClassifier,v1.0
C03101,2026-07-15,0.4757,medium,RandomForestClassifier,v1.0
C03102,2026-07-15,0.4838,medium,RandomForestClassifier,v1.0
C03103,2026-07-15,0.5894,medium,RandomForestClassifier,v1.0
C03104,2026-07-15,0.5218,medium,RandomForestClassifier,v1.0
C03107,2026-07-15,0.5314,medium,RandomForestClassifier,v1.0
C03108,2026-07-15,0.5818,medium,RandomForestClassifier,v1.0
C03109,2026-07-15,0.5197,medium,RandomForestClassifier,v1.0
C03110,2026-07-15,0.4357,medium,RandomForestClassifier,v1.0
C03111,2026-07-15,0.4749,medium,RandomForestClassifier,v1.0
C03112,2026-07-15,0.5023,medium,RandomForestClassifier,v1.0
C03113,2026-07-15,0.5418,medium,RandomForestClassifier,v1.0
C03114,2026-07-15,0.5994,medium,RandomForestClassifier,v1.0
C03115,2026-07-15,0.5286,medium,RandomForestClassifier,v1.0
C03116,2026-07-15,0.5324,medium,RandomForestClassifier,v1.0
C03117,2026-07-15,0.4774,medium,RandomForestClassifier,v1.0
C03119,2026-07-15,0.6098,high,RandomForestClassifier,v1.0
C03120,2026-07-15,0.501,medium,RandomForestClassifier,v1.0
C03121,2026-07-15,0.5735,medium,RandomForestClassifier,v1.0
C03122,2026-07-15,0.4648,medium,RandomForestClassifier,v1.0
C03123,2026-07-15,0.4867,medium,RandomForestClassifier,v1.0
C03124,2026-07-15,0.4949,medium,RandomForestClassifier,v1.0
C03125,2026-07-15,0.585,medium,RandomForestClassifier,v1.0
C03126,2026-07-15,0.5188,medium,RandomForestClassifier,v1.0
C03128,2026-07-15,0.4476,medium,RandomForestClassifier,v1.0
C03129,2026-07-15,0.5238,medium,RandomForestClassifier,v1.0
C03130,2026-07-15,0.5602,medium,RandomForestClassifier,v1.0
C03131,2026-07-15,0.5157,medium,RandomForestClassifier,v1.0
C03132,2026-07-15,0.4683,medium,RandomForestClassifier,v1.0
C03133,2026-07-15,0.3658,medium,RandomForestClassifier,v1.0
C03134,2026-07-15,0.5888,medium,RandomForestClassifier,v1.0
C03135,2026-07-15,0.3974,medium,RandomForestClassifier,v1.0
C03136,2026-07-15,0.4792,medium,RandomForestClassifier,v1.0
C03137,2026-07-15,0.4606,medium,RandomForestClassifier,v1.0
C03138,2026-07-15,0.2224,low,RandomForestClassifier,v1.0
C03139,2026-07-15,0.6147,high,RandomForestClassifier,v1.0
C03140,2026-07-15,0.5135,medium,RandomForestClassifier,v1.0
C03141,2026-07-15,0.517,medium,RandomForestClassifier,v1.0
C03142,2026-07-15,0.4966,medium,RandomForestClassifier,v1.0
C03143,2026-07-15,0.5278,medium,RandomForestClassifier,v1.0
C03144,2026-07-15,0.534,medium,RandomForestClassifier,v1.0
C03145,2026-07-15,0.5097,medium,RandomForestClassifier,v1.0
C03146,2026-07-15,0.5006,medium,RandomForestClassifier,v1.0
C03147,2026-07-15,0.5562,medium,RandomForestClassifier,v1.0
C03148,2026-07-15,0.5507,medium,RandomForestClassifier,v1.0
C03150,2026-07-15,0.4948,medium,RandomForestClassifier,v1.0
C03153,2026-07-15,0.4172,medium,RandomForestClassifier,v1.0
C03154,2026-07-15,0.5766,medium,RandomForestClassifier,v1.0
C03155,2026-07-15,0.5824,medium,RandomForestClassifier,v1.0
C03156,2026-07-15,0.4926,medium,RandomForestClassifier,v1.0
C03157,2026-07-15,0.5219,medium,RandomForestClassifier,v1.0
C03158,2026-07-15,0.538,medium,RandomForestClassifier,v1.0
C03159,2026-07-15,0.5065,medium,RandomForestClassifier,v1.0
C03161,2026-07-15,0.5256,medium,RandomForestClassifier,v1.0
C03162,2026-07-15,0.5308,medium,RandomForestClassifier,v1.0
C03163,2026-07-15,0.5038,medium,RandomForestClassifier,v1.0
C03164,2026-07-15,0.4968,medium,RandomForestClassifier,v1.0
C03165,2026-07-15,0.4884,medium,RandomForestClassifier,v1.0
C03166,2026-07-15,0.5416,medium,RandomForestClassifier,v1.0
C03168,2026-07-15,0.5374,medium,RandomForestClassifier,v1.0
C03169,2026-07-15,0.2746,low,RandomForestClassifier,v1.0
C03170,2026-07-15,0.5362,medium,RandomForestClassifier,v1.0
C03171,2026-07-15,0.5054,medium,RandomForestClassifier,v1.0
C03172,2026-07-15,0.6672,high,RandomForestClassifier,v1.0
C03173,2026-07-15,0.4977,medium,RandomForestClassifier,v1.0
C03175,2026-07-15,0.5127,medium,RandomForestClassifier,v1.0
C03176,2026-07-15,0.4928,medium,RandomForestClassifier,v1.0
C03177,2026-07-15,0.5034,medium,RandomForestClassifier,v1.0
C03178,2026-07-15,0.52,medium,RandomForestClassifier,v1.0
C03179,2026-07-15,0.5132,medium,RandomForestClassifier,v1.0
C03180,2026-07-15,0.4271,medium,RandomForestClassifier,v1.0
C03182,2026-07-15,0.5151,medium,RandomForestClassifier,v1.0
C03184,2026-07-15,0.5802,medium,RandomForestClassifier,v1.0
C03185,2026-07-15,0.6275,high,RandomForestClassifier,v1.0
C03186,2026-07-15,0.5427,medium,RandomForestClassifier,v1.0
C03187,2026-07-15,0.5217,medium,RandomForestClassifier,v1.0
C03188,2026-07-15,0.5518,medium,RandomForestClassifier,v1.0
C03189,2026-07-15,0.5683,medium,RandomForestClassifier,v1.0
C03190,2026-07-15,0.5363,medium,RandomForestClassifier,v1.0
C03191,2026-07-15,0.4865,medium,RandomForestClassifier,v1.0
C03192,2026-07-15,0.4867,medium,RandomForestClassifier,v1.0
C03193,2026-07-15,0.6133,high,RandomForestClassifier,v1.0
C03194,2026-07-15,0.5475,medium,RandomForestClassifier,v1.0
C03195,2026-07-15,0.5061,medium,RandomForestClassifier,v1.0
C03196,2026-07-15,0.4814,medium,RandomForestClassifier,v1.0
C03197,2026-07-15,0.4819,medium,RandomForestClassifier,v1.0
C03198,2026-07-15,0.4802,medium,RandomForestClassifier,v1.0
C03199,2026-07-15,0.6168,high,RandomForestClassifier,v1.0
C03201,2026-07-15,0.5221,medium,RandomForestClassifier,v1.0
C03202,2026-07-15,0.5838,medium,RandomForestClassifier,v1.0
C03203,2026-07-15,0.5297,medium,RandomForestClassifier,v1.0
C03204,2026-07-15,0.466,medium,RandomForestClassifier,v1.0
C03205,2026-07-15,0.5226,medium,RandomForestClassifier,v1.0
C03206,2026-07-15,0.481,medium,RandomForestClassifier,v1.0
C03207,2026-07-15,0.5098,medium,RandomForestClassifier,v1.0
C03209,2026-07-15,0.5292,medium,RandomForestClassifier,v1.0
C03210,2026-07-15,0.5594,medium,RandomForestClassifier,v1.0
C03211,2026-07-15,0.5526,medium,RandomForestClassifier,v1.0
C03212,2026-07-15,0.6477,high,RandomForestClassifier,v1.0
C03213,2026-07-15,0.4981,medium,RandomForestClassifier,v1.0
C03214,2026-07-15,0.5386,medium,RandomForestClassifier,v1.0
C03215,2026-07-15,0.4578,medium,RandomForestClassifier,v1.0
C03216,2026-07-15,0.4533,medium,RandomForestClassifier,v1.0
C03217,2026-07-15,0.6021,high,RandomForestClassifier,v1.0
C03218,2026-07-15,0.4423,medium,RandomForestClassifier,v1.0
C03219,2026-07-15,0.5104,medium,RandomForestClassifier,v1.0
C03220,2026-07-15,0.5251,medium,RandomForestClassifier,v1.0
C03221,2026-07-15,0.4785,medium,RandomForestClassifier,v1.0
C03222,2026-07-15,0.4983,medium,RandomForestClassifier,v1.0
C03223,2026-07-15,0.4998,medium,RandomForestClassifier,v1.0
C03224,2026-07-15,0.4927,medium,RandomForestClassifier,v1.0
C03225,2026-07-15,0.5454,medium,RandomForestClassifier,v1.0
C03226,2026-07-15,0.5833,medium,RandomForestClassifier,v1.0
C03227,2026-07-15,0.451,medium,RandomForestClassifier,v1.0
C03228,2026-07-15,0.538,medium,RandomForestClassifier,v1.0
C03229,2026-07-15,0.5057,medium,RandomForestClassifier,v1.0
C03230,2026-07-15,0.3359,medium,RandomForestClassifier,v1.0
C03231,2026-07-15,0.5147,medium,RandomForestClassifier,v1.0
C03232,2026-07-15,0.5413,medium,RandomForestClassifier,v1.0
C03233,2026-07-15,0.2262,low,RandomForestClassifier,v1.0
C03234,2026-07-15,0.4427,medium,RandomForestClassifier,v1.0
C03235,2026-07-15,0.5755,medium,RandomForestClassifier,v1.0
C03236,2026-07-15,0.4929,medium,RandomForestClassifier,v1.0
C03237,2026-07-15,0.54,medium,RandomForestClassifier,v1.0
C03238,2026-07-15,0.37,medium,RandomForestClassifier,v1.0
C03239,2026-07-15,0.3853,medium,RandomForestClassifier,v1.0
C03240,2026-07-15,0.6002,high,RandomForestClassifier,v1.0
C03241,2026-07-15,0.5347,medium,RandomForestClassifier,v1.0
C03242,2026-07-15,0.6955,high,RandomForestClassifier,v1.0
C03245,2026-07-15,0.5203,medium,RandomForestClassifier,v1.0
C03246,2026-07-15,0.6031,high,RandomForestClassifier,v1.0
C03247,2026-07-15,0.4998,medium,RandomForestClassifier,v1.0
C03248,2026-07-15,0.4246,medium,RandomForestClassifier,v1.0
C03249,2026-07-15,0.5712,medium,RandomForestClassifier,v1.0
C03251,2026-07-15,0.4409,medium,RandomForestClassifier,v1.0
C03252,2026-07-15,0.5558,medium,RandomForestClassifier,v1.0
C03253,2026-07-15,0.4961,medium,RandomForestClassifier,v1.0
C03254,2026-07-15,0.5621,medium,RandomForestClassifier,v1.0
C03255,2026-07-15,0.5469,medium,RandomForestClassifier,v1.0
C03256,2026-07-15,0.5025,medium,RandomForestClassifier,v1.0
C03257,2026-07-15,0.4972,medium,RandomForestClassifier,v1.0
C03258,2026-07-15,0.5007,medium,RandomForestClassifier,v1.0
C03259,2026-07-15,0.445,medium,RandomForestClassifier,v1.0
C03262,2026-07-15,0.5741,medium,RandomForestClassifier,v1.0
C03264,2026-07-15,0.4836,medium,RandomForestClassifier,v1.0
C03265,2026-07-15,0.5636,medium,RandomForestClassifier,v1.0
C03266,2026-07-15,0.474,medium,RandomForestClassifier,v1.0
C03267,2026-07-15,0.5096,medium,RandomForestClassifier,v1.0
C03268,2026-07-15,0.4802,medium,RandomForestClassifier,v1.0
C03269,2026-07-15,0.5288,medium,RandomForestClassifier,v1.0
C03270,2026-07-15,0.4083,medium,RandomForestClassifier,v1.0
C03271,2026-07-15,0.4888,medium,RandomForestClassifier,v1.0
C03272,2026-07-15,0.4988,medium,RandomForestClassifier,v1.0
C03273,2026-07-15,0.4886,medium,RandomForestClassifier,v1.0
C03274,2026-07-15,0.5918,medium,RandomForestClassifier,v1.0
C03275,2026-07-15,0.5135,medium,RandomForestClassifier,v1.0
C03276,2026-07-15,0.6564,high,RandomForestClassifier,v1.0
C03278,2026-07-15,0.5797,medium,RandomForestClassifier,v1.0
C03279,2026-07-15,0.6145,high,RandomForestClassifier,v1.0
C03280,2026-07-15,0.5958,medium,RandomForestClassifier,v1.0
C03281,2026-07-15,0.5355,medium,RandomForestClassifier,v1.0
C03282,2026-07-15,0.469,medium,RandomForestClassifier,v1.0
C03283,2026-07-15,0.5319,medium,RandomForestClassifier,v1.0
C03284,2026-07-15,0.5343,medium,RandomForestClassifier,v1.0
C03285,2026-07-15,0.2641,low,RandomForestClassifier,v1.0
C03286,2026-07-15,0.4751,medium,RandomForestClassifier,v1.0
C03287,2026-07-15,0.5591,medium,RandomForestClassifier,v1.0
C03288,2026-07-15,0.5265,medium,RandomForestClassifier,v1.0
C03289,2026-07-15,0.62,high,RandomForestClassifier,v1.0
C03290,2026-07-15,0.4946,medium,RandomForestClassifier,v1.0
C03291,2026-07-15,0.5175,medium,RandomForestClassifier,v1.0
C03292,2026-07-15,0.4283,medium,RandomForestClassifier,v1.0
C03294,2026-07-15,0.3864,medium,RandomForestClassifier,v1.0
C03295,2026-07-15,0.4209,medium,RandomForestClassifier,v1.0
C03296,2026-07-15,0.5096,medium,RandomForestClassifier,v1.0
C03297,2026-07-15,0.5023,medium,RandomForestClassifier,v1.0
C03298,2026-07-15,0.4798,medium,RandomForestClassifier,v1.0
C03299,2026-07-15,0.4274,medium,RandomForestClassifier,v1.0
C03300,2026-07-15,0.4958,medium,RandomForestClassifier,v1.0
C03301,2026-07-15,0.5298,medium,RandomForestClassifier,v1.0
C03302,2026-07-15,0.5819,medium,RandomForestClassifier,v1.0
C03303,2026-07-15,0.5707,medium,RandomForestClassifier,v1.0
C03304,2026-07-15,0.5182,medium,RandomForestClassifier,v1.0
C03305,2026-07-15,0.573,medium,RandomForestClassifier,v1.0
C03307,2026-07-15,0.485,medium,RandomForestClassifier,v1.0
C03308,2026-07-15,0.572,medium,RandomForestClassifier,v1.0
C03309,2026-07-15,0.5086,medium,RandomForestClassifier,v1.0
C03310,2026-07-15,0.5133,medium,RandomForestClassifier,v1.0
C03311,2026-07-15,0.521,medium,RandomForestClassifier,v1.0
C03312,2026-07-15,0.5002,medium,RandomForestClassifier,v1.0
C03313,2026-07-15,0.5235,medium,RandomForestClassifier,v1.0
C03315,2026-07-15,0.4313,medium,RandomForestClassifier,v1.0
C03317,2026-07-15,0.525,medium,RandomForestClassifier,v1.0
C03319,2026-07-15,0.5635,medium,RandomForestClassifier,v1.0
C03320,2026-07-15,0.4065,medium,RandomForestClassifier,v1.0
C03321,2026-07-15,0.4533,medium,RandomForestClassifier,v1.0
C03322,2026-07-15,0.4493,medium,RandomForestClassifier,v1.0
C03323,2026-07-15,0.5001,medium,RandomForestClassifier,v1.0
C03324,2026-07-15,0.6088,high,RandomForestClassifier,v1.0
C03325,2026-07-15,0.4892,medium,RandomForestClassifier,v1.0
C03326,2026-07-15,0.4785,medium,RandomForestClassifier,v1.0
C03327,2026-07-15,0.4969,medium,RandomForestClassifier,v1.0
C03328,2026-07-15,0.469,medium,RandomForestClassifier,v1.0
C03329,2026-07-15,0.5178,medium,RandomForestClassifier,v1.0
C03330,2026-07-15,0.49,medium,RandomForestClassifier,v1.0
C03331,2026-07-15,0.513,medium,RandomForestClassifier,v1.0
C03332,2026-07-15,0.5293,medium,RandomForestClassifier,v1.0
C03333,2026-07-15,0.5275,medium,RandomForestClassifier,v1.0
C03334,2026-07-15,0.4662,medium,RandomForestClassifier,v1.0
C03335,2026-07-15,0.493,medium,RandomForestClassifier,v1.0
C03336,2026-07-15,0.5345,medium,RandomForestClassifier,v1.0
C03337,2026-07-15,0.3292,medium,RandomForestClassifier,v1.0
C03338,2026-07-15,0.57,medium,RandomForestClassifier,v1.0
C03339,2026-07-15,0.4794,medium,RandomForestClassifier,v1.0
C03340,2026-07-15,0.5145,medium,RandomForestClassifier,v1.0
C03341,2026-07-15,0.5666,medium,RandomForestClassifier,v1.0
C03342,2026-07-15,0.4981,medium,RandomForestClassifier,v1.0
C03343,2026-07-15,0.5299,medium,RandomForestClassifier,v1.0
C03344,2026-07-15,0.5677,medium,RandomForestClassifier,v1.0
C03345,2026-07-15,0.5009,medium,RandomForestClassifier,v1.0
C03347,2026-07-15,0.5574,medium,RandomForestClassifier,v1.0
C03348,2026-07-15,0.5473,medium,RandomForestClassifier,v1.0
C03349,2026-07-15,0.5713,medium,RandomForestClassifier,v1.0
C03350,2026-07-15,0.4577,medium,RandomForestClassifier,v1.0
C03351,2026-07-15,0.4853,medium,RandomForestClassifier,v1.0
C03352,2026-07-15,0.6163,high,RandomForestClassifier,v1.0
C03353,2026-07-15,0.4993,medium,RandomForestClassifier,v1.0
C03356,2026-07-15,0.5006,medium,RandomForestClassifier,v1.0
C03357,2026-07-15,0.4959,medium,RandomForestClassifier,v1.0
C03358,2026-07-15,0.5075,medium,RandomForestClassifier,v1.0
C03359,2026-07-15,0.5947,medium,RandomForestClassifier,v1.0
C03360,2026-07-15,0.4866,medium,RandomForestClassifier,v1.0
C03361,2026-07-15,0.4864,medium,RandomForestClassifier,v1.0
C03362,2026-07-15,0.4822,medium,RandomForestClassifier,v1.0
C03363,2026-07-15,0.5291,medium,RandomForestClassifier,v1.0
C03364,2026-07-15,0.4931,medium,RandomForestClassifier,v1.0
C03365,2026-07-15,0.5119,medium,RandomForestClassifier,v1.0
C03366,2026-07-15,0.5456,medium,RandomForestClassifier,v1.0
C03367,2026-07-15,0.4434,medium,RandomForestClassifier,v1.0
C03368,2026-07-15,0.5817,medium,RandomForestClassifier,v1.0
C03370,2026-07-15,0.531,medium,RandomForestClassifier,v1.0
C03371,2026-07-15,0.5107,medium,RandomForestClassifier,v1.0
C03372,2026-07-15,0.6536,high,RandomForestClassifier,v1.0
C03373,2026-07-15,0.2724,low,RandomForestClassifier,v1.0
C03374,2026-07-15,0.5336,medium,RandomForestClassifier,v1.0
C03375,2026-07-15,0.6141,high,RandomForestClassifier,v1.0
C03376,2026-07-15,0.4036,medium,RandomForestClassifier,v1.0
C03377,2026-07-15,0.4972,medium,RandomForestClassifier,v1.0
C03378,2026-07-15,0.5366,medium,RandomForestClassifier,v1.0
C03379,2026-07-15,0.5155,medium,RandomForestClassifier,v1.0
C03380,2026-07-15,0.5136,medium,RandomForestClassifier,v1.0
C03381,2026-07-15,0.5126,medium,RandomForestClassifier,v1.0
C03382,2026-07-15,0.5477,medium,RandomForestClassifier,v1.0
C03384,2026-07-15,0.5375,medium,RandomForestClassifier,v1.0
C03385,2026-07-15,0.5129,medium,RandomForestClassifier,v1.0
C03386,2026-07-15,0.5713,medium,RandomForestClassifier,v1.0
C03387,2026-07-15,0.5092,medium,RandomForestClassifier,v1.0
C03388,2026-07-15,0.6958,high,RandomForestClassifier,v1.0
C03389,2026-07-15,0.5802,medium,RandomForestClassifier,v1.0
C03390,2026-07-15,0.5558,medium,RandomForestClassifier,v1.0
C03391,2026-07-15,0.4689,medium,RandomForestClassifier,v1.0
C03392,2026-07-15,0.5024,medium,RandomForestClassifier,v1.0
C03393,2026-07-15,0.5088,medium,RandomForestClassifier,v1.0
C03394,2026-07-15,0.5113,medium,RandomForestClassifier,v1.0
C03396,2026-07-15,0.5227,medium,RandomForestClassifier,v1.0
C03397,2026-07-15,0.5777,medium,RandomForestClassifier,v1.0
C03398,2026-07-15,0.5517,medium,RandomForestClassifier,v1.0
C03399,2026-07-15,0.5439,medium,RandomForestClassifier,v1.0
C03400,2026-07-15,0.4836,medium,RandomForestClassifier,v1.0
C03402,2026-07-15,0.5222,medium,RandomForestClassifier,v1.0
C03403,2026-07-15,0.4931,medium,RandomForestClassifier,v1.0
C03404,2026-07-15,0.582,medium,RandomForestClassifier,v1.0
C03405,2026-07-15,0.5139,medium,RandomForestClassifier,v1.0
C03406,2026-07-15,0.5093,medium,RandomForestClassifier,v1.0
C03407,2026-07-15,0.5004,medium,RandomForestClassifier,v1.0
C03408,2026-07-15,0.4784,medium,RandomForestClassifier,v1.0
C03409,2026-07-15,0.4273,medium,RandomForestClassifier,v1.0
C03410,2026-07-15,0.6137,high,RandomForestClassifier,v1.0
C03412,2026-07-15,0.6047,high,RandomForestClassifier,v1.0
C03413,2026-07-15,0.5307,medium,RandomForestClassifier,v1.0
C03414,2026-07-15,0.4981,medium,RandomForestClassifier,v1.0
C03415,2026-07-15,0.5347,medium,RandomForestClassifier,v1.0
C03416,2026-07-15,0.5073,medium,RandomForestClassifier,v1.0
C03417,2026-07-15,0.5485,medium,RandomForestClassifier,v1.0
C03418,2026-07-15,0.4308,medium,RandomForestClassifier,v1.0
C03419,2026-07-15,0.55,medium,RandomForestClassifier,v1.0
C03421,2026-07-15,0.5393,medium,RandomForestClassifier,v1.0
C03422,2026-07-15,0.6816,high,RandomForestClassifier,v1.0
C03423,2026-07-15,0.482,medium,RandomForestClassifier,v1.0
C03424,2026-07-15,0.5036,medium,RandomForestClassifier,v1.0
C03425,2026-07-15,0.5833,medium,RandomForestClassifier,v1.0
C03426,2026-07-15,0.4907,medium,RandomForestClassifier,v1.0
C03427,2026-07-15,0.5645,medium,RandomForestClassifier,v1.0
C03429,2026-07-15,0.5571,medium,RandomForestClassifier,v1.0
C03430,2026-07-15,0.5317,medium,RandomForestClassifier,v1.0
C03431,2026-07-15,0.5309,medium,RandomForestClassifier,v1.0
C03432,2026-07-15,0.5298,medium,RandomForestClassifier,v1.0
C03433,2026-07-15,0.5258,medium,RandomForestClassifier,v1.0
C03434,2026-07-15,0.5157,medium,RandomForestClassifier,v1.0
C03435,2026-07-15,0.3897,medium,RandomForestClassifier,v1.0
C03436,2026-07-15,0.5367,medium,RandomForestClassifier,v1.0
C03438,2026-07-15,0.4264,medium,RandomForestClassifier,v1.0
C03439,2026-07-15,0.4808,medium,RandomForestClassifier,v1.0
C03440,2026-07-15,0.5501,medium,RandomForestClassifier,v1.0
C03441,2026-07-15,0.4904,medium,RandomForestClassifier,v1.0
C03442,2026-07-15,0.5267,medium,RandomForestClassifier,v1.0
C03443,2026-07-15,0.5058,medium,RandomForestClassifier,v1.0
C03444,2026-07-15,0.4444,medium,RandomForestClassifier,v1.0
C03445,2026-07-15,0.4809,medium,RandomForestClassifier,v1.0
C03446,2026-07-15,0.5433,medium,RandomForestClassifier,v1.0
C03448,2026-07-15,0.4775,medium,RandomForestClassifier,v1.0
C03449,2026-07-15,0.4343,medium,RandomForestClassifier,v1.0
C03450,2026-07-15,0.5655,medium,RandomForestClassifier,v1.0
C03451,2026-07-15,0.5104,medium,RandomForestClassifier,v1.0
C03452,2026-07-15,0.5109,medium,RandomForestClassifier,v1.0
C03453,2026-07-15,0.5692,medium,RandomForestClassifier,v1.0
C03454,2026-07-15,0.5,medium,RandomForestClassifier,v1.0
C03455,2026-07-15,0.4907,medium,RandomForestClassifier,v1.0
C03456,2026-07-15,0.5243,medium,RandomForestClassifier,v1.0
C03457,2026-07-15,0.6692,high,RandomForestClassifier,v1.0
C03458,2026-07-15,0.5157,medium,RandomForestClassifier,v1.0
C03459,2026-07-15,0.64,high,RandomForestClassifier,v1.0
C03460,2026-07-15,0.5191,medium,RandomForestClassifier,v1.0
C03461,2026-07-15,0.3793,medium,RandomForestClassifier,v1.0
C03462,2026-07-15,0.5052,medium,RandomForestClassifier,v1.0
C03463,2026-07-15,0.5166,medium,RandomForestClassifier,v1.0
C03464,2026-07-15,0.5081,medium,RandomForestClassifier,v1.0
C03465,2026-07-15,0.5272,medium,RandomForestClassifier,v1.0
C03466,2026-07-15,0.4519,medium,RandomForestClassifier,v1.0
C03467,2026-07-15,0.5146,medium,RandomForestClassifier,v1.0
C03468,2026-07-15,0.5205,medium,RandomForestClassifier,v1.0
C03471,2026-07-15,0.4096,medium,RandomForestClassifier,v1.0
C03472,2026-07-15,0.4747,medium,RandomForestClassifier,v1.0
C03473,2026-07-15,0.6469,high,RandomForestClassifier,v1.0
C03474,2026-07-15,0.6103,high,RandomForestClassifier,v1.0
C03476,2026-07-15,0.4819,medium,RandomForestClassifier,v1.0
C03477,2026-07-15,0.5041,medium,RandomForestClassifier,v1.0
C03478,2026-07-15,0.4932,medium,RandomForestClassifier,v1.0
C03481,2026-07-15,0.5382,medium,RandomForestClassifier,v1.0
C03482,2026-07-15,0.5019,medium,RandomForestClassifier,v1.0
C03483,2026-07-15,0.5089,medium,RandomForestClassifier,v1.0
C03484,2026-07-15,0.489,medium,RandomForestClassifier,v1.0
C03486,2026-07-15,0.5146,medium,RandomForestClassifier,v1.0
C03487,2026-07-15,0.5588,medium,RandomForestClassifier,v1.0
C03488,2026-07-15,0.5296,medium,RandomForestClassifier,v1.0
C03489,2026-07-15,0.5166,medium,RandomForestClassifier,v1.0
C03490,2026-07-15,0.6153,high,RandomForestClassifier,v1.0
C03491,2026-07-15,0.5503,medium,RandomForestClassifier,v1.0
C03492,2026-07-15,0.5776,medium,RandomForestClassifier,v1.0
C03494,2026-07-15,0.4964,medium,RandomForestClassifier,v1.0
C03495,2026-07-15,0.4956,medium,RandomForestClassifier,v1.0
C03497,2026-07-15,0.5186,medium,RandomForestClassifier,v1.0
C03498,2026-07-15,0.4626,medium,RandomForestClassifier,v1.0
C03500,2026-07-15,0.5497,medium,RandomForestClassifier,v1.0
