customer_id,customer_name,customer_type,city,signup_date
C03276,Customer_C03276,Repeat,Noida,2025-01-15
C03269,Customer_C03269,Repeat,Prayagraj,2025-01-15
C02166,Customer_C02166,Repeat,Noida,2025-01-15
C03172,Customer_C03172,Repeat,Lucknow,2025-01-15
C00105,Customer_C00105,Repeat,Patna,2025-01-15
C00662,Customer_C00662,Repeat,Kanpur,2025-01-15
C02187,Customer_C02187,Repeat,Kanpur,2025-01-15
C00176,Customer_C00176,Repeat,Agra,2025-01-15
C00536,Customer_C00536,Repeat,Jaipur,2025-01-15
C01962,Customer_C01962,Repeat,Lucknow,2025-01-15
C02730,Customer_C02730,Repeat,Agra,2025-01-15
C01969,Customer_C01969,Repeat,Noida,2025-01-15
C01672,Customer_C01672,Repeat,Agra,2025-01-15
C00724,Customer_C00724,Repeat,Varanasi,2025-01-15
C02975,Customer_C02975,Repeat,Lucknow,2025-01-15
C00066,Customer_C00066,Repeat,Lucknow,2025-01-15
C02826,Customer_C02826,Repeat,Noida,2025-01-15
C01369,Customer_C01369,Repeat,Noida,2025-01-15
C00767,Customer_C00767,Repeat,Prayagraj,2025-01-15
C01458,Customer_C01458,Repeat,Jaipur,2025-01-15
C02072,Customer_C02072,Repeat,Varanasi,2025-01-15
C02989,Customer_C02989,Repeat,Noida,2025-01-15
C00360,Customer_C00360,Repeat,Jaipur,2025-01-15
C02370,Customer_C02370,New,Patna,2025-01-15
C01230,Customer_C01230,Repeat,Lucknow,2025-01-15
C01232,Customer_C01232,Repeat,Prayagraj,2025-01-15
C02793,Customer_C02793,Repeat,Lucknow,2025-01-15
C03459,Customer_C03459,Repeat,Lucknow,2025-01-15
C00871,Customer_C00871,Repeat,Noida,2025-01-15
C01158,Customer_C01158,Repeat,Prayagraj,2025-01-15
C00040,Customer_C00040,Repeat,Varanasi,2025-01-15
C00361,Customer_C00361,Repeat,Noida,2025-01-15
C00030,Customer_C00030,Repeat,Gorakhpur,2025-01-15
C00629,Customer_C00629,New,Lucknow,2025-01-15
C00347,Customer_C00347,Repeat,Gorakhpur,2025-01-15
C01920,Customer_C01920,Repeat,Jaipur,2025-01-15
C02475,Customer_C02475,Repeat,Agra,2025-01-15
C01756,Customer_C01756,Repeat,Agra,2025-01-15
C02030,Customer_C02030,Repeat,Patna,2025-01-15
C02906,Customer_C02906,New,Delhi,2025-01-15
C01184,Customer_C01184,Repeat,Lucknow,2025-01-15
C03442,Customer_C03442,Repeat,Agra,2025-01-15
C00865,Customer_C00865,Repeat,Jaipur,2025-01-15
C02141,Customer_C02141,Repeat,Prayagraj,2025-01-15
C01466,Customer_C01466,Repeat,Gorakhpur,2025-01-15
C01477,Customer_C01477,Repeat,Noida,2025-01-15
C02067,Customer_C02067,Repeat,Prayagraj,2025-01-15
C00926,Customer_C00926,Repeat,Kanpur,2025-01-15
C01192,Customer_C01192,Repeat,Prayagraj,2025-01-15
C01249,Customer_C01249,Repeat,Gorakhpur,2025-01-15
C03123,Customer_C03123,Repeat,Gorakhpur,2025-01-15
C00055,Customer_C00055,Repeat,Lucknow,2025-01-15
C01644,Customer_C01644,Repeat,Varanasi,2025-01-15
C01853,Customer_C01853,Repeat,Lucknow,2025-01-15
C02929,Customer_C02929,Repeat,Varanasi,2025-01-15
C02786,Customer_C02786,Repeat,Lucknow,2025-01-15
C02101,Customer_C02101,New,Lucknow,2025-01-15
C02840,Customer_C02840,Repeat,Kanpur,2025-01-15
C00290,Customer_C00290,Repeat,Prayagraj,2025-01-15
C02649,Customer_C02649,Repeat,Lucknow,2025-01-15
C01063,Customer_C01063,Repeat,Gorakhpur,2025-01-15
C01081,Customer_C01081,Repeat,Lucknow,2025-01-15
C00444,Customer_C00444,New,Prayagraj,2025-01-15
C00606,Customer_C00606,Repeat,Prayagraj,2025-01-15
C00147,Customer_C00147,Repeat,Lucknow,2025-01-15
C02683,Customer_C02683,Repeat,Lucknow,2025-01-15
C01490,Customer_C01490,Repeat,Lucknow,2025-01-15
C01603,Customer_C01603,Repeat,Kanpur,2025-01-15
C01679,Customer_C01679,Repeat,Noida,2025-01-15
C03298,Customer_C03298,Repeat,Gorakhpur,2025-01-15
C02440,Customer_C02440,Repeat,Lucknow,2025-01-15
C00219,Customer_C00219,Repeat,Lucknow,2025-01-15
C02647,Customer_C02647,Repeat,Jaipur,2025-01-15
C01472,Customer_C01472,Repeat,Lucknow,2025-01-15
C00001,Customer_C00001,Repeat,Agra,2025-01-15
C01026,Customer_C01026,Repeat,Kanpur,2025-01-15
C03498,Customer_C03498,Repeat,Prayagraj,2025-01-15
C01814,Customer_C01814,Repeat,Kanpur,2025-01-15
C03465,Customer_C03465,Repeat,Noida,2025-01-15
C00112,Customer_C00112,Repeat,Lucknow,2025-01-15
C02321,Customer_C02321,Repeat,Lucknow,2025-01-15
C00638,Customer_C00638,Repeat,Gorakhpur,2025-01-15
C00995,Customer_C00995,Repeat,Kanpur,2025-01-15
C02652,Customer_C02652,Repeat,Noida,2025-01-15
C02571,Customer_C02571,Repeat,Varanasi,2025-01-15
C02509,Customer_C02509,Repeat,Lucknow,2025-01-15
C03003,Customer_C03003,Repeat,Kanpur,2025-01-15
C02007,Customer_C02007,Repeat,Lucknow,2025-01-15
C01804,Customer_C01804,Repeat,Kanpur,2025-01-15
C02035,Customer_C02035,Repeat,Noida,2025-01-15
C02995,Customer_C02995,Repeat,Gorakhpur,2025-01-15
C00792,Customer_C00792,Repeat,Agra,2025-01-15
C02021,Customer_C02021,Repeat,Lucknow,2025-01-15
C02672,Customer_C02672,Repeat,Prayagraj,2025-01-15
C02916,Customer_C02916,Repeat,Gorakhpur,2025-01-15
C02414,Customer_C02414,Repeat,Noida,2025-01-15
C01310,Customer_C01310,Repeat,Prayagraj,2025-01-15
C00900,Customer_C00900,New,Noida,2025-01-15
C01701,Customer_C01701,Repeat,Prayagraj,2025-01-15
C02073,Customer_C02073,Repeat,Varanasi,2025-01-15
C02246,Customer_C02246,Repeat,Varanasi,2025-01-15
C02994,Customer_C02994,Repeat,Lucknow,2025-01-15
C02094,Customer_C02094,Repeat,Prayagraj,2025-01-15
C02586,Customer_C02586,Repeat,Noida,2025-01-15
C01045,Customer_C01045,Repeat,Kanpur,2025-01-15
C03103,Customer_C03103,Repeat,Lucknow,2025-01-15
C01066,Customer_C01066,Repeat,Kanpur,2025-01-15
C02752,Customer_C02752,Repeat,Noida,2025-01-15
C02890,Customer_C02890,Repeat,Gorakhpur,2025-01-15
C00280,Customer_C00280,Repeat,Varanasi,2025-01-15
C01866,Customer_C01866,Repeat,Noida,2025-01-15
C00675,Customer_C00675,Repeat,Lucknow,2025-01-15
C00520,Customer_C00520,Repeat,Gorakhpur,2025-01-15
C02081,Customer_C02081,Repeat,Noida,2025-01-15
C02977,Customer_C02977,Repeat,Noida,2025-01-15
C00932,Customer_C00932,Repeat,Patna,2025-01-15
C01541,Customer_C01541,Repeat,Noida,2025-01-15
C03319,Customer_C03319,Repeat,Lucknow,2025-01-15
C03088,Customer_C03088,Repeat,Varanasi,2025-01-15
C02671,Customer_C02671,Repeat,Lucknow,2025-01-15
C02894,Customer_C02894,Repeat,Kanpur,2025-01-15
C01485,Customer_C01485,Repeat,Agra,2025-01-15
C01372,Customer_C01372,Repeat,Noida,2025-01-15
C02588,Customer_C02588,Repeat,Noida,2025-01-15
C03435,Customer_C03435,Repeat,Varanasi,2025-01-15
C02112,Customer_C02112,Repeat,Noida,2025-01-15
C02805,Customer_C02805,Repeat,Kanpur,2025-01-15
C02411,Customer_C02411,Repeat,Noida,2025-01-15
C01977,Customer_C01977,Repeat,Varanasi,2025-01-15
C00427,Customer_C00427,Repeat,Kanpur,2025-01-15
C00853,Customer_C00853,Repeat,Gorakhpur,2025-01-15
C01075,Customer_C01075,Repeat,Prayagraj,2025-01-15
C00761,Customer_C00761,Repeat,Prayagraj,2025-01-15
C02764,Customer_C02764,Repeat,Kanpur,2025-01-15
C03190,Customer_C03190,Repeat,Prayagraj,2025-01-15
C00798,Customer_C00798,Repeat,Gorakhpur,2025-01-15
C01674,Customer_C01674,Repeat,Lucknow,2025-01-15
C00849,Customer_C00849,Repeat,Gorakhpur,2025-01-15
C00059,Customer_C00059,Repeat,Prayagraj,2025-01-15
C01409,Customer_C01409,Repeat,Prayagraj,2025-01-15
C02903,Customer_C02903,Repeat,Kanpur,2025-01-15
C00585,Customer_C00585,Repeat,Agra,2025-01-15
C02556,Customer_C02556,Repeat,Agra,2025-01-15
C01806,Customer_C01806,Repeat,Jaipur,2025-01-15
C02125,Customer_C02125,Repeat,Noida,2025-01-15
C00912,Customer_C00912,Repeat,Noida,2025-01-15
C02558,Customer_C02558,Repeat,Lucknow,2025-01-15
C00547,Customer_C00547,Repeat,Gorakhpur,2025-01-15
C00788,Customer_C00788,Repeat,Jaipur,2025-01-15
C01529,Customer_C01529,Repeat,Patna,2025-01-15
C02958,Customer_C02958,Repeat,Agra,2025-01-15
C02992,Customer_C02992,Repeat,Kanpur,2025-01-15
C03396,Customer_C03396,Repeat,Lucknow,2025-01-15
C02223,Customer_C02223,Repeat,Varanasi,2025-01-15
C00139,Customer_C00139,Repeat,Agra,2025-01-15
C01574,Customer_C01574,Repeat,Kanpur,2025-01-15
C02631,Customer_C02631,Repeat,Kanpur,2025-01-15
C03047,Customer_C03047,Repeat,Lucknow,2025-01-15
C01169,Customer_C01169,Repeat,Kanpur,2025-01-15
C00715,Customer_C00715,Repeat,Noida,2025-01-15
C03280,Customer_C03280,Repeat,Kanpur,2025-01-15
C02127,Customer_C02127,Repeat,Prayagraj,2025-01-15
C01791,Customer_C01791,Repeat,Varanasi,2025-01-15
C01423,Customer_C01423,Repeat,Prayagraj,2025-01-15
C02288,Customer_C02288,Repeat,Noida,2025-01-15
C03430,Customer_C03430,Repeat,Varanasi,2025-01-15
C01304,Customer_C01304,Repeat,Lucknow,2025-01-15
C00752,Customer_C00752,Repeat,Gorakhpur,2025-01-15
C00904,Customer_C00904,Repeat,Lucknow,2025-01-15
C00346,Customer_C00346,Repeat,Gorakhpur,2025-01-15
C00457,Customer_C00457,Repeat,Gorakhpur,2025-01-15
C02447,Customer_C02447,Repeat,Noida,2025-01-15
C01503,Customer_C01503,Repeat,Lucknow,2025-01-15
C02574,Customer_C02574,Repeat,Lucknow,2025-01-15
C00325,Customer_C00325,Repeat,Agra,2025-01-15
C01103,Customer_C01103,New,Kanpur,2025-01-15
C00644,Customer_C00644,Repeat,Gorakhpur,2025-01-15
C03049,Customer_C03049,New,Varanasi,2025-01-15
C02295,Customer_C02295,Repeat,Prayagraj,2025-01-15
C00254,Customer_C00254,Repeat,Kanpur,2025-01-15
C00673,Customer_C00673,Repeat,Prayagraj,2025-01-15
C03023,Customer_C03023,Repeat,Noida,2025-01-15
C01097,Customer_C01097,Repeat,Lucknow,2025-01-15
C00384,Customer_C00384,Repeat,Noida,2025-01-15
C03113,Customer_C03113,Repeat,Agra,2025-01-15
C01238,Customer_C01238,Repeat,Lucknow,2025-01-15
C00768,Customer_C00768,Repeat,Prayagraj,2025-01-15
C03109,Customer_C03109,Repeat,Lucknow,2025-01-15
C00249,Customer_C00249,Repeat,Prayagraj,2025-01-15
C02841,Customer_C02841,Repeat,Kanpur,2025-01-15
C03177,Customer_C03177,Repeat,Lucknow,2025-01-15
C00019,Customer_C00019,Repeat,Noida,2025-01-15
C02889,Customer_C02889,Repeat,Prayagraj,2025-01-15
C01502,Customer_C01502,New,Noida,2025-01-15
C03432,Customer_C03432,Repeat,Agra,2025-01-15
C03342,Customer_C03342,Repeat,Noida,2025-01-15
C00540,Customer_C00540,Repeat,Lucknow,2025-01-15
C01517,Customer_C01517,Repeat,Lucknow,2025-01-15
C02079,Customer_C02079,Repeat,Noida,2025-01-15
C02789,Customer_C02789,New,Jaipur,2025-01-15
C01719,Customer_C01719,Repeat,Noida,2025-01-15
C03044,Customer_C03044,Repeat,Gorakhpur,2025-01-15
C03136,Customer_C03136,Repeat,Gorakhpur,2025-01-15
C02281,Customer_C02281,Repeat,Prayagraj,2025-01-15
C00888,Customer_C00888,Repeat,Noida,2025-01-15
C01981,Customer_C01981,New,Noida,2025-01-15
C01781,Customer_C01781,Repeat,Lucknow,2025-01-15
C00569,Customer_C00569,Repeat,Noida,2025-01-15
C02132,Customer_C02132,Repeat,Agra,2025-01-15
C00528,Customer_C00528,Repeat,Lucknow,2025-01-15
C02523,Customer_C02523,Repeat,Agra,2025-01-15
C00251,Customer_C00251,Repeat,Agra,2025-01-15
C02001,Customer_C02001,Repeat,Kanpur,2025-01-15
C01246,Customer_C01246,Repeat,Noida,2025-01-15
C03450,Customer_C03450,Repeat,Varanasi,2025-01-15
C00656,Customer_C00656,Repeat,Jaipur,2025-01-15
C02216,Customer_C02216,Repeat,Lucknow,2025-01-15
C01665,Customer_C01665,Repeat,Noida,2025-01-15
C00422,Customer_C00422,Repeat,Prayagraj,2025-01-15
C03107,Customer_C03107,Repeat,Gorakhpur,2025-01-15
C02831,Customer_C02831,Repeat,Noida,2025-01-15
C01154,Customer_C01154,Repeat,Agra,2025-01-15
C02318,Customer_C02318,New,Noida,2025-01-15
C02276,Customer_C02276,Repeat,Noida,2025-01-15
C01359,Customer_C01359,Repeat,Noida,2025-01-15
C01229,Customer_C01229,Repeat,Varanasi,2025-01-15
C01891,Customer_C01891,Repeat,Jaipur,2025-01-15
C02729,Customer_C02729,Repeat,Lucknow,2025-01-15
C03001,Customer_C03001,Repeat,Agra,2025-01-15
C02082,Customer_C02082,Repeat,Lucknow,2025-01-15
C02070,Customer_C02070,Repeat,Kanpur,2025-01-15
C02708,Customer_C02708,Repeat,Lucknow,2025-01-15
C01743,Customer_C01743,Repeat,Gorakhpur,2025-01-15
C02560,Customer_C02560,Repeat,Lucknow,2025-01-15
C02346,Customer_C02346,Repeat,Lucknow,2025-01-15
C01675,Customer_C01675,Repeat,Prayagraj,2025-01-15
C01946,Customer_C01946,Repeat,Noida,2025-01-15
C01525,Customer_C01525,Repeat,Varanasi,2025-01-15
C00394,Customer_C00394,Repeat,Kanpur,2025-01-15
C02146,Customer_C02146,Repeat,Kanpur,2025-01-15
C02947,Customer_C02947,Repeat,Agra,2025-01-15
C03289,Customer_C03289,Repeat,Delhi,2025-01-15
C00025,Customer_C00025,Repeat,Prayagraj,2025-01-15
C00643,Customer_C00643,Repeat,Prayagraj,2025-01-15
C01007,Customer_C01007,Repeat,Kanpur,2025-01-15
C01079,Customer_C01079,Repeat,Jaipur,2025-01-15
C03005,Customer_C03005,Repeat,Lucknow,2025-01-15
C00812,Customer_C00812,Repeat,Noida,2025-01-15
C03125,Customer_C03125,Repeat,Lucknow,2025-01-15
C02462,Customer_C02462,Repeat,Noida,2025-01-15
C02332,Customer_C02332,Repeat,Gorakhpur,2025-01-15
C00818,Customer_C00818,Repeat,Noida,2025-01-15
C03166,Customer_C03166,Repeat,Prayagraj,2025-01-15
C00740,Customer_C00740,Repeat,Gorakhpur,2025-01-15
C02514,Customer_C02514,Repeat,Gorakhpur,2025-01-15
C03223,Customer_C03223,Repeat,Kanpur,2025-01-15
C00497,Customer_C00497,New,Agra,2025-01-15
C00004,Customer_C00004,Repeat,Lucknow,2025-01-15
C00759,Customer_C00759,Repeat,Kanpur,2025-01-15
C00321,Customer_C00321,Repeat,Gorakhpur,2025-01-15
C01840,Customer_C01840,Repeat,Agra,2025-01-15
C01688,Customer_C01688,New,Noida,2025-01-15
C03070,Customer_C03070,Repeat,Noida,2025-01-15
C03382,Customer_C03382,Repeat,Jaipur,2025-01-15
C01404,Customer_C01404,Repeat,Varanasi,2025-01-15
C01908,Customer_C01908,Repeat,Noida,2025-01-15
C02014,Customer_C02014,Repeat,Kanpur,2025-01-15
C01120,Customer_C01120,Repeat,Jaipur,2025-01-15
C00191,Customer_C00191,Repeat,Noida,2025-01-15
C02662,Customer_C02662,Repeat,Lucknow,2025-01-15
C00246,Customer_C00246,Repeat,Lucknow,2025-01-15
C01979,Customer_C01979,Repeat,Varanasi,2025-01-15
C01911,Customer_C01911,Repeat,Agra,2025-01-15
C02705,Customer_C02705,Repeat,Kanpur,2025-01-15
C01019,Customer_C01019,Repeat,Varanasi,2025-01-15
C00797,Customer_C00797,Repeat,Lucknow,2025-01-15
C00737,Customer_C00737,Repeat,Noida,2025-01-15
C01481,Customer_C01481,Repeat,Agra,2025-01-15
C01039,Customer_C01039,Repeat,Prayagraj,2025-01-15
C03146,Customer_C03146,Repeat,Prayagraj,2025-01-15
C00002,Customer_C00002,Repeat,Lucknow,2025-01-15
C00103,Customer_C00103,Repeat,Gorakhpur,2025-01-15
C00096,Customer_C00096,Repeat,Noida,2025-01-15
C03304,Customer_C03304,Repeat,Prayagraj,2025-01-15
C00409,Customer_C00409,Repeat,Noida,2025-01-15
C01591,Customer_C01591,Repeat,Lucknow,2025-01-15
C01125,Customer_C01125,New,Jaipur,2025-01-15
C03433,Customer_C03433,Repeat,Varanasi,2025-01-15
C01621,Customer_C01621,Repeat,Kanpur,2025-01-15
C00393,Customer_C00393,Repeat,Prayagraj,2025-01-15
C01823,Customer_C01823,Repeat,Varanasi,2025-01-15
C00190,Customer_C00190,Repeat,Agra,2025-01-15
C00549,Customer_C00549,Repeat,Agra,2025-01-15
C00762,Customer_C00762,Repeat,Prayagraj,2025-01-15
C02018,Customer_C02018,Repeat,Lucknow,2025-01-15
C02604,Customer_C02604,Repeat,Lucknow,2025-01-15
C02742,Customer_C02742,Repeat,Lucknow,2025-01-15
C00750,Customer_C00750,Repeat,Noida,2025-01-15
C02749,Customer_C02749,Repeat,Prayagraj,2025-01-15
C01594,Customer_C01594,New,Prayagraj,2025-01-15
C01993,Customer_C01993,Repeat,Noida,2025-01-15
C01009,Customer_C01009,Repeat,Varanasi,2025-01-15
C01128,Customer_C01128,Repeat,Lucknow,2025-01-15
C02517,Customer_C02517,Repeat,Noida,2025-01-15
C03154,Customer_C03154,Repeat,Agra,2025-01-15
C01894,Customer_C01894,Repeat,Lucknow,2025-01-15
C01575,Customer_C01575,Repeat,Prayagraj,2025-01-15
C00837,Customer_C00837,Repeat,Gorakhpur,2025-01-15
C01439,Customer_C01439,Repeat,Jaipur,2025-01-15
C03317,Customer_C03317,Repeat,Lucknow,2025-01-15
C01721,Customer_C01721,Repeat,Noida,2025-01-15
C01818,Customer_C01818,Repeat,Noida,2025-01-15
C02835,Customer_C02835,Repeat,Lucknow,2025-01-15
C02684,Customer_C02684,Repeat,Lucknow,2025-01-15
C03473,Customer_C03473,New,Noida,2025-01-15
C00735,Customer_C00735,Repeat,Gorakhpur,2025-01-15
C00206,Customer_C00206,Repeat,Kanpur,2025-01-15
C03397,Customer_C03397,Repeat,Noida,2025-01-15
C02723,Customer_C02723,Repeat,Patna,2025-01-15
C01617,Customer_C01617,Repeat,Noida,2025-01-15
C02375,Customer_C02375,Repeat,Varanasi,2025-01-15
C00707,Customer_C00707,Repeat,Prayagraj,2025-01-15
C01654,Customer_C01654,Repeat,Jaipur,2025-01-15
C00121,Customer_C00121,Repeat,Kanpur,2025-01-15
C02584,Customer_C02584,Repeat,Gorakhpur,2025-01-15
C02614,Customer_C02614,Repeat,Agra,2025-01-15
C00044,Customer_C00044,Repeat,Agra,2025-01-15
C02019,Customer_C02019,Repeat,Prayagraj,2025-01-15
C01332,Customer_C01332,Repeat,Noida,2025-01-15
C02335,Customer_C02335,Repeat,Lucknow,2025-01-15
C03303,Customer_C03303,New,Prayagraj,2025-01-15
C02174,Customer_C02174,Repeat,Noida,2025-01-15
C01497,Customer_C01497,Repeat,Lucknow,2025-01-15
C03419,Customer_C03419,Repeat,Varanasi,2025-01-15
C01055,Customer_C01055,Repeat,Prayagraj,2025-01-15
C01774,Customer_C01774,Repeat,Noida,2025-01-15
C00850,Customer_C00850,Repeat,Lucknow,2025-01-15
C02408,Customer_C02408,Repeat,Patna,2025-01-15
C00915,Customer_C00915,Repeat,Varanasi,2025-01-15
C02339,Customer_C02339,Repeat,Noida,2025-01-15
C02427,Customer_C02427,Repeat,Kanpur,2025-01-15
C00909,Customer_C00909,Repeat,Kanpur,2025-01-15
C02633,Customer_C02633,Repeat,Noida,2025-01-15
C01792,Customer_C01792,Repeat,Lucknow,2025-01-15
C01349,Customer_C01349,Repeat,Patna,2025-01-15
C01983,Customer_C01983,Repeat,Prayagraj,2025-01-15
C00403,Customer_C00403,Repeat,Kanpur,2025-01-15
C00299,Customer_C00299,Repeat,Lucknow,2025-01-15
C01726,Customer_C01726,Repeat,Kanpur,2025-01-15
C02491,Customer_C02491,Repeat,Gorakhpur,2025-01-15
C01361,Customer_C01361,Repeat,Varanasi,2025-01-15
C00250,Customer_C00250,Repeat,Lucknow,2025-01-15
C01795,Customer_C01795,Repeat,Noida,2025-01-15
C01311,Customer_C01311,New,Lucknow,2025-01-15
C03453,Customer_C03453,New,Prayagraj,2025-01-15
C01289,Customer_C01289,Repeat,Kanpur,2025-01-15
C02618,Customer_C02618,Repeat,Noida,2025-01-15
C00151,Customer_C00151,Repeat,Jaipur,2025-01-15
C00448,Customer_C00448,Repeat,Agra,2025-01-15
C00120,Customer_C00120,Repeat,Kanpur,2025-01-15
C02041,Customer_C02041,Repeat,Prayagraj,2025-01-15
C00451,Customer_C00451,Repeat,Lucknow,2025-01-15
C01624,Customer_C01624,Repeat,Prayagraj,2025-01-15
C00665,Customer_C00665,New,Lucknow,2025-01-15
C01107,Customer_C01107,Repeat,Varanasi,2025-01-15
C03246,Customer_C03246,Repeat,Gorakhpur,2025-01-15
C00436,Customer_C00436,Repeat,Prayagraj,2025-01-15
C00550,Customer_C00550,Repeat,Gorakhpur,2025-01-15
C02438,Customer_C02438,Repeat,Gorakhpur,2025-01-15
C01605,Customer_C01605,Repeat,Lucknow,2025-01-15
C00362,Customer_C00362,Repeat,Gorakhpur,2025-01-15
C01160,Customer_C01160,Repeat,Lucknow,2025-01-15
C01175,Customer_C01175,Repeat,Gorakhpur,2025-01-15
C02981,Customer_C02981,Repeat,Jaipur,2025-01-15
C03101,Customer_C03101,New,Prayagraj,2025-01-15
C00917,Customer_C00917,Repeat,Gorakhpur,2025-01-15
C02668,Customer_C02668,Repeat,Varanasi,2025-01-15
C02331,Customer_C02331,Repeat,Noida,2025-01-15
C00300,Customer_C00300,Repeat,Kanpur,2025-01-15
C00447,Customer_C00447,Repeat,Agra,2025-01-15
C00149,Customer_C00149,New,Lucknow,2025-01-15
C00396,Customer_C00396,Repeat,Jaipur,2025-01-15
C01282,Customer_C01282,Repeat,Gorakhpur,2025-01-15
C00981,Customer_C00981,Repeat,Gorakhpur,2025-01-15
C01347,Customer_C01347,Repeat,Agra,2025-01-15
C01500,Customer_C01500,Repeat,Noida,2025-01-15
C02991,Customer_C02991,Repeat,Lucknow,2025-01-15
C01148,Customer_C01148,Repeat,Prayagraj,2025-01-15
C02939,Customer_C02939,Repeat,Prayagraj,2025-01-15
C02549,Customer_C02549,Repeat,Gorakhpur,2025-01-15
C01931,Customer_C01931,Repeat,Gorakhpur,2025-01-15
C00786,Customer_C00786,Repeat,Prayagraj,2025-01-15
C01815,Customer_C01815,Repeat,Lucknow,2025-01-15
C03439,Customer_C03439,Repeat,Prayagraj,2025-01-15
C01552,Customer_C01552,Repeat,Lucknow,2025-01-15
C01708,Customer_C01708,Repeat,Prayagraj,2025-01-15
C01854,Customer_C01854,Repeat,Gorakhpur,2025-01-15
C00158,Customer_C00158,Repeat,Agra,2025-01-15
C01052,Customer_C01052,Repeat,Kanpur,2025-01-15
C02732,Customer_C02732,Repeat,Noida,2025-01-15
C00713,Customer_C00713,Repeat,Prayagraj,2025-01-15
C00171,Customer_C00171,Repeat,Noida,2025-01-15
C02373,Customer_C02373,Repeat,Noida,2025-01-15
C00861,Customer_C00861,Repeat,Noida,2025-01-15
C02741,Customer_C02741,Repeat,Prayagraj,2025-01-15
C01296,Customer_C01296,Repeat,Noida,2025-01-15
C01114,Customer_C01114,New,Gorakhpur,2025-01-15
C00336,Customer_C00336,Repeat,Prayagraj,2025-01-15
C00043,Customer_C00043,Repeat,Noida,2025-01-15
C01771,Customer_C01771,Repeat,Noida,2025-01-15
C03360,Customer_C03360,Repeat,Kanpur,2025-01-15
C01462,Customer_C01462,Repeat,Agra,2025-01-15
C00763,Customer_C00763,Repeat,Jaipur,2025-01-15
C01519,Customer_C01519,Repeat,Kanpur,2025-01-15
C03375,Customer_C03375,Repeat,Lucknow,2025-01-15
C02095,Customer_C02095,Repeat,Noida,2025-01-15
C01197,Customer_C01197,Repeat,Gorakhpur,2025-01-15
C03016,Customer_C03016,Repeat,Lucknow,2025-01-15
C00365,Customer_C00365,New,Lucknow,2025-01-15
C01881,Customer_C01881,Repeat,Prayagraj,2025-01-15
C01626,Customer_C01626,Repeat,Kanpur,2025-01-15
C02363,Customer_C02363,Repeat,Prayagraj,2025-01-15
C00407,Customer_C00407,Repeat,Jaipur,2025-01-15
C01878,Customer_C01878,Repeat,Prayagraj,2025-01-15
C00596,Customer_C00596,Repeat,Lucknow,2025-01-15
C01364,Customer_C01364,Repeat,Kanpur,2025-01-15
C02687,Customer_C02687,Repeat,Gorakhpur,2025-01-15
C01864,Customer_C01864,Repeat,Varanasi,2025-01-15
C01032,Customer_C01032,Repeat,Varanasi,2025-01-15
C01437,Customer_C01437,Repeat,Kanpur,2025-01-15
C01954,Customer_C01954,Repeat,Prayagraj,2025-01-15
C03389,Customer_C03389,Repeat,Patna,2025-01-15
C00087,Customer_C00087,Repeat,Varanasi,2025-01-15
C02863,Customer_C02863,Repeat,Lucknow,2025-01-15
C02747,Customer_C02747,Repeat,Prayagraj,2025-01-15
C00631,Customer_C00631,Repeat,Prayagraj,2025-01-15
C00567,Customer_C00567,Repeat,Lucknow,2025-01-15
C02543,Customer_C02543,Repeat,Lucknow,2025-01-15
C01547,Customer_C01547,New,Lucknow,2025-01-15
C02266,Customer_C02266,Repeat,Noida,2025-01-15
C00921,Customer_C00921,Repeat,Varanasi,2025-01-15
C02271,Customer_C02271,Repeat,Kanpur,2025-01-15
C00723,Customer_C00723,Repeat,Lucknow,2025-01-15
C02636,Customer_C02636,Repeat,Jaipur,2025-01-15
C01883,Customer_C01883,Repeat,Jaipur,2025-01-15
C01682,Customer_C01682,Repeat,Prayagraj,2025-01-15
C01518,Customer_C01518,Repeat,Lucknow,2025-01-15
C02328,Customer_C02328,Repeat,Varanasi,2025-01-15
C02665,Customer_C02665,Repeat,Gorakhpur,2025-01-15
C00293,Customer_C00293,New,Patna,2025-01-15
C01887,Customer_C01887,Repeat,Lucknow,2025-01-15
C00920,Customer_C00920,Repeat,Lucknow,2025-01-15
C00353,Customer_C00353,Repeat,Noida,2025-01-15
C00721,Customer_C00721,Repeat,Gorakhpur,2025-01-15
C02726,Customer_C02726,Repeat,Delhi,2025-01-15
C02209,Customer_C02209,Repeat,Gorakhpur,2025-01-15
C00930,Customer_C00930,New,Jaipur,2025-01-15
C01401,Customer_C01401,Repeat,Gorakhpur,2025-01-15
C03290,Customer_C03290,Repeat,Gorakhpur,2025-01-15
C02812,Customer_C02812,Repeat,Agra,2025-01-15
C02151,Customer_C02151,Repeat,Noida,2025-01-15
C00754,Customer_C00754,Repeat,Lucknow,2025-01-15
C00824,Customer_C00824,Repeat,Noida,2025-01-15
C00506,Customer_C00506,Repeat,Varanasi,2025-01-15
C00456,Customer_C00456,Repeat,Lucknow,2025-01-15
C02998,Customer_C02998,Repeat,Lucknow,2025-01-15
C02774,Customer_C02774,Repeat,Lucknow,2025-01-15
C00702,Customer_C00702,Repeat,Lucknow,2025-01-15
C03251,Customer_C03251,Repeat,Lucknow,2025-01-15
C02899,Customer_C02899,Repeat,Gorakhpur,2025-01-15
C01938,Customer_C01938,Repeat,Varanasi,2025-01-15
C00104,Customer_C00104,Repeat,Lucknow,2025-01-15
C00101,Customer_C00101,Repeat,Lucknow,2025-01-15
C01286,Customer_C01286,Repeat,Prayagraj,2025-01-15
C01650,Customer_C01650,Repeat,Prayagraj,2025-01-15
C01288,Customer_C01288,Repeat,Kanpur,2025-01-15
C00635,Customer_C00635,Repeat,Jaipur,2025-01-15
C02850,Customer_C02850,Repeat,Noida,2025-01-15
C00069,Customer_C00069,Repeat,Varanasi,2025-01-15
C02702,Customer_C02702,New,Prayagraj,2025-01-15
C03220,Customer_C03220,Repeat,Prayagraj,2025-01-15
C03378,Customer_C03378,Repeat,Noida,2025-01-15
C03091,Customer_C03091,Repeat,Gorakhpur,2025-01-15
C01697,Customer_C01697,Repeat,Lucknow,2025-01-15
C00989,Customer_C00989,Repeat,Kanpur,2025-01-15
C00364,Customer_C00364,Repeat,Kanpur,2025-01-15
C03009,Customer_C03009,Repeat,Kanpur,2025-01-15
C03130,Customer_C03130,Repeat,Lucknow,2025-01-15
C00557,Customer_C00557,Repeat,Varanasi,2025-01-15
C02811,Customer_C02811,Repeat,Delhi,2025-01-15
C03068,Customer_C03068,Repeat,Kanpur,2025-01-15
C00542,Customer_C00542,Repeat,Lucknow,2025-01-15
C01239,Customer_C01239,Repeat,Noida,2025-01-15
C00990,Customer_C00990,Repeat,Prayagraj,2025-01-15
C00977,Customer_C00977,Repeat,Kanpur,2025-01-15
C02689,Customer_C02689,Repeat,Prayagraj,2025-01-15
C01139,Customer_C01139,Repeat,Kanpur,2025-01-15
C01916,Customer_C01916,Repeat,Gorakhpur,2025-01-15
C02116,Customer_C02116,New,Noida,2025-01-15
C02305,Customer_C02305,Repeat,Prayagraj,2025-01-15
C02238,Customer_C02238,Repeat,Agra,2025-01-15
C03423,Customer_C03423,New,Jaipur,2025-01-15
C01235,Customer_C01235,Repeat,Noida,2025-01-15
C02854,Customer_C02854,Repeat,Prayagraj,2025-01-15
C01029,Customer_C01029,New,Noida,2025-01-15
C03011,Customer_C03011,Repeat,Noida,2025-01-15
C01994,Customer_C01994,Repeat,Gorakhpur,2025-01-15
C01630,Customer_C01630,Repeat,Noida,2025-01-15
C00131,Customer_C00131,Repeat,Agra,2025-01-15
C03257,Customer_C03257,Repeat,Lucknow,2025-01-15
C03033,Customer_C03033,Repeat,Noida,2025-01-15
C02806,Customer_C02806,Repeat,Noida,2025-01-15
C00923,Customer_C00923,Repeat,Lucknow,2025-01-15
C01598,Customer_C01598,Repeat,Agra,2025-01-15
C02985,Customer_C02985,Repeat,Jaipur,2025-01-15
C03150,Customer_C03150,Repeat,Lucknow,2025-01-15
C00083,Customer_C00083,Repeat,Lucknow,2025-01-15
C02801,Customer_C02801,Repeat,Noida,2025-01-15
C02402,Customer_C02402,Repeat,Lucknow,2025-01-15
C02476,Customer_C02476,Repeat,Gorakhpur,2025-01-15
C02540,Customer_C02540,Repeat,Delhi,2025-01-15
C02087,Customer_C02087,Repeat,Varanasi,2025-01-15
C02180,Customer_C02180,Repeat,Noida,2025-01-15
C00973,Customer_C00973,Repeat,Noida,2025-01-15
C00420,Customer_C00420,Repeat,Kanpur,2025-01-15
C00388,Customer_C00388,Repeat,Noida,2025-01-15
C00168,Customer_C00168,Repeat,Prayagraj,2025-01-15
C01475,Customer_C01475,Repeat,Lucknow,2025-01-15
C01984,Customer_C01984,Repeat,Kanpur,2025-01-15
C00141,Customer_C00141,Repeat,Lucknow,2025-01-15
C02766,Customer_C02766,New,Kanpur,2025-01-15
C01676,Customer_C01676,Repeat,Noida,2025-01-15
C00467,Customer_C00467,Repeat,Prayagraj,2025-01-15
C02292,Customer_C02292,Repeat,Agra,2025-01-15
C03370,Customer_C03370,Repeat,Noida,2025-01-15
C00475,Customer_C00475,Repeat,Lucknow,2025-01-15
C02508,Customer_C02508,Repeat,Lucknow,2025-01-15
C01990,Customer_C01990,Repeat,Prayagraj,2025-01-15
C03139,Customer_C03139,Repeat,Delhi,2025-01-15
C02189,Customer_C02189,Repeat,Lucknow,2025-01-15
C01403,Customer_C01403,Repeat,Noida,2025-01-15
C00804,Customer_C00804,Repeat,Prayagraj,2025-01-15
C02353,Customer_C02353,Repeat,Lucknow,2025-01-15
C01370,Customer_C01370,Repeat,Noida,2025-01-15
C01744,Customer_C01744,Repeat,Prayagraj,2025-01-15
C03358,Customer_C03358,Repeat,Lucknow,2025-01-15
C00148,Customer_C00148,Repeat,Kanpur,2025-01-15
C01739,Customer_C01739,Repeat,Lucknow,2025-01-15
C01710,Customer_C01710,Repeat,Agra,2025-01-15
C02828,Customer_C02828,Repeat,Varanasi,2025-01-15
C02759,Customer_C02759,Repeat,Agra,2025-01-15
C01595,Customer_C01595,Repeat,Lucknow,2025-01-15
C02788,Customer_C02788,Repeat,Prayagraj,2025-01-15
C02334,Customer_C02334,Repeat,Agra,2025-01-15
C02453,Customer_C02453,Repeat,Prayagraj,2025-01-15
C02961,Customer_C02961,New,Noida,2025-01-15
C03017,Customer_C03017,New,Lucknow,2025-01-15
C01971,Customer_C01971,Repeat,Lucknow,2025-01-15
C01499,Customer_C01499,Repeat,Lucknow,2025-01-15
C03089,Customer_C03089,Repeat,Prayagraj,2025-01-15
C03186,Customer_C03186,Repeat,Lucknow,2025-01-15
C01322,Customer_C01322,Repeat,Kanpur,2025-01-15
C03353,Customer_C03353,New,Kanpur,2025-01-15
C00435,Customer_C00435,Repeat,Lucknow,2025-01-15
C00796,Customer_C00796,Repeat,Noida,2025-01-15
C02010,Customer_C02010,Repeat,Gorakhpur,2025-01-15
C00777,Customer_C00777,Repeat,Lucknow,2025-01-15
C00753,Customer_C00753,Repeat,Lucknow,2025-01-15
C01537,Customer_C01537,New,Lucknow,2025-01-15
C02055,Customer_C02055,Repeat,Noida,2025-01-15
C00275,Customer_C00275,Repeat,Lucknow,2025-01-15
C03031,Customer_C03031,Repeat,Noida,2025-01-15
C02077,Customer_C02077,Repeat,Gorakhpur,2025-01-15
C02692,Customer_C02692,Repeat,Noida,2025-01-15
C02111,Customer_C02111,Repeat,Kanpur,2025-01-15
C01227,Customer_C01227,Repeat,Noida,2025-01-15
C02550,Customer_C02550,Repeat,Noida,2025-01-15
C00027,Customer_C00027,Repeat,Gorakhpur,2025-01-15
C01869,Customer_C01869,Repeat,Varanasi,2025-01-15
C00562,Customer_C00562,Repeat,Prayagraj,2025-01-15
C00008,Customer_C00008,Repeat,Lucknow,2025-01-15
C02627,Customer_C02627,Repeat,Kanpur,2025-01-15
C02897,Customer_C02897,Repeat,Jaipur,2025-01-15
C02521,Customer_C02521,Repeat,Lucknow,2025-01-15
C00077,Customer_C00077,Repeat,Lucknow,2025-01-15
C03082,Customer_C03082,Repeat,Lucknow,2025-01-15
C01498,Customer_C01498,Repeat,Prayagraj,2025-01-15
C03431,Customer_C03431,Repeat,Varanasi,2025-01-15
C00405,Customer_C00405,Repeat,Kanpur,2025-01-15
C01257,Customer_C01257,Repeat,Agra,2025-01-15
C02219,Customer_C02219,Repeat,Lucknow,2025-01-15
C00286,Customer_C00286,New,Lucknow,2025-01-15
C01657,Customer_C01657,Repeat,Noida,2025-01-15
C00014,Customer_C00014,Repeat,Prayagraj,2025-01-15
C03026,Customer_C03026,Repeat,Prayagraj,2025-01-15
C03402,Customer_C03402,Repeat,Noida,2025-01-15
C00868,Customer_C00868,Repeat,Gorakhpur,2025-01-15
C00297,Customer_C00297,Repeat,Noida,2025-01-15
C03249,Customer_C03249,Repeat,Kanpur,2025-01-15
C01562,Customer_C01562,Repeat,Lucknow,2025-01-15
C03108,Customer_C03108,Repeat,Lucknow,2025-01-15
C01071,Customer_C01071,Repeat,Lucknow,2025-01-15
C01410,Customer_C01410,Repeat,Agra,2025-01-15
C02713,Customer_C02713,Repeat,Noida,2025-01-15
C02937,Customer_C02937,Repeat,Prayagraj,2025-01-15
C03114,Customer_C03114,Repeat,Noida,2025-01-15
C01579,Customer_C01579,Repeat,Noida,2025-01-15
C01640,Customer_C01640,Repeat,Prayagraj,2025-01-15
C02862,Customer_C02862,Repeat,Agra,2025-01-15
C00595,Customer_C00595,Repeat,Noida,2025-01-15
C02156,Customer_C02156,Repeat,Noida,2025-01-15
C02191,Customer_C02191,Repeat,Agra,2025-01-15
C02354,Customer_C02354,Repeat,Varanasi,2025-01-15
C00110,Customer_C00110,Repeat,Gorakhpur,2025-01-15
C02512,Customer_C02512,Repeat,Noida,2025-01-15
C02510,Customer_C02510,Repeat,Lucknow,2025-01-15
C03363,Customer_C03363,Repeat,Noida,2025-01-15
C02661,Customer_C02661,Repeat,Kanpur,2025-01-15
C00021,Customer_C00021,Repeat,Lucknow,2025-01-15
C00609,Customer_C00609,Repeat,Prayagraj,2025-01-15
C01667,Customer_C01667,Repeat,Gorakhpur,2025-01-15
C03264,Customer_C03264,Repeat,Agra,2025-01-15
C01126,Customer_C01126,Repeat,Noida,2025-01-15
C02060,Customer_C02060,Repeat,Kanpur,2025-01-15
C00179,Customer_C00179,Repeat,Noida,2025-01-15
C00305,Customer_C00305,Repeat,Gorakhpur,2025-01-15
C01872,Customer_C01872,Repeat,Lucknow,2025-01-15
C01301,Customer_C01301,New,Prayagraj,2025-01-15
C01099,Customer_C01099,Repeat,Jaipur,2025-01-15
C02347,Customer_C02347,Repeat,Noida,2025-01-15
C00647,Customer_C00647,New,Prayagraj,2025-01-15
C02267,Customer_C02267,Repeat,Varanasi,2025-01-15
C00774,Customer_C00774,Repeat,Jaipur,2025-01-15
C03041,Customer_C03041,Repeat,Noida,2025-01-15
C02134,Customer_C02134,Repeat,Agra,2025-01-15
C02296,Customer_C02296,Repeat,Kanpur,2025-01-15
C01764,Customer_C01764,New,Prayagraj,2025-01-15
C03115,Customer_C03115,Repeat,Lucknow,2025-01-15
C02024,Customer_C02024,Repeat,Varanasi,2025-01-15
C02572,Customer_C02572,Repeat,Gorakhpur,2025-01-15
C00583,Customer_C00583,New,Lucknow,2025-01-15
C01018,Customer_C01018,Repeat,Kanpur,2025-01-15
C02712,Customer_C02712,Repeat,Varanasi,2025-01-15
C02634,Customer_C02634,Repeat,Varanasi,2025-01-15
C02124,Customer_C02124,Repeat,Lucknow,2025-01-15
C00461,Customer_C00461,Repeat,Lucknow,2025-01-15
C00937,Customer_C00937,Repeat,Kanpur,2025-01-15
C03095,Customer_C03095,Repeat,Noida,2025-01-15
C01476,Customer_C01476,Repeat,Kanpur,2025-01-15
C01298,Customer_C01298,Repeat,Noida,2025-01-15
C02642,Customer_C02642,Repeat,Gorakhpur,2025-01-15
C01110,Customer_C01110,Repeat,Prayagraj,2025-01-15
C01797,Customer_C01797,Repeat,Lucknow,2025-01-15
C01419,Customer_C01419,Repeat,Noida,2025-01-15
C02580,Customer_C02580,Repeat,Varanasi,2025-01-15
C02160,Customer_C02160,Repeat,Kanpur,2025-01-15
C01328,Customer_C01328,Repeat,Prayagraj,2025-01-15
C00107,Customer_C00107,Repeat,Noida,2025-01-15
C03281,Customer_C03281,Repeat,Kanpur,2025-01-15
C01442,Customer_C01442,Repeat,Jaipur,2025-01-15
C01952,Customer_C01952,Repeat,Lucknow,2025-01-15
C01320,Customer_C01320,Repeat,Agra,2025-01-15
C02457,Customer_C02457,Repeat,Lucknow,2025-01-15
C02869,Customer_C02869,Repeat,Lucknow,2025-01-15
C03205,Customer_C03205,Repeat,Varanasi,2025-01-15
C02905,Customer_C02905,Repeat,Prayagraj,2025-01-15
C01970,Customer_C01970,Repeat,Noida,2025-01-15
C01609,Customer_C01609,Repeat,Jaipur,2025-01-15
C02341,Customer_C02341,Repeat,Noida,2025-01-15
C00026,Customer_C00026,Repeat,Noida,2025-01-15
C01455,Customer_C01455,Repeat,Prayagraj,2025-01-15
C00602,Customer_C00602,Repeat,Lucknow,2025-01-15
C00350,Customer_C00350,Repeat,Agra,2025-01-15
C03201,Customer_C03201,Repeat,Kanpur,2025-01-15
C01578,Customer_C01578,Repeat,Prayagraj,2025-01-15
C03202,Customer_C03202,Repeat,Gorakhpur,2025-01-15
C02044,Customer_C02044,Repeat,Agra,2025-01-15
C01101,Customer_C01101,Repeat,Kanpur,2025-01-15
C00736,Customer_C00736,Repeat,Lucknow,2025-01-15
C02433,Customer_C02433,New,Delhi,2025-01-15
C00903,Customer_C00903,Repeat,Noida,2025-01-15
C01819,Customer_C01819,Repeat,Gorakhpur,2025-01-15
C00198,Customer_C00198,Repeat,Lucknow,2025-01-15
C00534,Customer_C00534,New,Agra,2025-01-15
C02978,Customer_C02978,Repeat,Prayagraj,2025-01-15
C02942,Customer_C02942,Repeat,Lucknow,2025-01-15
C03330,Customer_C03330,Repeat,Prayagraj,2025-01-15
C03081,Customer_C03081,Repeat,Lucknow,2025-01-15
C02954,Customer_C02954,Repeat,Lucknow,2025-01-15
C01321,Customer_C01321,Repeat,Kanpur,2025-01-15
C01820,Customer_C01820,Repeat,Gorakhpur,2025-01-15
C00260,Customer_C00260,Repeat,Lucknow,2025-01-15
C02648,Customer_C02648,Repeat,Lucknow,2025-01-15
C00764,Customer_C00764,Repeat,Patna,2025-01-15
C02184,Customer_C02184,Repeat,Lucknow,2025-01-15
C01155,Customer_C01155,Repeat,Patna,2025-01-15
C00554,Customer_C00554,Repeat,Jaipur,2025-01-15
C01802,Customer_C01802,Repeat,Jaipur,2025-01-15
C02201,Customer_C02201,Repeat,Varanasi,2025-01-15
C01808,Customer_C01808,New,Prayagraj,2025-01-15
C03221,Customer_C03221,Repeat,Noida,2025-01-15
C00478,Customer_C00478,Repeat,Lucknow,2025-01-15
C01964,Customer_C01964,New,Prayagraj,2025-01-15
C03417,Customer_C03417,Repeat,Lucknow,2025-01-15
C03497,Customer_C03497,Repeat,Gorakhpur,2025-01-15
C03057,Customer_C03057,Repeat,Kanpur,2025-01-15
C02809,Customer_C02809,Repeat,Prayagraj,2025-01-15
C01277,Customer_C01277,Repeat,Noida,2025-01-15
C03308,Customer_C03308,Repeat,Prayagraj,2025-01-15
C00153,Customer_C00153,Repeat,Prayagraj,2025-01-15
C00683,Customer_C00683,New,Jaipur,2025-01-15
C02078,Customer_C02078,Repeat,Jaipur,2025-01-15
C00731,Customer_C00731,Repeat,Varanasi,2025-01-15
C02825,Customer_C02825,Repeat,Kanpur,2025-01-15
C00129,Customer_C00129,Repeat,Kanpur,2025-01-15
C02753,Customer_C02753,Repeat,Lucknow,2025-01-15
C00164,Customer_C00164,New,Noida,2025-01-15
C03030,Customer_C03030,Repeat,Kanpur,2025-01-15
C01515,Customer_C01515,Repeat,Prayagraj,2025-01-15
C02874,Customer_C02874,Repeat,Gorakhpur,2025-01-15
C01278,Customer_C01278,Repeat,Lucknow,2025-01-15
C02908,Customer_C02908,Repeat,Prayagraj,2025-01-15
C02735,Customer_C02735,Repeat,Jaipur,2025-01-15
C03454,Customer_C03454,Repeat,Prayagraj,2025-01-15
C02486,Customer_C02486,Repeat,Lucknow,2025-01-15
C01602,Customer_C01602,Repeat,Jaipur,2025-01-15
C02159,Customer_C02159,Repeat,Noida,2025-01-15
C03373,Customer_C03373,Repeat,Prayagraj,2025-01-15
C01219,Customer_C01219,New,Prayagraj,2025-01-15
C02936,Customer_C02936,Repeat,Kanpur,2025-01-15
C02635,Customer_C02635,New,Gorakhpur,2025-01-15
C01870,Customer_C01870,Repeat,Delhi,2025-01-15
C02736,Customer_C02736,Repeat,Noida,2025-01-15
C01648,Customer_C01648,Repeat,Gorakhpur,2025-01-15
C01150,Customer_C01150,Repeat,Gorakhpur,2025-01-15
C01915,Customer_C01915,Repeat,Noida,2025-01-15
C00358,Customer_C00358,Repeat,Kanpur,2025-01-15
C01669,Customer_C01669,Repeat,Jaipur,2025-01-15
C01408,Customer_C01408,Repeat,Lucknow,2025-01-15
C01411,Customer_C01411,New,Varanasi,2025-01-15
C00994,Customer_C00994,Repeat,Noida,2025-01-15
C03084,Customer_C03084,Repeat,Lucknow,2025-01-15
C02114,Customer_C02114,Repeat,Noida,2025-01-15
C02566,Customer_C02566,Repeat,Gorakhpur,2025-01-15
C01162,Customer_C01162,New,Prayagraj,2025-01-15
C01886,Customer_C01886,Repeat,Lucknow,2025-01-15
C01712,Customer_C01712,Repeat,Lucknow,2025-01-15
C01832,Customer_C01832,Repeat,Gorakhpur,2025-01-15
C01554,Customer_C01554,Repeat,Lucknow,2025-01-15
C00342,Customer_C00342,Repeat,Noida,2025-01-15
C01718,Customer_C01718,Repeat,Lucknow,2025-01-15
C02675,Customer_C02675,Repeat,Noida,2025-01-15
C00488,Customer_C00488,Repeat,Delhi,2025-01-15
C00136,Customer_C00136,Repeat,Prayagraj,2025-01-15
C01544,Customer_C01544,Repeat,Lucknow,2025-01-15
C02361,Customer_C02361,New,Lucknow,2025-01-15
C01042,Customer_C01042,Repeat,Noida,2025-01-15
C02310,Customer_C02310,Repeat,Gorakhpur,2025-01-15
C01588,Customer_C01588,Repeat,Noida,2025-01-15
C01118,Customer_C01118,Repeat,Noida,2025-01-15
C02319,Customer_C02319,Repeat,Lucknow,2025-01-15
C00693,Customer_C00693,Repeat,Lucknow,2025-01-15
C00157,Customer_C00157,Repeat,Agra,2025-01-15
C02914,Customer_C02914,Repeat,Prayagraj,2025-01-15
C00052,Customer_C00052,Repeat,Gorakhpur,2025-01-15
C03327,Customer_C03327,Repeat,Kanpur,2025-01-15
C01862,Customer_C01862,Repeat,Agra,2025-01-15
C02836,Customer_C02836,Repeat,Kanpur,2025-01-15
C01757,Customer_C01757,Repeat,Varanasi,2025-01-15
C01900,Customer_C01900,Repeat,Lucknow,2025-01-15
C01432,Customer_C01432,Repeat,Prayagraj,2025-01-15
C00160,Customer_C00160,Repeat,Kanpur,2025-01-15
C03165,Customer_C03165,New,Delhi,2025-01-15
C02181,Customer_C02181,Repeat,Prayagraj,2025-01-15
C03438,Customer_C03438,Repeat,Prayagraj,2025-01-15
C01218,Customer_C01218,New,Varanasi,2025-01-15
C00794,Customer_C00794,Repeat,Lucknow,2025-01-15
C00748,Customer_C00748,Repeat,Jaipur,2025-01-15
C03399,Customer_C03399,Repeat,Jaipur,2025-01-15
C01629,Customer_C01629,Repeat,Kanpur,2025-01-15
C01149,Customer_C01149,Repeat,Noida,2025-01-15
C00017,Customer_C00017,Repeat,Prayagraj,2025-01-15
C02214,Customer_C02214,Repeat,Varanasi,2025-01-15
C01784,Customer_C01784,Repeat,Noida,2025-01-15
C00918,Customer_C00918,Repeat,Kanpur,2025-01-15
C00229,Customer_C00229,Repeat,Prayagraj,2025-01-15
C00879,Customer_C00879,Repeat,Prayagraj,2025-01-15
C02465,Customer_C02465,New,Jaipur,2025-01-15
C00054,Customer_C00054,Repeat,Patna,2025-01-15
C01643,Customer_C01643,Repeat,Lucknow,2025-01-15
C01830,Customer_C01830,Repeat,Noida,2025-01-15
C00819,Customer_C00819,Repeat,Jaipur,2025-01-15
C03476,Customer_C03476,Repeat,Lucknow,2025-01-15
C02878,Customer_C02878,Repeat,Delhi,2025-01-15
C01072,Customer_C01072,Repeat,Jaipur,2025-01-15
C01516,Customer_C01516,New,Prayagraj,2025-01-15
C02350,Customer_C02350,Repeat,Noida,2025-01-15
C02009,Customer_C02009,Repeat,Varanasi,2025-01-15
C03043,Customer_C03043,Repeat,Prayagraj,2025-01-15
C02498,Customer_C02498,Repeat,Lucknow,2025-01-15
C01216,Customer_C01216,Repeat,Kanpur,2025-01-15
C02500,Customer_C02500,Repeat,Gorakhpur,2025-01-15
C00093,Customer_C00093,Repeat,Agra,2025-01-15
C01452,Customer_C01452,Repeat,Prayagraj,2025-01-15
C00580,Customer_C00580,Repeat,Varanasi,2025-01-15
C01729,Customer_C01729,Repeat,Prayagraj,2025-01-15
C00494,Customer_C00494,Repeat,Prayagraj,2025-01-15
C02448,Customer_C02448,Repeat,Agra,2025-01-15
C02128,Customer_C02128,Repeat,Noida,2025-01-15
C01440,Customer_C01440,Repeat,Lucknow,2025-01-15
C01998,Customer_C01998,Repeat,Gorakhpur,2025-01-15
C01794,Customer_C01794,New,Kanpur,2025-01-15
C02204,Customer_C02204,Repeat,Lucknow,2025-01-15
C01390,Customer_C01390,Repeat,Varanasi,2025-01-15
C01947,Customer_C01947,Repeat,Noida,2025-01-15
C02208,Customer_C02208,Repeat,Kanpur,2025-01-15
C01448,Customer_C01448,Repeat,Gorakhpur,2025-01-15
C01607,Customer_C01607,Repeat,Kanpur,2025-01-15
C03124,Customer_C03124,Repeat,Varanasi,2025-01-15
C00776,Customer_C00776,Repeat,Lucknow,2025-01-15
C00351,Customer_C00351,Repeat,Lucknow,2025-01-15
C01953,Customer_C01953,Repeat,Lucknow,2025-01-15
C03100,Customer_C03100,Repeat,Noida,2025-01-15
C01165,Customer_C01165,Repeat,Prayagraj,2025-01-15
C03359,Customer_C03359,Repeat,Agra,2025-01-15
C01211,Customer_C01211,Repeat,Prayagraj,2025-01-15
C02496,Customer_C02496,Repeat,Noida,2025-01-15
C02582,Customer_C02582,Repeat,Lucknow,2025-01-15
C02943,Customer_C02943,Repeat,Kanpur,2025-01-15
C02748,Customer_C02748,New,Noida,2025-01-15
C01143,Customer_C01143,Repeat,Prayagraj,2025-01-15
C01447,Customer_C01447,Repeat,Lucknow,2025-01-15
C02040,Customer_C02040,Repeat,Prayagraj,2025-01-15
C03488,Customer_C03488,Repeat,Noida,2025-01-15
C02799,Customer_C02799,Repeat,Varanasi,2025-01-15
C00968,Customer_C00968,Repeat,Kanpur,2025-01-15
C02253,Customer_C02253,Repeat,Prayagraj,2025-01-15
C02798,Customer_C02798,Repeat,Jaipur,2025-01-15
C00178,Customer_C00178,Repeat,Noida,2025-01-15
C01391,Customer_C01391,Repeat,Kanpur,2025-01-15
C00510,Customer_C00510,Repeat,Varanasi,2025-01-15
C03040,Customer_C03040,Repeat,Gorakhpur,2025-01-15
C00793,Customer_C00793,New,Lucknow,2025-01-15
C01950,Customer_C01950,Repeat,Lucknow,2025-01-15
C01366,Customer_C01366,Repeat,Lucknow,2025-01-15
C01558,Customer_C01558,Repeat,Kanpur,2025-01-15
C00949,Customer_C00949,Repeat,Jaipur,2025-01-15
C01049,Customer_C01049,Repeat,Prayagraj,2025-01-15
C00565,Customer_C00565,Repeat,Prayagraj,2025-01-15
C01551,Customer_C01551,Repeat,Prayagraj,2025-01-15
C01985,Customer_C01985,Repeat,Kanpur,2025-01-15
C02962,Customer_C02962,Repeat,Lucknow,2025-01-15
C01758,Customer_C01758,Repeat,Kanpur,2025-01-15
C02745,Customer_C02745,Repeat,Prayagraj,2025-01-15
C02268,Customer_C02268,Repeat,Kanpur,2025-01-15
C03064,Customer_C03064,Repeat,Agra,2025-01-15
C02403,Customer_C02403,Repeat,Gorakhpur,2025-01-15
C02059,Customer_C02059,Repeat,Kanpur,2025-01-15
C03492,Customer_C03492,Repeat,Patna,2025-01-15
C01008,Customer_C01008,Repeat,Noida,2025-01-15
C03178,Customer_C03178,Repeat,Lucknow,2025-01-15
C02152,Customer_C02152,Repeat,Varanasi,2025-01-15
C02677,Customer_C02677,Repeat,Prayagraj,2025-01-15
C00544,Customer_C00544,Repeat,Jaipur,2025-01-15
C00239,Customer_C00239,Repeat,Kanpur,2025-01-15
C02681,Customer_C02681,Repeat,Jaipur,2025-01-15
C01530,Customer_C01530,Repeat,Kanpur,2025-01-15
C02142,Customer_C02142,Repeat,Noida,2025-01-15
C02485,Customer_C02485,Repeat,Lucknow,2025-01-15
C02922,Customer_C02922,New,Lucknow,2025-01-15
C02866,Customer_C02866,Repeat,Prayagraj,2025-01-15
C00646,Customer_C00646,Repeat,Kanpur,2025-01-15
C01556,Customer_C01556,Repeat,Jaipur,2025-01-15
C03225,Customer_C03225,Repeat,Gorakhpur,2025-01-15
C00514,Customer_C00514,Repeat,Lucknow,2025-01-15
C02233,Customer_C02233,Repeat,Agra,2025-01-15
C00945,Customer_C00945,Repeat,Gorakhpur,2025-01-15
C03232,Customer_C03232,Repeat,Agra,2025-01-15
C02330,Customer_C02330,Repeat,Agra,2025-01-15
C03325,Customer_C03325,Repeat,Noida,2025-01-15
C00213,Customer_C00213,Repeat,Lucknow,2025-01-15
C03368,Customer_C03368,Repeat,Kanpur,2025-01-15
C00601,Customer_C00601,Repeat,Varanasi,2025-01-15
C02968,Customer_C02968,Repeat,Noida,2025-01-15
C00887,Customer_C00887,Repeat,Lucknow,2025-01-15
C02158,Customer_C02158,Repeat,Lucknow,2025-01-15
C01798,Customer_C01798,Repeat,Noida,2025-01-15
C02458,Customer_C02458,Repeat,Gorakhpur,2025-01-15
C03456,Customer_C03456,Repeat,Noida,2025-01-15
C00058,Customer_C00058,Repeat,Lucknow,2025-01-15
C01070,Customer_C01070,Repeat,Noida,2025-01-15
C03176,Customer_C03176,New,Lucknow,2025-01-15
C00522,Customer_C00522,Repeat,Noida,2025-01-15
C00442,Customer_C00442,Repeat,Lucknow,2025-01-15
C00806,Customer_C00806,Repeat,Varanasi,2025-01-15
C02987,Customer_C02987,Repeat,Kanpur,2025-01-15
C00424,Customer_C00424,Repeat,Lucknow,2025-01-15
C01509,Customer_C01509,Repeat,Lucknow,2025-01-15
C00267,Customer_C00267,Repeat,Lucknow,2025-01-15
C02699,Customer_C02699,New,Kanpur,2025-01-15
C03032,Customer_C03032,Repeat,Agra,2025-01-15
C00822,Customer_C00822,Repeat,Lucknow,2025-01-15
C00005,Customer_C00005,Repeat,Gorakhpur,2025-01-15
C00377,Customer_C00377,Repeat,Kanpur,2025-01-15
C00530,Customer_C00530,Repeat,Noida,2025-01-15
C00670,Customer_C00670,Repeat,Varanasi,2025-01-15
C01647,Customer_C01647,Repeat,Varanasi,2025-01-15
C00802,Customer_C00802,Repeat,Lucknow,2025-01-15
C02984,Customer_C02984,Repeat,Kanpur,2025-01-15
C00459,Customer_C00459,Repeat,Agra,2025-01-15
C02851,Customer_C02851,Repeat,Jaipur,2025-01-15
C00834,Customer_C00834,Repeat,Gorakhpur,2025-01-15
C00936,Customer_C00936,Repeat,Agra,2025-01-15
C00744,Customer_C00744,New,Noida,2025-01-15
C00124,Customer_C00124,Repeat,Prayagraj,2025-01-15
C00446,Customer_C00446,Repeat,Jaipur,2025-01-15
C01604,Customer_C01604,Repeat,Prayagraj,2025-01-15
C00402,Customer_C00402,Repeat,Gorakhpur,2025-01-15
C02763,Customer_C02763,Repeat,Kanpur,2025-01-15
C03329,Customer_C03329,Repeat,Prayagraj,2025-01-15
C02126,Customer_C02126,Repeat,Prayagraj,2025-01-15
C02286,Customer_C02286,Repeat,Kanpur,2025-01-15
C02299,Customer_C02299,Repeat,Agra,2025-01-15
C00630,Customer_C00630,Repeat,Jaipur,2025-01-15
C01189,Customer_C01189,Repeat,Kanpur,2025-01-15
C00760,Customer_C00760,Repeat,Lucknow,2025-01-15
C00955,Customer_C00955,Repeat,Kanpur,2025-01-15
C03484,Customer_C03484,Repeat,Noida,2025-01-15
C00345,Customer_C00345,Repeat,Prayagraj,2025-01-15
C01750,Customer_C01750,Repeat,Agra,2025-01-15
C02904,Customer_C02904,Repeat,Lucknow,2025-01-15
C01506,Customer_C01506,Repeat,Noida,2025-01-15
C00143,Customer_C00143,Repeat,Lucknow,2025-01-15
C00882,Customer_C00882,Repeat,Kanpur,2025-01-15
C01040,Customer_C01040,Repeat,Kanpur,2025-01-15
C00916,Customer_C00916,Repeat,Lucknow,2025-01-15
C02226,Customer_C02226,Repeat,Jaipur,2025-01-15
C01716,Customer_C01716,Repeat,Lucknow,2025-01-15
C01176,Customer_C01176,Repeat,Kanpur,2025-01-15
C01434,Customer_C01434,Repeat,Lucknow,2025-01-15
C01402,Customer_C01402,Repeat,Noida,2025-01-15
C00264,Customer_C00264,Repeat,Lucknow,2025-01-15
C02419,Customer_C02419,Repeat,Lucknow,2025-01-15
C00509,Customer_C00509,Repeat,Kanpur,2025-01-15
C02043,Customer_C02043,Repeat,Noida,2025-01-15
C02323,Customer_C02323,Repeat,Gorakhpur,2025-01-15
C03036,Customer_C03036,Repeat,Kanpur,2025-01-15
C01762,Customer_C01762,Repeat,Lucknow,2025-01-15
C02431,Customer_C02431,Repeat,Patna,2025-01-15
C03162,Customer_C03162,Repeat,Lucknow,2025-01-15
C01752,Customer_C01752,Repeat,Gorakhpur,2025-01-15
C02924,Customer_C02924,Repeat,Lucknow,2025-01-15
C01091,Customer_C01091,Repeat,Agra,2025-01-15
C02542,Customer_C02542,Repeat,Lucknow,2025-01-15
C01812,Customer_C01812,Repeat,Jaipur,2025-01-15
C00413,Customer_C00413,Repeat,Lucknow,2025-01-15
C02104,Customer_C02104,Repeat,Patna,2025-01-15
C00155,Customer_C00155,Repeat,Gorakhpur,2025-01-15
C03008,Customer_C03008,Repeat,Gorakhpur,2025-01-15
C01918,Customer_C01918,Repeat,Prayagraj,2025-01-15
C01300,Customer_C01300,Repeat,Agra,2025-01-15
C02706,Customer_C02706,New,Jaipur,2025-01-15
C01179,Customer_C01179,Repeat,Lucknow,2025-01-15
C00387,Customer_C00387,Repeat,Gorakhpur,2025-01-15
C02697,Customer_C02697,Repeat,Gorakhpur,2025-01-15
C00663,Customer_C00663,Repeat,Kanpur,2025-01-15
C03194,Customer_C03194,New,Jaipur,2025-01-15
C03087,Customer_C03087,Repeat,Prayagraj,2025-01-15
C02844,Customer_C02844,Repeat,Varanasi,2025-01-15
C01357,Customer_C01357,Repeat,Varanasi,2025-01-15
C03440,Customer_C03440,Repeat,Kanpur,2025-01-15
C01581,Customer_C01581,Repeat,Noida,2025-01-15
C02020,Customer_C02020,Repeat,Lucknow,2025-01-15
C00538,Customer_C00538,New,Lucknow,2025-01-15
C01703,Customer_C01703,Repeat,Gorakhpur,2025-01-15
C01222,Customer_C01222,Repeat,Prayagraj,2025-01-15
C01997,Customer_C01997,Repeat,Kanpur,2025-01-15
C00893,Customer_C00893,Repeat,Patna,2025-01-15
C00810,Customer_C00810,Repeat,Lucknow,2025-01-15
C03182,Customer_C03182,Repeat,Agra,2025-01-15
C01020,Customer_C01020,Repeat,Noida,2025-01-15
C00992,Customer_C00992,Repeat,Varanasi,2025-01-15
C00428,Customer_C00428,Repeat,Lucknow,2025-01-15
C02048,Customer_C02048,Repeat,Agra,2025-01-15
C03410,Customer_C03410,Repeat,Varanasi,2025-01-15
C03481,Customer_C03481,Repeat,Noida,2025-01-15
C01416,Customer_C01416,Repeat,Varanasi,2025-01-15
C02898,Customer_C02898,Repeat,Jaipur,2025-01-15
C02252,Customer_C02252,Repeat,Jaipur,2025-01-15
C03214,Customer_C03214,Repeat,Lucknow,2025-01-15
C03021,Customer_C03021,Repeat,Noida,2025-01-15
C02304,Customer_C02304,Repeat,Jaipur,2025-01-15
C00079,Customer_C00079,Repeat,Prayagraj,2025-01-15
C03414,Customer_C03414,Repeat,Noida,2025-01-15
C01299,Customer_C01299,Repeat,Gorakhpur,2025-01-15
C03027,Customer_C03027,Repeat,Agra,2025-01-15
C00296,Customer_C00296,Repeat,Prayagraj,2025-01-15
C00263,Customer_C00263,Repeat,Noida,2025-01-15
C02155,Customer_C02155,Repeat,Prayagraj,2025-01-15
C01945,Customer_C01945,Repeat,Lucknow,2025-01-15
C02326,Customer_C02326,Repeat,Varanasi,2025-01-15
C01788,Customer_C01788,Repeat,Agra,2025-01-15
C01383,Customer_C01383,Repeat,Kanpur,2025-01-15
C02235,Customer_C02235,Repeat,Lucknow,2025-01-15
C01290,Customer_C01290,Repeat,Jaipur,2025-01-15
C02110,Customer_C02110,Repeat,Agra,2025-01-15
C00513,Customer_C00513,Repeat,Noida,2025-01-15
C02783,Customer_C02783,Repeat,Noida,2025-01-15
C02340,Customer_C02340,Repeat,Noida,2025-01-15
C03274,Customer_C03274,Repeat,Kanpur,2025-01-15
C03287,Customer_C03287,New,Lucknow,2025-01-15
C01835,Customer_C01835,New,Prayagraj,2025-01-15
C02117,Customer_C02117,Repeat,Prayagraj,2025-01-15
C01294,Customer_C01294,Repeat,Kanpur,2025-01-15
C00863,Customer_C00863,Repeat,Varanasi,2025-01-15
C02834,Customer_C02834,Repeat,Prayagraj,2025-01-15
C01576,Customer_C01576,Repeat,Jaipur,2025-01-15
C02185,Customer_C02185,Repeat,Lucknow,2025-01-15
C02757,Customer_C02757,Repeat,Kanpur,2025-01-15
C00057,Customer_C00057,Repeat,Lucknow,2025-01-15
C02701,Customer_C02701,New,Varanasi,2025-01-15
C00472,Customer_C00472,Repeat,Gorakhpur,2025-01-15
C00022,Customer_C00022,Repeat,Kanpur,2025-01-15
C02667,Customer_C02667,Repeat,Jaipur,2025-01-15
C01493,Customer_C01493,Repeat,Lucknow,2025-01-15
C01033,Customer_C01033,New,Agra,2025-01-15
C00035,Customer_C00035,New,Gorakhpur,2025-01-15
C03265,Customer_C03265,Repeat,Kanpur,2025-01-15
C00363,Customer_C00363,Repeat,Noida,2025-01-15
C01907,Customer_C01907,Repeat,Agra,2025-01-15
C02161,Customer_C02161,Repeat,Kanpur,2025-01-15
C00623,Customer_C00623,Repeat,Lucknow,2025-01-15
C02568,Customer_C02568,Repeat,Gorakhpur,2025-01-15
C02883,Customer_C02883,Repeat,Lucknow,2025-01-15
C00072,Customer_C00072,Repeat,Lucknow,2025-01-15
C02322,Customer_C02322,Repeat,Agra,2025-01-15
C03066,Customer_C03066,Repeat,Kanpur,2025-01-15
C02150,Customer_C02150,Repeat,Jaipur,2025-01-15
C02026,Customer_C02026,Repeat,Varanasi,2025-01-15
C02882,Customer_C02882,Repeat,Patna,2025-01-15
C01397,Customer_C01397,Repeat,Lucknow,2025-01-15
C00418,Customer_C00418,Repeat,Noida,2025-01-15
C00624,Customer_C00624,Repeat,Kanpur,2025-01-15
C02256,Customer_C02256,Repeat,Prayagraj,2025-01-15
C00309,Customer_C00309,Repeat,Noida,2025-01-15
C00548,Customer_C00548,Repeat,Jaipur,2025-01-15
C03051,Customer_C03051,Repeat,Lucknow,2025-01-15
C01627,Customer_C01627,Repeat,Prayagraj,2025-01-15
C02240,Customer_C02240,Repeat,Jaipur,2025-01-15
C01478,Customer_C01478,Repeat,Prayagraj,2025-01-15
C02972,Customer_C02972,Repeat,Prayagraj,2025-01-15
C03412,Customer_C03412,Repeat,Jaipur,2025-01-15
C02608,Customer_C02608,Repeat,Agra,2025-01-15
C01914,Customer_C01914,Repeat,Prayagraj,2025-01-15
C01102,Customer_C01102,Repeat,Lucknow,2025-01-15
C02694,Customer_C02694,Repeat,Prayagraj,2025-01-15
C03168,Customer_C03168,Repeat,Lucknow,2025-01-15
C02600,Customer_C02600,Repeat,Prayagraj,2025-01-15
C01867,Customer_C01867,Repeat,Lucknow,2025-01-15
C00199,Customer_C00199,Repeat,Lucknow,2025-01-15
C01319,Customer_C01319,Repeat,Patna,2025-01-15
C00237,Customer_C00237,Repeat,Lucknow,2025-01-15
C00122,Customer_C00122,Repeat,Noida,2025-01-15
C00013,Customer_C00013,Repeat,Prayagraj,2025-01-15
C01001,Customer_C01001,Repeat,Varanasi,2025-01-15
C03379,Customer_C03379,Repeat,Lucknow,2025-01-15
C00894,Customer_C00894,Repeat,Lucknow,2025-01-15
C00109,Customer_C00109,Repeat,Lucknow,2025-01-15
C00982,Customer_C00982,Repeat,Lucknow,2025-01-15
C02215,Customer_C02215,Repeat,Lucknow,2025-01-15
C01188,Customer_C01188,Repeat,Varanasi,2025-01-15
C02857,Customer_C02857,Repeat,Agra,2025-01-15
C02429,Customer_C02429,Repeat,Lucknow,2025-01-15
C01783,Customer_C01783,Repeat,Prayagraj,2025-01-15
C00162,Customer_C00162,New,Lucknow,2025-01-15
C00608,Customer_C00608,Repeat,Noida,2025-01-15
C03211,Customer_C03211,Repeat,Varanasi,2025-01-15
C01563,Customer_C01563,Repeat,Agra,2025-01-15
C00784,Customer_C00784,Repeat,Prayagraj,2025-01-15
C01546,Customer_C01546,New,Kanpur,2025-01-15
C00661,Customer_C00661,Repeat,Gorakhpur,2025-01-15
C02561,Customer_C02561,Repeat,Lucknow,2025-01-15
C02186,Customer_C02186,New,Kanpur,2025-01-15
C03487,Customer_C03487,Repeat,Noida,2025-01-15
C01109,Customer_C01109,New,Lucknow,2025-01-15
C02853,Customer_C02853,Repeat,Kanpur,2025-01-15
C02376,Customer_C02376,Repeat,Gorakhpur,2025-01-15
C00235,Customer_C00235,New,Gorakhpur,2025-01-15
C02088,Customer_C02088,Repeat,Prayagraj,2025-01-15
C01036,Customer_C01036,Repeat,Noida,2025-01-15
C03390,Customer_C03390,Repeat,Noida,2025-01-15
C00991,Customer_C00991,New,Varanasi,2025-01-15
C00575,Customer_C00575,Repeat,Varanasi,2025-01-15
C02372,Customer_C02372,Repeat,Lucknow,2025-01-15
C01882,Customer_C01882,Repeat,Lucknow,2025-01-15
C00766,Customer_C00766,Repeat,Kanpur,2025-01-15
C01279,Customer_C01279,Repeat,Lucknow,2025-01-15
C00177,Customer_C00177,Repeat,Kanpur,2025-01-15
C00323,Customer_C00323,Repeat,Lucknow,2025-01-15
C02356,Customer_C02356,Repeat,Varanasi,2025-01-15
C03212,Customer_C03212,Repeat,Kanpur,2025-01-15
C02231,Customer_C02231,Repeat,Varanasi,2025-01-15
C01702,Customer_C01702,Repeat,Noida,2025-01-15
C02005,Customer_C02005,Repeat,Lucknow,2025-01-15
C02416,Customer_C02416,Repeat,Varanasi,2025-01-15
C00259,Customer_C00259,Repeat,Patna,2025-01-15
C03352,Customer_C03352,Repeat,Kanpur,2025-01-15
C01014,Customer_C01014,Repeat,Lucknow,2025-01-15
C00808,Customer_C00808,Repeat,Jaipur,2025-01-15
C03367,Customer_C03367,Repeat,Lucknow,2025-01-15
C01572,Customer_C01572,New,Jaipur,2025-01-15
C01247,Customer_C01247,Repeat,Lucknow,2025-01-15
C03002,Customer_C03002,Repeat,Agra,2025-01-15
C00167,Customer_C00167,New,Jaipur,2025-01-15
C03372,Customer_C03372,Repeat,Gorakhpur,2025-01-15
C00881,Customer_C00881,Repeat,Agra,2025-01-15
C03019,Customer_C03019,Repeat,Noida,2025-01-15
C01524,Customer_C01524,Repeat,Lucknow,2025-01-15
C02472,Customer_C02472,Repeat,Noida,2025-01-15
C00765,Customer_C00765,Repeat,Kanpur,2025-01-15
C02467,Customer_C02467,Repeat,Lucknow,2025-01-15
C02147,Customer_C02147,New,Prayagraj,2025-01-15
C03147,Customer_C03147,Repeat,Agra,2025-01-15
C02190,Customer_C02190,Repeat,Lucknow,2025-01-15
C01610,Customer_C01610,New,Lucknow,2025-01-15
C00614,Customer_C00614,Repeat,Lucknow,2025-01-15
C01392,Customer_C01392,Repeat,Prayagraj,2025-01-15
C00993,Customer_C00993,Repeat,Agra,2025-01-15
C02913,Customer_C02913,Repeat,Prayagraj,2025-01-15
C02638,Customer_C02638,Repeat,Lucknow,2025-01-15
C00838,Customer_C00838,Repeat,Lucknow,2025-01-15
C02003,Customer_C02003,Repeat,Lucknow,2025-01-15
C00521,Customer_C00521,Repeat,Noida,2025-01-15
C01858,Customer_C01858,New,Prayagraj,2025-01-15
C02696,Customer_C02696,Repeat,Kanpur,2025-01-15
C01193,Customer_C01193,Repeat,Gorakhpur,2025-01-15
C00944,Customer_C00944,Repeat,Agra,2025-01-15
C03157,Customer_C03157,New,Prayagraj,2025-01-15
C02520,Customer_C02520,Repeat,Noida,2025-01-15
C01011,Customer_C01011,Repeat,Lucknow,2025-01-15
C02758,Customer_C02758,Repeat,Lucknow,2025-01-15
C01252,Customer_C01252,Repeat,Varanasi,2025-01-15
C00175,Customer_C00175,Repeat,Prayagraj,2025-01-15
C02949,Customer_C02949,Repeat,Kanpur,2025-01-15
C02746,Customer_C02746,Repeat,Noida,2025-01-15
C00654,Customer_C00654,Repeat,Gorakhpur,2025-01-15
C01923,Customer_C01923,Repeat,Noida,2025-01-15
C01062,Customer_C01062,Repeat,Noida,2025-01-15
C01268,Customer_C01268,Repeat,Gorakhpur,2025-01-15
C00745,Customer_C00745,Repeat,Agra,2025-01-15
C01067,Customer_C01067,Repeat,Lucknow,2025-01-15
C00185,Customer_C00185,New,Prayagraj,2025-01-15
C03301,Customer_C03301,Repeat,Prayagraj,2025-01-15
C03348,Customer_C03348,Repeat,Lucknow,2025-01-15
C01245,Customer_C01245,Repeat,Kanpur,2025-01-15
C00574,Customer_C00574,Repeat,Gorakhpur,2025-01-15
C00741,Customer_C00741,Repeat,Delhi,2025-01-15
C00279,Customer_C00279,Repeat,Kanpur,2025-01-15
C02338,Customer_C02338,Repeat,Lucknow,2025-01-15
C01623,Customer_C01623,Repeat,Lucknow,2025-01-15
C01047,Customer_C01047,Repeat,Lucknow,2025-01-15
C01226,Customer_C01226,Repeat,Varanasi,2025-01-15
C02784,Customer_C02784,Repeat,Noida,2025-01-15
C00980,Customer_C00980,Repeat,Lucknow,2025-01-15
C00212,Customer_C00212,Repeat,Jaipur,2025-01-15
C02228,Customer_C02228,Repeat,Jaipur,2025-01-15
C02278,Customer_C02278,Repeat,Lucknow,2025-01-15
C00526,Customer_C00526,Repeat,Lucknow,2025-01-15
C00046,Customer_C00046,Repeat,Noida,2025-01-15
C02291,Customer_C02291,Repeat,Noida,2025-01-15
C00545,Customer_C00545,Repeat,Agra,2025-01-15
C02599,Customer_C02599,Repeat,Prayagraj,2025-01-15
C00962,Customer_C00962,Repeat,Agra,2025-01-15
C02541,Customer_C02541,Repeat,Lucknow,2025-01-15
C02071,Customer_C02071,New,Lucknow,2025-01-15
C00851,Customer_C00851,New,Prayagraj,2025-01-15
C00966,Customer_C00966,Repeat,Kanpur,2025-01-15
C02031,Customer_C02031,Repeat,Noida,2025-01-15
C01494,Customer_C01494,Repeat,Lucknow,2025-01-15
C02982,Customer_C02982,New,Jaipur,2025-01-15
C02063,Customer_C02063,Repeat,Kanpur,2025-01-15
C02307,Customer_C02307,New,Lucknow,2025-01-15
C00068,Customer_C00068,Repeat,Jaipur,2025-01-15
C01240,Customer_C01240,Repeat,Jaipur,2025-01-15
C00628,Customer_C00628,Repeat,Gorakhpur,2025-01-15
C02626,Customer_C02626,Repeat,Lucknow,2025-01-15
C03421,Customer_C03421,Repeat,Gorakhpur,2025-01-15
C00303,Customer_C00303,Repeat,Noida,2025-01-15
C01670,Customer_C01670,Repeat,Agra,2025-01-15
C02537,Customer_C02537,Repeat,Kanpur,2025-01-15
C00170,Customer_C00170,Repeat,Lucknow,2025-01-15
C01295,Customer_C01295,Repeat,Lucknow,2025-01-15
C00061,Customer_C00061,Repeat,Varanasi,2025-01-15
C00884,Customer_C00884,Repeat,Jaipur,2025-01-15
C00833,Customer_C00833,Repeat,Lucknow,2025-01-15
C00902,Customer_C00902,Repeat,Kanpur,2025-01-15
C00252,Customer_C00252,Repeat,Agra,2025-01-15
C02460,Customer_C02460,Repeat,Lucknow,2025-01-15
C01483,Customer_C01483,New,Varanasi,2025-01-15
C00236,Customer_C00236,Repeat,Jaipur,2025-01-15
C02036,Customer_C02036,Repeat,Lucknow,2025-01-15
C00906,Customer_C00906,Repeat,Varanasi,2025-01-15
C01822,Customer_C01822,New,Delhi,2025-01-15
C01694,Customer_C01694,Repeat,Prayagraj,2025-01-15
C01236,Customer_C01236,Repeat,Prayagraj,2025-01-15
C01427,Customer_C01427,Repeat,Agra,2025-01-15
C00867,Customer_C00867,Repeat,Noida,2025-01-15
C01104,Customer_C01104,Repeat,Agra,2025-01-15
C02492,Customer_C02492,Repeat,Lucknow,2025-01-15
C02728,Customer_C02728,Repeat,Gorakhpur,2025-01-15
C00527,Customer_C00527,Repeat,Noida,2025-01-15
C00577,Customer_C00577,Repeat,Prayagraj,2025-01-15
C02436,Customer_C02436,Repeat,Kanpur,2025-01-15
C02761,Customer_C02761,Repeat,Prayagraj,2025-01-15
C01195,Customer_C01195,Repeat,Kanpur,2025-01-15
C02261,Customer_C02261,Repeat,Noida,2025-01-15
C01078,Customer_C01078,Repeat,Noida,2025-01-15
C03457,Customer_C03457,Repeat,Lucknow,2025-01-15
C02137,Customer_C02137,Repeat,Prayagraj,2025-01-15
C00541,Customer_C00541,Repeat,Noida,2025-01-15
C00152,Customer_C00152,New,Kanpur,2025-01-15
C00551,Customer_C00551,Repeat,Gorakhpur,2025-01-15
C00704,Customer_C00704,Repeat,Noida,2025-01-15
C03474,Customer_C03474,Repeat,Lucknow,2025-01-15
C02080,Customer_C02080,New,Agra,2025-01-15
C01307,Customer_C01307,Repeat,Gorakhpur,2025-01-15
C01763,Customer_C01763,Repeat,Prayagraj,2025-01-15
C00086,Customer_C00086,Repeat,Gorakhpur,2025-01-15
C01115,Customer_C01115,New,Prayagraj,2025-01-15
C03229,Customer_C03229,New,Lucknow,2025-01-15
C02193,Customer_C02193,Repeat,Patna,2025-01-15
C01382,Customer_C01382,Repeat,Prayagraj,2025-01-15
C02028,Customer_C02028,Repeat,Varanasi,2025-01-15
C00222,Customer_C00222,Repeat,Patna,2025-01-15
C02169,Customer_C02169,Repeat,Jaipur,2025-01-15
C00210,Customer_C00210,Repeat,Delhi,2025-01-15
C01225,Customer_C01225,Repeat,Agra,2025-01-15
C02576,Customer_C02576,Repeat,Jaipur,2025-01-15
C01163,Customer_C01163,Repeat,Kanpur,2025-01-15
C02892,Customer_C02892,Repeat,Lucknow,2025-01-15
C02912,Customer_C02912,Repeat,Varanasi,2025-01-15
C01921,Customer_C01921,Repeat,Prayagraj,2025-01-15
C02445,Customer_C02445,Repeat,Agra,2025-01-15
C02118,Customer_C02118,Repeat,Kanpur,2025-01-15
C03170,Customer_C03170,Repeat,Jaipur,2025-01-15
C01770,Customer_C01770,Repeat,Noida,2025-01-15
C01592,Customer_C01592,Repeat,Lucknow,2025-01-15
C01527,Customer_C01527,Repeat,Noida,2025-01-15
C03252,Customer_C03252,Repeat,Noida,2025-01-15
C02743,Customer_C02743,Repeat,Jaipur,2025-01-15
C00278,Customer_C00278,New,Noida,2025-01-15
C01444,Customer_C01444,Repeat,Lucknow,2025-01-15
C01082,Customer_C01082,Repeat,Kanpur,2025-01-15
C02489,Customer_C02489,Repeat,Prayagraj,2025-01-15
C02329,Customer_C02329,Repeat,Gorakhpur,2025-01-15
C00952,Customer_C00952,Repeat,Kanpur,2025-01-15
C01130,Customer_C01130,Repeat,Noida,2025-01-15
C00869,Customer_C00869,Repeat,Jaipur,2025-01-15
C02381,Customer_C02381,Repeat,Jaipur,2025-01-15
C03310,Customer_C03310,Repeat,Gorakhpur,2025-01-15
C01479,Customer_C01479,Repeat,Kanpur,2025-01-15
C00194,Customer_C00194,Repeat,Noida,2025-01-15
C02775,Customer_C02775,Repeat,Gorakhpur,2025-01-15
C00674,Customer_C00674,Repeat,Noida,2025-01-15
C02751,Customer_C02751,Repeat,Noida,2025-01-15
C00207,Customer_C00207,Repeat,Kanpur,2025-01-15
C00003,Customer_C00003,New,Noida,2025-01-15
C00516,Customer_C00516,Repeat,Agra,2025-01-15
C03203,Customer_C03203,Repeat,Kanpur,2025-01-15
C02967,Customer_C02967,Repeat,Noida,2025-01-15
C02553,Customer_C02553,Repeat,Prayagraj,2025-01-15
C02011,Customer_C02011,Repeat,Gorakhpur,2025-01-15
C00655,Customer_C00655,Repeat,Noida,2025-01-15
C00036,Customer_C00036,Repeat,Kanpur,2025-01-15
C00970,Customer_C00970,Repeat,Prayagraj,2025-01-15
C01338,Customer_C01338,Repeat,Prayagraj,2025-01-15
C01686,Customer_C01686,Repeat,Patna,2025-01-15
C00111,Customer_C00111,Repeat,Noida,2025-01-15
C03078,Customer_C03078,Repeat,Noida,2025-01-15
C02076,Customer_C02076,Repeat,Prayagraj,2025-01-15
C01356,Customer_C01356,Repeat,Lucknow,2025-01-15
C03296,Customer_C03296,Repeat,Prayagraj,2025-01-15
C02630,Customer_C02630,Repeat,Lucknow,2025-01-15
C01514,Customer_C01514,New,Lucknow,2025-01-15
C00508,Customer_C00508,New,Jaipur,2025-01-15
C01430,Customer_C01430,New,Prayagraj,2025-01-15
C01451,Customer_C01451,Repeat,Gorakhpur,2025-01-15
C02203,Customer_C02203,Repeat,Lucknow,2025-01-15
C03463,Customer_C03463,Repeat,Agra,2025-01-15
C00971,Customer_C00971,Repeat,Noida,2025-01-15
C02493,Customer_C02493,Repeat,Varanasi,2025-01-15
C02471,Customer_C02471,Repeat,Noida,2025-01-15
C00404,Customer_C00404,Repeat,Prayagraj,2025-01-15
C03386,Customer_C03386,Repeat,Lucknow,2025-01-15
C01612,Customer_C01612,Repeat,Agra,2025-01-15
C02718,Customer_C02718,New,Noida,2025-01-15
C01156,Customer_C01156,Repeat,Prayagraj,2025-01-15
C02412,Customer_C02412,Repeat,Prayagraj,2025-01-15
C01501,Customer_C01501,Repeat,Agra,2025-01-15
C01262,Customer_C01262,Repeat,Agra,2025-01-15
C01706,Customer_C01706,Repeat,Gorakhpur,2025-01-15
C02557,Customer_C02557,Repeat,Lucknow,2025-01-15
C01012,Customer_C01012,Repeat,Varanasi,2025-01-15
C03164,Customer_C03164,New,Lucknow,2025-01-15
C01093,Customer_C01093,Repeat,Prayagraj,2025-01-15
C01358,Customer_C01358,Repeat,Agra,2025-01-15
C01905,Customer_C01905,Repeat,Agra,2025-01-15
C02596,Customer_C02596,Repeat,Prayagraj,2025-01-15
C01965,Customer_C01965,Repeat,Gorakhpur,2025-01-15
C01265,Customer_C01265,Repeat,Varanasi,2025-01-15
C00537,Customer_C00537,Repeat,Jaipur,2025-01-15
C00231,Customer_C00231,Repeat,Noida,2025-01-15
C02538,Customer_C02538,Repeat,Jaipur,2025-01-15
C00493,Customer_C00493,Repeat,Gorakhpur,2025-01-15
C03231,Customer_C03231,Repeat,Noida,2025-01-15
C00820,Customer_C00820,Repeat,Agra,2025-01-15
C02290,Customer_C02290,Repeat,Noida,2025-01-15
C00127,Customer_C00127,Repeat,Prayagraj,2025-01-15
C02391,Customer_C02391,Repeat,Patna,2025-01-15
C00242,Customer_C00242,Repeat,Prayagraj,2025-01-15
C00582,Customer_C00582,Repeat,Lucknow,2025-01-15
C02678,Customer_C02678,Repeat,Prayagraj,2025-01-15
C01521,Customer_C01521,Repeat,Lucknow,2025-01-15
C03161,Customer_C03161,Repeat,Noida,2025-01-15
C00440,Customer_C00440,Repeat,Gorakhpur,2025-01-15
C02247,Customer_C02247,Repeat,Gorakhpur,2025-01-15
C00586,Customer_C00586,Repeat,Patna,2025-01-15
C03096,Customer_C03096,Repeat,Lucknow,2025-01-15
C01940,Customer_C01940,Repeat,Gorakhpur,2025-01-15
C02303,Customer_C02303,Repeat,Lucknow,2025-01-15
C01224,Customer_C01224,Repeat,Gorakhpur,2025-01-15
C01377,Customer_C01377,Repeat,Noida,2025-01-15
C01495,Customer_C01495,Repeat,Jaipur,2025-01-15
C01615,Customer_C01615,Repeat,Gorakhpur,2025-01-15
C01387,Customer_C01387,Repeat,Prayagraj,2025-01-15
C01308,Customer_C01308,Repeat,Varanasi,2025-01-15
C03163,Customer_C03163,Repeat,Noida,2025-01-15
C02012,Customer_C02012,Repeat,Gorakhpur,2025-01-15
C00999,Customer_C00999,Repeat,Noida,2025-01-15
C02194,Customer_C02194,Repeat,Jaipur,2025-01-15
C02177,Customer_C02177,Repeat,Prayagraj,2025-01-15
C00376,Customer_C00376,Repeat,Prayagraj,2025-01-15
C00123,Customer_C00123,Repeat,Kanpur,2025-01-15
C02720,Customer_C02720,New,Lucknow,2025-01-15
C01263,Customer_C01263,Repeat,Lucknow,2025-01-15
C00746,Customer_C00746,Repeat,Lucknow,2025-01-15
C02196,Customer_C02196,Repeat,Lucknow,2025-01-15
C02880,Customer_C02880,Repeat,Gorakhpur,2025-01-15
C01618,Customer_C01618,Repeat,Lucknow,2025-01-15
C01210,Customer_C01210,Repeat,Noida,2025-01-15
C03141,Customer_C03141,Repeat,Gorakhpur,2025-01-15
C01884,Customer_C01884,Repeat,Lucknow,2025-01-15
C02810,Customer_C02810,Repeat,Noida,2025-01-15
C00633,Customer_C00633,Repeat,Lucknow,2025-01-15
C02119,Customer_C02119,Repeat,Varanasi,2025-01-15
C01312,Customer_C01312,Repeat,Varanasi,2025-01-15
C02901,Customer_C02901,Repeat,Noida,2025-01-15
C02367,Customer_C02367,Repeat,Gorakhpur,2025-01-15
C02534,Customer_C02534,Repeat,Agra,2025-01-15
C01775,Customer_C01775,Repeat,Kanpur,2025-01-15
C01088,Customer_C01088,Repeat,Kanpur,2025-01-15
C00855,Customer_C00855,Repeat,Noida,2025-01-15
C03104,Customer_C03104,Repeat,Noida,2025-01-15
C01073,Customer_C01073,Repeat,Kanpur,2025-01-15
C03072,Customer_C03072,Repeat,Varanasi,2025-01-15
C03015,Customer_C03015,Repeat,Noida,2025-01-15
C01841,Customer_C01841,Repeat,Gorakhpur,2025-01-15
C02212,Customer_C02212,Repeat,Kanpur,2025-01-15
C02934,Customer_C02934,Repeat,Prayagraj,2025-01-15
C02464,Customer_C02464,Repeat,Jaipur,2025-01-15
C03173,Customer_C03173,Repeat,Prayagraj,2025-01-15
C02154,Customer_C02154,Repeat,Lucknow,2025-01-15
C02710,Customer_C02710,New,Jaipur,2025-01-15
C01699,Customer_C01699,Repeat,Varanasi,2025-01-15
C01198,Customer_C01198,Repeat,Lucknow,2025-01-15
C03333,Customer_C03333,Repeat,Prayagraj,2025-01-15
C00306,Customer_C00306,Repeat,Noida,2025-01-15
C02484,Customer_C02484,Repeat,Gorakhpur,2025-01-15
C02670,Customer_C02670,Repeat,Jaipur,2025-01-15
C02589,Customer_C02589,Repeat,Kanpur,2025-01-15
C00373,Customer_C00373,Repeat,Prayagraj,2025-01-15
C02428,Customer_C02428,Repeat,Agra,2025-01-15
C03365,Customer_C03365,Repeat,Prayagraj,2025-01-15
C02062,Customer_C02062,Repeat,Noida,2025-01-15
C02881,Customer_C02881,New,Prayagraj,2025-01-15
C01084,Customer_C01084,Repeat,Varanasi,2025-01-15
C02130,Customer_C02130,Repeat,Noida,2025-01-15
C00301,Customer_C00301,New,Varanasi,2025-01-15
C00125,Customer_C00125,Repeat,Patna,2025-01-15
C01906,Customer_C01906,Repeat,Lucknow,2025-01-15
C01496,Customer_C01496,Repeat,Varanasi,2025-01-15
C01330,Customer_C01330,Repeat,Kanpur,2025-01-15
C01632,Customer_C01632,Repeat,Gorakhpur,2025-01-15
C02711,Customer_C02711,Repeat,Lucknow,2025-01-15
C00864,Customer_C00864,Repeat,Noida,2025-01-15
C00379,Customer_C00379,Repeat,Noida,2025-01-15
C01284,Customer_C01284,Repeat,Agra,2025-01-15
C01584,Customer_C01584,Repeat,Kanpur,2025-01-15
C00031,Customer_C00031,Repeat,Gorakhpur,2025-01-15
C02443,Customer_C02443,Repeat,Lucknow,2025-01-15
C02255,Customer_C02255,New,Lucknow,2025-01-15
C01772,Customer_C01772,Repeat,Noida,2025-01-15
C02377,Customer_C02377,Repeat,Noida,2025-01-15
C01505,Customer_C01505,Repeat,Kanpur,2025-01-15
C00692,Customer_C00692,Repeat,Kanpur,2025-01-15
C00694,Customer_C00694,Repeat,Prayagraj,2025-01-15
C00948,Customer_C00948,Repeat,Prayagraj,2025-01-15
C01345,Customer_C01345,Repeat,Lucknow,2025-01-15
C02895,Customer_C02895,Repeat,Prayagraj,2025-01-15
C01957,Customer_C01957,New,Prayagraj,2025-01-15
C03462,Customer_C03462,Repeat,Gorakhpur,2025-01-15
C00672,Customer_C00672,Repeat,Varanasi,2025-01-15
C02554,Customer_C02554,Repeat,Lucknow,2025-01-15
C00154,Customer_C00154,Repeat,Lucknow,2025-01-15
C00073,Customer_C00073,Repeat,Noida,2025-01-15
C02535,Customer_C02535,Repeat,Noida,2025-01-15
C03014,Customer_C03014,Repeat,Lucknow,2025-01-15
C01625,Customer_C01625,Repeat,Prayagraj,2025-01-15
C00289,Customer_C00289,Repeat,Gorakhpur,2025-01-15
C00553,Customer_C00553,Repeat,Prayagraj,2025-01-15
C01559,Customer_C01559,Repeat,Prayagraj,2025-01-15
C02785,Customer_C02785,Repeat,Lucknow,2025-01-15
C02794,Customer_C02794,Repeat,Lucknow,2025-01-15
C00782,Customer_C00782,Repeat,Gorakhpur,2025-01-15
C00660,Customer_C00660,New,Lucknow,2025-01-15
C01131,Customer_C01131,Repeat,Kanpur,2025-01-15
C01790,Customer_C01790,Repeat,Noida,2025-01-15
C01174,Customer_C01174,Repeat,Kanpur,2025-01-15
C03048,Customer_C03048,Repeat,Patna,2025-01-15
C02530,Customer_C02530,Repeat,Varanasi,2025-01-15
C02956,Customer_C02956,Repeat,Lucknow,2025-01-15
C00561,Customer_C00561,Repeat,Kanpur,2025-01-15
C00433,Customer_C00433,Repeat,Varanasi,2025-01-15
C00458,Customer_C00458,Repeat,Lucknow,2025-01-15
C00927,Customer_C00927,Repeat,Gorakhpur,2025-01-15
C01017,Customer_C01017,New,Jaipur,2025-01-15
C02418,Customer_C02418,Repeat,Patna,2025-01-15
C00318,Customer_C00318,Repeat,Jaipur,2025-01-15
C01426,Customer_C01426,Repeat,Kanpur,2025-01-15
C00590,Customer_C00590,Repeat,Noida,2025-01-15
C01545,Customer_C01545,Repeat,Prayagraj,2025-01-15
C00823,Customer_C00823,Repeat,Varanasi,2025-01-15
C02417,Customer_C02417,Repeat,Kanpur,2025-01-15
C01746,Customer_C01746,Repeat,Lucknow,2025-01-15
C00988,Customer_C00988,Repeat,Prayagraj,2025-01-15
C02965,Customer_C02965,Repeat,Agra,2025-01-15
C02387,Customer_C02387,Repeat,Lucknow,2025-01-15
C00012,Customer_C00012,Repeat,Lucknow,2025-01-15
C00791,Customer_C00791,New,Prayagraj,2025-01-15
C00532,Customer_C00532,Repeat,Noida,2025-01-15
C01566,Customer_C01566,Repeat,Lucknow,2025-01-15
C01177,Customer_C01177,Repeat,Lucknow,2025-01-15
C01190,Customer_C01190,Repeat,Prayagraj,2025-01-15
C01660,Customer_C01660,Repeat,Patna,2025-01-15
C00499,Customer_C00499,Repeat,Noida,2025-01-15
C00703,Customer_C00703,Repeat,Lucknow,2025-01-15
C00441,Customer_C00441,Repeat,Lucknow,2025-01-15
C02822,Customer_C02822,New,Prayagraj,2025-01-15
C01132,Customer_C01132,New,Lucknow,2025-01-15
C03025,Customer_C03025,Repeat,Agra,2025-01-15
C03272,Customer_C03272,Repeat,Lucknow,2025-01-15
C02068,Customer_C02068,Repeat,Varanasi,2025-01-15
C01879,Customer_C01879,Repeat,Gorakhpur,2025-01-15
C01076,Customer_C01076,Repeat,Noida,2025-01-15
C02583,Customer_C02583,Repeat,Agra,2025-01-15
C00718,Customer_C00718,Repeat,Agra,2025-01-15
C02562,Customer_C02562,Repeat,Agra,2025-01-15
C02225,Customer_C02225,Repeat,Lucknow,2025-01-15
C00062,Customer_C00062,Repeat,Noida,2025-01-15
C00039,Customer_C00039,Repeat,Lucknow,2025-01-15
C01473,Customer_C01473,Repeat,Kanpur,2025-01-15
C00701,Customer_C00701,Repeat,Noida,2025-01-15
C02900,Customer_C02900,Repeat,Prayagraj,2025-01-15
C01194,Customer_C01194,Repeat,Jaipur,2025-01-15
C01022,Customer_C01022,Repeat,Lucknow,2025-01-15
C03140,Customer_C03140,Repeat,Kanpur,2025-01-15
C00369,Customer_C00369,Repeat,Lucknow,2025-01-15
C00556,Customer_C00556,Repeat,Prayagraj,2025-01-15
C02707,Customer_C02707,Repeat,Lucknow,2025-01-15
C00957,Customer_C00957,Repeat,Varanasi,2025-01-15
C01633,Customer_C01633,Repeat,Agra,2025-01-15
C01488,Customer_C01488,Repeat,Lucknow,2025-01-15
C00292,Customer_C00292,Repeat,Varanasi,2025-01-15
C00941,Customer_C00941,Repeat,Noida,2025-01-15
C02602,Customer_C02602,New,Lucknow,2025-01-15
C01059,Customer_C01059,Repeat,Noida,2025-01-15
C00166,Customer_C00166,New,Gorakhpur,2025-01-15
C00113,Customer_C00113,Repeat,Kanpur,2025-01-15
C01283,Customer_C01283,Repeat,Kanpur,2025-01-15
C00664,Customer_C00664,Repeat,Agra,2025-01-15
C00253,Customer_C00253,Repeat,Lucknow,2025-01-15
C00332,Customer_C00332,Repeat,Prayagraj,2025-01-15
C01185,Customer_C01185,Repeat,Lucknow,2025-01-15
C01768,Customer_C01768,Repeat,Lucknow,2025-01-15
C03262,Customer_C03262,Repeat,Lucknow,2025-01-15
C01980,Customer_C01980,Repeat,Lucknow,2025-01-15
C02612,Customer_C02612,Repeat,Agra,2025-01-15
C03236,Customer_C03236,Repeat,Noida,2025-01-15
C02722,Customer_C02722,New,Jaipur,2025-01-15
C03213,Customer_C03213,Repeat,Kanpur,2025-01-15
C03112,Customer_C03112,Repeat,Prayagraj,2025-01-15
C03311,Customer_C03311,Repeat,Agra,2025-01-15
C03253,Customer_C03253,Repeat,Gorakhpur,2025-01-15
C02740,Customer_C02740,Repeat,Kanpur,2025-01-15
C00270,Customer_C00270,Repeat,Prayagraj,2025-01-15
C02640,Customer_C02640,Repeat,Kanpur,2025-01-15
C00848,Customer_C00848,Repeat,Agra,2025-01-15
C00464,Customer_C00464,Repeat,Varanasi,2025-01-15
C02593,Customer_C02593,Repeat,Lucknow,2025-01-15
C02192,Customer_C02192,Repeat,Noida,2025-01-15
C03323,Customer_C03323,Repeat,Kanpur,2025-01-15
C00460,Customer_C00460,Repeat,Prayagraj,2025-01-15
C02680,Customer_C02680,Repeat,Lucknow,2025-01-15
C01565,Customer_C01565,Repeat,Lucknow,2025-01-15
C00857,Customer_C00857,Repeat,Lucknow,2025-01-15
C00679,Customer_C00679,Repeat,Jaipur,2025-01-15
C01048,Customer_C01048,Repeat,Gorakhpur,2025-01-15
C02871,Customer_C02871,Repeat,Delhi,2025-01-15
C00965,Customer_C00965,Repeat,Prayagraj,2025-01-15
C02795,Customer_C02795,Repeat,Prayagraj,2025-01-15
C00621,Customer_C00621,Repeat,Lucknow,2025-01-15
C01396,Customer_C01396,Repeat,Gorakhpur,2025-01-15
C03425,Customer_C03425,Repeat,Gorakhpur,2025-01-15
C01568,Customer_C01568,Repeat,Lucknow,2025-01-15
C02887,Customer_C02887,Repeat,Kanpur,2025-01-15
C01889,Customer_C01889,New,Lucknow,2025-01-15
C02907,Customer_C02907,Repeat,Lucknow,2025-01-15
C00088,Customer_C00088,Repeat,Prayagraj,2025-01-15
C00302,Customer_C00302,Repeat,Gorakhpur,2025-01-15
C00094,Customer_C00094,Repeat,Prayagraj,2025-01-15
C02232,Customer_C02232,Repeat,Patna,2025-01-15
C00858,Customer_C00858,Repeat,Prayagraj,2025-01-15
C00476,Customer_C00476,Repeat,Jaipur,2025-01-15
C02358,Customer_C02358,Repeat,Varanasi,2025-01-15
C01013,Customer_C01013,Repeat,Lucknow,2025-01-15
C03217,Customer_C03217,Repeat,Gorakhpur,2025-01-15
C03326,Customer_C03326,Repeat,Prayagraj,2025-01-15
C01136,Customer_C01136,Repeat,Gorakhpur,2025-01-15
C00709,Customer_C00709,New,Noida,2025-01-15
C01058,Customer_C01058,Repeat,Noida,2025-01-15
C01850,Customer_C01850,Repeat,Agra,2025-01-15
C01178,Customer_C01178,Repeat,Lucknow,2025-01-15
C02565,Customer_C02565,Repeat,Gorakhpur,2025-01-15
C00974,Customer_C00974,Repeat,Patna,2025-01-15
C01751,Customer_C01751,Repeat,Lucknow,2025-01-15
C02359,Customer_C02359,Repeat,Lucknow,2025-01-15
C01256,Customer_C01256,Repeat,Agra,2025-01-15
C02006,Customer_C02006,New,Noida,2025-01-15
C00408,Customer_C00408,Repeat,Lucknow,2025-01-15
C03122,Customer_C03122,Repeat,Kanpur,2025-01-15
C03121,Customer_C03121,Repeat,Lucknow,2025-01-15
C00780,Customer_C00780,Repeat,Agra,2025-01-15
C03077,Customer_C03077,Repeat,Prayagraj,2025-01-15
C03464,Customer_C03464,Repeat,Kanpur,2025-01-15
C01025,Customer_C01025,Repeat,Lucknow,2025-01-15
C00874,Customer_C00874,Repeat,Noida,2025-01-15
C01157,Customer_C01157,Repeat,Noida,2025-01-15
C01270,Customer_C01270,Repeat,Noida,2025-01-15
C00503,Customer_C00503,Repeat,Lucknow,2025-01-15
C00419,Customer_C00419,Repeat,Kanpur,2025-01-15
C01548,Customer_C01548,Repeat,Lucknow,2025-01-15
C00626,Customer_C00626,Repeat,Lucknow,2025-01-15
C02454,Customer_C02454,Repeat,Prayagraj,2025-01-15
C01727,Customer_C01727,Repeat,Prayagraj,2025-01-15
C01504,Customer_C01504,Repeat,Noida,2025-01-15
C00248,Customer_C00248,Repeat,Noida,2025-01-15
C01208,Customer_C01208,Repeat,Agra,2025-01-15
C02531,Customer_C02531,Repeat,Kanpur,2025-01-15
C00616,Customer_C00616,Repeat,Agra,2025-01-15
C00826,Customer_C00826,Repeat,Prayagraj,2025-01-15
C02796,Customer_C02796,Repeat,Gorakhpur,2025-01-15
C03393,Customer_C03393,New,Varanasi,2025-01-15
C01753,Customer_C01753,Repeat,Jaipur,2025-01-15
C02744,Customer_C02744,Repeat,Noida,2025-01-15
C03489,Customer_C03489,Repeat,Varanasi,2025-01-15
C02613,Customer_C02613,Repeat,Lucknow,2025-01-15
C01030,Customer_C01030,Repeat,Gorakhpur,2025-01-15
C00485,Customer_C00485,Repeat,Lucknow,2025-01-15
C00410,Customer_C00410,Repeat,Noida,2025-01-15
C00265,Customer_C00265,Repeat,Prayagraj,2025-01-15
C01909,Customer_C01909,Repeat,Noida,2025-01-15
C00463,Customer_C00463,Repeat,Kanpur,2025-01-15
C01724,Customer_C01724,Repeat,Agra,2025-01-15
C02301,Customer_C02301,Repeat,Agra,2025-01-15
C02016,Customer_C02016,New,Prayagraj,2025-01-15
C01838,Customer_C01838,Repeat,Prayagraj,2025-01-15
C01720,Customer_C01720,Repeat,Noida,2025-01-15
C03407,Customer_C03407,Repeat,Noida,2025-01-15
C00048,Customer_C00048,Repeat,Jaipur,2025-01-15
C01935,Customer_C01935,Repeat,Noida,2025-01-15
C01759,Customer_C01759,Repeat,Agra,2025-01-15
C01917,Customer_C01917,Repeat,Gorakhpur,2025-01-15
C02144,Customer_C02144,Repeat,Prayagraj,2025-01-15
C00241,Customer_C00241,Repeat,Varanasi,2025-01-15
C02480,Customer_C02480,Repeat,Prayagraj,2025-01-15
C03075,Customer_C03075,Repeat,Lucknow,2025-01-15
C00064,Customer_C00064,Repeat,Lucknow,2025-01-15
C01855,Customer_C01855,Repeat,Prayagraj,2025-01-15
C01843,Customer_C01843,Repeat,Prayagraj,2025-01-15
C01242,Customer_C01242,Repeat,Agra,2025-01-15
C02545,Customer_C02545,Repeat,Agra,2025-01-15
C01707,Customer_C01707,Repeat,Varanasi,2025-01-15
C03204,Customer_C03204,Repeat,Patna,2025-01-15
C03063,Customer_C03063,Repeat,Prayagraj,2025-01-15
C02861,Customer_C02861,Repeat,Agra,2025-01-15
C00749,Customer_C00749,Repeat,Lucknow,2025-01-15
C01258,Customer_C01258,Repeat,Prayagraj,2025-01-15
C01956,Customer_C01956,Repeat,Gorakhpur,2025-01-15
C02539,Customer_C02539,Repeat,Lucknow,2025-01-15
C00195,Customer_C00195,Repeat,Varanasi,2025-01-15
C03129,Customer_C03129,New,Jaipur,2025-01-15
C02027,Customer_C02027,Repeat,Varanasi,2025-01-15
C02075,Customer_C02075,Repeat,Kanpur,2025-01-15
C03020,Customer_C03020,Repeat,Lucknow,2025-01-15
C01785,Customer_C01785,Repeat,Prayagraj,2025-01-15
C02468,Customer_C02468,Repeat,Jaipur,2025-01-15
C00842,Customer_C00842,Repeat,Lucknow,2025-01-15
C02343,Customer_C02343,Repeat,Kanpur,2025-01-15
C01318,Customer_C01318,Repeat,Gorakhpur,2025-01-15
C01384,Customer_C01384,Repeat,Prayagraj,2025-01-15
C01717,Customer_C01717,Repeat,Varanasi,2025-01-15
C02938,Customer_C02938,Repeat,Prayagraj,2025-01-15
C02272,Customer_C02272,New,Prayagraj,2025-01-15
C00720,Customer_C00720,Repeat,Lucknow,2025-01-15
C02258,Customer_C02258,New,Noida,2025-01-15
C03283,Customer_C03283,Repeat,Gorakhpur,2025-01-15
C02976,Customer_C02976,Repeat,Noida,2025-01-15
C01108,Customer_C01108,Repeat,Gorakhpur,2025-01-15
C00159,Customer_C00159,Repeat,Prayagraj,2025-01-15
C03050,Customer_C03050,Repeat,Jaipur,2025-01-15
C01766,Customer_C01766,Repeat,Noida,2025-01-15
C01593,Customer_C01593,Repeat,Prayagraj,2025-01-15
C01413,Customer_C01413,Repeat,Noida,2025-01-15
C02234,Customer_C02234,Repeat,Noida,2025-01-15
C00399,Customer_C00399,Repeat,Kanpur,2025-01-15
C00883,Customer_C00883,Repeat,Noida,2025-01-15
C00642,Customer_C00642,Repeat,Lucknow,2025-01-15
C02563,Customer_C02563,Repeat,Lucknow,2025-01-15
C03371,Customer_C03371,Repeat,Lucknow,2025-01-15
C01100,Customer_C01100,New,Kanpur,2025-01-15
C01170,Customer_C01170,Repeat,Prayagraj,2025-01-15
C01449,Customer_C01449,Repeat,Prayagraj,2025-01-15
C01196,Customer_C01196,Repeat,Kanpur,2025-01-15
C00400,Customer_C00400,Repeat,Noida,2025-01-15
C01693,Customer_C01693,Repeat,Prayagraj,2025-01-15
C00217,Customer_C00217,Repeat,Lucknow,2025-01-15
C03374,Customer_C03374,Repeat,Kanpur,2025-01-15
C03035,Customer_C03035,Repeat,Patna,2025-01-15
C02236,Customer_C02236,Repeat,Agra,2025-01-15
C02333,Customer_C02333,Repeat,Noida,2025-01-15
C01542,Customer_C01542,Repeat,Lucknow,2025-01-15
C02096,Customer_C02096,Repeat,Noida,2025-01-15
C01513,Customer_C01513,Repeat,Noida,2025-01-15
C03067,Customer_C03067,Repeat,Varanasi,2025-01-15
C02859,Customer_C02859,New,Prayagraj,2025-01-15
C01354,Customer_C01354,Repeat,Noida,2025-01-15
C00330,Customer_C00330,Repeat,Noida,2025-01-15
C01684,Customer_C01684,Repeat,Jaipur,2025-01-15
C02143,Customer_C02143,Repeat,Prayagraj,2025-01-15
C01876,Customer_C01876,Repeat,Prayagraj,2025-01-15
C00827,Customer_C00827,Repeat,Gorakhpur,2025-01-15
C02069,Customer_C02069,Repeat,Varanasi,2025-01-15
C01645,Customer_C01645,Repeat,Noida,2025-01-15
C00380,Customer_C00380,New,Jaipur,2025-01-15
C03362,Customer_C03362,Repeat,Delhi,2025-01-15
C00719,Customer_C00719,New,Varanasi,2025-01-15
C01824,Customer_C01824,Repeat,Agra,2025-01-15
C01004,Customer_C01004,Repeat,Agra,2025-01-15
C01181,Customer_C01181,New,Lucknow,2025-01-15
C00860,Customer_C00860,Repeat,Lucknow,2025-01-15
C03332,Customer_C03332,Repeat,Varanasi,2025-01-15
C03111,Customer_C03111,Repeat,Noida,2025-01-15
C00071,Customer_C00071,Repeat,Lucknow,2025-01-15
C02837,Customer_C02837,New,Prayagraj,2025-01-15
C03156,Customer_C03156,Repeat,Jaipur,2025-01-15
C00215,Customer_C00215,Repeat,Lucknow,2025-01-15
C03449,Customer_C03449,Repeat,Lucknow,2025-01-15
C02220,Customer_C02220,Repeat,Gorakhpur,2025-01-15
C01745,Customer_C01745,Repeat,Gorakhpur,2025-01-15
C00757,Customer_C00757,Repeat,Varanasi,2025-01-15
C02685,Customer_C02685,Repeat,Varanasi,2025-01-15
C00728,Customer_C00728,Repeat,Kanpur,2025-01-15
C02876,Customer_C02876,New,Lucknow,2025-01-15
C01560,Customer_C01560,Repeat,Kanpur,2025-01-15
C02435,Customer_C02435,Repeat,Kanpur,2025-01-15
C01106,Customer_C01106,Repeat,Kanpur,2025-01-15
C00529,Customer_C00529,New,Prayagraj,2025-01-15
C01737,Customer_C01737,Repeat,Lucknow,2025-01-15
C03238,Customer_C03238,Repeat,Prayagraj,2025-01-15
C01683,Customer_C01683,Repeat,Lucknow,2025-01-15
C02421,Customer_C02421,Repeat,Jaipur,2025-01-15
C03171,Customer_C03171,Repeat,Prayagraj,2025-01-15
C00381,Customer_C00381,Repeat,Prayagraj,2025-01-15
C02092,Customer_C02092,Repeat,Noida,2025-01-15
C00896,Customer_C00896,Repeat,Lucknow,2025-01-15
C02413,Customer_C02413,Repeat,Varanasi,2025-01-15
C01200,Customer_C01200,Repeat,Prayagraj,2025-01-15
C01291,Customer_C01291,New,Gorakhpur,2025-01-15
C01532,Customer_C01532,Repeat,Kanpur,2025-01-15
C01368,Customer_C01368,Repeat,Kanpur,2025-01-15
C02490,Customer_C02490,Repeat,Lucknow,2025-01-15
C02013,Customer_C02013,Repeat,Noida,2025-01-15
C00038,Customer_C00038,New,Noida,2025-01-15
C02175,Customer_C02175,New,Agra,2025-01-15
C02039,Customer_C02039,Repeat,Varanasi,2025-01-15
C02885,Customer_C02885,Repeat,Noida,2025-01-15
C02734,Customer_C02734,Repeat,Jaipur,2025-01-15
C01164,Customer_C01164,Repeat,Lucknow,2025-01-15
C02607,Customer_C02607,Repeat,Prayagraj,2025-01-15
C03218,Customer_C03218,Repeat,Noida,2025-01-15
C01146,Customer_C01146,Repeat,Prayagraj,2025-01-15
C02620,Customer_C02620,New,Agra,2025-01-15
C02714,Customer_C02714,Repeat,Prayagraj,2025-01-15
C00308,Customer_C00308,Repeat,Lucknow,2025-01-15
C02379,Customer_C02379,Repeat,Agra,2025-01-15
C00331,Customer_C00331,Repeat,Noida,2025-01-15
C00018,Customer_C00018,Repeat,Agra,2025-01-15
C00518,Customer_C00518,Repeat,Jaipur,2025-01-15
C00414,Customer_C00414,Repeat,Jaipur,2025-01-15
C02171,Customer_C02171,Repeat,Kanpur,2025-01-15
C01773,Customer_C01773,Repeat,Lucknow,2025-01-15
C02625,Customer_C02625,Repeat,Prayagraj,2025-01-15
C02551,Customer_C02551,Repeat,Kanpur,2025-01-15
C02950,Customer_C02950,Repeat,Lucknow,2025-01-15
C01341,Customer_C01341,Repeat,Prayagraj,2025-01-15
C02378,Customer_C02378,Repeat,Jaipur,2025-01-15
C02102,Customer_C02102,Repeat,Lucknow,2025-01-15
C00416,Customer_C00416,Repeat,Jaipur,2025-01-15
C01538,Customer_C01538,Repeat,Gorakhpur,2025-01-15
C03267,Customer_C03267,Repeat,Kanpur,2025-01-15
C01655,Customer_C01655,Repeat,Kanpur,2025-01-15
C01182,Customer_C01182,Repeat,Lucknow,2025-01-15
C00041,Customer_C00041,Repeat,Lucknow,2025-01-15
C00498,Customer_C00498,New,Jaipur,2025-01-15
C00029,Customer_C00029,Repeat,Gorakhpur,2025-01-15
C03069,Customer_C03069,Repeat,Kanpur,2025-01-15
C01520,Customer_C01520,Repeat,Lucknow,2025-01-15
C00862,Customer_C00862,Repeat,Patna,2025-01-15
C02466,Customer_C02466,Repeat,Gorakhpur,2025-01-15
C00632,Customer_C00632,Repeat,Kanpur,2025-01-15
C02482,Customer_C02482,Repeat,Gorakhpur,2025-01-15
C00996,Customer_C00996,Repeat,Prayagraj,2025-01-15
C00653,Customer_C00653,Repeat,Prayagraj,2025-01-15
C03038,Customer_C03038,Repeat,Lucknow,2025-01-15
C03391,Customer_C03391,Repeat,Gorakhpur,2025-01-15
C01730,Customer_C01730,Repeat,Jaipur,2025-01-15
C00689,Customer_C00689,Repeat,Prayagraj,2025-01-15
C02776,Customer_C02776,Repeat,Jaipur,2025-01-15
C01587,Customer_C01587,Repeat,Noida,2025-01-15
C00876,Customer_C00876,Repeat,Kanpur,2025-01-15
C01348,Customer_C01348,Repeat,Varanasi,2025-01-15
C02909,Customer_C02909,Repeat,Gorakhpur,2025-01-15
C03357,Customer_C03357,Repeat,Noida,2025-01-15
C01834,Customer_C01834,Repeat,Kanpur,2025-01-15
C00266,Customer_C00266,Repeat,Lucknow,2025-01-15
C01113,Customer_C01113,Repeat,Lucknow,2025-01-15
C02049,Customer_C02049,Repeat,Lucknow,2025-01-15
C00326,Customer_C00326,Repeat,Varanasi,2025-01-15
C02673,Customer_C02673,Repeat,Prayagraj,2025-01-15
C01352,Customer_C01352,Repeat,Kanpur,2025-01-15
C01590,Customer_C01590,Repeat,Kanpur,2025-01-15
C00889,Customer_C00889,Repeat,Noida,2025-01-15
C01003,Customer_C01003,Repeat,Lucknow,2025-01-15
C02394,Customer_C02394,Repeat,Varanasi,2025-01-15
C02739,Customer_C02739,Repeat,Lucknow,2025-01-15
C03053,Customer_C03053,Repeat,Patna,2025-01-15
C00065,Customer_C00065,Repeat,Noida,2025-01-15
C00576,Customer_C00576,Repeat,Lucknow,2025-01-15
C02585,Customer_C02585,Repeat,Prayagraj,2025-01-15
C01656,Customer_C01656,New,Kanpur,2025-01-15
C00406,Customer_C00406,New,Prayagraj,2025-01-15
C01326,Customer_C01326,Repeat,Kanpur,2025-01-15
C02495,Customer_C02495,Repeat,Lucknow,2025-01-15
C01851,Customer_C01851,Repeat,Kanpur,2025-01-15
C03460,Customer_C03460,Repeat,Kanpur,2025-01-15
C00847,Customer_C00847,Repeat,Lucknow,2025-01-15
C00075,Customer_C00075,Repeat,Noida,2025-01-15
C03451,Customer_C03451,Repeat,Gorakhpur,2025-01-15
C00807,Customer_C00807,New,Noida,2025-01-15
C00817,Customer_C00817,Repeat,Gorakhpur,2025-01-15
C03366,Customer_C03366,Repeat,Jaipur,2025-01-15
C02494,Customer_C02494,Repeat,Lucknow,2025-01-15
C01673,Customer_C01673,New,Jaipur,2025-01-15
C01874,Customer_C01874,Repeat,Gorakhpur,2025-01-15
C02833,Customer_C02833,Repeat,Lucknow,2025-01-15
C02581,Customer_C02581,Repeat,Noida,2025-01-15
C01010,Customer_C01010,Repeat,Prayagraj,2025-01-15
C00769,Customer_C00769,Repeat,Lucknow,2025-01-15
C02645,Customer_C02645,Repeat,Lucknow,2025-01-15
C01023,Customer_C01023,Repeat,Jaipur,2025-01-15
C03350,Customer_C03350,Repeat,Lucknow,2025-01-15
C02284,Customer_C02284,Repeat,Gorakhpur,2025-01-15
C03312,Customer_C03312,Repeat,Varanasi,2025-01-15
C01037,Customer_C01037,New,Lucknow,2025-01-15
C00015,Customer_C00015,Repeat,Gorakhpur,2025-01-15
C02621,Customer_C02621,Repeat,Prayagraj,2025-01-15
C01871,Customer_C01871,Repeat,Jaipur,2025-01-15
C00466,Customer_C00466,New,Lucknow,2025-01-15
C00477,Customer_C00477,Repeat,Lucknow,2025-01-15
C00334,Customer_C00334,Repeat,Lucknow,2025-01-15
C01582,Customer_C01582,Repeat,Prayagraj,2025-01-15
C01371,Customer_C01371,Repeat,Agra,2025-01-15
C01406,Customer_C01406,Repeat,Noida,2025-01-15
C02624,Customer_C02624,Repeat,Noida,2025-01-15
C02865,Customer_C02865,Repeat,Lucknow,2025-01-15
C02990,Customer_C02990,Repeat,Varanasi,2025-01-15
C00939,Customer_C00939,Repeat,Delhi,2025-01-15
C03334,Customer_C03334,Repeat,Prayagraj,2025-01-15
C02896,Customer_C02896,Repeat,Patna,2025-01-15
C02259,Customer_C02259,Repeat,Jaipur,2025-01-15
C00255,Customer_C00255,Repeat,Prayagraj,2025-01-15
C02250,Customer_C02250,Repeat,Noida,2025-01-15
C02227,Customer_C02227,Repeat,Agra,2025-01-15
C03219,Customer_C03219,Repeat,Prayagraj,2025-01-15
C01206,Customer_C01206,Repeat,Kanpur,2025-01-15
C00033,Customer_C00033,Repeat,Lucknow,2025-01-15
C00594,Customer_C00594,New,Agra,2025-01-15
C02439,Customer_C02439,Repeat,Lucknow,2025-01-15
C01077,Customer_C01077,New,Varanasi,2025-01-15
C03434,Customer_C03434,Repeat,Lucknow,2025-01-15
C01600,Customer_C01600,Repeat,Jaipur,2025-01-15
C03059,Customer_C03059,Repeat,Gorakhpur,2025-01-15
C03131,Customer_C03131,New,Kanpur,2025-01-15
C01171,Customer_C01171,New,Noida,2025-01-15
C01646,Customer_C01646,Repeat,Agra,2025-01-15
C01461,Customer_C01461,Repeat,Lucknow,2025-01-15
C00878,Customer_C00878,Repeat,Lucknow,2025-01-15
C01376,Customer_C01376,Repeat,Lucknow,2025-01-15
C02579,Customer_C02579,Repeat,Varanasi,2025-01-15
C03195,Customer_C03195,New,Agra,2025-01-15
C02364,Customer_C02364,Repeat,Lucknow,2025-01-15
C00392,Customer_C00392,New,Gorakhpur,2025-01-15
C00870,Customer_C00870,Repeat,Jaipur,2025-01-15
C00875,Customer_C00875,Repeat,Noida,2025-01-15
C00648,Customer_C00648,Repeat,Lucknow,2025-01-15
C02790,Customer_C02790,Repeat,Agra,2025-01-15
C02721,Customer_C02721,Repeat,Prayagraj,2025-01-15
C03158,Customer_C03158,Repeat,Varanasi,2025-01-15
C00288,Customer_C00288,Repeat,Agra,2025-01-15
C02406,Customer_C02406,Repeat,Prayagraj,2025-01-15
C03441,Customer_C03441,Repeat,Kanpur,2025-01-15
C03448,Customer_C03448,Repeat,Noida,2025-01-15
C01087,Customer_C01087,Repeat,Lucknow,2025-01-15
C00163,Customer_C00163,New,Gorakhpur,2025-01-15
C00322,Customer_C00322,Repeat,Kanpur,2025-01-15
C01251,Customer_C01251,Repeat,Delhi,2025-01-15
C01860,Customer_C01860,Repeat,Lucknow,2025-01-15
C01316,Customer_C01316,Repeat,Lucknow,2025-01-15
C01690,Customer_C01690,Repeat,Lucknow,2025-01-15
C01302,Customer_C01302,Repeat,Kanpur,2025-01-15
C00452,Customer_C00452,Repeat,Lucknow,2025-01-15
C02456,Customer_C02456,Repeat,Varanasi,2025-01-15
C00617,Customer_C00617,Repeat,Jaipur,2025-01-15
C00341,Customer_C00341,Repeat,Lucknow,2025-01-15
C00641,Customer_C00641,Repeat,Lucknow,2025-01-15
C01747,Customer_C01747,Repeat,Lucknow,2025-01-15
C02945,Customer_C02945,Repeat,Kanpur,2025-01-15
C01606,Customer_C01606,Repeat,Noida,2025-01-15
C00223,Customer_C00223,Repeat,Agra,2025-01-15
C02470,Customer_C02470,Repeat,Noida,2025-01-15
C02455,Customer_C02455,Repeat,Agra,2025-01-15
C02368,Customer_C02368,Repeat,Lucknow,2025-01-15
C01305,Customer_C01305,Repeat,Noida,2025-01-15
C03245,Customer_C03245,Repeat,Jaipur,2025-01-15
C02511,Customer_C02511,Repeat,Noida,2025-01-15
C03284,Customer_C03284,New,Lucknow,2025-01-15
C03240,Customer_C03240,Repeat,Prayagraj,2025-01-15
C00671,Customer_C00671,Repeat,Gorakhpur,2025-01-15
C01893,Customer_C01893,Repeat,Jaipur,2025-01-15
C00429,Customer_C00429,Repeat,Delhi,2025-01-15
C02327,Customer_C02327,New,Noida,2025-01-15
C02760,Customer_C02760,Repeat,Prayagraj,2025-01-15
C01266,Customer_C01266,New,Noida,2025-01-15
C00722,Customer_C00722,Repeat,Lucknow,2025-01-15
C02932,Customer_C02932,Repeat,Agra,2025-01-15
C02877,Customer_C02877,Repeat,Lucknow,2025-01-15
C01839,Customer_C01839,Repeat,Lucknow,2025-01-15
C01272,Customer_C01272,Repeat,Patna,2025-01-15
C01736,Customer_C01736,Repeat,Jaipur,2025-01-15
C02754,Customer_C02754,Repeat,Jaipur,2025-01-15
C02260,Customer_C02260,New,Agra,2025-01-15
C01253,Customer_C01253,Repeat,Agra,2025-01-15
C00397,Customer_C00397,New,Noida,2025-01-15
C02294,Customer_C02294,Repeat,Noida,2025-01-15
C03385,Customer_C03385,New,Kanpur,2025-01-15
C01740,Customer_C01740,Repeat,Lucknow,2025-01-15
C01658,Customer_C01658,Repeat,Lucknow,2025-01-15
C02597,Customer_C02597,Repeat,Noida,2025-01-15
C00474,Customer_C00474,Repeat,Kanpur,2025-01-15
C02239,Customer_C02239,Repeat,Kanpur,2025-01-15
C02935,Customer_C02935,Repeat,Kanpur,2025-01-15
C00355,Customer_C00355,Repeat,Agra,2025-01-15
C00895,Customer_C00895,Repeat,Agra,2025-01-15
C01831,Customer_C01831,Repeat,Prayagraj,2025-01-15
C01454,Customer_C01454,Repeat,Lucknow,2025-01-15
C00366,Customer_C00366,Repeat,Kanpur,2025-01-15
C02930,Customer_C02930,Repeat,Kanpur,2025-01-15
C03233,Customer_C03233,Repeat,Jaipur,2025-01-15
C00613,Customer_C00613,Repeat,Kanpur,2025-01-15
C02629,Customer_C02629,Repeat,Varanasi,2025-01-15
C00905,Customer_C00905,Repeat,Varanasi,2025-01-15
C00067,Customer_C00067,Repeat,Kanpur,2025-01-15
C02756,Customer_C02756,Repeat,Gorakhpur,2025-01-15
C03045,Customer_C03045,Repeat,Kanpur,2025-01-15
C02149,Customer_C02149,Repeat,Noida,2025-01-15
C02644,Customer_C02644,Repeat,Kanpur,2025-01-15
C01248,Customer_C01248,New,Kanpur,2025-01-15
C02655,Customer_C02655,Repeat,Agra,2025-01-15
C00637,Customer_C00637,Repeat,Lucknow,2025-01-15
C02053,Customer_C02053,Repeat,Gorakhpur,2025-01-15
C02275,Customer_C02275,Repeat,Patna,2025-01-15
C00814,Customer_C00814,Repeat,Kanpur,2025-01-15
C00233,Customer_C00233,Repeat,Varanasi,2025-01-15
C00908,Customer_C00908,Repeat,Kanpur,2025-01-15
C01549,Customer_C01549,Repeat,Noida,2025-01-15
C01389,Customer_C01389,Repeat,Gorakhpur,2025-01-15
C01779,Customer_C01779,Repeat,Kanpur,2025-01-15
C00009,Customer_C00009,Repeat,Lucknow,2025-01-15
C03455,Customer_C03455,Repeat,Gorakhpur,2025-01-15
C02525,Customer_C02525,Repeat,Gorakhpur,2025-01-15
C01418,Customer_C01418,Repeat,Delhi,2025-01-15
C03227,Customer_C03227,Repeat,Varanasi,2025-01-15
C02674,Customer_C02674,Repeat,Kanpur,2025-01-15
C00961,Customer_C00961,Repeat,Kanpur,2025-01-15
C01480,Customer_C01480,Repeat,Gorakhpur,2025-01-15
C01112,Customer_C01112,Repeat,Lucknow,2025-01-15
C02964,Customer_C02964,Repeat,Jaipur,2025-01-15
C01901,Customer_C01901,Repeat,Gorakhpur,2025-01-15
C00224,Customer_C00224,Repeat,Agra,2025-01-15
C01346,Customer_C01346,Repeat,Prayagraj,2025-01-15
C01865,Customer_C01865,Repeat,Lucknow,2025-01-15
C00922,Customer_C00922,Repeat,Kanpur,2025-01-15
C02168,Customer_C02168,Repeat,Lucknow,2025-01-15
C02450,Customer_C02450,Repeat,Noida,2025-01-15
C01365,Customer_C01365,Repeat,Lucknow,2025-01-15
C01731,Customer_C01731,Repeat,Kanpur,2025-01-15
C00571,Customer_C00571,Repeat,Noida,2025-01-15
C01166,Customer_C01166,New,Lucknow,2025-01-15
C02105,Customer_C02105,Repeat,Prayagraj,2025-01-15
C00200,Customer_C00200,Repeat,Kanpur,2025-01-15
C01034,Customer_C01034,Repeat,Varanasi,2025-01-15
C01474,Customer_C01474,Repeat,Prayagraj,2025-01-15
C01090,Customer_C01090,Repeat,Agra,2025-01-15
C00281,Customer_C00281,Repeat,Jaipur,2025-01-15
C02770,Customer_C02770,Repeat,Lucknow,2025-01-15
C02182,Customer_C02182,Repeat,Kanpur,2025-01-15
C01704,Customer_C01704,Repeat,Kanpur,2025-01-15
C02986,Customer_C02986,Repeat,Kanpur,2025-01-15
C01765,Customer_C01765,Repeat,Lucknow,2025-01-15
C00524,Customer_C00524,New,Prayagraj,2025-01-15
C01944,Customer_C01944,New,Varanasi,2025-01-15
C01805,Customer_C01805,Repeat,Kanpur,2025-01-15
C00911,Customer_C00911,Repeat,Noida,2025-01-15
C00307,Customer_C00307,Repeat,Lucknow,2025-01-15
C02032,Customer_C02032,Repeat,Prayagraj,2025-01-15
C00947,Customer_C00947,Repeat,Noida,2025-01-15
C00092,Customer_C00092,Repeat,Delhi,2025-01-15
C00640,Customer_C00640,Repeat,Kanpur,2025-01-15
C00329,Customer_C00329,Repeat,Noida,2025-01-15
C03196,Customer_C03196,New,Prayagraj,2025-01-15
C02838,Customer_C02838,Repeat,Lucknow,2025-01-15
C01507,Customer_C01507,Repeat,Gorakhpur,2025-01-15
C02643,Customer_C02643,Repeat,Prayagraj,2025-01-15
C00197,Customer_C00197,Repeat,Gorakhpur,2025-01-15
C02547,Customer_C02547,Repeat,Kanpur,2025-01-15
C00317,Customer_C00317,Repeat,Lucknow,2025-01-15
C01314,Customer_C01314,Repeat,Noida,2025-01-15
C01511,Customer_C01511,Repeat,Varanasi,2025-01-15
C00611,Customer_C00611,Repeat,Lucknow,2025-01-15
C02813,Customer_C02813,Repeat,Noida,2025-01-15
C01041,Customer_C01041,New,Noida,2025-01-15
C01323,Customer_C01323,Repeat,Kanpur,2025-01-15
C02573,Customer_C02573,New,Prayagraj,2025-01-15
C00605,Customer_C00605,Repeat,Noida,2025-01-15
C02000,Customer_C02000,Repeat,Lucknow,2025-01-15
C02791,Customer_C02791,Repeat,Lucknow,2025-01-15
C02691,Customer_C02691,Repeat,Gorakhpur,2025-01-15
C01350,Customer_C01350,Repeat,Gorakhpur,2025-01-15
C02401,Customer_C02401,Repeat,Noida,2025-01-15
C01782,Customer_C01782,Repeat,Gorakhpur,2025-01-15
C02404,Customer_C02404,Repeat,Jaipur,2025-01-15
C00074,Customer_C00074,Repeat,Kanpur,2025-01-15
C01285,Customer_C01285,Repeat,Gorakhpur,2025-01-15
C03145,Customer_C03145,Repeat,Noida,2025-01-15
C01424,Customer_C01424,New,Lucknow,2025-01-15
C00619,Customer_C00619,Repeat,Lucknow,2025-01-15
C01622,Customer_C01622,Repeat,Kanpur,2025-01-15
C01336,Customer_C01336,Repeat,Noida,2025-01-15
C01991,Customer_C01991,Repeat,Noida,2025-01-15
C02163,Customer_C02163,Repeat,Varanasi,2025-01-15
C01999,Customer_C01999,Repeat,Kanpur,2025-01-15
C00555,Customer_C00555,Repeat,Varanasi,2025-01-15
C02591,Customer_C02591,Repeat,Lucknow,2025-01-15
C03126,Customer_C03126,Repeat,Agra,2025-01-15
C01868,Customer_C01868,Repeat,Patna,2025-01-15
C02715,Customer_C02715,Repeat,Lucknow,2025-01-15
C03331,Customer_C03331,Repeat,Kanpur,2025-01-15
C02870,Customer_C02870,Repeat,Lucknow,2025-01-15
C02052,Customer_C02052,Repeat,Kanpur,2025-01-15
C01681,Customer_C01681,Repeat,Lucknow,2025-01-15
C00599,Customer_C00599,Repeat,Noida,2025-01-15
C01936,Customer_C01936,Repeat,Lucknow,2025-01-15
C02979,Customer_C02979,Repeat,Lucknow,2025-01-15
C03495,Customer_C03495,Repeat,Gorakhpur,2025-01-15
C00700,Customer_C00700,Repeat,Kanpur,2025-01-15
C01888,Customer_C01888,Repeat,Lucknow,2025-01-15
C00726,Customer_C00726,Repeat,Prayagraj,2025-01-15
C02426,Customer_C02426,Repeat,Lucknow,2025-01-15
C00732,Customer_C00732,Repeat,Gorakhpur,2025-01-15
C03286,Customer_C03286,Repeat,Prayagraj,2025-01-15
C00137,Customer_C00137,Repeat,Agra,2025-01-15
C01151,Customer_C01151,Repeat,Noida,2025-01-15
C00507,Customer_C00507,New,Kanpur,2025-01-15
C02415,Customer_C02415,Repeat,Prayagraj,2025-01-15
C02955,Customer_C02955,Repeat,Lucknow,2025-01-15
C00559,Customer_C00559,Repeat,Prayagraj,2025-01-15
C02463,Customer_C02463,Repeat,Noida,2025-01-15
C02959,Customer_C02959,Repeat,Lucknow,2025-01-15
C00615,Customer_C00615,New,Agra,2025-01-15
C01892,Customer_C01892,Repeat,Lucknow,2025-01-15
C01929,Customer_C01929,Repeat,Prayagraj,2025-01-15
C01393,Customer_C01393,Repeat,Lucknow,2025-01-15
C03086,Customer_C03086,Repeat,Noida,2025-01-15
C01967,Customer_C01967,Repeat,Noida,2025-01-15
C01827,Customer_C01827,Repeat,Jaipur,2025-01-15
C01213,Customer_C01213,Repeat,Lucknow,2025-01-15
C03478,Customer_C03478,Repeat,Lucknow,2025-01-15
C03266,Customer_C03266,Repeat,Noida,2025-01-15
C02289,Customer_C02289,Repeat,Gorakhpur,2025-01-15
C02389,Customer_C02389,Repeat,Kanpur,2025-01-15
C02423,Customer_C02423,Repeat,Gorakhpur,2025-01-15
C00426,Customer_C00426,Repeat,Prayagraj,2025-01-15
C03309,Customer_C03309,Repeat,Prayagraj,2025-01-15
C02782,Customer_C02782,Repeat,Noida,2025-01-15
C02249,Customer_C02249,Repeat,Lucknow,2025-01-15
C01903,Customer_C01903,Repeat,Varanasi,2025-01-15
C03175,Customer_C03175,Repeat,Varanasi,2025-01-15
C00188,Customer_C00188,Repeat,Varanasi,2025-01-15
C01508,Customer_C01508,Repeat,Lucknow,2025-01-15
C01769,Customer_C01769,Repeat,Agra,2025-01-15
C01711,Customer_C01711,New,Prayagraj,2025-01-15
C00756,Customer_C00756,Repeat,Agra,2025-01-15
C00742,Customer_C00742,Repeat,Kanpur,2025-01-15
C01342,Customer_C01342,New,Noida,2025-01-15
C01982,Customer_C01982,Repeat,Prayagraj,2025-01-15
C00135,Customer_C00135,Repeat,Agra,2025-01-15
C03191,Customer_C03191,Repeat,Kanpur,2025-01-15
C01069,Customer_C01069,Repeat,Lucknow,2025-01-15
C03090,Customer_C03090,Repeat,Noida,2025-01-15
C01898,Customer_C01898,New,Prayagraj,2025-01-15
C02195,Customer_C02195,Repeat,Noida,2025-01-15
C02829,Customer_C02829,Repeat,Lucknow,2025-01-15
C03275,Customer_C03275,Repeat,Lucknow,2025-01-15
C00257,Customer_C00257,Repeat,Lucknow,2025-01-15
C03483,Customer_C03483,Repeat,Jaipur,2025-01-15
C03471,Customer_C03471,New,Gorakhpur,2025-01-15
C01378,Customer_C01378,Repeat,Prayagraj,2025-01-15
C01678,Customer_C01678,Repeat,Lucknow,2025-01-15
C03291,Customer_C03291,New,Noida,2025-01-15
C03116,Customer_C03116,Repeat,Patna,2025-01-15
C02927,Customer_C02927,Repeat,Agra,2025-01-15
C03336,Customer_C03336,Repeat,Varanasi,2025-01-15
C00367,Customer_C00367,Repeat,Patna,2025-01-15
C00465,Customer_C00465,Repeat,Noida,2025-01-15
C03128,Customer_C03128,Repeat,Varanasi,2025-01-15
C02222,Customer_C02222,Repeat,Prayagraj,2025-01-15
C00333,Customer_C00333,Repeat,Gorakhpur,2025-01-15
C00180,Customer_C00180,Repeat,Patna,2025-01-15
C02688,Customer_C02688,Repeat,Noida,2025-01-15
C01925,Customer_C01925,New,Prayagraj,2025-01-15
C02351,Customer_C02351,Repeat,Gorakhpur,2025-01-15
C03458,Customer_C03458,Repeat,Gorakhpur,2025-01-15
C02123,Customer_C02123,Repeat,Gorakhpur,2025-01-15
C00415,Customer_C00415,Repeat,Prayagraj,2025-01-15
C01933,Customer_C01933,Repeat,Delhi,2025-01-15
C02646,Customer_C02646,Repeat,Kanpur,2025-01-15
C00964,Customer_C00964,Repeat,Noida,2025-01-15
C02129,Customer_C02129,Repeat,Kanpur,2025-01-15
C02873,Customer_C02873,Repeat,Delhi,2025-01-15
C03452,Customer_C03452,Repeat,Delhi,2025-01-15
C02038,Customer_C02038,Repeat,Lucknow,2025-01-15
C01374,Customer_C01374,Repeat,Noida,2025-01-15
C01417,Customer_C01417,Repeat,Lucknow,2025-01-15
C02616,Customer_C02616,Repeat,Prayagraj,2025-01-15
C00090,Customer_C00090,Repeat,Prayagraj,2025-01-15
C01463,Customer_C01463,Repeat,Kanpur,2025-01-15
C00657,Customer_C00657,Repeat,Delhi,2025-01-15
C01742,Customer_C01742,Repeat,Jaipur,2025-01-15
C03079,Customer_C03079,Repeat,Noida,2025-01-15
C02848,Customer_C02848,Repeat,Noida,2025-01-15
C03299,Customer_C03299,Repeat,Lucknow,2025-01-15
C02522,Customer_C02522,Repeat,Gorakhpur,2025-01-15
C02800,Customer_C02800,Repeat,Gorakhpur,2025-01-15
C03300,Customer_C03300,Repeat,Agra,2025-01-15
C01539,Customer_C01539,Repeat,Prayagraj,2025-01-15
C00398,Customer_C00398,Repeat,Gorakhpur,2025-01-15
C03155,Customer_C03155,Repeat,Varanasi,2025-01-15
C02595,Customer_C02595,Repeat,Noida,2025-01-15
C02297,Customer_C02297,Repeat,Lucknow,2025-01-15
C00515,Customer_C00515,Repeat,Prayagraj,2025-01-15
C01470,Customer_C01470,Repeat,Noida,2025-01-15
C03406,Customer_C03406,New,Lucknow,2025-01-15
C01897,Customer_C01897,Repeat,Prayagraj,2025-01-15
C02287,Customer_C02287,Repeat,Gorakhpur,2025-01-15
C02570,Customer_C02570,New,Lucknow,2025-01-15
C03364,Customer_C03364,Repeat,Lucknow,2025-01-15
C02371,Customer_C02371,New,Kanpur,2025-01-15
C01902,Customer_C01902,Repeat,Lucknow,2025-01-15
C00500,Customer_C00500,Repeat,Kanpur,2025-01-15
C02106,Customer_C02106,Repeat,Lucknow,2025-01-15
C00208,Customer_C00208,Repeat,Noida,2025-01-15
C00975,Customer_C00975,Repeat,Varanasi,2025-01-15
C00543,Customer_C00543,Repeat,Lucknow,2025-01-15
C03198,Customer_C03198,Repeat,Kanpur,2025-01-15
C00023,Customer_C00023,Repeat,Noida,2025-01-15
C02452,Customer_C02452,Repeat,Lucknow,2025-01-15
C00899,Customer_C00899,Repeat,Lucknow,2025-01-15
C00354,Customer_C00354,Repeat,Noida,2025-01-15
C01021,Customer_C01021,Repeat,Noida,2025-01-15
C01117,Customer_C01117,Repeat,Lucknow,2025-01-15
C02659,Customer_C02659,Repeat,Lucknow,2025-01-15
C02121,Customer_C02121,Repeat,Gorakhpur,2025-01-15
C01616,Customer_C01616,Repeat,Prayagraj,2025-01-15
C01388,Customer_C01388,Repeat,Jaipur,2025-01-15
C00603,Customer_C00603,Repeat,Lucknow,2025-01-15
C02578,Customer_C02578,Repeat,Gorakhpur,2025-01-15
C00696,Customer_C00696,Repeat,Kanpur,2025-01-15
C02750,Customer_C02750,New,Varanasi,2025-01-15
C03427,Customer_C03427,Repeat,Noida,2025-01-15
C03209,Customer_C03209,Repeat,Noida,2025-01-15
C00691,Customer_C00691,Repeat,Gorakhpur,2025-01-15
C02108,Customer_C02108,Repeat,Prayagraj,2025-01-15
C03307,Customer_C03307,Repeat,Lucknow,2025-01-15
C03206,Customer_C03206,Repeat,Lucknow,2025-01-15
C02839,Customer_C02839,Repeat,Prayagraj,2025-01-15
C01199,Customer_C01199,New,Gorakhpur,2025-01-15
C02676,Customer_C02676,Repeat,Noida,2025-01-15
C03409,Customer_C03409,Repeat,Noida,2025-01-15
C00089,Customer_C00089,Repeat,Noida,2025-01-15
C02257,Customer_C02257,Repeat,Noida,2025-01-15
C03224,Customer_C03224,Repeat,Varanasi,2025-01-15
C02980,Customer_C02980,Repeat,Lucknow,2025-01-15
C00385,Customer_C00385,New,Kanpur,2025-01-15
C02348,Customer_C02348,Repeat,Kanpur,2025-01-15
C01821,Customer_C01821,Repeat,Noida,2025-01-15
C02034,Customer_C02034,Repeat,Lucknow,2025-01-15
C01334,Customer_C01334,Repeat,Noida,2025-01-15
C02762,Customer_C02762,Repeat,Jaipur,2025-01-15
C01817,Customer_C01817,New,Jaipur,2025-01-15
C00359,Customer_C00359,Repeat,Gorakhpur,2025-01-15
C02787,Customer_C02787,Repeat,Lucknow,2025-01-15
C01123,Customer_C01123,Repeat,Prayagraj,2025-01-15
C03258,Customer_C03258,Repeat,Prayagraj,2025-01-15
C02384,Customer_C02384,Repeat,Gorakhpur,2025-01-15
C00295,Customer_C00295,Repeat,Jaipur,2025-01-15
C00320,Customer_C00320,Repeat,Noida,2025-01-15
C02717,Customer_C02717,Repeat,Varanasi,2025-01-15
C00942,Customer_C00942,Repeat,Noida,2025-01-15
C02814,Customer_C02814,Repeat,Lucknow,2025-01-15
C02663,Customer_C02663,Repeat,Gorakhpur,2025-01-15
C01335,Customer_C01335,Repeat,Noida,2025-01-15
C00910,Customer_C00910,New,Kanpur,2025-01-15
C00352,Customer_C00352,Repeat,Gorakhpur,2025-01-15
C02769,Customer_C02769,Repeat,Noida,2025-01-15
C00496,Customer_C00496,Repeat,Prayagraj,2025-01-15
C02483,Customer_C02483,Repeat,Gorakhpur,2025-01-15
C00687,Customer_C00687,Repeat,Agra,2025-01-15
C00523,Customer_C00523,New,Varanasi,2025-01-15
C01435,Customer_C01435,Repeat,Delhi,2025-01-15
C01555,Customer_C01555,Repeat,Kanpur,2025-01-15
C02847,Customer_C02847,Repeat,Gorakhpur,2025-01-15
C02273,Customer_C02273,Repeat,Varanasi,2025-01-15
C02093,Customer_C02093,Repeat,Kanpur,2025-01-15
C00591,Customer_C00591,Repeat,Agra,2025-01-15
C00751,Customer_C00751,Repeat,Noida,2025-01-15
C02362,Customer_C02362,New,Varanasi,2025-01-15
C00821,Customer_C00821,Repeat,Agra,2025-01-15
C02217,Customer_C02217,Repeat,Patna,2025-01-15
C01344,Customer_C01344,Repeat,Prayagraj,2025-01-15
C00483,Customer_C00483,Repeat,Varanasi,2025-01-15
C00588,Customer_C00588,Repeat,Jaipur,2025-01-15
C01220,Customer_C01220,Repeat,Noida,2025-01-15
C03159,Customer_C03159,Repeat,Noida,2025-01-15
C02952,Customer_C02952,Repeat,Gorakhpur,2025-01-15
C02824,Customer_C02824,Repeat,Noida,2025-01-15
C00372,Customer_C00372,New,Gorakhpur,2025-01-15
C02336,Customer_C02336,Repeat,Lucknow,2025-01-15
C03340,Customer_C03340,Repeat,Lucknow,2025-01-15
C02610,Customer_C02610,Repeat,Lucknow,2025-01-15
C02469,Customer_C02469,New,Jaipur,2025-01-15
C03056,Customer_C03056,Repeat,Kanpur,2025-01-15
C02507,Customer_C02507,Repeat,Noida,2025-01-15
C01941,Customer_C01941,Repeat,Agra,2025-01-15
C00666,Customer_C00666,Repeat,Kanpur,2025-01-15
C02611,Customer_C02611,Repeat,Prayagraj,2025-01-15
C01375,Customer_C01375,Repeat,Jaipur,2025-01-15
C00772,Customer_C00772,Repeat,Lucknow,2025-01-15
C03199,Customer_C03199,Repeat,Lucknow,2025-01-15
C03297,Customer_C03297,Repeat,Jaipur,2025-01-15
C00343,Customer_C00343,Repeat,Noida,2025-01-15
C00967,Customer_C00967,Repeat,Varanasi,2025-01-15
C01116,Customer_C01116,Repeat,Kanpur,2025-01-15
C01057,Customer_C01057,New,Lucknow,2025-01-15
C00277,Customer_C00277,Repeat,Jaipur,2025-01-15
C02606,Customer_C02606,Repeat,Prayagraj,2025-01-15
C01937,Customer_C01937,New,Prayagraj,2025-01-15
C03256,Customer_C03256,New,Lucknow,2025-01-15
C03392,Customer_C03392,Repeat,Prayagraj,2025-01-15
C03197,Customer_C03197,New,Prayagraj,2025-01-15
C00929,Customer_C00929,Repeat,Lucknow,2025-01-15
C02342,Customer_C02342,Repeat,Noida,2025-01-15
C02893,Customer_C02893,Repeat,Kanpur,2025-01-15
C03424,Customer_C03424,Repeat,Agra,2025-01-15
C00620,Customer_C00620,Repeat,Gorakhpur,2025-01-15
C01585,Customer_C01585,Repeat,Lucknow,2025-01-15
C02727,Customer_C02727,Repeat,Lucknow,2025-01-15
C03046,Customer_C03046,New,Prayagraj,2025-01-15
C00578,Customer_C00578,Repeat,Gorakhpur,2025-01-15
C03477,Customer_C03477,Repeat,Kanpur,2025-01-15
C00225,Customer_C00225,New,Gorakhpur,2025-01-15
C02302,Customer_C02302,Repeat,Gorakhpur,2025-01-15
C00877,Customer_C00877,Repeat,Patna,2025-01-15
C01221,Customer_C01221,Repeat,Noida,2025-01-15
C02165,Customer_C02165,Repeat,Noida,2025-01-15
C01810,Customer_C01810,New,Jaipur,2025-01-15
C00891,Customer_C00891,Repeat,Kanpur,2025-01-15
C01124,Customer_C01124,Repeat,Lucknow,2025-01-15
C01535,Customer_C01535,Repeat,Delhi,2025-01-15
C02603,Customer_C02603,Repeat,Kanpur,2025-01-15
C00706,Customer_C00706,Repeat,Gorakhpur,2025-01-15
C00034,Customer_C00034,Repeat,Gorakhpur,2025-01-15
C01492,Customer_C01492,Repeat,Lucknow,2025-01-15
C03278,Customer_C03278,Repeat,Prayagraj,2025-01-15
C02856,Customer_C02856,Repeat,Lucknow,2025-01-15
C02926,Customer_C02926,Repeat,Lucknow,2025-01-15
C00438,Customer_C00438,Repeat,Gorakhpur,2025-01-15
C01159,Customer_C01159,Repeat,Noida,2025-01-15
C02940,Customer_C02940,New,Agra,2025-01-15
C01741,Customer_C01741,Repeat,Prayagraj,2025-01-15
C01642,Customer_C01642,New,Lucknow,2025-01-15
C01873,Customer_C01873,Repeat,Lucknow,2025-01-15
C02085,Customer_C02085,New,Lucknow,2025-01-15
C00169,Customer_C00169,Repeat,Gorakhpur,2025-01-15
C01367,Customer_C01367,Repeat,Lucknow,2025-01-15
C00133,Customer_C00133,Repeat,Gorakhpur,2025-01-15
C03345,Customer_C03345,Repeat,Prayagraj,2025-01-15
C00390,Customer_C00390,Repeat,Prayagraj,2025-01-15
C00128,Customer_C00128,Repeat,Lucknow,2025-01-15
C02888,Customer_C02888,New,Gorakhpur,2025-01-15
C01536,Customer_C01536,Repeat,Lucknow,2025-01-15
C01202,Customer_C01202,Repeat,Noida,2025-01-15
C02221,Customer_C02221,Repeat,Noida,2025-01-15
C02686,Customer_C02686,Repeat,Lucknow,2025-01-15
C03404,Customer_C03404,Repeat,Jaipur,2025-01-15
C02481,Customer_C02481,Repeat,Agra,2025-01-15
C00803,Customer_C00803,Repeat,Prayagraj,2025-01-15
C02100,Customer_C02100,Repeat,Agra,2025-01-15
C02567,Customer_C02567,New,Lucknow,2025-01-15
C01963,Customer_C01963,New,Noida,2025-01-15
C03381,Customer_C03381,New,Varanasi,2025-01-15
C02407,Customer_C02407,Repeat,Prayagraj,2025-01-15
C01661,Customer_C01661,Repeat,Kanpur,2025-01-15
C00840,Customer_C00840,Repeat,Lucknow,2025-01-15
C00587,Customer_C00587,Repeat,Noida,2025-01-15
C00097,Customer_C00097,Repeat,Lucknow,2025-01-15
C03387,Customer_C03387,Repeat,Prayagraj,2025-01-15
C03028,Customer_C03028,Repeat,Lucknow,2025-01-15
C01172,Customer_C01172,Repeat,Kanpur,2025-01-15
C01663,Customer_C01663,Repeat,Gorakhpur,2025-01-15
C01847,Customer_C01847,Repeat,Lucknow,2025-01-15
C01421,Customer_C01421,Repeat,Prayagraj,2025-01-15
C00801,Customer_C00801,Repeat,Gorakhpur,2025-01-15
C03377,Customer_C03377,Repeat,Agra,2025-01-15
C00211,Customer_C00211,Repeat,Prayagraj,2025-01-15
C01460,Customer_C01460,New,Noida,2025-01-15
C00568,Customer_C00568,Repeat,Noida,2025-01-15
C02357,Customer_C02357,Repeat,Agra,2025-01-15
C03444,Customer_C03444,Repeat,Lucknow,2025-01-15
C03098,Customer_C03098,Repeat,Jaipur,2025-01-15
C00612,Customer_C00612,Repeat,Kanpur,2025-01-15
C02122,Customer_C02122,Repeat,Gorakhpur,2025-01-15
C00835,Customer_C00835,Repeat,Gorakhpur,2025-01-15
C00743,Customer_C00743,Repeat,Gorakhpur,2025-01-15
C01241,Customer_C01241,Repeat,Kanpur,2025-01-15
C02868,Customer_C02868,Repeat,Prayagraj,2025-01-15
C02270,Customer_C02270,Repeat,Prayagraj,2025-01-15
C02324,Customer_C02324,Repeat,Jaipur,2025-01-15
C02515,Customer_C02515,Repeat,Varanasi,2025-01-15
C00468,Customer_C00468,Repeat,Jaipur,2025-01-15
C00907,Customer_C00907,New,Varanasi,2025-01-15
C01943,Customer_C01943,Repeat,Varanasi,2025-01-15
C00423,Customer_C00423,Repeat,Varanasi,2025-01-15
C03073,Customer_C03073,Repeat,Agra,2025-01-15
C01668,Customer_C01668,New,Prayagraj,2025-01-15
C02817,Customer_C02817,Repeat,Lucknow,2025-01-15
C02120,Customer_C02120,Repeat,Noida,2025-01-15
C00473,Customer_C00473,Repeat,Varanasi,2025-01-15
C02279,Customer_C02279,Repeat,Lucknow,2025-01-15
C03376,Customer_C03376,Repeat,Lucknow,2025-01-15
C02380,Customer_C02380,Repeat,Kanpur,2025-01-15
C03408,Customer_C03408,Repeat,Prayagraj,2025-01-15
C00564,Customer_C00564,Repeat,Kanpur,2025-01-15
C00037,Customer_C00037,Repeat,Noida,2025-01-15
C00106,Customer_C00106,Repeat,Patna,2025-01-15
C00770,Customer_C00770,Repeat,Kanpur,2025-01-15
C01857,Customer_C01857,Repeat,Gorakhpur,2025-01-15
C00218,Customer_C00218,Repeat,Noida,2025-01-15
C01722,Customer_C01722,Repeat,Lucknow,2025-01-15
C00805,Customer_C00805,Repeat,Noida,2025-01-15
C01912,Customer_C01912,Repeat,Agra,2025-01-15
C00391,Customer_C00391,Repeat,Kanpur,2025-01-15
C03403,Customer_C03403,Repeat,Lucknow,2025-01-15
C02139,Customer_C02139,New,Gorakhpur,2025-01-15
C01135,Customer_C01135,Repeat,Agra,2025-01-15
C02172,Customer_C02172,Repeat,Agra,2025-01-15
C03029,Customer_C03029,Repeat,Lucknow,2025-01-15
C02931,Customer_C02931,Repeat,Noida,2025-01-15
C03328,Customer_C03328,Repeat,Jaipur,2025-01-15
C00651,Customer_C00651,Repeat,Prayagraj,2025-01-15
C03024,Customer_C03024,Repeat,Varanasi,2025-01-15
C00261,Customer_C00261,Repeat,Delhi,2025-01-15
C01713,Customer_C01713,Repeat,Lucknow,2025-01-15
C01523,Customer_C01523,Repeat,Agra,2025-01-15
C00636,Customer_C00636,Repeat,Lucknow,2025-01-15
C03235,Customer_C03235,Repeat,Jaipur,2025-01-15
C01996,Customer_C01996,New,Gorakhpur,2025-01-15
C02733,Customer_C02733,New,Noida,2025-01-15
C03255,Customer_C03255,New,Gorakhpur,2025-01-15
C00356,Customer_C00356,Repeat,Gorakhpur,2025-01-15
C02136,Customer_C02136,Repeat,Noida,2025-01-15
C00997,Customer_C00997,Repeat,Prayagraj,2025-01-15
C03080,Customer_C03080,Repeat,Agra,2025-01-15
C02855,Customer_C02855,Repeat,Prayagraj,2025-01-15
C02506,Customer_C02506,Repeat,Prayagraj,2025-01-15
C01111,Customer_C01111,Repeat,Lucknow,2025-01-15
C00688,Customer_C00688,Repeat,Lucknow,2025-01-15
C02653,Customer_C02653,Repeat,Gorakhpur,2025-01-15
C01662,Customer_C01662,Repeat,Jaipur,2025-01-15
C00959,Customer_C00959,Repeat,Kanpur,2025-01-15
C02352,Customer_C02352,Repeat,Agra,2025-01-15
C03153,Customer_C03153,Repeat,Lucknow,2025-01-15
C03400,Customer_C03400,Repeat,Noida,2025-01-15
C00304,Customer_C00304,New,Varanasi,2025-01-15
C03222,Customer_C03222,New,Noida,2025-01-15
C02654,Customer_C02654,Repeat,Gorakhpur,2025-01-15
C03037,Customer_C03037,Repeat,Prayagraj,2025-01-15
C02777,Customer_C02777,Repeat,Lucknow,2025-01-15
C00401,Customer_C00401,Repeat,Jaipur,2025-01-15
C01557,Customer_C01557,New,Gorakhpur,2025-01-15
C01428,Customer_C01428,Repeat,Lucknow,2025-01-15
C00841,Customer_C00841,New,Kanpur,2025-01-15
C02771,Customer_C02771,Repeat,Lucknow,2025-01-15
C02628,Customer_C02628,Repeat,Agra,2025-01-15
C01303,Customer_C01303,New,Jaipur,2025-01-15
C02314,Customer_C02314,Repeat,Kanpur,2025-01-15
C00779,Customer_C00779,Repeat,Varanasi,2025-01-15
C02846,Customer_C02846,Repeat,Agra,2025-01-15
C02015,Customer_C02015,Repeat,Noida,2025-01-15
C01203,Customer_C01203,Repeat,Agra,2025-01-15
C03268,Customer_C03268,New,Patna,2025-01-15
C03000,Customer_C03000,Repeat,Gorakhpur,2025-01-15
C00938,Customer_C00938,Repeat,Gorakhpur,2025-01-15
C01244,Customer_C01244,Repeat,Kanpur,2025-01-15
C00584,Customer_C00584,Repeat,Kanpur,2025-01-15
C03061,Customer_C03061,Repeat,Noida,2025-01-15
C03137,Customer_C03137,Repeat,Noida,2025-01-15
C00790,Customer_C00790,Repeat,Delhi,2025-01-15
C00678,Customer_C00678,New,Gorakhpur,2025-01-15
C00172,Customer_C00172,Repeat,Gorakhpur,2025-01-15
C00471,Customer_C00471,Repeat,Prayagraj,2025-01-15
C03341,Customer_C03341,Repeat,Lucknow,2025-01-15
C02623,Customer_C02623,Repeat,Prayagraj,2025-01-15
C01942,Customer_C01942,Repeat,Lucknow,2025-01-15
C01212,Customer_C01212,Repeat,Gorakhpur,2025-01-15
C02564,Customer_C02564,Repeat,Lucknow,2025-01-15
C01761,Customer_C01761,Repeat,Jaipur,2025-01-15
C00173,Customer_C00173,Repeat,Lucknow,2025-01-15
C02135,Customer_C02135,New,Patna,2025-01-15
C01056,Customer_C01056,Repeat,Prayagraj,2025-01-15
C01425,Customer_C01425,New,Kanpur,2025-01-15
C02615,Customer_C02615,Repeat,Prayagraj,2025-01-15
C00676,Customer_C00676,New,Kanpur,2025-01-15
C00006,Customer_C00006,New,Kanpur,2025-01-15
C03445,Customer_C03445,Repeat,Lucknow,2025-01-15
C02395,Customer_C02395,Repeat,Jaipur,2025-01-15
C00389,Customer_C00389,Repeat,Prayagraj,2025-01-15
C00825,Customer_C00825,Repeat,Noida,2025-01-15
C03060,Customer_C03060,New,Agra,2025-01-15
C03117,Customer_C03117,Repeat,Lucknow,2025-01-15
C02211,Customer_C02211,Repeat,Patna,2025-01-15
C00854,Customer_C00854,Repeat,Agra,2025-01-15
C01351,Customer_C01351,Repeat,Lucknow,2025-01-15
C03305,Customer_C03305,Repeat,Noida,2025-01-15
C03500,Customer_C03500,Repeat,Lucknow,2025-01-15
C02355,Customer_C02355,Repeat,Agra,2025-01-15
C00809,Customer_C00809,Repeat,Prayagraj,2025-01-15
C02033,Customer_C02033,Repeat,Noida,2025-01-15
C02058,Customer_C02058,New,Lucknow,2025-01-15
C00677,Customer_C00677,New,Jaipur,2025-01-15
C02818,Customer_C02818,Repeat,Lucknow,2025-01-15
C03426,Customer_C03426,New,Delhi,2025-01-15
C02819,Customer_C02819,Repeat,Kanpur,2025-01-15
C01553,Customer_C01553,Repeat,Agra,2025-01-15
C02781,Customer_C02781,New,Noida,2025-01-15
C01274,Customer_C01274,Repeat,Kanpur,2025-01-15
C03184,Customer_C03184,Repeat,Lucknow,2025-01-15
C01687,Customer_C01687,New,Agra,2025-01-15
C00727,Customer_C00727,Repeat,Kanpur,2025-01-15
C00491,Customer_C00491,Repeat,Kanpur,2025-01-15
C02042,Customer_C02042,Repeat,Kanpur,2025-01-15
C02282,Customer_C02282,Repeat,Varanasi,2025-01-15
C03322,Customer_C03322,Repeat,Noida,2025-01-15
C01414,Customer_C01414,Repeat,Gorakhpur,2025-01-15
C02051,Customer_C02051,Repeat,Noida,2025-01-15
C02382,Customer_C02382,Repeat,Prayagraj,2025-01-15
C00680,Customer_C00680,New,Lucknow,2025-01-15
C00283,Customer_C00283,Repeat,Gorakhpur,2025-01-15
C03282,Customer_C03282,Repeat,Patna,2025-01-15
C02698,Customer_C02698,New,Kanpur,2025-01-15
C00049,Customer_C00049,Repeat,Agra,2025-01-15
C00439,Customer_C00439,Repeat,Lucknow,2025-01-15
C01641,Customer_C01641,New,Lucknow,2025-01-15
C00114,Customer_C00114,Repeat,Noida,2025-01-15
C00221,Customer_C00221,New,Agra,2025-01-15
C02772,Customer_C02772,Repeat,Lucknow,2025-01-15
C01859,Customer_C01859,Repeat,Noida,2025-01-15
C03339,Customer_C03339,Repeat,Lucknow,2025-01-15
C00080,Customer_C00080,New,Kanpur,2025-01-15
C03074,Customer_C03074,Repeat,Prayagraj,2025-01-15
C03143,Customer_C03143,New,Lucknow,2025-01-15
C03010,Customer_C03010,Repeat,Lucknow,2025-01-15
C01787,Customer_C01787,Repeat,Varanasi,2025-01-15
C02544,Customer_C02544,Repeat,Kanpur,2025-01-15
C02091,Customer_C02091,New,Gorakhpur,2025-01-15
C03415,Customer_C03415,Repeat,Kanpur,2025-01-15
C01895,Customer_C01895,Repeat,Jaipur,2025-01-15
C03356,Customer_C03356,New,Noida,2025-01-15
C00060,Customer_C00060,Repeat,Noida,2025-01-15
C00558,Customer_C00558,Repeat,Lucknow,2025-01-15
C03188,Customer_C03188,Repeat,Lucknow,2025-01-15
C00138,Customer_C00138,Repeat,Noida,2025-01-15
C01780,Customer_C01780,Repeat,Gorakhpur,2025-01-15
C00935,Customer_C00935,Repeat,Noida,2025-01-15
C00098,Customer_C00098,New,Lucknow,2025-01-15
C00340,Customer_C00340,Repeat,Lucknow,2025-01-15
C03491,Customer_C03491,Repeat,Lucknow,2025-01-15
C02313,Customer_C02313,New,Prayagraj,2025-01-15
C03288,Customer_C03288,New,Prayagraj,2025-01-15
C00813,Customer_C00813,Repeat,Lucknow,2025-01-15
C00598,Customer_C00598,Repeat,Lucknow,2025-01-15
C01261,Customer_C01261,Repeat,Prayagraj,2025-01-15
C00274,Customer_C00274,Repeat,Noida,2025-01-15
C02311,Customer_C02311,Repeat,Lucknow,2025-01-15
C01292,Customer_C01292,Repeat,Patna,2025-01-15
C01173,Customer_C01173,Repeat,Prayagraj,2025-01-15
C01137,Customer_C01137,New,Varanasi,2025-01-15
C02875,Customer_C02875,New,Jaipur,2025-01-15
C03461,Customer_C03461,Repeat,Kanpur,2025-01-15
C00852,Customer_C00852,Repeat,Noida,2025-01-15
C02022,Customer_C02022,Repeat,Prayagraj,2025-01-15
C01930,Customer_C01930,New,Noida,2025-01-15
C00201,Customer_C00201,New,Agra,2025-01-15
C01400,Customer_C01400,Repeat,Prayagraj,2025-01-15
C01776,Customer_C01776,New,Kanpur,2025-01-15
C00042,Customer_C00042,Repeat,Noida,2025-01-15
C00256,Customer_C00256,Repeat,Gorakhpur,2025-01-15
C00453,Customer_C00453,Repeat,Agra,2025-01-15
C02725,Customer_C02725,Repeat,Varanasi,2025-01-15
C00443,Customer_C00443,Repeat,Agra,2025-01-15
C01620,Customer_C01620,New,Prayagraj,2025-01-15
C00787,Customer_C00787,Repeat,Lucknow,2025-01-15
C03039,Customer_C03039,Repeat,Lucknow,2025-01-15
C02237,Customer_C02237,Repeat,Lucknow,2025-01-15
C01379,Customer_C01379,Repeat,Varanasi,2025-01-15
C02437,Customer_C02437,Repeat,Prayagraj,2025-01-15
C02400,Customer_C02400,New,Lucknow,2025-01-15
C01664,Customer_C01664,Repeat,Varanasi,2025-01-15
C01691,Customer_C01691,New,Agra,2025-01-15
C02488,Customer_C02488,Repeat,Lucknow,2025-01-15
C03436,Customer_C03436,Repeat,Kanpur,2025-01-15
C03230,Customer_C03230,Repeat,Lucknow,2025-01-15
C01363,Customer_C01363,Repeat,Kanpur,2025-01-15
C02029,Customer_C02029,Repeat,Lucknow,2025-01-15
C01639,Customer_C01639,Repeat,Patna,2025-01-15
C01816,Customer_C01816,Repeat,Noida,2025-01-15
C00843,Customer_C00843,Repeat,Prayagraj,2025-01-15
C03132,Customer_C03132,Repeat,Prayagraj,2025-01-15
C03271,Customer_C03271,Repeat,Lucknow,2025-01-15
C03004,Customer_C03004,Repeat,Lucknow,2025-01-15
C01786,Customer_C01786,Repeat,Varanasi,2025-01-15
C00313,Customer_C00313,New,Gorakhpur,2025-01-15
C00445,Customer_C00445,Repeat,Prayagraj,2025-01-15
C02487,Customer_C02487,Repeat,Agra,2025-01-15
C00454,Customer_C00454,Repeat,Varanasi,2025-01-15
C02245,Customer_C02245,Repeat,Prayagraj,2025-01-15
C01415,Customer_C01415,Repeat,Gorakhpur,2025-01-15
C01287,Customer_C01287,New,Prayagraj,2025-01-15
C03394,Customer_C03394,Repeat,Prayagraj,2025-01-15
C00117,Customer_C00117,Repeat,Lucknow,2025-01-15
C01754,Customer_C01754,New,Prayagraj,2025-01-15
C03494,Customer_C03494,Repeat,Noida,2025-01-15
C00258,Customer_C00258,Repeat,Varanasi,2025-01-15
C01002,Customer_C01002,Repeat,Agra,2025-01-15
C01487,Customer_C01487,Repeat,Noida,2025-01-15
C03468,Customer_C03468,Repeat,Noida,2025-01-15
C02719,Customer_C02719,Repeat,Jaipur,2025-01-15
C00785,Customer_C00785,Repeat,Prayagraj,2025-01-15
C00573,Customer_C00573,Repeat,Noida,2025-01-15
C01631,Customer_C01631,Repeat,Varanasi,2025-01-15
C00181,Customer_C00181,New,Prayagraj,2025-01-15
C00546,Customer_C00546,Repeat,Gorakhpur,2025-01-15
C01863,Customer_C01863,Repeat,Prayagraj,2025-01-15
C01412,Customer_C01412,Repeat,Gorakhpur,2025-01-15
C02921,Customer_C02921,Repeat,Lucknow,2025-01-15
C01043,Customer_C01043,Repeat,Prayagraj,2025-01-15
C01168,Customer_C01168,New,Lucknow,2025-01-15
C00045,Customer_C00045,Repeat,Prayagraj,2025-01-15
C00531,Customer_C00531,Repeat,Noida,2025-01-15
C03120,Customer_C03120,Repeat,Lucknow,2025-01-15
C02344,Customer_C02344,Repeat,Noida,2025-01-15
C03085,Customer_C03085,Repeat,Prayagraj,2025-01-15
C02265,Customer_C02265,Repeat,Varanasi,2025-01-15
C00115,Customer_C00115,Repeat,Lucknow,2025-01-15
C03034,Customer_C03034,Repeat,Kanpur,2025-01-15
C02366,Customer_C02366,Repeat,Kanpur,2025-01-15
C01027,Customer_C01027,Repeat,Noida,2025-01-15
C00269,Customer_C00269,Repeat,Lucknow,2025-01-15
C02797,Customer_C02797,Repeat,Lucknow,2025-01-15
C02183,Customer_C02183,New,Prayagraj,2025-01-15
C03429,Customer_C03429,Repeat,Varanasi,2025-01-15
C01580,Customer_C01580,Repeat,Noida,2025-01-15
C01833,Customer_C01833,Repeat,Lucknow,2025-01-15
C02251,Customer_C02251,Repeat,Prayagraj,2025-01-15
C00386,Customer_C00386,New,Noida,2025-01-15
C02317,Customer_C02317,Repeat,Lucknow,2025-01-15
C00070,Customer_C00070,Repeat,Patna,2025-01-15
C02658,Customer_C02658,Repeat,Lucknow,2025-01-15
C00755,Customer_C00755,Repeat,Jaipur,2025-01-15
C02518,Customer_C02518,New,Noida,2025-01-15
C02546,Customer_C02546,Repeat,Agra,2025-01-15
C00273,Customer_C00273,New,Prayagraj,2025-01-15
C01407,Customer_C01407,Repeat,Kanpur,2025-01-15
C02709,Customer_C02709,Repeat,Prayagraj,2025-01-15
C01064,Customer_C01064,Repeat,Kanpur,2025-01-15
C01161,Customer_C01161,Repeat,Lucknow,2025-01-15
C01522,Customer_C01522,New,Noida,2025-01-15
C00830,Customer_C00830,Repeat,Lucknow,2025-01-15
C00963,Customer_C00963,New,Gorakhpur,2025-01-15
C03138,Customer_C03138,Repeat,Noida,2025-01-15
C03180,Customer_C03180,Repeat,Lucknow,2025-01-15
C03472,Customer_C03472,Repeat,Prayagraj,2025-01-15
C03241,Customer_C03241,Repeat,Kanpur,2025-01-15
C01611,Customer_C01611,Repeat,Kanpur,2025-01-15
C01380,Customer_C01380,Repeat,Noida,2025-01-15
C00348,Customer_C00348,Repeat,Gorakhpur,2025-01-15
C00051,Customer_C00051,Repeat,Noida,2025-01-15
C00450,Customer_C00450,Repeat,Noida,2025-01-15
C00717,Customer_C00717,Repeat,Lucknow,2025-01-15
C03446,Customer_C03446,Repeat,Lucknow,2025-01-15
C03482,Customer_C03482,Repeat,Jaipur,2025-01-15
C01829,Customer_C01829,Repeat,Noida,2025-01-15
C01966,Customer_C01966,New,Lucknow,2025-01-15
C00020,Customer_C00020,New,Lucknow,2025-01-15
C02983,Customer_C02983,Repeat,Lucknow,2025-01-15
C00078,Customer_C00078,Repeat,Lucknow,2025-01-15
C01811,Customer_C01811,New,Noida,2025-01-15
C02061,Customer_C02061,Repeat,Varanasi,2025-01-15
C00839,Customer_C00839,Repeat,Prayagraj,2025-01-15
C03443,Customer_C03443,Repeat,Lucknow,2025-01-15
C02808,Customer_C02808,Repeat,Gorakhpur,2025-01-15
C02170,Customer_C02170,New,Agra,2025-01-15
C02886,Customer_C02886,Repeat,Agra,2025-01-15
C01167,Customer_C01167,Repeat,Lucknow,2025-01-15
C01793,Customer_C01793,Repeat,Prayagraj,2025-01-15
C00986,Customer_C00986,Repeat,Noida,2025-01-15
C02864,Customer_C02864,New,Prayagraj,2025-01-15
C01700,Customer_C01700,Repeat,Kanpur,2025-01-15
C03142,Customer_C03142,Repeat,Prayagraj,2025-01-15
C03343,Customer_C03343,Repeat,Lucknow,2025-01-15
C00535,Customer_C00535,Repeat,Prayagraj,2025-01-15
C02660,Customer_C02660,Repeat,Noida,2025-01-15
C01489,Customer_C01489,Repeat,Prayagraj,2025-01-15
C02858,Customer_C02858,Repeat,Prayagraj,2025-01-15
C01570,Customer_C01570,Repeat,Kanpur,2025-01-15
C01666,Customer_C01666,Repeat,Agra,2025-01-15
C00570,Customer_C00570,Repeat,Lucknow,2025-01-15
C02816,Customer_C02816,New,Gorakhpur,2025-01-15
C02802,Customer_C02802,Repeat,Kanpur,2025-01-15
C00234,Customer_C00234,Repeat,Prayagraj,2025-01-15
C02650,Customer_C02650,Repeat,Lucknow,2025-01-15
C00783,Customer_C00783,Repeat,Gorakhpur,2025-01-15
C00184,Customer_C00184,New,Lucknow,2025-01-15
C00240,Customer_C00240,Repeat,Kanpur,2025-01-15
C02823,Customer_C02823,Repeat,Varanasi,2025-01-15
C00504,Customer_C00504,New,Kanpur,2025-01-15
C00165,Customer_C00165,Repeat,Agra,2025-01-15
C02148,Customer_C02148,Repeat,Jaipur,2025-01-15
C00145,Customer_C00145,Repeat,Jaipur,2025-01-15
C01634,Customer_C01634,Repeat,Lucknow,2025-01-15
C02205,Customer_C02205,Repeat,Varanasi,2025-01-15
C02002,Customer_C02002,Repeat,Prayagraj,2025-01-15
C00775,Customer_C00775,Repeat,Lucknow,2025-01-15
C01723,Customer_C01723,Repeat,Lucknow,2025-01-15
C03273,Customer_C03273,Repeat,Varanasi,2025-01-15
C01589,Customer_C01589,Repeat,Agra,2025-01-15
C01927,Customer_C01927,Repeat,Gorakhpur,2025-01-15
C03413,Customer_C03413,New,Agra,2025-01-15
C01955,Customer_C01955,Repeat,Prayagraj,2025-01-15
C01978,Customer_C01978,New,Noida,2025-01-15
C00873,Customer_C00873,New,Jaipur,2025-01-15
C01005,Customer_C01005,Repeat,Lucknow,2025-01-15
C02703,Customer_C02703,Repeat,Lucknow,2025-01-15
C02399,Customer_C02399,New,Noida,2025-01-15
C01939,Customer_C01939,Repeat,Prayagraj,2025-01-15
C03380,Customer_C03380,Repeat,Noida,2025-01-15
C00972,Customer_C00972,Repeat,Kanpur,2025-01-15
C00431,Customer_C00431,Repeat,Kanpur,2025-01-15
C02398,Customer_C02398,Repeat,Prayagraj,2025-01-15
C01809,Customer_C01809,Repeat,Varanasi,2025-01-15
C00933,Customer_C00933,Repeat,Gorakhpur,2025-01-15
C00144,Customer_C00144,Repeat,Jaipur,2025-01-15
C03467,Customer_C03467,New,Agra,2025-01-15
C03189,Customer_C03189,Repeat,Jaipur,2025-01-15
C00502,Customer_C00502,Repeat,Noida,2025-01-15
C00099,Customer_C00099,Repeat,Lucknow,2025-01-15
C01386,Customer_C01386,New,Noida,2025-01-15
C01260,Customer_C01260,New,Kanpur,2025-01-15
C01904,Customer_C01904,Repeat,Lucknow,2025-01-15
C01205,Customer_C01205,New,Kanpur,2025-01-15
C01281,Customer_C01281,Repeat,Jaipur,2025-01-15
C01638,Customer_C01638,Repeat,Delhi,2025-01-15
C02133,Customer_C02133,Repeat,Prayagraj,2025-01-15
C01692,Customer_C01692,New,Kanpur,2025-01-15
C01142,Customer_C01142,Repeat,Varanasi,2025-01-15
C02349,Customer_C02349,Repeat,Prayagraj,2025-01-15
C01948,Customer_C01948,Repeat,Lucknow,2025-01-15
C02037,Customer_C02037,Repeat,Gorakhpur,2025-01-15
C00370,Customer_C00370,Repeat,Jaipur,2025-01-15
C01951,Customer_C01951,Repeat,Lucknow,2025-01-15
C01728,Customer_C01728,New,Jaipur,2025-01-15
C03134,Customer_C03134,New,Lucknow,2025-01-15
C00312,Customer_C00312,Repeat,Patna,2025-01-15
C00730,Customer_C00730,Repeat,Gorakhpur,2025-01-15
C03094,Customer_C03094,New,Varanasi,2025-01-15
C02533,Customer_C02533,New,Jaipur,2025-01-15
C03335,Customer_C03335,Repeat,Jaipur,2025-01-15
C01725,Customer_C01725,Repeat,Noida,2025-01-15
C02065,Customer_C02065,Repeat,Lucknow,2025-01-15
C03248,Customer_C03248,Repeat,Agra,2025-01-15
C00134,Customer_C00134,Repeat,Lucknow,2025-01-15
C01534,Customer_C01534,New,Gorakhpur,2025-01-15
C01796,Customer_C01796,Repeat,Jaipur,2025-01-15
C02280,Customer_C02280,Repeat,Noida,2025-01-15
C02449,Customer_C02449,Repeat,Lucknow,2025-01-15
C00589,Customer_C00589,Repeat,Prayagraj,2025-01-15
C00940,Customer_C00940,New,Noida,2025-01-15
C00928,Customer_C00928,Repeat,Noida,2025-01-15
C01457,Customer_C01457,Repeat,Kanpur,2025-01-15
C00914,Customer_C00914,Repeat,Lucknow,2025-01-15
C00205,Customer_C00205,New,Lucknow,2025-01-15
C00716,Customer_C00716,New,Agra,2025-01-15
C01153,Customer_C01153,Repeat,Lucknow,2025-01-15
C03179,Customer_C03179,Repeat,Lucknow,2025-01-15
C02792,Customer_C02792,Repeat,Prayagraj,2025-01-15
C02315,Customer_C02315,New,Lucknow,2025-01-15
C00519,Customer_C00519,Repeat,Prayagraj,2025-01-15
C01214,Customer_C01214,Repeat,Agra,2025-01-15
C02867,Customer_C02867,Repeat,Prayagraj,2025-01-15
C02023,Customer_C02023,Repeat,Lucknow,2025-01-15
C03486,Customer_C03486,Repeat,Noida,2025-01-15
C02263,Customer_C02263,New,Lucknow,2025-01-15
C02695,Customer_C02695,Repeat,Lucknow,2025-01-15
C01714,Customer_C01714,Repeat,Varanasi,2025-01-15
C00282,Customer_C00282,Repeat,Gorakhpur,2025-01-15
C02197,Customer_C02197,New,Varanasi,2025-01-15
C00747,Customer_C00747,New,Lucknow,2025-01-15
C02738,Customer_C02738,Repeat,Noida,2025-01-15
C02569,Customer_C02569,Repeat,Noida,2025-01-15
C03006,Customer_C03006,New,Kanpur,2025-01-15
C01209,Customer_C01209,New,Noida,2025-01-15
C01613,Customer_C01613,New,Lucknow,2025-01-15
C03054,Customer_C03054,New,Patna,2025-01-15
C01271,Customer_C01271,Repeat,Prayagraj,2025-01-15
C02577,Customer_C02577,Repeat,Lucknow,2025-01-15
C03207,Customer_C03207,New,Kanpur,2025-01-15
C01204,Customer_C01204,Repeat,Noida,2025-01-15
C02441,Customer_C02441,Repeat,Gorakhpur,2025-01-15
C03148,Customer_C03148,Repeat,Noida,2025-01-15
C00382,Customer_C00382,Repeat,Noida,2025-01-15
C01926,Customer_C01926,Repeat,Gorakhpur,2025-01-15
C03092,Customer_C03092,New,Jaipur,2025-01-15
C01138,Customer_C01138,New,Kanpur,2025-01-15
C02830,Customer_C02830,New,Lucknow,2025-01-15
C01698,Customer_C01698,Repeat,Varanasi,2025-01-15
C01910,Customer_C01910,Repeat,Kanpur,2025-01-15
C00913,Customer_C00913,Repeat,Noida,2025-01-15
C01540,Customer_C01540,Repeat,Lucknow,2025-01-15
C01958,Customer_C01958,Repeat,Prayagraj,2025-01-15
C02651,Customer_C02651,New,Kanpur,2025-01-15
C02780,Customer_C02780,Repeat,Lucknow,2025-01-15
C02229,Customer_C02229,New,Gorakhpur,2025-01-15
C01586,Customer_C01586,Repeat,Noida,2025-01-15
C01469,Customer_C01469,Repeat,Lucknow,2025-01-15
C02637,Customer_C02637,Repeat,Lucknow,2025-01-15
C02843,Customer_C02843,New,Prayagraj,2025-01-15
C02360,Customer_C02360,Repeat,Jaipur,2025-01-15
C00669,Customer_C00669,New,Lucknow,2025-01-15
C03302,Customer_C03302,Repeat,Prayagraj,2025-01-15
C02064,Customer_C02064,Repeat,Prayagraj,2025-01-15
C01749,Customer_C01749,New,Varanasi,2025-01-15
C00712,Customer_C00712,Repeat,Jaipur,2025-01-15
C01619,Customer_C01619,Repeat,Prayagraj,2025-01-15
C01094,Customer_C01094,New,Lucknow,2025-01-15
C01526,Customer_C01526,Repeat,Noida,2025-01-15
C00462,Customer_C00462,New,Lucknow,2025-01-15
C02451,Customer_C02451,Repeat,Kanpur,2025-01-15
C01327,Customer_C01327,New,Noida,2025-01-15
C01180,Customer_C01180,Repeat,Lucknow,2025-01-15
C00511,Customer_C00511,Repeat,Gorakhpur,2025-01-15
C01394,Customer_C01394,Repeat,Gorakhpur,2025-01-15
C02309,Customer_C02309,Repeat,Noida,2025-01-15
C01385,Customer_C01385,New,Agra,2025-01-15
C03187,Customer_C03187,New,Gorakhpur,2025-01-15
C02879,Customer_C02879,New,Noida,2025-01-15
C00634,Customer_C00634,Repeat,Patna,2025-01-15
C02923,Customer_C02923,Repeat,Agra,2025-01-15
C02113,Customer_C02113,Repeat,Agra,2025-01-15
C02933,Customer_C02933,Repeat,Varanasi,2025-01-15
C02008,Customer_C02008,Repeat,Patna,2025-01-15
C01465,Customer_C01465,Repeat,Lucknow,2025-01-15
C03313,Customer_C03313,Repeat,Lucknow,2025-01-15
C01134,Customer_C01134,Repeat,Prayagraj,2025-01-15
C01046,Customer_C01046,Repeat,Noida,2025-01-15
C00958,Customer_C00958,New,Gorakhpur,2025-01-15
C01065,Customer_C01065,New,Kanpur,2025-01-15
C00203,Customer_C00203,Repeat,Noida,2025-01-15
C02473,Customer_C02473,Repeat,Noida,2025-01-15
C02074,Customer_C02074,Repeat,Lucknow,2025-01-15
C00047,Customer_C00047,New,Lucknow,2025-01-15
C02396,Customer_C02396,Repeat,Gorakhpur,2025-01-15
C01961,Customer_C01961,Repeat,Kanpur,2025-01-15
C00492,Customer_C00492,Repeat,Noida,2025-01-15
C00931,Customer_C00931,Repeat,Lucknow,2025-01-15
C00969,Customer_C00969,Repeat,Lucknow,2025-01-15
C00371,Customer_C00371,Repeat,Prayagraj,2025-01-15
C01024,Customer_C01024,Repeat,Varanasi,2025-01-15
C00705,Customer_C00705,Repeat,Noida,2025-01-15
C01677,Customer_C01677,Repeat,Noida,2025-01-15
C00695,Customer_C00695,New,Prayagraj,2025-01-15
C00866,Customer_C00866,New,Noida,2025-01-15
C03254,Customer_C03254,Repeat,Patna,2025-01-15
C02768,Customer_C02768,Repeat,Prayagraj,2025-01-15
C03076,Customer_C03076,Repeat,Lucknow,2025-01-15
C00482,Customer_C00482,Repeat,Prayagraj,2025-01-15
C00032,Customer_C00032,Repeat,Noida,2025-01-15
C00395,Customer_C00395,Repeat,Noida,2025-01-15
C03215,Customer_C03215,Repeat,Patna,2025-01-15
C02499,Customer_C02499,Repeat,Noida,2025-01-15
C02390,Customer_C02390,Repeat,Noida,2025-01-15
C01599,Customer_C01599,Repeat,Lucknow,2025-01-15
C03216,Customer_C03216,Repeat,Varanasi,2025-01-15
C03119,Customer_C03119,Repeat,Gorakhpur,2025-01-15
C03135,Customer_C03135,Repeat,Noida,2025-01-15
C03259,Customer_C03259,Repeat,Prayagraj,2025-01-15
C00247,Customer_C00247,Repeat,Prayagraj,2025-01-15
C01972,Customer_C01972,New,Kanpur,2025-01-15
C00328,Customer_C00328,New,Lucknow,2025-01-15
C01443,Customer_C01443,Repeat,Noida,2025-01-15
C00951,Customer_C00951,Repeat,Noida,2025-01-15
C00725,Customer_C00725,New,Prayagraj,2025-01-15
C00016,Customer_C00016,Repeat,Kanpur,2025-01-15
C03315,Customer_C03315,Repeat,Noida,2025-01-15
C00214,Customer_C00214,Repeat,Noida,2025-01-15
C01381,Customer_C01381,Repeat,Prayagraj,2025-01-15
C01453,Customer_C01453,Repeat,Agra,2025-01-15
C01329,Customer_C01329,New,Noida,2025-01-15
C02617,Customer_C02617,New,Noida,2025-01-15
C00243,Customer_C00243,Repeat,Lucknow,2025-01-15
C02086,Customer_C02086,New,Gorakhpur,2025-01-15
C03097,Customer_C03097,Repeat,Jaipur,2025-01-15
C00430,Customer_C00430,New,Agra,2025-01-15
C00375,Customer_C00375,New,Gorakhpur,2025-01-15
C03338,Customer_C03338,New,Agra,2025-01-15
C03210,Customer_C03210,Repeat,Noida,2025-01-15
C02207,Customer_C02207,New,Kanpur,2025-01-15
C00998,Customer_C00998,New,Lucknow,2025-01-15
C03247,Customer_C03247,Repeat,Varanasi,2025-01-15
C03193,Customer_C03193,New,Noida,2025-01-15
C02575,Customer_C02575,New,Lucknow,2025-01-15
C01031,Customer_C01031,Repeat,Lucknow,2025-01-15
C02283,Customer_C02283,Repeat,Noida,2025-01-15
C02503,Customer_C02503,Repeat,Kanpur,2025-01-15
C02200,Customer_C02200,Repeat,Noida,2025-01-15
C00836,Customer_C00836,Repeat,Noida,2025-01-15
C03279,Customer_C03279,New,Gorakhpur,2025-01-15
C02409,Customer_C02409,Repeat,Noida,2025-01-15
C02928,Customer_C02928,Repeat,Jaipur,2025-01-15
C03065,Customer_C03065,Repeat,Kanpur,2025-01-15
C01652,Customer_C01652,Repeat,Lucknow,2025-01-15
C01845,Customer_C01845,New,Patna,2025-01-15
C00310,Customer_C00310,Repeat,Agra,2025-01-15
C03398,Customer_C03398,New,Gorakhpur,2025-01-15
C01995,Customer_C01995,New,Agra,2025-01-15
C02004,Customer_C02004,Repeat,Prayagraj,2025-01-15
C02724,Customer_C02724,Repeat,Kanpur,2025-01-15
C00116,Customer_C00116,New,Lucknow,2025-01-15
C00268,Customer_C00268,New,Patna,2025-01-15
C00084,Customer_C00084,Repeat,Noida,2025-01-15
C02664,Customer_C02664,New,Kanpur,2025-01-15
C02902,Customer_C02902,Repeat,Lucknow,2025-01-15
C02365,Customer_C02365,Repeat,Gorakhpur,2025-01-15
C00455,Customer_C00455,Repeat,Gorakhpur,2025-01-15
C02666,Customer_C02666,Repeat,Noida,2025-01-15
C01988,Customer_C01988,New,Lucknow,2025-01-15
C01231,Customer_C01231,Repeat,Gorakhpur,2025-01-15
C02716,Customer_C02716,Repeat,Gorakhpur,2025-01-15
C01715,Customer_C01715,Repeat,Kanpur,2025-01-15
C03388,Customer_C03388,Repeat,Prayagraj,2025-01-15
C01050,Customer_C01050,Repeat,Noida,2025-01-15
C00335,Customer_C00335,Repeat,Prayagraj,2025-01-15
C00560,Customer_C00560,New,Noida,2025-01-15
C01913,Customer_C01913,New,Prayagraj,2025-01-15
C01890,Customer_C01890,Repeat,Gorakhpur,2025-01-15
C00161,Customer_C00161,Repeat,Prayagraj,2025-01-15
C02444,Customer_C02444,New,Lucknow,2025-01-15
C01051,Customer_C01051,Repeat,Lucknow,2025-01-15
C02264,Customer_C02264,New,Kanpur,2025-01-15
C01215,Customer_C01215,Repeat,Agra,2025-01-15
C02178,Customer_C02178,Repeat,Lucknow,2025-01-15
C00924,Customer_C00924,New,Noida,2025-01-15
C01949,Customer_C01949,Repeat,Kanpur,2025-01-15
C01934,Customer_C01934,Repeat,Gorakhpur,2025-01-15
C02497,Customer_C02497,New,Kanpur,2025-01-15
C02459,Customer_C02459,Repeat,Kanpur,2025-01-15
C02832,Customer_C02832,New,Gorakhpur,2025-01-15
C00925,Customer_C00925,Repeat,Kanpur,2025-01-15
C01877,Customer_C01877,Repeat,Prayagraj,2025-01-15
C01896,Customer_C01896,Repeat,Lucknow,2025-01-15
C00196,Customer_C00196,New,Prayagraj,2025-01-15
C01085,Customer_C01085,Repeat,Prayagraj,2025-01-15
C00232,Customer_C00232,Repeat,Kanpur,2025-01-15
C00202,Customer_C00202,Repeat,Noida,2025-01-15
C00984,Customer_C00984,New,Jaipur,2025-01-15
C00892,Customer_C00892,New,Lucknow,2025-01-15
C00192,Customer_C00192,Repeat,Agra,2025-01-15
C00566,Customer_C00566,Repeat,Jaipur,2025-01-15
C03344,Customer_C03344,New,Prayagraj,2025-01-15
C02860,Customer_C02860,Repeat,Gorakhpur,2025-01-15
C01671,Customer_C01671,Repeat,Kanpur,2025-01-15
C01989,Customer_C01989,Repeat,Lucknow,2025-01-15
C02513,Customer_C02513,New,Jaipur,2025-01-15
C00411,Customer_C00411,New,Prayagraj,2025-01-15
C03405,Customer_C03405,Repeat,Agra,2025-01-15
C00733,Customer_C00733,Repeat,Noida,2025-01-15
C01450,Customer_C01450,New,Gorakhpur,2025-01-15
C03110,Customer_C03110,Repeat,Agra,2025-01-15
C01276,Customer_C01276,New,Noida,2025-01-15
C01044,Customer_C01044,Repeat,Agra,2025-01-15
C02997,Customer_C02997,Repeat,Gorakhpur,2025-01-15
C01880,Customer_C01880,Repeat,Agra,2025-01-15
C02424,Customer_C02424,Repeat,Noida,2025-01-15
C01543,Customer_C01543,Repeat,Noida,2025-01-15
C01813,Customer_C01813,Repeat,Noida,2025-01-15
C01217,Customer_C01217,Repeat,Agra,2025-01-15
C01086,Customer_C01086,Repeat,Kanpur,2025-01-15
C03226,Customer_C03226,Repeat,Kanpur,2025-01-15
C01089,Customer_C01089,Repeat,Kanpur,2025-01-15
C01095,Customer_C01095,Repeat,Lucknow,2025-01-15
C00081,Customer_C00081,Repeat,Patna,2025-01-15
C01825,Customer_C01825,Repeat,Patna,2025-01-15
C00368,Customer_C00368,Repeat,Lucknow,2025-01-15
C02325,Customer_C02325,Repeat,Noida,2025-01-15
C01975,Customer_C01975,Repeat,Gorakhpur,2025-01-15
C03239,Customer_C03239,Repeat,Agra,2025-01-15
C00668,Customer_C00668,Repeat,Prayagraj,2025-01-15
C00956,Customer_C00956,Repeat,Jaipur,2025-01-15
C02920,Customer_C02920,Repeat,Gorakhpur,2025-01-15
C00291,Customer_C00291,Repeat,Gorakhpur,2025-01-15
C02755,Customer_C02755,New,Noida,2025-01-15
C01309,Customer_C01309,Repeat,Kanpur,2025-01-15
C03013,Customer_C03013,Repeat,Gorakhpur,2025-01-15
C02054,Customer_C02054,New,Noida,2025-01-15
C02306,Customer_C02306,Repeat,Noida,2025-01-15
C02145,Customer_C02145,New,Prayagraj,2025-01-15
C03042,Customer_C03042,New,Kanpur,2025-01-15
C02084,Customer_C02084,Repeat,Noida,2025-01-15
C02298,Customer_C02298,New,Lucknow,2025-01-15
C00552,Customer_C00552,New,Delhi,2025-01-15
C03361,Customer_C03361,New,Agra,2025-01-15
C02383,Customer_C02383,Repeat,Agra,2025-01-15
C00711,Customer_C00711,Repeat,Lucknow,2025-01-15
C03466,Customer_C03466,New,Delhi,2025-01-15
C01846,Customer_C01846,Repeat,Lucknow,2025-01-15
C03416,Customer_C03416,Repeat,Lucknow,2025-01-15
C01732,Customer_C01732,Repeat,Prayagraj,2025-01-15
C00150,Customer_C00150,Repeat,Gorakhpur,2025-01-15
C00053,Customer_C00053,Repeat,Prayagraj,2025-01-15
C03270,Customer_C03270,Repeat,Lucknow,2025-01-15
C00795,Customer_C00795,Repeat,Jaipur,2025-01-15
C02548,Customer_C02548,Repeat,Agra,2025-01-15
C00501,Customer_C00501,New,Lucknow,2025-01-15
C00063,Customer_C00063,Repeat,Varanasi,2025-01-15
C01015,Customer_C01015,Repeat,Noida,2025-01-15
C00244,Customer_C00244,Repeat,Kanpur,2025-01-15
C01919,Customer_C01919,Repeat,Prayagraj,2025-01-15
C00563,Customer_C00563,Repeat,Gorakhpur,2025-01-15
C01373,Customer_C01373,New,Kanpur,2025-01-15
C00470,Customer_C00470,Repeat,Prayagraj,2025-01-15
C03144,Customer_C03144,Repeat,Lucknow,2025-01-15
C01325,Customer_C01325,New,Agra,2025-01-15
C01734,Customer_C01734,Repeat,Prayagraj,2025-01-15
C00645,Customer_C00645,Repeat,Kanpur,2025-01-15
C00204,Customer_C00204,New,Gorakhpur,2025-01-15
C02592,Customer_C02592,New,Noida,2025-01-15
C00028,Customer_C00028,Repeat,Kanpur,2025-01-15
C01445,Customer_C01445,Repeat,Kanpur,2025-01-15
C02803,Customer_C02803,Repeat,Prayagraj,2025-01-15
C00811,Customer_C00811,Repeat,Kanpur,2025-01-15
C02919,Customer_C02919,Repeat,Agra,2025-01-15
C02138,Customer_C02138,Repeat,Prayagraj,2025-01-15
C00315,Customer_C00315,New,Agra,2025-01-15
C02944,Customer_C02944,New,Noida,2025-01-15
C00771,Customer_C00771,Repeat,Noida,2025-01-15
C02559,Customer_C02559,New,Gorakhpur,2025-01-15
C00010,Customer_C00010,Repeat,Patna,2025-01-15
C02622,Customer_C02622,Repeat,Prayagraj,2025-01-15
C02213,Customer_C02213,Repeat,Agra,2025-01-15
C02911,Customer_C02911,Repeat,Kanpur,2025-01-15
C00287,Customer_C00287,Repeat,Agra,2025-01-15
C03321,Customer_C03321,Repeat,Varanasi,2025-01-15
C00479,Customer_C00479,Repeat,Lucknow,2025-01-15
C00710,Customer_C00710,Repeat,Noida,2025-01-15
C03418,Customer_C03418,New,Lucknow,2025-01-15
C03055,Customer_C03055,Repeat,Lucknow,2025-01-15
C00856,Customer_C00856,Repeat,Gorakhpur,2025-01-15
C00625,Customer_C00625,Repeat,Lucknow,2025-01-15
C02244,Customer_C02244,New,Lucknow,2025-01-15
C02385,Customer_C02385,Repeat,Delhi,2025-01-15
C02632,Customer_C02632,Repeat,Lucknow,2025-01-15
C01429,Customer_C01429,Repeat,Noida,2025-01-15
C03018,Customer_C03018,Repeat,Noida,2025-01-15
C02971,Customer_C02971,New,Lucknow,2025-01-15
C01564,Customer_C01564,New,Gorakhpur,2025-01-15
C00950,Customer_C00950,Repeat,Lucknow,2025-01-15
C01973,Customer_C01973,Repeat,Lucknow,2025-01-15
C01152,Customer_C01152,Repeat,Noida,2025-01-15
C00187,Customer_C00187,New,Lucknow,2025-01-15
C02188,Customer_C02188,Repeat,Lucknow,2025-01-15
C02107,Customer_C02107,Repeat,Noida,2025-01-15
C02999,Customer_C02999,New,Lucknow,2025-01-15
C01201,Customer_C01201,Repeat,Lucknow,2025-01-15
C00639,Customer_C00639,New,Lucknow,2025-01-15
C00183,Customer_C00183,New,Jaipur,2025-01-15
C00943,Customer_C00943,Repeat,Noida,2025-01-15
C01486,Customer_C01486,Repeat,Noida,2025-01-15
C00209,Customer_C00209,Repeat,Lucknow,2025-01-15
C01828,Customer_C01828,Repeat,Noida,2025-01-15
C02767,Customer_C02767,New,Prayagraj,2025-01-15
C00859,Customer_C00859,Repeat,Lucknow,2025-01-15
C01127,Customer_C01127,Repeat,Kanpur,2025-01-15
C01844,Customer_C01844,Repeat,Agra,2025-01-15
C00378,Customer_C00378,Repeat,Noida,2025-01-15
C00650,Customer_C00650,New,Noida,2025-01-15
C02594,Customer_C02594,Repeat,Lucknow,2025-01-15
C01433,Customer_C01433,Repeat,Noida,2025-01-15
C01420,Customer_C01420,Repeat,Prayagraj,2025-01-15
C00681,Customer_C00681,Repeat,Noida,2025-01-15
C02115,Customer_C02115,Repeat,Agra,2025-01-15
C03384,Customer_C03384,Repeat,Prayagraj,2025-01-15
C00349,Customer_C00349,Repeat,Kanpur,2025-01-15
C02609,Customer_C02609,Repeat,Prayagraj,2025-01-15
C01510,Customer_C01510,New,Lucknow,2025-01-15
C00934,Customer_C00934,Repeat,Lucknow,2025-01-15
C02425,Customer_C02425,Repeat,Gorakhpur,2025-01-15
C00108,Customer_C00108,New,Lucknow,2025-01-15
C01468,Customer_C01468,Repeat,Lucknow,2025-01-15
C02374,Customer_C02374,New,Agra,2025-01-15
C03320,Customer_C03320,Repeat,Gorakhpur,2025-01-15
C00946,Customer_C00946,New,Kanpur,2025-01-15
C02601,Customer_C02601,Repeat,Prayagraj,2025-01-15
C00699,Customer_C00699,New,Agra,2025-01-15
C02241,Customer_C02241,Repeat,Lucknow,2025-01-15
C01016,Customer_C01016,Repeat,Noida,2025-01-15
C02300,Customer_C02300,Repeat,Agra,2025-01-15
C03294,Customer_C03294,Repeat,Lucknow,2025-01-15
C02442,Customer_C02442,Repeat,Gorakhpur,2025-01-15
C01141,Customer_C01141,New,Noida,2025-01-15
C00487,Customer_C00487,Repeat,Delhi,2025-01-15
C03295,Customer_C03295,Repeat,Gorakhpur,2025-01-15
C00100,Customer_C00100,Repeat,Kanpur,2025-01-15
C03490,Customer_C03490,New,Lucknow,2025-01-15
C03351,Customer_C03351,New,Noida,2025-01-15
C00831,Customer_C00831,Repeat,Kanpur,2025-01-15
C02502,Customer_C02502,Repeat,Jaipur,2025-01-15
C01597,Customer_C01597,New,Noida,2025-01-15
C03192,Customer_C03192,New,Patna,2025-01-15
C01986,Customer_C01986,Repeat,Agra,2025-01-15
C02056,Customer_C02056,Repeat,Jaipur,2025-01-15
C01735,Customer_C01735,New,Jaipur,2025-01-15
C03228,Customer_C03228,New,Lucknow,2025-01-15
C02957,Customer_C02957,New,Kanpur,2025-01-15
C00597,Customer_C00597,Repeat,Noida,2025-01-15
C01315,Customer_C01315,Repeat,Noida,2025-01-15
C02700,Customer_C02700,Repeat,Noida,2025-01-15
C02312,Customer_C02312,Repeat,Lucknow,2025-01-15
C02693,Customer_C02693,Repeat,Agra,2025-01-15
C02779,Customer_C02779,New,Noida,2025-01-15
C01441,Customer_C01441,Repeat,Noida,2025-01-15
C02820,Customer_C02820,Repeat,Jaipur,2025-01-15
C01098,Customer_C01098,New,Kanpur,2025-01-15
C01144,Customer_C01144,New,Agra,2025-01-15
C01635,Customer_C01635,New,Gorakhpur,2025-01-15
C02461,Customer_C02461,Repeat,Gorakhpur,2025-01-15
C00276,Customer_C00276,New,Patna,2025-01-15
C00778,Customer_C00778,Repeat,Varanasi,2025-01-15
C02778,Customer_C02778,Repeat,Kanpur,2025-01-15
C01053,Customer_C01053,Repeat,Gorakhpur,2025-01-15
C01885,Customer_C01885,New,Jaipur,2025-01-15
C00517,Customer_C00517,Repeat,Prayagraj,2025-01-15
C00294,Customer_C00294,Repeat,Jaipur,2025-01-15
C00230,Customer_C00230,New,Gorakhpur,2025-01-15
C01748,Customer_C01748,New,Kanpur,2025-01-15
C02047,Customer_C02047,Repeat,Varanasi,2025-01-15
C01006,Customer_C01006,Repeat,Noida,2025-01-15
C02089,Customer_C02089,New,Noida,2025-01-15
C00486,Customer_C00486,New,Kanpur,2025-01-15
C02045,Customer_C02045,New,Agra,2025-01-15
C01436,Customer_C01436,New,Kanpur,2025-01-15
C01533,Customer_C01533,Repeat,Varanasi,2025-01-15
C02842,Customer_C02842,New,Lucknow,2025-01-15
C00484,Customer_C00484,New,Jaipur,2025-01-15
C02293,Customer_C02293,Repeat,Noida,2025-01-15
C00652,Customer_C00652,Repeat,Noida,2025-01-15
C00919,Customer_C00919,Repeat,Gorakhpur,2025-01-15
C00607,Customer_C00607,Repeat,Prayagraj,2025-01-15
C01801,Customer_C01801,Repeat,Varanasi,2025-01-15
C01491,Customer_C01491,Repeat,Lucknow,2025-01-15
C02388,Customer_C02388,New,Lucknow,2025-01-15
C01306,Customer_C01306,Repeat,Kanpur,2025-01-15
C02941,Customer_C02941,Repeat,Kanpur,2025-01-15
C02639,Customer_C02639,Repeat,Gorakhpur,2025-01-15
C01237,Customer_C01237,Repeat,Kanpur,2025-01-15
C03349,Customer_C03349,New,Prayagraj,2025-01-15
C00979,Customer_C00979,New,Prayagraj,2025-01-15
C01140,Customer_C01140,Repeat,Varanasi,2025-01-15
C01550,Customer_C01550,New,Prayagraj,2025-01-15
C00357,Customer_C00357,Repeat,Noida,2025-01-15
C02528,Customer_C02528,Repeat,Lucknow,2025-01-15
C02917,Customer_C02917,New,Varanasi,2025-01-15
C01987,Customer_C01987,New,Noida,2025-01-15
C00829,Customer_C00829,New,Agra,2025-01-15
C02526,Customer_C02526,New,Kanpur,2025-01-15
C02218,Customer_C02218,New,Kanpur,2025-01-15
C02176,Customer_C02176,New,Agra,2025-01-15
C01223,Customer_C01223,New,Varanasi,2025-01-15
C02953,Customer_C02953,New,Kanpur,2025-01-15
C02884,Customer_C02884,Repeat,Noida,2025-01-15
C01705,Customer_C01705,Repeat,Noida,2025-01-15
C03422,Customer_C03422,New,Noida,2025-01-15
C00311,Customer_C00311,Repeat,Noida,2025-01-15
C00434,Customer_C00434,New,Lucknow,2025-01-15
C02910,Customer_C02910,New,Lucknow,2025-01-15
C00271,Customer_C00271,New,Kanpur,2025-01-15
C03324,Customer_C03324,New,Noida,2025-01-15
C00592,Customer_C00592,New,Lucknow,2025-01-15
C01147,Customer_C01147,Repeat,Lucknow,2025-01-15
C00095,Customer_C00095,Repeat,Noida,2025-01-15
C03292,Customer_C03292,Repeat,Gorakhpur,2025-01-15
C02386,Customer_C02386,Repeat,Agra,2025-01-15
C01800,Customer_C01800,New,Patna,2025-01-15
C01422,Customer_C01422,Repeat,Noida,2025-01-15
C01875,Customer_C01875,New,Lucknow,2025-01-15
C03237,Customer_C03237,New,Noida,2025-01-15
C01233,Customer_C01233,New,Prayagraj,2025-01-15
C00872,Customer_C00872,New,Lucknow,2025-01-15
C01651,Customer_C01651,Repeat,Kanpur,2025-01-15
C01968,Customer_C01968,Repeat,Lucknow,2025-01-15
C01317,Customer_C01317,New,Gorakhpur,2025-01-15
C02641,Customer_C02641,Repeat,Lucknow,2025-01-15
C02973,Customer_C02973,New,Jaipur,2025-01-15
C01653,Customer_C01653,Repeat,Prayagraj,2025-01-15
C01695,Customer_C01695,New,Noida,2025-01-15
C02103,Customer_C02103,Repeat,Noida,2025-01-15
C00953,Customer_C00953,Repeat,Lucknow,2025-01-15
C02109,Customer_C02109,New,Jaipur,2025-01-15
C01959,Customer_C01959,New,Prayagraj,2025-01-15
C00708,Customer_C00708,New,Lucknow,2025-01-15
C01464,Customer_C01464,Repeat,Noida,2025-01-15
C03133,Customer_C03133,Repeat,Noida,2025-01-15
C02827,Customer_C02827,New,Varanasi,2025-01-15
C01837,Customer_C01837,New,Prayagraj,2025-01-15
C01531,Customer_C01531,Repeat,Jaipur,2025-01-15
C00319,Customer_C00319,New,Jaipur,2025-01-15
C01280,Customer_C01280,New,Lucknow,2025-01-15
C00781,Customer_C00781,Repeat,Gorakhpur,2025-01-15
C00262,Customer_C00262,New,Noida,2025-01-15
C01528,Customer_C01528,Repeat,Lucknow,2025-01-15
C01353,Customer_C01353,Repeat,Jaipur,2025-01-15
C00890,Customer_C00890,Repeat,Lucknow,2025-01-15
C01601,Customer_C01601,Repeat,Jaipur,2025-01-15
C00132,Customer_C00132,Repeat,Kanpur,2025-01-15
C02915,Customer_C02915,Repeat,Noida,2025-01-15
C02815,Customer_C02815,Repeat,Prayagraj,2025-01-15
C02969,Customer_C02969,New,Kanpur,2025-01-15
C03169,Customer_C03169,Repeat,Varanasi,2025-01-15
C01928,Customer_C01928,Repeat,Noida,2025-01-15
C02242,Customer_C02242,New,Gorakhpur,2025-01-15
C03102,Customer_C03102,New,Noida,2025-01-15
C02198,Customer_C02198,New,Agra,2025-01-15
C02501,Customer_C02501,New,Noida,2025-01-15
C03234,Customer_C03234,Repeat,Gorakhpur,2025-01-15
C01974,Customer_C01974,Repeat,Lucknow,2025-01-15
C00901,Customer_C00901,Repeat,Kanpur,2025-01-15
C00739,Customer_C00739,Repeat,Lucknow,2025-01-15
C03347,Customer_C03347,New,Jaipur,2025-01-15
C01709,Customer_C01709,New,Lucknow,2025-01-15
C03242,Customer_C03242,New,Jaipur,2025-01-15
C02552,Customer_C02552,Repeat,Lucknow,2025-01-15
C03185,Customer_C03185,Repeat,Kanpur,2025-01-15
C03337,Customer_C03337,Repeat,Lucknow,2025-01-15
C02405,Customer_C02405,New,Lucknow,2025-01-15
C03285,Customer_C03285,Repeat,Agra,2025-01-15
C02164,Customer_C02164,New,Kanpur,2025-01-15
C00298,Customer_C00298,New,Prayagraj,2025-01-15
C00987,Customer_C00987,New,Kanpur,2025-01-15
C00815,Customer_C00815,Repeat,Agra,2025-01-15
C02891,Customer_C02891,New,Lucknow,2025-01-15
C02173,Customer_C02173,New,Kanpur,2025-01-15
C01561,Customer_C01561,New,Prayagraj,2025-01-15
C01355,Customer_C01355,Repeat,Varanasi,2025-01-15
C01778,Customer_C01778,New,Gorakhpur,2025-01-15
C00182,Customer_C00182,Repeat,Kanpur,2025-01-15
C01512,Customer_C01512,New,Agra,2025-01-15
C00338,Customer_C00338,New,Jaipur,2025-01-15
C00421,Customer_C00421,Repeat,Lucknow,2025-01-15
C02167,Customer_C02167,Repeat,Prayagraj,2025-01-15
C01689,Customer_C01689,Repeat,Kanpur,2025-01-15
C01343,Customer_C01343,New,Gorakhpur,2025-01-15
C00533,Customer_C00533,New,Prayagraj,2025-01-15
C02046,Customer_C02046,New,Prayagraj,2025-01-15
C01234,Customer_C01234,Repeat,Noida,2025-01-15
C01054,Customer_C01054,New,Delhi,2025-01-15
C00682,Customer_C00682,New,Gorakhpur,2025-01-15
C03058,Customer_C03058,New,Lucknow,2025-01-15
C00140,Customer_C00140,Repeat,Noida,2025-01-15
C00714,Customer_C00714,Repeat,Prayagraj,2025-01-15
C01637,Customer_C01637,New,Lucknow,2025-01-15
C01659,Customer_C01659,Repeat,Varanasi,2025-01-15
C02524,Customer_C02524,New,Lucknow,2025-01-15
C02057,Customer_C02057,Repeat,Noida,2025-01-15
C01395,Customer_C01395,Repeat,Lucknow,2025-01-15
C02619,Customer_C02619,Repeat,Prayagraj,2025-01-15
C00146,Customer_C00146,New,Noida,2025-01-15
C00489,Customer_C00489,New,Varanasi,2025-01-15
C02974,Customer_C02974,New,Lucknow,2025-01-15
C01362,Customer_C01362,Repeat,Gorakhpur,2025-01-15
C01789,Customer_C01789,Repeat,Prayagraj,2025-01-15
C01446,Customer_C01446,Repeat,Noida,2025-01-15
C02807,Customer_C02807,New,Varanasi,2025-01-15
C02948,Customer_C02948,New,Gorakhpur,2025-01-15
C01183,Customer_C01183,Repeat,Varanasi,2025-01-15
C01331,Customer_C01331,New,Delhi,2025-01-15
C01438,Customer_C01438,Repeat,Delhi,2025-01-15
C01061,Customer_C01061,New,Kanpur,2025-01-15
C01000,Customer_C01000,New,Noida,2025-01-15
C02505,Customer_C02505,New,Kanpur,2025-01-15
C02131,Customer_C02131,New,Prayagraj,2025-01-15
C00076,Customer_C00076,Repeat,Noida,2025-01-15
C01456,Customer_C01456,Repeat,Lucknow,2025-01-15
C00189,Customer_C00189,New,Prayagraj,2025-01-15
C00604,Customer_C00604,New,Prayagraj,2025-01-15
C01649,Customer_C01649,Repeat,Varanasi,2025-01-15
C03149,Customer_C03149,New,Noida,2025-01-15
C02996,Customer_C02996,Repeat,Lucknow,2025-01-15
C01848,Customer_C01848,Repeat,Prayagraj,2025-01-15
C01121,Customer_C01121,New,Noida,2025-01-15
C00102,Customer_C00102,Repeat,Lucknow,2025-01-15
C01924,Customer_C01924,New,Prayagraj,2025-01-15
C02320,Customer_C02320,New,Noida,2025-01-15
C00512,Customer_C00512,New,Prayagraj,2025-01-15
C00593,Customer_C00593,New,Agra,2025-01-15
C00469,Customer_C00469,Repeat,Noida,2025-01-15
C01207,Customer_C01207,New,Prayagraj,2025-01-15
C01092,Customer_C01092,Repeat,Lucknow,2025-01-15
C02970,Customer_C02970,New,Lucknow,2025-01-15
C03480,Customer_C03480,New,Gorakhpur,2025-01-15
C01807,Customer_C01807,Repeat,Prayagraj,2025-01-15
C00130,Customer_C00130,Repeat,Varanasi,2025-01-15
C03118,Customer_C03118,Repeat,Noida,2025-01-15
C03354,Customer_C03354,New,Noida,2025-01-15
C00285,Customer_C00285,Repeat,Noida,2025-01-15
C03369,Customer_C03369,Repeat,Lucknow,2025-01-15
C00091,Customer_C00091,Repeat,Lucknow,2025-01-15
C01628,Customer_C01628,New,Agra,2025-01-15
C03208,Customer_C03208,New,Kanpur,2025-01-15
C02202,Customer_C02202,New,Prayagraj,2025-01-15
C03160,Customer_C03160,New,Gorakhpur,2025-01-15
C00954,Customer_C00954,Repeat,Agra,2025-01-15
C03083,Customer_C03083,Repeat,Noida,2025-01-15
C00985,Customer_C00985,New,Prayagraj,2025-01-15
C03469,Customer_C03469,New,Kanpur,2025-01-15
C03277,Customer_C03277,New,Kanpur,2025-01-15
C00220,Customer_C00220,New,Noida,2025-01-15
C01760,Customer_C01760,New,Agra,2025-01-15
C00126,Customer_C00126,New,Lucknow,2025-01-15
C00337,Customer_C00337,Repeat,Noida,2025-01-15
C02098,Customer_C02098,New,Gorakhpur,2025-01-15
C00118,Customer_C00118,New,Kanpur,2025-01-15
C02153,Customer_C02153,New,Noida,2025-01-15
C00898,Customer_C00898,New,Varanasi,2025-01-15
C03428,Customer_C03428,New,Lucknow,2025-01-15
C02308,Customer_C02308,Repeat,Kanpur,2025-01-15
C00412,Customer_C00412,New,Kanpur,2025-01-15
C01269,Customer_C01269,Repeat,Prayagraj,2025-01-15
C01826,Customer_C01826,New,Kanpur,2025-01-15
C03244,Customer_C03244,New,Kanpur,2025-01-15
C01932,Customer_C01932,Repeat,Noida,2025-01-15
C00816,Customer_C00816,New,Jaipur,2025-01-15
C01275,Customer_C01275,New,Prayagraj,2025-01-15
C02230,Customer_C02230,Repeat,Varanasi,2025-01-15
C02337,Customer_C02337,New,Delhi,2025-01-15
C00773,Customer_C00773,Repeat,Patna,2025-01-15
C02605,Customer_C02605,New,Varanasi,2025-01-15
C01293,Customer_C01293,New,Gorakhpur,2025-01-15
C02656,Customer_C02656,Repeat,Patna,2025-01-15
C01614,Customer_C01614,Repeat,Jaipur,2025-01-15
C01267,Customer_C01267,Repeat,Agra,2025-01-15
C01583,Customer_C01583,Repeat,Noida,2025-01-15
C03420,Customer_C03420,Repeat,Jaipur,2025-01-15
C00374,Customer_C00374,Repeat,Jaipur,2025-01-15
C02025,Customer_C02025,New,Lucknow,2025-01-15
C00228,Customer_C00228,New,Prayagraj,2025-01-15
C03260,Customer_C03260,New,Gorakhpur,2025-01-15
C01571,Customer_C01571,New,Patna,2025-01-15
C02690,Customer_C02690,New,Prayagraj,2025-01-15
C02090,Customer_C02090,New,Prayagraj,2025-01-15
C01696,Customer_C01696,New,Jaipur,2025-01-15
C00339,Customer_C00339,Repeat,Noida,2025-01-15
C02316,Customer_C02316,New,Gorakhpur,2025-01-15
C00832,Customer_C00832,New,Delhi,2025-01-15
C02017,Customer_C02017,New,Agra,2025-01-15
C03411,Customer_C03411,New,Prayagraj,2025-01-15
C00245,Customer_C00245,New,Kanpur,2025-01-15
C00193,Customer_C00193,New,Kanpur,2025-01-15
C02845,Customer_C02845,New,Prayagraj,2025-01-15
C00618,Customer_C00618,New,Lucknow,2025-01-15
C00024,Customer_C00024,New,Lucknow,2025-01-15
C02430,Customer_C02430,Repeat,Patna,2025-01-15
C00789,Customer_C00789,New,Lucknow,2025-01-15
C00880,Customer_C00880,Repeat,Lucknow,2025-01-15
C01337,Customer_C01337,New,Gorakhpur,2025-01-15
C02422,Customer_C02422,New,Varanasi,2025-01-15
C02532,Customer_C02532,New,Prayagraj,2025-01-15
C02587,Customer_C02587,New,Lucknow,2025-01-15
C02679,Customer_C02679,New,Gorakhpur,2025-01-15
C03093,Customer_C03093,Repeat,Agra,2025-01-15
C03447,Customer_C03447,New,Noida,2025-01-15
C00238,Customer_C00238,New,Noida,2025-01-15
C00978,Customer_C00978,New,Kanpur,2025-01-15
C03167,Customer_C03167,New,Lucknow,2025-01-15
C03318,Customer_C03318,New,Noida,2025-01-15
C03293,Customer_C03293,New,Varanasi,2025-01-15
C01028,Customer_C01028,Repeat,Noida,2025-01-15
C00658,Customer_C00658,Repeat,Gorakhpur,2025-01-15
C00897,Customer_C00897,New,Lucknow,2025-01-15
C00845,Customer_C00845,New,Kanpur,2025-01-15
C01842,Customer_C01842,New,Jaipur,2025-01-15
C03346,Customer_C03346,New,Gorakhpur,2025-01-15
C01324,Customer_C01324,New,Delhi,2025-01-15
C00690,Customer_C00690,Repeat,Lucknow,2025-01-15
C02478,Customer_C02478,New,Lucknow,2025-01-15
C03314,Customer_C03314,New,Kanpur,2025-01-15
C00314,Customer_C00314,New,Prayagraj,2025-01-15
C00600,Customer_C00600,New,Lucknow,2025-01-15
C00686,Customer_C00686,Repeat,Lucknow,2025-01-15
C00758,Customer_C00758,New,Varanasi,2025-01-15
C00581,Customer_C00581,New,Kanpur,2025-01-15
C01074,Customer_C01074,New,Patna,2025-01-15
C03475,Customer_C03475,New,Agra,2025-01-15
C02420,Customer_C02420,New,Kanpur,2025-01-15
C01060,Customer_C01060,New,Jaipur,2025-01-15
C00174,Customer_C00174,New,Agra,2025-01-15
C02066,Customer_C02066,New,Noida,2025-01-15
C01255,Customer_C01255,New,Varanasi,2025-01-15
C02951,Customer_C02951,New,Noida,2025-01-15
C00056,Customer_C00056,New,Noida,2025-01-15
C01577,Customer_C01577,New,Lucknow,2025-01-15
C00050,Customer_C00050,New,Kanpur,2025-01-15
C03152,Customer_C03152,New,Kanpur,2025-01-15
C02210,Customer_C02210,Repeat,Lucknow,2025-01-15
C02657,Customer_C02657,New,Jaipur,2025-01-15
C00649,Customer_C00649,New,Kanpur,2025-01-15
C03316,Customer_C03316,New,Lucknow,2025-01-15
C01431,Customer_C01431,New,Lucknow,2025-01-15
C01096,Customer_C01096,New,Gorakhpur,2025-01-15
C00449,Customer_C00449,New,Lucknow,2025-01-15
C01122,Customer_C01122,New,Gorakhpur,2025-01-15
C03183,Customer_C03183,New,Prayagraj,2025-01-15
C01399,Customer_C01399,New,Lucknow,2025-01-15
C01467,Customer_C01467,Repeat,Noida,2025-01-15
C02097,Customer_C02097,New,Gorakhpur,2025-01-15
C03261,Customer_C03261,New,Lucknow,2025-01-15
C01259,Customer_C01259,New,Noida,2025-01-15
C03151,Customer_C03151,New,Noida,2025-01-15
C03243,Customer_C03243,New,Lucknow,2025-01-15
C03485,Customer_C03485,New,Agra,2025-01-15
C01068,Customer_C01068,New,Jaipur,2025-01-15
C02099,Customer_C02099,New,Jaipur,2025-01-15
