transaction_id,merchant_id,customer_id,timestamp,product_id,product_category,quantity,unit_price,discount,payment_method
TXN0001590,M015,C03276,2025-10-01 11:14:09,PRD_CAK_01,Cakes,1,672.16,32.01,UPI
TXN0000073,M045,C03269,2025-10-01 11:41:18,PRD_BEV_02,Beverages,1,538.63,25.65,CASH
TXN0000176,M040,C02166,2025-10-01 12:23:42,PRD_COF_01,Coffee,2,380.0,93.59,UPI
TXN0005583,M044,C03172,2025-10-01 12:46:26,PRD_MEN_02,Men,1,3148.63,149.93,UPI
TXN0001659,M007,C00105,2025-10-01 13:36:43,PRD_STA_01,Staples,1,540.0,270.9,CARD
TXN0000140,M046,C00662,2025-10-01 13:48:50,PRD_HOU_02,Household,3,320.0,428.65,WALLET
TXN0000635,M023,C02187,2025-10-01 16:26:17,PRD_BEV_01,Beverages,1,922.86,43.95,UPI
TXN0005882,M033,C00176,2025-10-01 16:52:47,PRD_DAI_02,Dairy,1,1808.71,86.13,UPI
TXN0008264,M021,C00536,2025-10-01 17:09:06,PRD_ART_01,Art Supplies,1,320.0,69.33,UPI
TXN0007589,M012,C01962,2025-10-01 17:15:41,PRD_BEV_02,Beverages,1,487.05,23.19,CASH
TXN0004586,M041,C02730,2025-10-01 17:23:05,PRD_DES_01,Desserts,1,385.6,18.36,CARD
TXN0007437,M015,C01969,2025-10-01 18:05:29,PRD_BRD_02,Bread,2,524.47,49.95,CARD
TXN0006154,M038,C01672,2025-10-01 18:07:00,PRD_EAR_01,Earphones,1,1606.11,76.48,CARD
TXN0003304,M047,C00724,2025-10-01 18:31:02,PRD_LAP_02,Laptops,2,2694.32,256.61,UPI
TXN0007843,M044,C02975,2025-10-01 18:34:01,PRD_WOM_01,Women,1,2028.51,96.6,UPI
TXN0000186,M025,C00066,2025-10-01 18:36:44,PRD_PAS_02,Pastries,1,240.17,11.44,CARD
TXN0003569,M029,C02826,2025-10-01 18:42:00,PRD_OFF_01,Office Supplies,1,263.81,12.56,UPI
TXN0005338,M005,C01369,2025-10-01 19:33:18,PRD_LAP_02,Laptops,1,3398.75,161.85,CARD
TXN0006257,M045,C00767,2025-10-01 19:33:26,PRD_HOU_01,Household,2,180.0,191.61,CASH
TXN0001747,M021,C01458,2025-10-01 19:40:54,PRD_WRI_02,Writing,1,456.71,21.75,WALLET
TXN0008574,M008,C02072,2025-10-01 19:47:39,PRD_SNK_01,Snacks,1,177.21,8.44,CARD
TXN0004732,M024,C02989,2025-10-01 19:48:29,PRD_BEV_02,Beverages,1,1245.03,59.29,UPI
TXN0004801,M017,C00360,2025-10-01 19:51:55,PRD_ART_01,Art Supplies,3,320.0,261.4,UPI
TXN0000079,M007,C02370,2025-10-01 20:04:57,PRD_HOU_02,Household,2,1001.7,95.4,UPI
TXN0007734,M044,C01230,2025-10-01 20:17:54,PRD_MEN_01,Men,1,1582.76,75.37,CASH
TXN0005061,M045,C01232,2025-10-01 20:18:58,PRD_SNK_02,Snacks,1,332.12,15.82,UPI
TXN0001105,M003,C02793,2025-10-01 21:21:29,PRD_TEA_01,Tea,1,575.93,27.43,UPI
TXN0008755,M026,C03459,2025-10-01 22:08:54,PRD_TEA_02,Tea,1,739.0,35.19,UPI
TXN0006115,M029,C00871,2025-10-01 22:58:51,PRD_NOT_01,Notebooks,1,160.0,88.23,UPI
TXN0009297,M002,C01158,2025-10-01 22:59:30,PRD_BRD_02,Bread,1,140.0,55.2,CARD
TXN0003498,M022,C00040,2025-10-02 08:32:04,PRD_WOM_01,Women,1,2330.59,110.98,UPI
TXN0005345,M005,C00361,2025-10-02 09:40:35,PRD_LAP_02,Laptops,3,1022.57,146.08,UPI
TXN0009310,M039,C00030,2025-10-02 10:01:05,PRD_PER_01,Personal Care,1,1161.24,55.3,UPI
TXN0002005,M001,C00629,2025-10-02 10:06:51,PRD_SNK_02,Snacks,1,225.0,67.28,UPI
TXN0008649,M039,C00347,2025-10-02 10:24:49,PRD_MED_01,Medicine,1,1248.5,59.45,UPI
TXN0009631,M021,C01920,2025-10-02 11:10:17,PRD_WRI_02,Writing,1,282.69,13.46,CARD
TXN0002385,M033,C02475,2025-10-02 11:17:49,PRD_SNK_01,Snacks,1,874.29,41.63,UPI
TXN0003379,M033,C01756,2025-10-02 12:10:17,PRD_STA_02,Staples,1,1060.12,50.48,CASH
TXN0002766,M007,C02030,2025-10-02 12:24:14,PRD_BEV_01,Beverages,1,930.83,44.33,CASH
TXN0009486,M048,C02906,2025-10-02 13:03:12,PRD_CAB_02,Cables,1,1173.18,55.87,UPI
TXN0006314,M044,C01184,2025-10-02 15:01:57,PRD_WOM_01,Women,1,1189.83,56.66,UPI
TXN0009601,M042,C03442,2025-10-02 15:43:59,PRD_BRD_02,Bread,2,140.0,101.09,UPI
TXN0004543,M017,C00865,2025-10-02 16:15:51,PRD_ART_01,Art Supplies,1,320.0,138.51,UPI
TXN0004266,M010,C02141,2025-10-02 16:22:33,PRD_HOU_02,Household,1,671.1,31.96,UPI
TXN0003917,M039,C01466,2025-10-02 16:44:25,PRD_MED_01,Medicine,2,292.05,27.81,WALLET
TXN0002970,M024,C01477,2025-10-02 17:19:07,PRD_HOU_02,Household,2,320.0,444.23,UPI
TXN0000612,M010,C02067,2025-10-02 17:21:58,PRD_DAI_01,Dairy,1,2003.4,95.4,UPI
TXN0000402,M049,C00926,2025-10-02 17:39:11,PRD_DES_02,Desserts,1,435.38,20.73,UPI
TXN0008248,M010,C01192,2025-10-02 17:46:33,PRD_HOU_01,Household,1,1090.18,51.91,UPI
TXN0003100,M006,C01249,2025-10-02 18:47:20,PRD_CAB_02,Cables,1,858.94,40.9,UPI
TXN0002163,M039,C03123,2025-10-02 19:12:22,PRD_MED_01,Medicine,1,1889.73,89.99,UPI
TXN0000234,M026,C00055,2025-10-02 19:37:33,PRD_DES_02,Desserts,1,284.25,13.54,UPI
TXN0007132,M022,C01644,2025-10-02 19:40:31,PRD_WOM_01,Women,1,884.0,42.1,UPI
TXN0002670,M044,C01853,2025-10-02 19:46:24,PRD_KID_02,Kids,1,1157.26,55.11,UPI
TXN0003969,M009,C02929,2025-10-02 19:54:31,PRD_PER_01,Personal Care,1,387.68,18.46,UPI
TXN0004772,M011,C02786,2025-10-02 19:54:43,PRD_NOT_02,Notebooks,1,578.93,27.57,UPI
TXN0001145,M026,C02101,2025-10-02 20:19:42,PRD_DES_01,Desserts,1,220.0,99.34,UPI
TXN0001187,M046,C02840,2025-10-02 20:52:12,PRD_HOU_02,Household,1,1241.67,59.13,CARD
TXN0005820,M002,C00290,2025-10-02 21:06:57,PRD_SNK_01,Snacks,1,1037.68,49.41,CASH
TXN0005883,M044,C02649,2025-10-02 21:28:27,PRD_MEN_02,Men,1,2847.83,135.61,WALLET
TXN0006551,M006,C01063,2025-10-02 21:59:48,PRD_CAS_01,Cases,1,397.86,18.95,UPI
TXN0001191,M035,C01081,2025-10-02 22:26:35,PRD_CHG_02,Chargers,1,1443.09,68.72,WALLET
TXN0006381,M002,C00444,2025-10-03 11:27:20,PRD_CAK_01,Cakes,1,551.43,26.26,UPI
TXN0001151,M016,C00606,2025-10-03 12:45:41,PRD_BRD_02,Bread,1,237.75,11.32,WALLET
TXN0005812,M012,C00147,2025-10-03 13:26:20,PRD_HOU_01,Household,1,877.43,41.78,UPI
TXN0000418,M044,C02683,2025-10-03 15:26:17,PRD_WOM_02,Women,1,1499.0,1114.86,UPI
TXN0004959,M003,C01490,2025-10-03 15:32:20,PRD_DES_01,Desserts,1,297.88,14.18,CASH
TXN0000032,M014,C01603,2025-10-03 16:23:32,PRD_CAK_02,Cakes,1,450.0,197.51,UPI
TXN0008575,M005,C01679,2025-10-03 17:34:56,PRD_MOB_01,Mobiles,1,7928.39,377.54,UPI
TXN0002267,M039,C03298,2025-10-03 17:53:53,PRD_MED_02,Medicine,1,983.64,46.84,UPI
TXN0008452,M001,C02440,2025-10-03 18:21:45,PRD_SNK_01,Snacks,1,685.27,32.63,UPI
TXN0006363,M034,C00219,2025-10-03 18:25:07,PRD_OFF_02,Office Supplies,1,310.0,244.31,UPI
TXN0003251,M021,C02647,2025-10-03 18:33:50,PRD_WRI_01,Writing,2,500.85,47.7,UPI
TXN0003322,M035,C01472,2025-10-03 18:41:34,PRD_CHG_02,Chargers,1,1090.89,51.95,UPI
TXN0007024,M038,C00001,2025-10-03 18:55:06,PRD_EAR_01,Earphones,1,3729.23,177.58,UPI
TXN0004475,M019,C01026,2025-10-03 18:58:47,PRD_EAR_02,Earphones,1,349.0,104.35,UPI
TXN0005957,M002,C03498,2025-10-03 19:00:59,PRD_BRD_01,Bread,1,668.88,31.85,CARD
TXN0009366,M019,C01814,2025-10-03 19:21:46,PRD_CAS_02,Cases,1,859.39,40.92,CASH
TXN0003223,M030,C03465,2025-10-03 19:45:05,PRD_LAP_01,Laptops,1,3461.73,164.84,CARD
TXN0009370,M004,C00112,2025-10-03 19:45:47,PRD_ELE_02,Home Electronics,1,1648.66,78.51,CASH
TXN0001331,M004,C02321,2025-10-03 19:50:30,PRD_ELE_01,Home Electronics,1,4583.81,218.28,WALLET
TXN0006821,M039,C00638,2025-10-03 20:06:13,PRD_MED_02,Medicine,1,2672.86,127.28,UPI
TXN0004117,M043,C00995,2025-10-03 20:27:59,PRD_PAS_01,Pastries,2,288.16,27.44,CASH
TXN0007924,M029,C02652,2025-10-03 20:41:17,PRD_ART_02,Art Supplies,1,510.65,24.32,CARD
TXN0000989,M047,C02571,2025-10-03 21:36:45,PRD_ELE_01,Home Electronics,1,3487.5,166.07,UPI
TXN0006034,M001,C02509,2025-10-03 22:18:57,PRD_SNK_02,Snacks,1,670.07,31.91,UPI
TXN0005024,M046,C03003,2025-10-04 09:12:18,PRD_BEV_01,Beverages,1,503.6,23.98,CARD
TXN0006988,M035,C02007,2025-10-04 09:52:02,PRD_CAS_02,Cases,1,3672.32,174.87,CASH
TXN0004377,M023,C01804,2025-10-04 10:10:59,PRD_SNK_01,Snacks,1,1836.45,87.45,UPI
TXN0008444,M036,C02035,2025-10-04 10:28:52,PRD_SNK_02,Snacks,1,2203.74,104.94,UPI
TXN0001049,M039,C02995,2025-10-04 10:37:00,PRD_WEL_01,Wellness,1,1641.55,78.17,UPI
TXN0009822,M042,C00792,2025-10-04 10:59:56,PRD_CAK_02,Cakes,1,1057.25,50.35,UPI
TXN0000172,M050,C02021,2025-10-04 11:07:19,PRD_PAS_01,Pastries,1,596.22,28.39,UPI
TXN0000044,M016,C02672,2025-10-04 11:12:05,PRD_PAS_02,Pastries,1,923.93,44.0,UPI
TXN0004165,M031,C02916,2025-10-04 12:06:04,PRD_MOB_01,Mobiles,1,11532.1,549.15,CARD
TXN0006340,M029,C02414,2025-10-04 12:28:57,PRD_WRI_02,Writing,1,675.93,32.19,UPI
TXN0006487,M013,C01310,2025-10-04 14:02:32,PRD_CAK_01,Cakes,1,550.0,110.14,CARD
TXN0000004,M005,C00900,2025-10-04 14:05:51,PRD_LAP_02,Laptops,1,6646.11,316.48,UPI
TXN0002729,M016,C01701,2025-10-04 15:15:30,PRD_CAK_01,Cakes,1,983.48,46.83,WALLET
TXN0009567,M009,C02073,2025-10-04 15:22:09,PRD_BABY_02,Baby Care,3,160.0,69.04,WALLET
TXN0001590,M009,C02246,2025-10-04 15:53:44,PRD_PER_01,Personal Care,2,472.85,45.03,UPI
TXN0005891,M003,C02994,2025-10-04 16:38:30,PRD_SNK_02,Snacks,1,979.44,46.64,CASH
TXN0004598,M013,C02094,2025-10-04 16:48:01,PRD_SNK_01,Snacks,1,134.07,6.38,UPI
TXN0009512,M029,C02586,2025-10-04 17:39:37,PRD_ART_02,Art Supplies,3,175.0,273.13,UPI
TXN0004465,M046,C01045,2025-10-04 17:55:00,PRD_HOU_01,Household,1,438.4,20.88,UPI
TXN0002131,M027,C03103,2025-10-04 18:24:12,PRD_MOB_02,Mobiles,1,21670.11,1031.91,UPI
TXN0001439,M046,C01066,2025-10-04 18:30:13,PRD_ESS_01,Daily Essentials,1,2386.38,113.64,UPI
TXN0007318,M036,C02752,2025-10-04 19:26:51,PRD_DAI_02,Dairy,1,926.6,44.12,UPI
TXN0009671,M031,C02890,2025-10-04 19:29:33,PRD_MOB_01,Mobiles,1,6499.0,1882.25,CASH
TXN0001161,M047,C00280,2025-10-04 19:43:08,PRD_LAP_02,Laptops,2,9182.25,874.5,CARD
TXN0003285,M005,C02793,2025-10-04 19:44:42,PRD_ELE_01,Home Electronics,1,1745.9,83.14,UPI
TXN0007410,M016,C00219,2025-10-04 20:12:48,PRD_CAK_02,Cakes,1,476.73,22.7,WALLET
TXN0007389,M036,C01866,2025-10-04 20:13:13,PRD_STA_01,Staples,1,1356.14,64.58,CARD
TXN0002368,M003,C00675,2025-10-04 20:22:59,PRD_DES_02,Desserts,1,282.18,13.44,UPI
TXN0008230,M028,C00520,2025-10-04 20:29:21,PRD_CHG_01,Chargers,1,1815.95,86.47,WALLET
TXN0006148,M030,C02081,2025-10-04 20:57:37,PRD_ACC_02,Accessories,2,1236.92,117.81,CARD
TXN0008773,M015,C02977,2025-10-04 21:48:42,PRD_CAK_01,Cakes,1,970.71,46.22,UPI
TXN0002084,M007,C00932,2025-10-04 21:56:26,PRD_HOU_02,Household,1,679.47,32.36,UPI
TXN0007574,M005,C01541,2025-10-05 14:02:47,PRD_ACC_01,Accessories,1,9721.58,462.93,WALLET
TXN0002697,M035,C03319,2025-10-05 14:10:53,PRD_EAR_02,Earphones,1,896.56,42.69,UPI
TXN0006964,M008,C03088,2025-10-05 14:31:04,PRD_TEA_01,Tea,1,502.67,23.94,UPI
TXN0004204,M044,C02671,2025-10-05 15:11:21,PRD_KID_02,Kids,1,1856.38,88.4,CASH
TXN0006376,M046,C02894,2025-10-05 16:15:50,PRD_BEV_01,Beverages,1,2052.14,97.72,CASH
TXN0008483,M038,C01485,2025-10-05 16:37:04,PRD_CAB_02,Cables,1,559.8,26.66,UPI
TXN0006254,M015,C01372,2025-10-05 17:48:53,PRD_CAK_01,Cakes,1,550.0,363.69,UPI
TXN0007461,M018,C02588,2025-10-05 18:20:09,PRD_MEA_02,Meals,1,421.52,20.07,UPI
TXN0002061,M008,C03435,2025-10-05 18:29:15,PRD_TEA_01,Tea,1,292.98,13.95,UPI
TXN0009644,M036,C02112,2025-10-05 18:48:47,PRD_BEV_02,Beverages,1,1257.29,59.87,UPI
TXN0007601,M019,C02805,2025-10-05 18:59:32,PRD_CHG_01,Chargers,1,1835.48,87.4,UPI
TXN0005553,M029,C02411,2025-10-05 19:31:30,PRD_OFF_02,Office Supplies,1,310.0,23.54,CASH
TXN0004124,M009,C01977,2025-10-05 19:42:31,PRD_BABY_01,Baby Care,1,829.3,39.49,CARD
TXN0000695,M014,C00427,2025-10-05 19:55:45,PRD_PAS_02,Pastries,2,110.0,40.2,UPI
TXN0004027,M028,C00853,2025-10-05 20:29:55,PRD_CHG_01,Chargers,1,2410.07,114.77,UPI
TXN0009378,M032,C01075,2025-10-05 20:38:44,PRD_MED_02,Medicine,1,2013.72,95.89,UPI
TXN0004498,M033,C00853,2025-10-05 20:46:37,PRD_HOU_01,Household,1,878.25,41.82,UPI
TXN0008190,M010,C00761,2025-10-05 20:53:52,PRD_SNK_02,Snacks,1,1153.42,54.92,UPI
TXN0008972,M023,C02764,2025-10-05 21:15:09,PRD_MEA_01,Meals,3,220.0,299.33,CARD
TXN0003530,M016,C03190,2025-10-05 21:42:45,PRD_PAS_02,Pastries,1,354.48,16.88,UPI
TXN0004365,M028,C00798,2025-10-05 21:55:50,PRD_CAS_01,Cases,1,1478.94,70.43,UPI
TXN0003288,M026,C01674,2025-10-05 22:15:56,PRD_TEA_02,Tea,1,666.24,31.73,UPI
TXN0007521,M013,C01232,2025-10-05 22:26:27,PRD_SNK_01,Snacks,1,673.46,32.07,UPI
TXN0004806,M039,C00849,2025-10-05 22:51:44,PRD_BABY_02,Baby Care,1,861.06,41.0,UPI
TXN0003115,M016,C00059,2025-10-06 08:01:56,PRD_SNK_01,Snacks,2,480.46,45.75,WALLET
TXN0009080,M002,C01409,2025-10-06 08:43:30,PRD_BRD_02,Bread,1,696.61,33.17,UPI
TXN0004931,M014,C02903,2025-10-06 09:37:07,PRD_BRD_01,Bread,1,491.63,23.41,UPI
TXN0001385,M038,C00585,2025-10-06 12:26:29,PRD_CAB_02,Cables,1,778.73,37.08,UPI
TXN0008204,M042,C02556,2025-10-06 13:20:17,PRD_SNK_01,Snacks,1,1139.58,54.27,UPI
TXN0005306,M017,C01806,2025-10-06 16:09:54,PRD_WRI_02,Writing,1,201.05,9.57,CASH
TXN0009089,M005,C02125,2025-10-06 16:11:11,PRD_LAP_01,Laptops,1,899.0,369.0,CASH
TXN0008258,M005,C00912,2025-10-06 16:50:10,PRD_ELE_02,Home Electronics,1,5371.98,255.81,UPI
TXN0004395,M012,C02558,2025-10-06 17:04:10,PRD_BEV_01,Beverages,2,643.42,61.28,UPI
TXN0009733,M031,C00547,2025-10-06 17:10:44,PRD_ACC_02,Accessories,2,7246.6,690.16,UPI
TXN0003475,M021,C00788,2025-10-06 17:20:27,PRD_OFF_01,Office Supplies,1,623.44,29.69,UPI
TXN0009729,M007,C01529,2025-10-06 17:20:39,PRD_DAI_02,Dairy,1,710.57,33.84,UPI
TXN0005125,M042,C02958,2025-10-06 17:29:05,PRD_BRD_01,Bread,1,244.81,11.66,UPI
TXN0007639,M014,C02992,2025-10-06 18:13:02,PRD_BRD_02,Bread,1,676.46,32.21,UPI
TXN0005900,M044,C03396,2025-10-06 18:31:49,PRD_WOM_01,Women,1,1975.54,94.07,CARD
TXN0007809,M008,C02223,2025-10-06 18:43:24,PRD_COF_02,Coffee,1,300.56,14.31,CARD
TXN0000676,M038,C00139,2025-10-06 19:09:43,PRD_EAR_01,Earphones,1,1299.0,623.06,UPI
TXN0004073,M046,C01574,2025-10-06 19:09:54,PRD_HOU_02,Household,1,1186.62,56.51,UPI
TXN0002744,M047,C00761,2025-10-06 19:51:05,PRD_LAP_01,Laptops,1,4261.92,202.95,CARD
TXN0000559,M023,C02631,2025-10-06 20:08:44,PRD_BEV_02,Beverages,2,529.22,50.41,CARD
TXN0000510,M003,C03047,2025-10-06 20:12:43,PRD_DES_01,Desserts,1,750.95,35.76,UPI
TXN0002386,M023,C01169,2025-10-06 20:13:55,PRD_SNK_02,Snacks,1,1970.01,93.81,UPI
TXN0003430,M015,C00715,2025-10-06 20:23:34,PRD_BRD_01,Bread,1,512.63,24.41,WALLET
TXN0005029,M011,C03269,2025-10-06 20:51:49,PRD_NOT_02,Notebooks,1,260.0,34.05,UPI
TXN0006262,M014,C03280,2025-10-06 20:54:44,PRD_BRD_01,Bread,2,232.78,22.16,UPI
TXN0002144,M037,C02127,2025-10-06 20:57:59,PRD_CHG_02,Chargers,2,999.0,1722.9,UPI
TXN0002798,M008,C01791,2025-10-06 21:47:21,PRD_SNK_01,Snacks,1,451.64,21.51,WALLET
TXN0000051,M002,C01423,2025-10-06 21:56:39,PRD_SNK_02,Snacks,3,277.01,39.58,UPI
TXN0000796,M005,C02288,2025-10-07 08:31:40,PRD_ACC_01,Accessories,1,15072.8,717.75,CASH
TXN0004626,M009,C03430,2025-10-07 09:26:02,PRD_PER_02,Personal Care,1,1695.79,80.75,UPI
TXN0000436,M004,C01304,2025-10-07 10:01:49,PRD_ACC_01,Accessories,1,10220.65,486.7,UPI
TXN0003323,M039,C00752,2025-10-07 10:42:23,PRD_PER_02,Personal Care,2,1135.74,108.17,UPI
TXN0003970,M011,C00904,2025-10-07 14:25:07,PRD_ART_01,Art Supplies,1,320.0,245.91,UPI
TXN0000494,M006,C00346,2025-10-07 15:01:40,PRD_CHG_02,Chargers,1,1788.52,85.17,UPI
TXN0000177,M006,C00457,2025-10-07 15:51:14,PRD_CAB_01,Cables,1,501.05,23.86,WALLET
TXN0002114,M018,C02447,2025-10-07 16:09:56,PRD_BEV_02,Beverages,4,367.15,69.95,UPI
TXN0005537,M001,C01503,2025-10-07 16:46:27,PRD_SNK_01,Snacks,2,261.8,24.93,CASH
TXN0000768,M012,C02574,2025-10-07 16:47:04,PRD_HOU_02,Household,1,824.14,39.24,UPI
TXN0000588,M042,C00325,2025-10-07 17:25:03,PRD_SNK_01,Snacks,2,92.52,8.82,UPI
TXN0007161,M046,C01103,2025-10-07 17:28:49,PRD_SNK_02,Snacks,2,350.9,33.42,UPI
TXN0005903,M006,C00644,2025-10-07 18:05:37,PRD_CAB_01,Cables,1,2097.04,99.86,UPI
TXN0006167,M047,C03049,2025-10-07 18:14:31,PRD_ACC_02,Accessories,1,2029.34,96.64,UPI
TXN0008877,M013,C02295,2025-10-07 18:26:15,PRD_SNK_01,Snacks,1,631.85,30.09,UPI
TXN0003899,M046,C00254,2025-10-07 18:31:34,PRD_HOU_02,Household,1,875.54,41.69,CARD
TXN0007055,M016,C00673,2025-10-07 18:40:33,PRD_PAS_01,Pastries,1,271.39,12.92,UPI
TXN0007208,M018,C03023,2025-10-07 18:45:40,PRD_MEA_02,Meals,1,895.37,42.64,CASH
TXN0009158,M025,C01097,2025-10-07 20:34:04,PRD_CAK_01,Cakes,1,550.0,418.21,UPI
TXN0001188,M029,C00384,2025-10-07 21:02:07,PRD_ART_02,Art Supplies,1,233.74,11.13,UPI
TXN0000516,M038,C03113,2025-10-08 09:04:23,PRD_EAR_01,Earphones,2,1299.0,1814.93,UPI
TXN0001907,M027,C01238,2025-10-08 09:40:59,PRD_ELE_02,Home Electronics,1,15750.0,750.0,UPI
TXN0007362,M013,C00768,2025-10-08 12:54:26,PRD_CAK_01,Cakes,1,550.0,470.0,UPI
TXN0001804,M001,C03109,2025-10-08 13:31:13,PRD_BEV_02,Beverages,2,240.21,22.87,UPI
TXN0006394,M010,C00249,2025-10-08 16:17:33,PRD_HOU_01,Household,1,467.12,22.24,UPI
TXN0000277,M046,C02841,2025-10-08 17:07:29,PRD_HOU_02,Household,1,320.0,203.3,CASH
TXN0002662,M035,C03177,2025-10-08 17:12:15,PRD_EAR_01,Earphones,1,1299.0,409.41,UPI
TXN0008694,M040,C00019,2025-10-08 18:12:52,PRD_SNK_02,Snacks,2,259.05,24.68,CASH
TXN0009892,M032,C02889,2025-10-08 19:00:03,PRD_PER_01,Personal Care,1,668.24,31.82,UPI
TXN0001691,M029,C01502,2025-10-08 19:16:41,PRD_OFF_02,Office Supplies,1,351.91,16.76,UPI
TXN0000073,M038,C03432,2025-10-08 19:17:45,PRD_EAR_01,Earphones,1,3020.79,143.85,UPI
TXN0001203,M029,C02574,2025-10-08 19:20:44,PRD_NOT_02,Notebooks,3,260.0,655.41,UPI
TXN0007283,M029,C03342,2025-10-08 19:32:13,PRD_NOT_01,Notebooks,1,247.02,11.76,CARD
TXN0006427,M012,C00540,2025-10-08 19:37:44,PRD_ESS_02,Daily Essentials,1,554.22,26.39,UPI
TXN0009523,M026,C01517,2025-10-08 19:51:29,PRD_DES_01,Desserts,1,220.0,57.57,UPI
TXN0008850,M015,C02079,2025-10-08 20:30:47,PRD_CAK_02,Cakes,1,1033.17,49.2,CASH
TXN0003798,M017,C02789,2025-10-08 21:49:42,PRD_ART_01,Art Supplies,1,826.04,39.34,UPI
TXN0003073,M005,C01719,2025-10-09 10:52:46,PRD_ELE_02,Home Electronics,1,6694.42,318.78,CASH
TXN0001548,M039,C03044,2025-10-09 11:05:54,PRD_WEL_01,Wellness,1,502.04,23.91,WALLET
TXN0004072,M006,C03136,2025-10-09 12:04:58,PRD_CAB_02,Cables,1,881.99,42.0,UPI
TXN0006313,M016,C02281,2025-10-09 12:28:34,PRD_PAS_01,Pastries,1,314.59,14.98,UPI
TXN0001566,M040,C00888,2025-10-09 13:12:00,PRD_TEA_02,Tea,1,399.96,19.05,WALLET
TXN0006072,M040,C01981,2025-10-09 15:05:35,PRD_COF_01,Coffee,1,561.62,26.74,UPI
TXN0001533,M044,C01781,2025-10-09 15:07:50,PRD_KID_02,Kids,2,369.3,35.17,UPI
TXN0002702,M024,C00569,2025-10-09 15:30:09,PRD_BEV_01,Beverages,1,397.81,18.94,CARD
TXN0007986,M015,C00040,2025-10-09 16:06:58,PRD_SNK_02,Snacks,1,319.86,15.23,WALLET
TXN0007735,M038,C02132,2025-10-09 16:07:24,PRD_CAS_01,Cases,1,2490.42,118.59,UPI
TXN0007646,M003,C00528,2025-10-09 16:22:34,PRD_COF_02,Coffee,1,638.66,30.41,CASH
TXN0006872,M038,C02523,2025-10-09 16:29:13,PRD_EAR_01,Earphones,2,1299.0,2012.61,UPI
TXN0007696,M033,C00251,2025-10-09 16:38:37,PRD_DAI_02,Dairy,1,404.9,19.28,CARD
TXN0003675,M014,C02001,2025-10-09 17:13:53,PRD_BRD_01,Bread,1,488.05,23.24,UPI
TXN0002801,M030,C01246,2025-10-09 17:21:10,PRD_MOB_02,Mobiles,1,11999.0,7047.55,UPI
TXN0005496,M022,C03450,2025-10-09 17:25:03,PRD_ACC_01,Accessories,1,1746.56,83.17,UPI
TXN0006729,M020,C00656,2025-10-09 17:44:57,PRD_MOB_02,Mobiles,3,11999.0,25747.34,UPI
TXN0004258,M011,C02216,2025-10-09 17:59:39,PRD_ART_01,Art Supplies,1,945.0,45.0,UPI
TXN0006474,M005,C01665,2025-10-09 18:24:06,PRD_MOB_02,Mobiles,2,11999.0,17568.9,UPI
TXN0006518,M010,C00422,2025-10-09 18:43:33,PRD_DAI_01,Dairy,1,237.87,11.33,UPI
TXN0009958,M006,C03107,2025-10-09 18:52:31,PRD_CAB_02,Cables,1,455.59,21.69,WALLET
TXN0009599,M018,C02831,2025-10-09 18:54:06,PRD_DES_01,Desserts,1,583.5,27.79,CARD
TXN0000574,M033,C01154,2025-10-09 19:54:49,PRD_SNK_02,Snacks,1,1890.0,90.0,WALLET
TXN0004513,M036,C02318,2025-10-09 21:21:08,PRD_BEV_01,Beverages,1,1890.0,90.0,UPI
TXN0001363,M024,C02276,2025-10-09 22:25:52,PRD_HOU_02,Household,1,593.25,28.25,UPI
TXN0006795,M030,C01359,2025-10-09 22:26:51,PRD_LAP_01,Laptops,3,1086.95,155.27,WALLET
TXN0009712,M008,C01229,2025-10-10 08:28:19,PRD_COF_02,Coffee,1,320.75,15.27,UPI
TXN0006492,M020,C01891,2025-10-10 08:42:47,PRD_LAP_01,Laptops,2,5695.05,542.39,UPI
TXN0009622,M034,C02729,2025-10-10 09:41:01,PRD_WRI_02,Writing,2,167.42,15.95,UPI
TXN0002734,M038,C03001,2025-10-10 10:29:16,PRD_CAB_01,Cables,1,3150.0,150.0,UPI
TXN0009597,M050,C02082,2025-10-10 13:12:53,PRD_PAS_02,Pastries,1,123.38,5.88,UPI
TXN0002999,M023,C02070,2025-10-10 15:04:16,PRD_BEV_01,Beverages,1,438.41,20.88,UPI
TXN0001236,M034,C02708,2025-10-10 15:07:18,PRD_NOT_02,Notebooks,1,260.0,18.43,CARD
TXN0006042,M031,C01743,2025-10-10 15:45:43,PRD_ACC_01,Accessories,2,5998.67,571.3,CASH
TXN0005881,M026,C02560,2025-10-10 15:46:59,PRD_SNK_02,Snacks,1,439.31,20.92,CARD
TXN0005196,M004,C02346,2025-10-10 16:01:43,PRD_MOB_01,Mobiles,1,6499.0,3849.29,UPI
TXN0009162,M045,C01675,2025-10-10 16:33:31,PRD_STA_02,Staples,1,1881.9,89.61,CARD
TXN0007116,M029,C01946,2025-10-10 17:04:41,PRD_NOT_01,Notebooks,1,160.0,76.04,UPI
TXN0002642,M022,C01525,2025-10-10 17:14:19,PRD_ACC_02,Accessories,2,699.0,148.3,WALLET
TXN0002038,M019,C00394,2025-10-10 17:27:39,PRD_EAR_01,Earphones,1,1299.0,428.24,CARD
TXN0007357,M046,C02146,2025-10-10 17:27:49,PRD_HOU_02,Household,1,1153.36,54.92,UPI
TXN0000487,M033,C02947,2025-10-10 17:54:58,PRD_HOU_01,Household,1,635.66,30.27,WALLET
TXN0005864,M048,C03289,2025-10-10 18:13:09,PRD_EAR_02,Earphones,1,634.62,30.22,UPI
TXN0003309,M013,C00025,2025-10-10 18:23:41,PRD_CAK_01,Cakes,1,550.0,131.17,WALLET
TXN0008033,M010,C00643,2025-10-10 18:46:32,PRD_HOU_02,Household,2,320.0,560.0,UPI
TXN0005551,M046,C01007,2025-10-10 19:48:12,PRD_HOU_01,Household,1,1184.58,56.41,UPI
TXN0000372,M021,C01079,2025-10-10 19:56:39,PRD_NOT_02,Notebooks,1,260.5,12.4,UPI
TXN0006759,M042,C01232,2025-10-10 20:17:49,PRD_SNK_01,Snacks,1,209.66,9.98,UPI
TXN0006121,M004,C03005,2025-10-10 20:33:21,PRD_LAP_02,Laptops,1,6558.64,312.32,UPI
TXN0007229,M029,C00812,2025-10-10 21:04:45,PRD_ART_01,Art Supplies,2,320.0,525.4,CARD
TXN0006307,M021,C02793,2025-10-10 21:06:48,PRD_OFF_02,Office Supplies,1,337.88,16.09,UPI
TXN0003302,M004,C03125,2025-10-10 21:13:51,PRD_LAP_01,Laptops,1,1625.05,77.38,UPI
TXN0004835,M036,C02462,2025-10-10 21:19:37,PRD_DAI_02,Dairy,1,564.25,26.87,CARD
TXN0000445,M028,C02332,2025-10-11 08:26:59,PRD_CHG_01,Chargers,1,699.0,426.78,CARD
TXN0005183,M015,C00818,2025-10-11 15:21:13,PRD_BRD_02,Bread,2,183.41,17.47,UPI
TXN0001328,M045,C03166,2025-10-11 15:45:26,PRD_BEV_01,Beverages,1,502.53,23.93,UPI
TXN0009423,M036,C01304,2025-10-11 16:38:43,PRD_HOU_02,Household,1,421.69,20.08,UPI
TXN0003567,M031,C00740,2025-10-11 16:58:55,PRD_LAP_01,Laptops,2,4997.01,475.9,CASH
TXN0003253,M046,C01229,2025-10-11 17:56:33,PRD_SNK_02,Snacks,1,1389.13,66.15,UPI
TXN0006137,M006,C02514,2025-10-11 17:56:40,PRD_CHG_01,Chargers,1,699.0,210.66,CARD
TXN0001227,M043,C03223,2025-10-11 18:17:34,PRD_SNK_02,Snacks,1,1635.48,77.88,UPI
TXN0004602,M042,C00497,2025-10-11 19:25:28,PRD_CAK_01,Cakes,1,550.0,359.14,UPI
TXN0006543,M025,C00004,2025-10-11 19:25:58,PRD_PAS_02,Pastries,1,731.58,34.84,UPI
TXN0007193,M049,C00759,2025-10-11 19:34:04,PRD_DES_01,Desserts,1,248.04,11.81,CASH
TXN0001086,M039,C00321,2025-10-11 19:42:35,PRD_WEL_02,Wellness,1,3407.25,162.25,UPI
TXN0008653,M041,C01840,2025-10-11 19:47:32,PRD_MEA_01,Meals,1,974.61,46.41,UPI
TXN0005298,M040,C01688,2025-10-11 20:09:08,PRD_COF_02,Coffee,1,511.72,24.37,UPI
TXN0008883,M029,C03070,2025-10-11 20:53:11,PRD_ART_01,Art Supplies,1,320.0,45.17,WALLET
TXN0002736,M020,C03382,2025-10-11 21:11:36,PRD_ELE_02,Home Electronics,1,10375.67,494.08,WALLET
TXN0005753,M008,C01404,2025-10-11 21:38:19,PRD_SNK_01,Snacks,1,202.48,9.64,UPI
TXN0003193,M005,C01908,2025-10-11 22:07:03,PRD_MOB_02,Mobiles,1,11999.0,6603.75,UPI
TXN0006603,M014,C02014,2025-10-11 22:25:24,PRD_SNK_01,Snacks,2,154.02,14.66,UPI
TXN0001484,M021,C01120,2025-10-12 08:33:11,PRD_NOT_02,Notebooks,2,260.0,111.75,UPI
TXN0009268,M029,C00191,2025-10-12 09:51:08,PRD_ART_01,Art Supplies,1,320.0,59.16,UPI
TXN0004698,M034,C02662,2025-10-12 10:08:46,PRD_ART_02,Art Supplies,1,287.59,13.69,UPI
TXN0003019,M003,C00246,2025-10-12 10:41:22,PRD_DES_01,Desserts,1,306.75,14.61,UPI
TXN0007940,M047,C01979,2025-10-12 14:45:22,PRD_LAP_02,Laptops,1,10022.44,477.26,UPI
TXN0008698,M033,C01911,2025-10-12 16:49:43,PRD_HOU_01,Household,1,304.33,14.49,UPI
TXN0003965,M008,C02187,2025-10-12 17:27:33,PRD_DES_02,Desserts,1,255.27,12.16,CASH
TXN0009788,M046,C02705,2025-10-12 17:32:06,PRD_HOU_01,Household,1,1181.03,56.24,UPI
TXN0005329,M008,C01019,2025-10-12 17:53:38,PRD_COF_02,Coffee,1,318.59,15.17,UPI
TXN0003540,M012,C00797,2025-10-12 17:55:04,PRD_BEV_01,Beverages,1,569.84,27.14,CARD
TXN0004071,M027,C01075,2025-10-12 18:39:54,PRD_LAP_02,Laptops,1,9455.93,450.28,UPI
TXN0001292,M029,C00737,2025-10-12 18:41:05,PRD_WRI_01,Writing,2,197.94,18.85,UPI
TXN0000858,M038,C01481,2025-10-12 19:03:21,PRD_CAS_02,Cases,1,2886.27,137.44,UPI
TXN0005433,M016,C01039,2025-10-12 19:05:41,PRD_CAK_01,Cakes,2,550.0,915.72,UPI
TXN0008864,M002,C03146,2025-10-12 19:52:17,PRD_CAK_02,Cakes,1,450.0,328.88,UPI
TXN0004011,M001,C00002,2025-10-12 20:51:19,PRD_HOU_01,Household,2,241.58,23.01,UPI
TXN0005857,M028,C00761,2025-10-12 20:54:08,PRD_CHG_02,Chargers,2,999.0,1593.88,UPI
TXN0008855,M031,C00103,2025-10-12 21:07:12,PRD_LAP_01,Laptops,3,3270.7,467.23,UPI
TXN0006637,M030,C00096,2025-10-12 21:19:10,PRD_ACC_02,Accessories,2,2779.68,264.74,WALLET
TXN0003313,M016,C03304,2025-10-12 21:42:17,PRD_PAS_01,Pastries,1,895.68,42.65,CARD
TXN0009580,M015,C00409,2025-10-12 21:44:05,PRD_PAS_02,Pastries,1,282.75,13.46,UPI
TXN0003013,M003,C01591,2025-10-12 22:17:26,PRD_TEA_01,Tea,0,520.08,24.77,UPI
TXN0009325,M017,C01125,2025-10-12 22:31:39,PRD_NOT_02,Notebooks,1,260.0,119.24,UPI
TXN0000642,M009,C03433,2025-10-13 08:38:24,PRD_MED_01,Medicine,1,1366.44,65.07,UPI
TXN0002422,M049,C01621,2025-10-13 14:22:05,PRD_DES_02,Desserts,1,321.37,15.3,UPI
TXN0006070,M002,C00393,2025-10-13 15:09:23,PRD_PAS_01,Pastries,2,153.58,14.62,UPI
TXN0008372,M008,C01823,2025-10-13 15:48:18,PRD_TEA_02,Tea,1,210.0,105.87,UPI
TXN0002062,M042,C00190,2025-10-13 16:34:14,PRD_PAS_01,Pastries,1,552.2,26.3,UPI
TXN0009188,M013,C02295,2025-10-13 17:16:53,PRD_SNK_02,Snacks,1,258.52,12.31,UPI
TXN0009980,M033,C00549,2025-10-13 17:29:48,PRD_SNK_01,Snacks,1,280.33,13.35,CARD
TXN0005952,M032,C00762,2025-10-13 17:31:22,PRD_WEL_02,Wellness,1,1226.64,58.41,UPI
TXN0005726,M050,C02018,2025-10-13 17:41:57,PRD_SNK_01,Snacks,1,84.0,4.0,CARD
TXN0005105,M012,C02604,2025-10-13 17:42:00,PRD_BEV_02,Beverages,1,1223.42,58.26,UPI
TXN0007393,M035,C02742,2025-10-13 18:12:14,PRD_CHG_01,Chargers,1,1194.89,56.9,UPI
TXN0005700,M018,C00750,2025-10-13 18:42:20,PRD_DES_02,Desserts,1,501.18,23.87,UPI
TXN0007897,M013,C02749,2025-10-13 18:42:22,PRD_PAS_01,Pastries,1,500.98,23.86,UPI
TXN0001214,M045,C01594,2025-10-13 18:47:37,PRD_SNK_02,Snacks,1,670.17,31.91,UPI
TXN0002614,M036,C01993,2025-10-13 18:55:16,PRD_HOU_01,Household,1,302.3,14.4,UPI
TXN0007364,M008,C01009,2025-10-13 19:03:42,PRD_SNK_02,Snacks,1,308.09,14.67,UPI
TXN0004515,M011,C01128,2025-10-13 19:21:50,PRD_NOT_01,Notebooks,1,540.8,25.75,CARD
TXN0002085,M005,C02517,2025-10-13 19:46:38,PRD_MOB_02,Mobiles,2,11999.0,17011.24,UPI
TXN0006496,M042,C03154,2025-10-13 20:24:50,PRD_CAK_01,Cakes,2,550.0,239.5,UPI
TXN0001135,M050,C01894,2025-10-13 20:27:22,PRD_SNK_02,Snacks,1,746.85,35.56,UPI
TXN0001196,M026,C01169,2025-10-13 20:41:01,PRD_SNK_01,Snacks,1,233.36,11.11,UPI
TXN0008418,M016,C01575,2025-10-13 20:44:12,PRD_PAS_02,Pastries,1,764.54,36.41,UPI
TXN0005116,M006,C00837,2025-10-13 20:50:08,PRD_EAR_01,Earphones,2,1299.0,720.67,UPI
TXN0007397,M017,C01439,2025-10-13 22:17:19,PRD_ART_02,Art Supplies,1,945.0,45.0,CASH
TXN0002907,M003,C03317,2025-10-13 22:32:11,PRD_DES_01,Desserts,2,220.0,319.48,UPI
TXN0005376,M008,C00761,2025-10-13 22:32:30,PRD_COF_02,Coffee,1,280.0,192.32,CARD
TXN0002853,M036,C01721,2025-10-13 22:56:42,PRD_SNK_01,Snacks,1,982.52,46.79,UPI
TXN0003492,M018,C01818,2025-10-14 08:09:24,PRD_MEA_02,Meals,1,411.41,19.59,UPI
TXN0002225,M001,C02835,2025-10-14 08:39:30,PRD_BEV_01,Beverages,1,1494.87,71.18,UPI
TXN0005464,M026,C02684,2025-10-14 09:32:11,PRD_DES_02,Desserts,1,180.0,33.44,CASH
TXN0005845,M041,C02752,2025-10-14 10:45:33,PRD_MEA_01,Meals,1,274.98,13.09,UPI
TXN0000163,M018,C03473,2025-10-14 13:37:56,PRD_MEA_02,Meals,2,250.0,267.08,WALLET
TXN0001835,M031,C00735,2025-10-14 14:13:09,PRD_ACC_01,Accessories,1,6874.77,327.37,UPI
TXN0001377,M049,C00206,2025-10-14 14:18:44,PRD_DES_02,Desserts,1,193.12,9.2,CASH
TXN0003506,M005,C03397,2025-10-14 15:19:46,PRD_MOB_01,Mobiles,1,6499.0,1832.91,UPI
TXN0001769,M001,C02894,2025-10-14 15:54:08,PRD_DAI_02,Dairy,1,665.12,31.67,UPI
TXN0000427,M007,C02723,2025-10-14 17:37:25,PRD_HOU_01,Household,1,627.23,29.87,WALLET
TXN0008037,M029,C01617,2025-10-14 17:51:25,PRD_ART_02,Art Supplies,2,175.0,126.58,UPI
TXN0008199,M047,C02375,2025-10-14 18:07:20,PRD_ACC_01,Accessories,1,3007.68,143.22,CASH
TXN0009949,M041,C00837,2025-10-14 18:18:06,PRD_BEV_02,Beverages,3,525.0,75.0,UPI
TXN0004163,M010,C00707,2025-10-14 18:59:41,PRD_DAI_01,Dairy,2,457.35,43.55,UPI
TXN0009741,M021,C01654,2025-10-14 19:02:54,PRD_WRI_02,Writing,1,474.37,22.59,UPI
TXN0002696,M014,C00121,2025-10-14 19:14:57,PRD_BRD_01,Bread,1,1260.0,60.0,CARD
TXN0004052,M031,C02584,2025-10-14 19:20:46,PRD_LAP_02,Laptops,1,6802.46,323.93,UPI
TXN0009440,M033,C02614,2025-10-14 19:23:59,PRD_BEV_01,Beverages,2,276.59,26.34,UPI
TXN0000183,M033,C00044,2025-10-14 20:07:29,PRD_SNK_02,Snacks,1,269.46,12.83,UPI
TXN0000771,M045,C02019,2025-10-14 20:57:57,PRD_HOU_01,Household,1,1890.0,90.0,UPI
TXN0000248,M018,C01332,2025-10-14 21:03:48,PRD_MEA_02,Meals,1,313.92,14.95,UPI
TXN0001651,M027,C02335,2025-10-14 21:13:20,PRD_MOB_01,Mobiles,1,6775.92,322.66,UPI
TXN0008846,M045,C03303,2025-10-14 21:36:05,PRD_SNK_02,Snacks,1,1890.0,90.0,CASH
TXN0006669,M030,C02174,2025-10-14 22:16:57,PRD_LAP_01,Laptops,1,3244.03,154.48,CARD
TXN0007760,M003,C01497,2025-10-15 10:53:29,PRD_TEA_02,Tea,1,402.1,19.15,UPI
TXN0006430,M008,C03419,2025-10-15 13:31:27,PRD_COF_01,Coffee,1,481.58,22.93,UPI
TXN0002456,M002,C01055,2025-10-15 14:06:09,PRD_CAK_02,Cakes,1,450.0,279.07,UPI
TXN0005219,M030,C01774,2025-10-15 15:46:41,PRD_ACC_01,Accessories,1,10693.71,509.22,UPI
TXN0004387,M027,C00850,2025-10-15 16:28:13,PRD_MOB_02,Mobiles,1,11999.0,8128.72,UPI
TXN0000251,M007,C02408,2025-10-15 16:34:52,PRD_HOU_01,Household,1,1085.17,51.67,UPI
TXN0002459,M009,C00915,2025-10-15 16:48:33,PRD_PER_02,Personal Care,1,1295.47,61.69,UPI
TXN0001754,M029,C02339,2025-10-15 16:58:47,PRD_WRI_01,Writing,2,206.25,19.65,UPI
TXN0008249,M019,C02427,2025-10-15 17:02:25,PRD_EAR_02,Earphones,1,694.26,33.06,UPI
TXN0004346,M046,C00909,2025-10-15 17:04:36,PRD_HOU_01,Household,1,611.44,29.12,WALLET
TXN0003159,M005,C02633,2025-10-15 17:55:38,PRD_MOB_02,Mobiles,1,11999.0,7069.98,CARD
TXN0001741,M044,C01792,2025-10-15 18:00:42,PRD_ACC_01,Accessories,1,5250.0,250.0,UPI
TXN0006390,M007,C01349,2025-10-15 18:20:30,PRD_STA_02,Staples,1,1890.0,90.0,UPI
TXN0007747,M002,C01983,2025-10-15 18:35:10,PRD_BRD_01,Bread,1,595.52,28.36,UPI
TXN0008733,M049,C00403,2025-10-15 18:39:22,PRD_DES_02,Desserts,1,347.93,16.57,UPI
TXN0004065,M026,C00299,2025-10-15 18:46:04,PRD_COF_01,Coffee,1,840.0,40.0,UPI
TXN0004312,M043,C01726,2025-10-15 19:12:34,PRD_SNK_02,Snacks,2,225.0,29.77,CASH
TXN0001987,M028,C02491,2025-10-15 19:19:18,PRD_CAB_01,Cables,1,506.64,24.13,UPI
TXN0009548,M047,C01361,2025-10-15 19:39:00,PRD_MOB_02,Mobiles,1,11999.0,11166.57,UPI
TXN0008027,M027,C00250,2025-10-15 22:19:13,PRD_MOB_01,Mobiles,1,6499.0,3218.8,UPI
TXN0008259,M016,C03459,2025-10-16 08:18:34,PRD_PAS_02,Pastries,1,490.02,23.33,UPI
TXN0006101,M005,C02994,2025-10-16 10:40:55,PRD_LAP_01,Laptops,1,7308.3,348.01,UPI
TXN0004579,M018,C01795,2025-10-16 10:48:18,PRD_DES_02,Desserts,1,1499.32,71.4,UPI
TXN0009061,M050,C01311,2025-10-16 11:02:35,PRD_PAS_01,Pastries,2,161.64,15.4,UPI
TXN0004105,M013,C03453,2025-10-16 11:10:36,PRD_PAS_02,Pastries,1,445.2,21.2,CARD
TXN0006207,M049,C01289,2025-10-16 11:51:06,PRD_COF_01,Coffee,1,380.0,288.33,WALLET
TXN0004891,M015,C02618,2025-10-16 15:26:14,PRD_SNK_02,Snacks,1,249.41,11.88,UPI
TXN0008005,M021,C00151,2025-10-16 16:29:40,PRD_NOT_01,Notebooks,1,254.4,12.11,UPI
TXN0001414,M042,C00448,2025-10-16 17:42:29,PRD_PAS_02,Pastries,2,110.0,26.72,CASH
TXN0000056,M046,C00120,2025-10-16 18:28:52,PRD_SNK_01,Snacks,1,1341.09,63.86,CASH
TXN0001279,M016,C02041,2025-10-16 18:30:20,PRD_CAK_02,Cakes,1,1023.36,48.73,UPI
TXN0005448,M026,C00451,2025-10-16 18:55:01,PRD_COF_01,Coffee,1,592.96,28.24,UPI
TXN0003133,M016,C01624,2025-10-16 18:55:49,PRD_PAS_02,Pastries,4,315.0,60.0,UPI
TXN0007945,M050,C00665,2025-10-16 19:06:43,PRD_BRD_01,Bread,1,279.29,13.3,CARD
TXN0003887,M008,C01107,2025-10-16 19:17:28,PRD_TEA_02,Tea,3,210.0,253.75,WALLET
TXN0002406,M031,C03246,2025-10-16 19:28:22,PRD_MOB_01,Mobiles,1,11448.38,545.16,UPI
TXN0003898,M016,C00436,2025-10-16 19:46:28,PRD_SNK_02,Snacks,2,225.0,25.32,CARD
TXN0007089,M031,C00550,2025-10-16 20:00:14,PRD_ELE_01,Home Electronics,1,6622.48,315.36,UPI
TXN0009331,M006,C02438,2025-10-16 20:00:33,PRD_CHG_02,Chargers,1,1102.9,52.52,UPI
TXN0001251,M004,C01605,2025-10-16 20:36:12,PRD_ACC_01,Accessories,1,3496.57,166.5,UPI
TXN0009353,M039,C00362,2025-10-16 20:37:07,PRD_BABY_02,Baby Care,1,358.59,17.08,UPI
TXN0005523,M004,C01160,2025-10-16 20:44:33,PRD_ELE_01,Home Electronics,1,11202.39,533.45,CARD
TXN0007414,M006,C01175,2025-10-16 20:50:31,PRD_CHG_02,Chargers,1,1319.0,62.81,UPI
TXN0001940,M021,C02981,2025-10-16 21:46:31,PRD_ART_01,Art Supplies,2,320.0,550.61,CASH
TXN0000439,M032,C03101,2025-10-16 21:47:02,PRD_WEL_02,Wellness,1,501.38,23.88,UPI
TXN0000120,M031,C00917,2025-10-16 21:50:10,PRD_ACC_01,Accessories,1,13242.24,630.58,CARD
TXN0002571,M008,C02668,2025-10-16 21:54:06,PRD_TEA_02,Tea,1,210.0,97.7,UPI
TXN0008786,M018,C02331,2025-10-16 22:00:57,PRD_MEA_01,Meals,1,-50.0,75.0,UPI
TXN0009392,M046,C00300,2025-10-16 22:07:28,PRD_HOU_02,Household,2,320.0,579.63,UPI
TXN0001019,M042,C00447,2025-10-16 22:08:35,PRD_CAK_01,Cakes,1,1149.99,54.76,UPI
TXN0006932,M044,C00149,2025-10-16 22:31:45,PRD_KID_02,Kids,1,774.15,36.86,UPI
TXN0006561,M017,C00396,2025-10-16 22:43:08,PRD_WRI_01,Writing,4,236.25,45.0,WALLET
TXN0009983,M048,C00585,2025-10-16 22:59:11,PRD_CAS_02,Cases,2,1017.34,96.89,CASH
TXN0007023,M039,C01282,2025-10-17 08:36:26,PRD_MED_01,Medicine,1,565.2,26.91,CARD
TXN0001871,M039,C00981,2025-10-17 08:40:46,PRD_WEL_02,Wellness,2,280.0,232.47,UPI
TXN0003411,M041,C01347,2025-10-17 10:38:51,PRD_BEV_01,Beverages,1,862.38,41.07,UPI
TXN0009501,M036,C01500,2025-10-17 12:36:13,PRD_BEV_02,Beverages,4,135.47,25.79,UPI
TXN0001411,M025,C02991,2025-10-17 13:01:47,PRD_PAS_01,Pastries,1,496.93,23.66,UPI
TXN0006268,M016,C01148,2025-10-17 13:15:18,PRD_BRD_02,Bread,1,328.67,15.65,UPI
TXN0003312,M016,C02939,2025-10-17 14:21:26,PRD_BRD_01,Bread,1,337.34,16.06,CASH
TXN0009209,M031,C02549,2025-10-17 14:44:14,PRD_MOB_02,Mobiles,2,11999.0,13275.69,UPI
TXN0000981,M039,C01931,2025-10-17 15:15:24,PRD_MED_01,Medicine,1,744.41,35.45,UPI
TXN0009014,M016,C00786,2025-10-17 15:22:46,PRD_SNK_02,Snacks,1,285.66,13.6,UPI
TXN0009182,M044,C01815,2025-10-17 15:24:21,PRD_ACC_01,Accessories,1,3753.52,178.74,UPI
TXN0008982,M010,C03439,2025-10-17 15:39:00,PRD_STA_02,Staples,1,523.1,24.91,CARD
TXN0006643,M025,C01552,2025-10-17 16:21:42,PRD_SNK_01,Snacks,1,489.31,23.3,WALLET
TXN0000244,M016,C01708,2025-10-17 16:46:43,PRD_CAK_02,Cakes,2,450.0,486.33,UPI
TXN0004762,M005,C02831,2025-10-17 16:55:14,PRD_MOB_01,Mobiles,1,8047.86,383.23,WALLET
TXN0003200,M031,C01854,2025-10-17 17:22:26,PRD_ACC_02,Accessories,1,4027.43,191.78,CARD
TXN0004288,M038,C00158,2025-10-17 17:55:31,PRD_CAB_01,Cables,1,985.58,46.93,UPI
TXN0003717,M033,C00321,2025-10-17 17:59:28,PRD_SNK_02,Snacks,1,1378.69,65.65,UPI
TXN0003785,M042,C01485,2025-10-17 18:25:06,PRD_CAK_01,Cakes,1,552.9,26.33,CASH
TXN0003873,M023,C01052,2025-10-17 18:25:36,PRD_DES_02,Desserts,2,601.85,57.31,UPI
TXN0008620,M029,C02732,2025-10-17 18:30:18,PRD_OFF_01,Office Supplies,1,175.0,97.85,UPI
TXN0008679,M010,C00713,2025-10-17 18:30:45,PRD_SNK_02,Snacks,2,225.0,83.6,UPI
TXN0007000,M015,C00171,2025-10-17 18:32:15,PRD_PAS_01,Pastries,1,277.55,13.22,CASH
TXN0000030,M005,C02373,2025-10-17 18:48:39,PRD_ACC_02,Accessories,2,3493.75,332.74,UPI
TXN0004883,M033,C02662,2025-10-17 18:58:47,PRD_STA_01,Staples,2,540.0,603.13,CARD
TXN0000189,M018,C00861,2025-10-17 19:02:13,PRD_SNK_02,Snacks,1,225.0,49.97,CASH
TXN0002435,M002,C02741,2025-10-17 19:04:19,PRD_SNK_01,Snacks,1,166.1,7.91,UPI
TXN0000648,M030,C01296,2025-10-17 19:16:44,PRD_LAP_02,Laptops,2,7149.62,680.92,CARD
TXN0006787,M031,C01114,2025-10-17 19:38:27,PRD_MOB_01,Mobiles,1,7627.75,363.23,UPI
TXN0002373,M010,C00336,2025-10-17 20:21:19,PRD_BEV_02,Beverages,1,548.24,26.11,UPI
TXN0007850,M040,C00043,2025-10-17 21:39:27,PRD_SNK_01,Snacks,1,192.11,9.15,WALLET
TXN0000308,M036,C01771,2025-10-17 21:55:18,PRD_BEV_02,Beverages,1,149.32,7.11,CARD
TXN0007435,M046,C03360,2025-10-17 22:10:13,PRD_ESS_01,Daily Essentials,1,1655.98,78.86,UPI
TXN0003388,M050,C03005,2025-10-17 22:13:45,PRD_BRD_02,Bread,1,185.58,8.84,UPI
TXN0003671,M033,C01462,2025-10-17 22:20:46,PRD_DAI_01,Dairy,2,384.87,36.66,UPI
TXN0002288,M020,C00763,2025-10-18 08:50:11,PRD_MOB_02,Mobiles,1,11999.0,6738.1,CASH
TXN0005416,M049,C01519,2025-10-18 09:53:27,PRD_DES_01,Desserts,1,306.94,14.62,UPI
TXN0000118,M011,C03375,2025-10-18 11:17:37,PRD_NOT_02,Notebooks,1,455.01,21.67,CARD
TXN0007344,M040,C02095,2025-10-18 12:31:03,PRD_DES_01,Desserts,1,319.03,15.19,WALLET
TXN0008749,M039,C01197,2025-10-18 15:03:06,PRD_BABY_02,Baby Care,1,1178.24,56.11,UPI
TXN0008708,M004,C03016,2025-10-18 15:11:36,PRD_LAP_01,Laptops,4,899.0,1309.29,UPI
TXN0002814,M012,C00365,2025-10-18 17:18:41,PRD_HOU_02,Household,1,1162.83,55.37,UPI
TXN0006023,M016,C02517,2025-10-18 17:20:07,PRD_CAK_01,Cakes,1,550.0,423.46,UPI
TXN0008520,M016,C01881,2025-10-18 18:24:52,PRD_BRD_02,Bread,1,281.65,13.41,UPI
TXN0006905,M046,C01626,2025-10-18 18:54:29,PRD_ESS_01,Daily Essentials,1,309.88,14.76,UPI
TXN0003697,M032,C02363,2025-10-18 19:05:14,PRD_BABY_02,Baby Care,2,160.0,86.45,UPI
TXN0002046,M020,C00407,2025-10-18 19:06:27,PRD_ACC_01,Accessories,1,6004.72,285.94,UPI
TXN0005346,M032,C01878,2025-10-18 19:07:43,PRD_MED_02,Medicine,1,641.87,30.57,CARD
TXN0003191,M003,C00596,2025-10-18 19:12:16,PRD_TEA_01,Tea,1,433.07,20.62,CARD
TXN0000595,M049,C01364,2025-10-18 19:20:09,PRD_SNK_02,Snacks,1,268.14,12.77,UPI
TXN0003508,M031,C02687,2025-10-18 19:21:02,PRD_MOB_01,Mobiles,4,6499.0,15877.2,UPI
TXN0007035,M008,C01864,2025-10-18 19:24:29,PRD_SNK_02,Snacks,1,924.0,44.0,WALLET
TXN0002297,M009,C01032,2025-10-18 19:27:43,PRD_WEL_01,Wellness,1,640.48,30.5,UPI
TXN0008168,M023,C01437,2025-10-18 20:41:06,PRD_BEV_02,Beverages,1,602.51,28.69,CARD
TXN0002834,M013,C01954,2025-10-18 20:52:22,PRD_SNK_01,Snacks,1,1213.81,57.8,CARD
TXN0009888,M002,C01045,2025-10-18 21:09:04,PRD_PAS_02,Pastries,1,1068.88,50.9,UPI
TXN0009430,M007,C03389,2025-10-18 22:09:22,PRD_BEV_01,Beverages,2,110.0,37.1,UPI
TXN0003393,M008,C00087,2025-10-18 22:20:38,PRD_DES_02,Desserts,1,217.51,10.36,UPI
TXN0002681,M012,C02863,2025-10-18 22:24:33,PRD_BEV_01,Beverages,1,1237.88,58.95,CARD
TXN0005047,M032,C02747,2025-10-18 22:31:29,PRD_MED_02,Medicine,1,524.48,24.98,UPI
TXN0001944,M013,C00631,2025-10-19 08:50:43,PRD_BRD_01,Bread,1,334.31,15.92,UPI
TXN0006703,M044,C00567,2025-10-19 08:57:12,PRD_MEN_02,Men,2,1199.0,1416.41,WALLET
TXN0004260,M044,C02543,2025-10-19 09:14:28,PRD_MEN_01,Men,1,2875.29,136.92,CASH
TXN0006696,M034,C01547,2025-10-19 09:59:36,PRD_ART_02,Art Supplies,1,253.26,12.06,UPI
TXN0005976,M029,C02266,2025-10-19 11:01:44,PRD_ART_01,Art Supplies,1,473.99,22.57,UPI
TXN0003075,M047,C00921,2025-10-19 11:45:48,PRD_ACC_02,Accessories,1,3697.2,176.06,UPI
TXN0001881,M046,C02271,2025-10-19 14:13:56,PRD_HOU_01,Household,1,759.47,36.17,UPI
TXN0009657,M027,C02889,2025-10-19 15:01:26,PRD_LAP_02,Laptops,1,10586.13,504.1,UPI
TXN0008058,M026,C00723,2025-10-19 16:18:05,PRD_DES_01,Desserts,1,220.0,133.63,UPI
TXN0007615,M021,C02636,2025-10-19 16:47:21,PRD_WRI_02,Writing,1,1039.5,49.5,UPI
TXN0003202,M020,C01883,2025-10-19 17:21:35,PRD_LAP_01,Laptops,1,7818.06,372.29,UPI
TXN0004472,M021,C03450,2025-10-19 17:42:21,PRD_OFF_02,Office Supplies,1,389.36,18.54,UPI
TXN0001486,M013,C01682,2025-10-19 17:53:20,PRD_BRD_01,Bread,1,1386.0,66.0,UPI
TXN0008571,M026,C01518,2025-10-19 18:11:05,PRD_SNK_02,Snacks,1,225.0,107.84,CASH
TXN0001503,M009,C02328,2025-10-19 18:11:47,PRD_BABY_01,Baby Care,1,801.48,38.17,CARD
TXN0004553,M006,C02665,2025-10-19 18:39:49,PRD_CAB_02,Cables,1,3465.0,165.0,CASH
TXN0004289,M007,C00293,2025-10-19 18:58:45,PRD_STA_01,Staples,1,861.98,41.05,UPI
TXN0009629,M001,C01887,2025-10-19 19:04:22,PRD_SNK_02,Snacks,1,1977.31,94.16,UPI
TXN0008530,M017,C01818,2025-10-19 19:11:09,PRD_OFF_01,Office Supplies,1,299.37,14.26,UPI
TXN0002262,M050,C00920,2025-10-19 19:13:29,PRD_SNK_02,Snacks,1,792.5,37.74,UPI
TXN0004817,M003,C02440,2025-10-19 19:25:37,PRD_DES_01,Desserts,1,220.0,43.46,UPI
TXN0000149,M030,C00353,2025-10-19 19:41:10,PRD_ELE_02,Home Electronics,1,12242.9,583.0,UPI
TXN0000754,M031,C00721,2025-10-19 19:50:39,PRD_ACC_01,Accessories,1,5273.32,251.11,UPI
TXN0005302,M048,C02726,2025-10-19 20:51:30,PRD_CAS_02,Cases,1,3465.0,165.0,UPI
TXN0002638,M005,C00797,2025-10-19 21:05:11,PRD_LAP_01,Laptops,1,17325.0,825.0,WALLET
TXN0007151,M039,C02209,2025-10-19 21:19:25,PRD_MED_02,Medicine,1,766.75,36.51,WALLET
TXN0000714,M020,C00930,2025-10-19 22:02:46,PRD_ELE_01,Home Electronics,1,5223.53,248.74,WALLET
TXN0003774,M006,C01401,2025-10-19 22:06:57,PRD_EAR_02,Earphones,1,1108.86,52.8,CARD
TXN0006954,M006,C03290,2025-10-19 22:44:31,PRD_CHG_01,Chargers,1,2272.44,108.21,UPI
TXN0006245,M036,C03109,2025-10-19 22:48:11,PRD_SNK_02,Snacks,1,225.0,104.71,UPI
TXN0002269,M001,C01158,2025-10-20 08:19:15,PRD_BEV_01,Beverages,1,1285.48,61.21,UPI
TXN0003782,M042,C02812,2025-10-20 09:19:28,PRD_BRD_02,Bread,1,537.97,25.62,UPI
TXN0008854,M036,C02151,2025-10-20 13:01:15,PRD_SNK_01,Snacks,1,399.75,19.04,CARD
TXN0007269,M038,C01672,2025-10-20 13:16:47,PRD_CHG_02,Chargers,1,1187.56,56.55,UPI
TXN0009199,M035,C00754,2025-10-20 13:20:47,PRD_CHG_01,Chargers,1,699.0,1199.0,UPI
TXN0000544,M015,C00824,2025-10-20 15:23:28,PRD_CAK_02,Cakes,2,450.0,605.9,UPI
TXN0002819,M008,C00506,2025-10-20 15:36:34,PRD_SNK_01,Snacks,2,374.03,35.63,UPI
TXN0009084,M012,C00456,2025-10-20 15:53:20,PRD_SNK_02,Snacks,1,225.0,19.1,UPI
TXN0009676,M003,C02998,2025-10-20 16:18:38,PRD_COF_01,Coffee,1,840.0,40.0,CARD
TXN0009826,M001,C02774,2025-10-20 16:29:43,PRD_DAI_02,Dairy,1,485.02,23.1,UPI
TXN0000631,M011,C00702,2025-10-20 16:46:37,PRD_ART_01,Art Supplies,1,440.66,20.98,UPI
TXN0002143,M026,C03251,2025-10-20 16:56:19,PRD_SNK_02,Snacks,2,225.0,164.16,UPI
TXN0000497,M026,C02174,2025-10-20 17:08:43,PRD_DES_01,Desserts,1,840.0,40.0,UPI
TXN0004174,M028,C02899,2025-10-20 17:25:13,PRD_EAR_02,Earphones,1,828.31,39.44,UPI
TXN0002216,M008,C01938,2025-10-20 18:32:53,PRD_SNK_01,Snacks,1,358.89,17.09,WALLET
TXN0002700,M050,C00104,2025-10-20 18:33:05,PRD_CAK_02,Cakes,2,450.0,820.0,UPI
TXN0007560,M001,C00101,2025-10-20 18:40:42,PRD_BEV_01,Beverages,1,1497.78,71.32,UPI
TXN0002794,M002,C01286,2025-10-20 18:43:45,PRD_PAS_02,Pastries,1,951.34,45.3,UPI
TXN0002575,M045,C01650,2025-10-20 18:54:42,PRD_BEV_01,Beverages,1,420.64,20.03,CARD
TXN0004538,M023,C01288,2025-10-20 18:59:38,PRD_DES_02,Desserts,1,533.9,25.42,UPI
TXN0001446,M020,C00635,2025-10-20 19:48:21,PRD_MOB_01,Mobiles,1,6499.0,1093.79,CASH
TXN0002452,M036,C02850,2025-10-20 20:06:02,PRD_BEV_02,Beverages,1,936.33,44.59,CARD
TXN0006201,M009,C00069,2025-10-20 20:11:51,PRD_PER_01,Personal Care,1,865.12,41.2,UPI
TXN0000907,M037,C02702,2025-10-20 20:15:41,PRD_CHG_02,Chargers,2,1156.71,110.17,WALLET
TXN0009327,M013,C03220,2025-10-20 20:25:53,PRD_BRD_01,Bread,2,139.19,13.26,UPI
TXN0003838,M036,C03378,2025-10-20 20:27:55,PRD_BEV_02,Beverages,1,1015.41,48.35,UPI
TXN0006672,M039,C03091,2025-10-20 20:29:31,PRD_WEL_01,Wellness,1,850.88,40.52,CASH
TXN0003174,M025,C01697,2025-10-20 20:48:15,PRD_CAK_02,Cakes,1,450.0,209.85,UPI
TXN0004037,M014,C00989,2025-10-20 20:55:44,PRD_CAK_01,Cakes,1,550.0,124.8,UPI
TXN0006475,M019,C00364,2025-10-20 21:16:25,PRD_EAR_02,Earphones,1,3150.0,150.0,UPI
TXN0002666,M043,C03009,2025-10-20 21:31:58,PRD_BRD_01,Bread,3,196.1,28.0,UPI
TXN0000489,M050,C03130,2025-10-21 09:14:02,PRD_SNK_02,Snacks,4,225.0,260.08,UPI
TXN0000413,M008,C00557,2025-10-21 09:28:18,PRD_DES_01,Desserts,1,220.0,53.32,UPI
TXN0007862,M048,C02811,2025-10-21 10:24:14,PRD_CAB_02,Cables,1,1909.19,90.91,WALLET
TXN0007073,M046,C03068,2025-10-21 12:17:14,PRD_SNK_01,Snacks,1,1999.01,95.19,UPI
TXN0005688,M035,C00542,2025-10-21 14:20:40,PRD_CHG_02,Chargers,1,1812.5,86.31,UPI
TXN0005944,M015,C01239,2025-10-21 14:31:41,PRD_BRD_01,Bread,1,248.67,11.84,UPI
TXN0006893,M002,C00990,2025-10-21 15:24:43,PRD_BRD_02,Bread,1,1145.04,54.53,UPI
TXN0006855,M036,C00456,2025-10-21 15:33:04,PRD_DAI_01,Dairy,1,290.17,13.82,UPI
TXN0009626,M049,C00977,2025-10-21 15:35:23,PRD_COF_02,Coffee,1,280.0,84.18,UPI
TXN0006103,M016,C02689,2025-10-21 16:58:20,PRD_SNK_01,Snacks,1,171.92,8.19,CARD
TXN0008253,M043,C01139,2025-10-21 17:16:40,PRD_SNK_02,Snacks,1,430.02,20.48,CARD
TXN0008132,M039,C01916,2025-10-21 17:17:03,PRD_WEL_01,Wellness,1,2625.0,125.0,UPI
TXN0007925,M036,C00917,2025-10-21 17:19:50,PRD_BEV_02,Beverages,2,551.17,52.5,CASH
TXN0000046,M015,C02116,2025-10-21 17:27:24,PRD_SNK_01,Snacks,4,45.0,94.29,UPI
TXN0007640,M032,C02305,2025-10-21 17:35:40,PRD_PER_02,Personal Care,1,1108.23,52.77,UPI
TXN0004611,M038,C02238,2025-10-21 18:00:07,PRD_CHG_01,Chargers,2,699.0,1008.12,CARD
TXN0006071,M020,C03423,2025-10-21 18:05:20,PRD_ELE_02,Home Electronics,4,1099.0,2370.61,UPI
TXN0002446,M001,C02689,2025-10-21 18:11:24,PRD_BEV_01,Beverages,1,1442.19,68.68,CASH
TXN0003339,M015,C01235,2025-10-21 18:18:48,PRD_SNK_02,Snacks,1,228.24,10.87,UPI
TXN0003450,M016,C02854,2025-10-21 18:20:33,PRD_CAK_01,Cakes,1,984.14,46.86,CARD
TXN0000169,M005,C01029,2025-10-21 18:25:00,PRD_LAP_02,Laptops,1,4171.94,198.66,UPI
TXN0009352,M029,C03011,2025-10-21 18:25:54,PRD_NOT_01,Notebooks,1,390.2,18.58,UPI
TXN0008049,M028,C01994,2025-10-21 18:49:49,PRD_CHG_02,Chargers,1,2154.56,102.6,UPI
TXN0000371,M029,C01630,2025-10-21 19:02:30,PRD_NOT_01,Notebooks,1,160.0,88.64,UPI
TXN0007039,M041,C00131,2025-10-21 19:03:18,PRD_MEA_02,Meals,1,754.48,35.93,CASH
TXN0008232,M035,C03257,2025-10-21 19:05:21,PRD_CHG_01,Chargers,1,886.92,42.23,CARD
TXN0008449,M019,C02614,2025-10-21 19:45:29,PRD_CAB_02,Cables,2,1575.0,150.0,UPI
TXN0007893,M036,C03033,2025-10-21 19:48:32,PRD_DAI_01,Dairy,1,1162.9,55.38,WALLET
TXN0006093,M036,C02806,2025-10-21 20:16:25,PRD_DAI_02,Dairy,1,803.33,38.25,CASH
TXN0004042,M001,C00923,2025-10-21 20:22:57,PRD_SNK_01,Snacks,1,269.38,12.83,UPI
TXN0002277,M041,C01598,2025-10-21 20:29:18,PRD_SNK_02,Snacks,1,934.87,44.52,UPI
TXN0005101,M021,C02985,2025-10-21 20:45:24,PRD_NOT_01,Notebooks,1,276.64,13.17,CARD
TXN0001351,M026,C03150,2025-10-21 20:54:14,PRD_TEA_02,Tea,1,488.7,23.27,UPI
TXN0003871,M001,C00083,2025-10-21 21:20:01,PRD_DAI_01,Dairy,1,1890.0,90.0,CASH
TXN0002509,M032,C00643,2025-10-21 21:30:54,PRD_MED_02,Medicine,1,1283.81,61.13,WALLET
TXN0002633,M036,C02801,2025-10-21 21:40:22,PRD_SNK_01,Snacks,2,342.11,32.58,UPI
TXN0004613,M003,C02402,2025-10-21 22:28:40,PRD_DES_02,Desserts,1,180.0,55.61,UPI
TXN0003744,M031,C03342,2025-10-22 11:39:26,PRD_MOB_01,Mobiles,1,6499.0,4255.29,UPI
TXN0006438,M006,C02476,2025-10-22 11:44:42,PRD_EAR_02,Earphones,1,544.83,25.94,UPI
TXN0001530,M048,C02540,2025-10-22 11:49:14,PRD_CAS_01,Cases,1,803.0,38.24,UPI
TXN0004924,M008,C02087,2025-10-22 12:09:54,PRD_SNK_02,Snacks,1,231.6,11.03,UPI
TXN0007150,M036,C02180,2025-10-22 15:07:36,PRD_DAI_01,Dairy,1,323.32,15.4,UPI
TXN0004095,M035,C02689,2025-10-22 16:19:43,PRD_CHG_02,Chargers,1,1210.25,57.63,UPI
TXN0003778,M036,C00973,2025-10-22 16:40:02,PRD_STA_01,Staples,1,540.0,145.34,UPI
TXN0000333,M023,C00420,2025-10-22 17:10:42,PRD_BEV_02,Beverages,2,103.81,9.89,UPI
TXN0000188,M011,C00585,2025-10-22 17:14:03,PRD_WRI_01,Writing,1,771.44,36.74,UPI
TXN0004197,M029,C00388,2025-10-22 17:19:34,PRD_ART_02,Art Supplies,1,277.43,13.21,UPI
TXN0008701,M045,C00168,2025-10-22 18:09:57,PRD_DAI_01,Dairy,2,112.14,10.68,UPI
TXN0002816,M050,C01475,2025-10-22 18:20:34,PRD_PAS_02,Pastries,1,445.46,21.21,UPI
TXN0009544,M046,C01984,2025-10-22 18:27:42,PRD_SNK_01,Snacks,2,423.71,40.35,CARD
TXN0005633,M026,C00141,2025-10-22 18:28:01,PRD_SNK_02,Snacks,1,484.43,23.07,UPI
TXN0006856,M049,C02766,2025-10-22 18:45:10,PRD_DES_01,Desserts,2,495.6,47.2,WALLET
TXN0001358,M030,C01676,2025-10-22 18:53:15,PRD_ELE_02,Home Electronics,1,3192.68,152.03,UPI
TXN0000845,M010,C00467,2025-10-22 19:14:31,PRD_STA_01,Staples,1,540.0,322.64,CASH
TXN0009263,M042,C02292,2025-10-22 19:40:53,PRD_BRD_02,Bread,1,438.63,20.89,CARD
TXN0005606,M014,C00643,2025-10-22 20:14:39,PRD_SNK_01,Snacks,1,172.91,8.23,UPI
TXN0007724,M010,C02793,2025-10-22 20:41:17,PRD_DAI_02,Dairy,1,696.7,33.18,UPI
TXN0000340,M029,C03370,2025-10-22 20:45:59,PRD_WRI_01,Writing,2,206.04,19.63,UPI
TXN0001853,M048,C01519,2025-10-22 20:46:36,PRD_CAB_02,Cables,1,2219.8,105.7,UPI
TXN0008995,M044,C00475,2025-10-22 20:55:12,PRD_WOM_01,Women,1,2827.98,134.67,UPI
TXN0005888,M001,C02508,2025-10-22 21:37:57,PRD_HOU_02,Household,1,527.84,25.14,CARD
TXN0009269,M010,C01990,2025-10-22 22:40:57,PRD_BEV_01,Beverages,1,466.91,22.23,CASH
TXN0008413,M048,C03139,2025-10-23 08:43:29,PRD_EAR_02,Earphones,1,872.94,41.57,UPI
TXN0001006,M050,C02189,2025-10-23 08:47:57,PRD_BRD_01,Bread,2,83.27,7.93,UPI
TXN0000208,M036,C01403,2025-10-23 08:51:55,PRD_HOU_02,Household,1,780.41,37.16,UPI
TXN0007982,M013,C00804,2025-10-23 08:53:21,PRD_SNK_01,Snacks,1,157.94,7.52,CARD
TXN0002667,M003,C02353,2025-10-23 09:11:11,PRD_TEA_02,Tea,1,840.0,40.0,CASH
TXN0007164,M029,C01370,2025-10-23 09:48:05,PRD_OFF_01,Office Supplies,1,365.53,17.41,UPI
TXN0005521,M011,C00066,2025-10-23 10:38:06,PRD_WRI_02,Writing,1,436.72,20.8,UPI
TXN0001969,M010,C01744,2025-10-23 11:03:17,PRD_STA_01,Staples,1,1304.14,62.1,UPI
TXN0005919,M050,C03358,2025-10-23 13:34:20,PRD_PAS_02,Pastries,1,448.19,21.34,UPI
TXN0006436,M023,C00148,2025-10-23 15:27:03,PRD_SNK_01,Snacks,4,168.92,32.18,CARD
TXN0004743,M012,C01739,2025-10-23 15:50:40,PRD_HOU_02,Household,1,912.74,43.46,UPI
TXN0002280,M042,C01710,2025-10-23 16:22:15,PRD_BRD_01,Bread,1,877.4,41.78,UPI
TXN0009837,M022,C02828,2025-10-23 17:07:23,PRD_ACC_02,Accessories,1,4974.06,236.86,WALLET
TXN0002029,M041,C02759,2025-10-23 17:09:49,PRD_SNK_01,Snacks,2,315.43,30.05,CASH
TXN0006650,M027,C01595,2025-10-23 17:36:11,PRD_ACC_02,Accessories,1,2215.83,105.52,CARD
TXN0000784,M013,C02788,2025-10-23 17:52:30,PRD_SNK_01,Snacks,3,312.32,44.63,UPI
TXN0006171,M041,C02334,2025-10-23 19:11:33,PRD_MEA_02,Meals,1,358.86,17.09,CASH
TXN0006894,M002,C02453,2025-10-23 20:00:58,PRD_SNK_01,Snacks,2,248.5,23.67,WALLET
TXN0005692,M015,C02961,2025-10-23 20:10:41,PRD_BRD_02,Bread,1,417.24,19.87,UPI
TXN0005851,M011,C03017,2025-10-23 20:13:40,PRD_WRI_01,Writing,1,95.52,4.55,UPI
TXN0004511,M003,C01971,2025-10-23 20:36:06,PRD_DES_02,Desserts,1,216.15,10.29,CASH
TXN0008341,M026,C01499,2025-10-23 20:42:11,PRD_SNK_01,Snacks,1,353.66,16.84,UPI
TXN0002212,M045,C03089,2025-10-23 21:12:08,PRD_STA_02,Staples,1,889.23,42.34,UPI
TXN0008420,M017,C01026,2025-10-23 21:32:55,PRD_ART_01,Art Supplies,3,320.0,717.48,WALLET
TXN0009409,M026,C03186,2025-10-23 21:44:57,PRD_DES_02,Desserts,4,180.0,595.31,UPI
TXN0002300,M046,C01322,2025-10-23 21:49:56,PRD_HOU_01,Household,1,248.61,11.84,UPI
TXN0000932,M046,C03353,2025-10-23 21:51:21,PRD_BEV_02,Beverages,1,897.24,42.73,CASH
TXN0004175,M035,C00435,2025-10-23 21:58:43,PRD_EAR_01,Earphones,1,2576.76,122.7,UPI
TXN0002500,M029,C00796,2025-10-23 22:45:16,PRD_OFF_02,Office Supplies,1,465.11,22.15,UPI
TXN0007584,M018,C01756,2025-10-24 10:02:17,PRD_MEA_01,Meals,1,551.54,26.26,UPI
TXN0009432,M018,C00190,2025-10-24 12:05:52,PRD_SNK_02,Snacks,1,1161.21,55.3,UPI
TXN0005151,M039,C02010,2025-10-24 12:32:45,PRD_PER_01,Personal Care,1,438.04,20.86,WALLET
TXN0000521,M044,C00777,2025-10-24 13:34:06,PRD_MEN_02,Men,1,2008.9,95.66,UPI
TXN0005925,M026,C00753,2025-10-24 14:04:11,PRD_DES_01,Desserts,4,220.0,796.09,UPI
TXN0005978,M044,C01537,2025-10-24 14:32:14,PRD_ACC_02,Accessories,1,852.2,40.58,UPI
TXN0006540,M013,C00168,2025-10-24 14:43:56,PRD_SNK_01,Snacks,3,420.0,60.0,CASH
TXN0000276,M015,C03396,2025-10-24 16:39:55,PRD_BRD_02,Bread,1,610.68,29.08,CARD
TXN0000702,M030,C02055,2025-10-24 17:09:39,PRD_ACC_01,Accessories,1,1175.3,55.97,UPI
TXN0009984,M044,C00275,2025-10-24 17:11:34,PRD_KID_02,Kids,1,1401.89,66.76,UPI
TXN0002502,M029,C03031,2025-10-24 17:18:50,PRD_WRI_01,Writing,1,479.92,22.85,UPI
TXN0007110,M031,C02077,2025-10-24 18:17:57,PRD_ELE_02,Home Electronics,2,2055.57,195.77,UPI
TXN0002443,M005,C02692,2025-10-24 18:33:29,PRD_LAP_01,Laptops,2,2392.03,227.82,CASH
TXN0008234,M046,C02111,2025-10-24 18:52:14,PRD_ESS_02,Daily Essentials,2,306.16,29.15,UPI
TXN0008840,M018,C01227,2025-10-24 18:59:31,PRD_BEV_01,Beverages,1,126.76,6.04,UPI
TXN0000814,M046,C03435,2025-10-24 19:03:49,PRD_ESS_02,Daily Essentials,1,1974.92,94.04,UPI
TXN0006408,M036,C02828,2025-10-24 19:57:51,PRD_DAI_01,Dairy,1,702.74,33.46,CARD
TXN0002120,M018,C02550,2025-10-24 20:15:55,PRD_DES_02,Desserts,1,313.88,14.95,UPI
TXN0003391,M039,C00027,2025-10-24 20:58:31,PRD_PER_01,Personal Care,1,1093.69,52.08,UPI
TXN0005396,M022,C01869,2025-10-24 21:51:28,PRD_MEN_02,Men,1,1199.0,517.53,UPI
TXN0004200,M010,C00562,2025-10-24 22:16:52,PRD_BEV_01,Beverages,1,656.99,31.29,UPI
TXN0001562,M026,C00008,2025-10-24 22:34:53,PRD_DES_02,Desserts,2,218.1,20.77,UPI
TXN0000941,M049,C02627,2025-10-24 22:53:17,PRD_TEA_01,Tea,1,787.14,37.48,UPI
TXN0003231,M017,C02897,2025-10-25 08:10:21,PRD_OFF_02,Office Supplies,2,310.0,318.84,WALLET
TXN0001136,M002,C00456,2025-10-25 10:23:16,PRD_PAS_01,Pastries,1,423.71,20.18,UPI
TXN0005084,M003,C02521,2025-10-25 15:39:18,PRD_SNK_02,Snacks,1,225.0,118.16,UPI
TXN0004909,M027,C00077,2025-10-25 16:35:35,PRD_ACC_01,Accessories,1,6600.02,314.29,CARD
TXN0009358,M050,C03082,2025-10-25 16:40:21,PRD_BRD_02,Bread,2,140.0,46.27,UPI
TXN0001325,M010,C01498,2025-10-25 16:46:37,PRD_SNK_01,Snacks,1,456.29,21.73,UPI
TXN0000726,M008,C03431,2025-10-25 17:00:53,PRD_TEA_02,Tea,1,210.0,50.53,UPI
TXN0002965,M046,C00405,2025-10-25 17:14:25,PRD_HOU_01,Household,1,190.26,9.06,UPI
TXN0005802,M042,C01257,2025-10-25 17:37:39,PRD_CAK_02,Cakes,1,817.04,38.91,CARD
TXN0003282,M027,C02219,2025-10-25 17:40:48,PRD_ELE_01,Home Electronics,1,4153.73,197.8,UPI
TXN0003832,M050,C00286,2025-10-25 17:57:15,PRD_BRD_02,Bread,2,378.35,36.03,UPI
TXN0008766,M040,C01657,2025-10-25 18:18:19,PRD_COF_01,Coffee,1,380.0,72.09,WALLET
TXN0006874,M045,C00014,2025-10-25 18:40:00,PRD_BEV_02,Beverages,1,1283.5,61.12,UPI
TXN0002902,M013,C03026,2025-10-25 18:48:39,PRD_BRD_01,Bread,2,436.01,41.53,UPI
TXN0001711,M005,C03402,2025-10-25 18:55:14,PRD_ELE_02,Home Electronics,1,3193.33,152.06,UPI
TXN0001327,M031,C00868,2025-10-25 19:46:26,PRD_LAP_01,Laptops,2,1114.35,106.13,UPI
TXN0005163,M029,C00297,2025-10-25 20:15:17,PRD_OFF_02,Office Supplies,1,310.0,137.52,UPI
TXN0005869,M046,C03249,2025-10-25 20:23:18,PRD_SNK_01,Snacks,1,1981.47,94.36,CASH
TXN0005702,M035,C01562,2025-10-25 20:39:33,PRD_CAS_02,Cases,1,807.46,38.45,UPI
TXN0003276,M003,C01184,2025-10-25 20:52:45,PRD_COF_01,Coffee,1,380.0,119.07,CARD
TXN0005141,M003,C03108,2025-10-25 22:05:07,PRD_COF_02,Coffee,2,280.0,426.52,UPI
TXN0007367,M050,C01071,2025-10-26 08:58:46,PRD_SNK_01,Snacks,1,858.59,40.89,WALLET
TXN0001022,M038,C01410,2025-10-26 11:52:40,PRD_CAB_02,Cables,1,2216.58,105.55,CASH
TXN0003399,M018,C02713,2025-10-26 12:54:01,PRD_DES_01,Desserts,1,312.24,14.87,UPI
TXN0000827,M013,C02937,2025-10-26 14:40:12,PRD_CAK_02,Cakes,1,1174.89,55.95,UPI
TXN0004540,M030,C03114,2025-10-26 15:18:12,PRD_ACC_01,Accessories,2,499.0,283.84,UPI
TXN0004182,M029,C01579,2025-10-26 15:19:16,PRD_OFF_02,Office Supplies,4,310.0,250.0,UPI
TXN0006261,M045,C01640,2025-10-26 15:37:56,PRD_BEV_01,Beverages,1,812.24,38.68,UPI
TXN0001382,M038,C02862,2025-10-26 16:11:25,PRD_EAR_02,Earphones,1,820.25,39.06,UPI
TXN0000225,M005,C00595,2025-10-26 16:14:26,PRD_ELE_01,Home Electronics,1,1856.82,88.42,UPI
TXN0002092,M005,C02156,2025-10-26 16:21:37,PRD_ACC_02,Accessories,1,17325.0,825.0,UPI
TXN0004080,M038,C02191,2025-10-26 17:15:27,PRD_CAB_01,Cables,4,299.0,554.19,UPI
TXN0000948,M022,C02354,2025-10-26 17:41:40,PRD_KID_02,Kids,1,2848.68,135.65,UPI
TXN0003963,M031,C00110,2025-10-26 18:05:41,PRD_ACC_01,Accessories,1,8976.66,427.46,WALLET
TXN0007687,M030,C02512,2025-10-26 19:25:47,PRD_ELE_02,Home Electronics,1,17325.0,825.0,UPI
TXN0003988,M039,C02899,2025-10-26 19:40:40,PRD_WEL_01,Wellness,2,862.98,82.19,WALLET
TXN0006825,M046,C02850,2025-10-26 20:23:06,PRD_SNK_02,Snacks,1,797.46,37.97,WALLET
TXN0006665,M044,C02510,2025-10-26 21:32:23,PRD_KID_01,Kids,1,5775.0,275.0,UPI
TXN0006395,M015,C03363,2025-10-26 21:43:41,PRD_SNK_02,Snacks,1,493.49,23.5,WALLET
TXN0005361,M046,C02661,2025-10-26 22:16:53,PRD_SNK_01,Snacks,1,203.69,9.7,WALLET
TXN0006814,M003,C01891,2025-10-27 08:30:55,PRD_DES_02,Desserts,1,705.21,33.58,UPI
TXN0006560,M011,C00021,2025-10-27 11:48:18,PRD_WRI_01,Writing,1,945.0,45.0,CARD
TXN0009545,M045,C00609,2025-10-27 12:04:20,PRD_STA_02,Staples,1,1114.97,53.09,UPI
TXN0000866,M031,C01667,2025-10-27 15:42:20,PRD_LAP_01,Laptops,1,3430.5,163.36,UPI
TXN0001523,M041,C03264,2025-10-27 16:09:00,PRD_BEV_02,Beverages,1,1037.23,49.39,UPI
TXN0003756,M036,C01126,2025-10-27 16:23:56,PRD_STA_01,Staples,1,1436.31,68.4,UPI
TXN0007553,M049,C02060,2025-10-27 17:01:20,PRD_COF_02,Coffee,3,280.0,698.9,UPI
TXN0004218,M029,C00179,2025-10-27 17:30:40,PRD_NOT_01,Notebooks,1,531.5,25.31,CARD
TXN0000947,M031,C00305,2025-10-27 17:38:26,PRD_LAP_02,Laptops,1,12365.24,588.82,UPI
TXN0004803,M025,C01872,2025-10-27 18:17:55,PRD_BRD_01,Bread,1,1150.14,54.77,CASH
TXN0001097,M010,C01301,2025-10-27 18:30:49,PRD_DAI_02,Dairy,2,287.15,27.35,UPI
TXN0009859,M031,C00752,2025-10-27 18:31:52,PRD_ACC_01,Accessories,1,4154.68,197.84,UPI
TXN0008906,M017,C01099,2025-10-27 18:57:43,PRD_WRI_02,Writing,1,115.0,17.69,CASH
TXN0003928,M029,C02347,2025-10-27 19:00:59,PRD_OFF_01,Office Supplies,2,178.55,17.01,CASH
TXN0004621,M002,C00647,2025-10-27 19:09:35,PRD_BRD_02,Bread,1,716.7,34.13,UPI
TXN0003704,M047,C02267,2025-10-27 19:49:42,PRD_LAP_01,Laptops,1,5185.9,246.95,UPI
TXN0001837,M020,C00774,2025-10-27 19:58:57,PRD_LAP_02,Laptops,1,4584.24,218.3,UPI
TXN0002608,M029,C03041,2025-10-27 20:23:14,PRD_WRI_01,Writing,1,236.73,11.27,UPI
TXN0000206,M038,C02134,2025-10-27 20:41:53,PRD_CAS_02,Cases,1,450.0,109.2,UPI
TXN0009681,M045,C00405,2025-10-27 21:42:17,PRD_DAI_01,Dairy,1,1890.0,90.0,UPI
TXN0005850,M049,C02296,2025-10-27 22:56:08,PRD_COF_02,Coffee,1,352.39,16.78,UPI
TXN0002196,M002,C01764,2025-10-28 08:26:33,PRD_PAS_01,Pastries,1,722.83,34.42,UPI
TXN0008278,M030,C02786,2025-10-28 08:38:53,PRD_ELE_02,Home Electronics,2,3226.6,307.29,UPI
TXN0002723,M003,C03115,2025-10-28 10:46:25,PRD_TEA_01,Tea,1,240.0,179.18,UPI
TXN0001205,M008,C02024,2025-10-28 11:36:53,PRD_SNK_02,Snacks,1,326.44,15.54,UPI
TXN0006682,M028,C02572,2025-10-28 12:20:42,PRD_EAR_01,Earphones,1,1299.0,871.03,CARD
TXN0003769,M027,C00583,2025-10-28 12:33:29,PRD_ACC_02,Accessories,1,868.05,41.34,UPI
TXN0001301,M019,C01018,2025-10-28 12:33:54,PRD_CAB_01,Cables,1,639.52,30.45,UPI
TXN0004504,M009,C02712,2025-10-28 16:26:25,PRD_MED_02,Medicine,1,2237.25,106.54,UPI
TXN0002600,M008,C02634,2025-10-28 16:28:49,PRD_SNK_01,Snacks,4,45.0,93.18,UPI
TXN0009453,M035,C02124,2025-10-28 16:32:11,PRD_CAB_02,Cables,1,962.14,45.82,CASH
TXN0005466,M021,C03047,2025-10-28 17:24:41,PRD_NOT_01,Notebooks,2,472.5,45.0,CARD
TXN0002569,M050,C00461,2025-10-28 18:15:11,PRD_PAS_02,Pastries,2,197.09,18.78,CARD
TXN0001998,M014,C00937,2025-10-28 18:24:26,PRD_CAK_01,Cakes,1,550.0,163.93,UPI
TXN0000480,M049,C02634,2025-10-28 18:27:38,PRD_TEA_02,Tea,1,505.93,24.09,UPI
TXN0006391,M024,C03095,2025-10-28 18:29:35,PRD_ESS_01,Daily Essentials,1,539.7,25.7,UPI
TXN0009839,M049,C01476,2025-10-28 18:46:06,PRD_TEA_02,Tea,1,210.0,19.02,UPI
TXN0002804,M018,C01298,2025-10-28 19:13:46,PRD_DES_01,Desserts,1,240.95,11.47,UPI
TXN0002574,M019,C00596,2025-10-28 19:17:33,PRD_CAS_02,Cases,3,525.8,75.12,UPI
TXN0009043,M006,C02642,2025-10-28 19:29:05,PRD_CHG_01,Chargers,1,2197.26,104.63,UPI
TXN0002318,M010,C01110,2025-10-28 19:42:14,PRD_DAI_02,Dairy,1,1473.03,70.14,CARD
TXN0005608,M035,C01797,2025-10-28 20:22:19,PRD_EAR_01,Earphones,1,1551.18,73.87,CASH
TXN0009284,M036,C01419,2025-10-28 20:24:52,PRD_SNK_02,Snacks,3,225.0,398.83,UPI
TXN0004013,M044,C02353,2025-10-28 20:34:50,PRD_ACC_01,Accessories,1,2062.59,98.22,UPI
TXN0006128,M021,C00542,2025-10-28 20:47:30,PRD_ART_02,Art Supplies,1,282.87,13.47,UPI
TXN0005714,M024,C00912,2025-10-28 21:28:24,PRD_BEV_01,Beverages,1,1665.79,79.32,WALLET
TXN0008416,M008,C02580,2025-10-28 22:29:49,PRD_TEA_02,Tea,1,727.67,34.65,WALLET
TXN0003034,M046,C02160,2025-10-28 22:46:49,PRD_SNK_01,Snacks,1,315.47,15.02,UPI
TXN0007409,M002,C01328,2025-10-29 08:23:02,PRD_BRD_02,Bread,1,254.11,12.1,CARD
TXN0008111,M005,C00107,2025-10-29 09:18:50,PRD_LAP_01,Laptops,1,1684.27,80.2,UPI
TXN0004754,M019,C03281,2025-10-29 12:03:02,PRD_CHG_02,Chargers,1,2609.55,124.26,WALLET
TXN0005242,M021,C01442,2025-10-29 12:21:20,PRD_OFF_01,Office Supplies,1,757.37,36.07,CARD
TXN0000065,M013,C00871,2025-10-29 14:44:17,PRD_BRD_02,Bread,1,140.0,60.0,UPI
TXN0002972,M004,C01952,2025-10-29 15:13:52,PRD_MOB_01,Mobiles,1,6499.0,1613.47,UPI
TXN0006087,M038,C01320,2025-10-29 15:25:44,PRD_CHG_02,Chargers,1,2259.76,107.61,UPI
TXN0001422,M012,C02457,2025-10-29 16:40:32,PRD_ESS_01,Daily Essentials,1,2100.0,100.0,UPI
TXN0008887,M035,C02869,2025-10-29 16:57:29,PRD_CAB_02,Cables,1,2921.49,139.12,UPI
TXN0008799,M017,C03442,2025-10-29 17:43:44,PRD_NOT_01,Notebooks,1,160.74,7.65,CARD
TXN0002979,M039,C02618,2025-10-29 17:51:09,PRD_PER_02,Personal Care,1,1705.34,81.21,UPI
TXN0006079,M009,C03205,2025-10-29 18:01:44,PRD_MED_01,Medicine,1,510.71,24.32,UPI
TXN0003699,M002,C02905,2025-10-29 18:08:47,PRD_CAK_02,Cakes,1,1008.68,48.03,UPI
TXN0002178,M024,C01970,2025-10-29 18:25:24,PRD_HOU_01,Household,2,951.62,90.63,WALLET
TXN0003166,M017,C01609,2025-10-29 18:31:58,PRD_NOT_02,Notebooks,1,260.0,205.07,UPI
TXN0005373,M015,C02341,2025-10-29 19:29:45,PRD_BRD_01,Bread,1,281.45,13.4,UPI
TXN0008656,M030,C00026,2025-10-29 19:38:34,PRD_ACC_02,Accessories,1,6724.76,320.23,UPI
TXN0004678,M002,C01455,2025-10-29 19:43:36,PRD_CAK_01,Cakes,1,550.0,426.11,UPI
TXN0002234,M050,C00602,2025-10-29 19:55:44,PRD_PAS_02,Pastries,1,393.41,18.73,CASH
TXN0006237,M033,C00350,2025-10-29 20:13:17,PRD_STA_01,Staples,1,1294.6,61.65,UPI
TXN0008110,M046,C03201,2025-10-29 20:30:37,PRD_BEV_02,Beverages,2,1089.77,103.78,UPI
TXN0009661,M032,C01578,2025-10-29 20:35:39,PRD_BABY_01,Baby Care,1,799.0,384.31,UPI
TXN0008941,M031,C03202,2025-10-29 20:39:51,PRD_MOB_02,Mobiles,1,11999.0,2698.11,UPI
TXN0000381,M041,C02044,2025-10-29 20:48:15,PRD_BEV_01,Beverages,1,339.79,16.18,UPI
TXN0005637,M046,C01101,2025-10-29 21:04:06,PRD_HOU_02,Household,1,2478.0,118.0,CASH
TXN0003609,M029,C02001,2025-10-29 21:18:02,PRD_NOT_01,Notebooks,1,164.65,7.84,UPI
TXN0008891,M044,C00736,2025-10-29 22:22:18,PRD_ACC_02,Accessories,1,2030.28,96.68,UPI
TXN0004082,M009,C01743,2025-10-30 08:05:46,PRD_WEL_01,Wellness,1,2282.9,108.71,UPI
TXN0001139,M048,C02433,2025-10-30 09:08:12,PRD_CHG_02,Chargers,2,1488.8,141.79,CARD
TXN0009441,M029,C00903,2025-10-30 09:20:41,PRD_OFF_01,Office Supplies,1,259.23,12.34,CARD
TXN0009060,M039,C01819,2025-10-30 10:55:43,PRD_BABY_02,Baby Care,1,2052.33,97.73,UPI
TXN0001025,M046,C02019,2025-10-30 11:24:01,PRD_SNK_01,Snacks,1,1314.39,62.59,CARD
TXN0007793,M003,C00198,2025-10-30 13:11:07,PRD_DES_02,Desserts,1,223.22,10.63,UPI
TXN0007031,M038,C00534,2025-10-30 15:06:15,PRD_CHG_01,Chargers,1,699.0,190.22,UPI
TXN0008509,M032,C02978,2025-10-30 15:36:24,PRD_WEL_02,Wellness,1,443.92,21.14,UPI
TXN0001870,M025,C02942,2025-10-30 16:28:33,PRD_SNK_01,Snacks,2,96.3,9.17,UPI
TXN0004853,M010,C03330,2025-10-30 16:37:15,PRD_DAI_02,Dairy,1,1196.11,56.96,CASH
TXN0001355,M025,C03081,2025-10-30 17:05:39,PRD_CAK_01,Cakes,1,550.0,29.89,UPI
TXN0002698,M003,C02954,2025-10-30 17:22:02,PRD_TEA_02,Tea,1,210.0,20.61,UPI
TXN0009623,M046,C03070,2025-10-30 18:02:41,PRD_ESS_01,Daily Essentials,1,1272.74,60.61,UPI
TXN0004864,M046,C01321,2025-10-30 18:13:16,PRD_BEV_02,Beverages,1,1540.37,73.35,UPI
TXN0001904,M028,C01820,2025-10-30 18:16:58,PRD_EAR_01,Earphones,1,1645.43,78.35,CASH
TXN0003656,M004,C00260,2025-10-30 18:47:16,PRD_ELE_02,Home Electronics,1,2548.61,121.36,CARD
TXN0008459,M001,C02648,2025-10-30 18:59:44,PRD_DAI_01,Dairy,1,791.9,37.71,UPI
TXN0004836,M007,C00764,2025-10-30 19:37:05,PRD_SNK_02,Snacks,2,225.15,21.45,UPI
TXN0003767,M034,C02184,2025-10-30 19:46:32,PRD_NOT_01,Notebooks,1,477.02,22.72,UPI
TXN0001865,M007,C01155,2025-10-30 19:48:05,PRD_DAI_02,Dairy,2,716.55,68.25,UPI
TXN0006984,M017,C00554,2025-10-30 20:11:01,PRD_ART_01,Art Supplies,1,590.57,28.12,WALLET
TXN0004008,M021,C01802,2025-10-30 20:52:27,PRD_ART_02,Art Supplies,1,175.0,21.63,WALLET
TXN0009903,M008,C02201,2025-10-30 20:52:40,PRD_DES_01,Desserts,1,571.8,27.23,CASH
TXN0004848,M016,C01808,2025-10-30 21:26:12,PRD_CAK_02,Cakes,2,450.0,820.0,UPI
TXN0003327,M029,C03221,2025-10-30 21:32:13,PRD_WRI_01,Writing,1,237.73,11.32,UPI
TXN0001537,M033,C02627,2025-10-30 22:09:32,PRD_STA_02,Staples,2,474.69,45.21,CARD
TXN0000586,M050,C00478,2025-10-30 22:33:08,PRD_PAS_01,Pastries,1,339.49,16.17,CARD
TXN0001993,M002,C01964,2025-10-31 09:49:33,PRD_PAS_02,Pastries,1,181.14,8.63,UPI
TXN0008580,M025,C03417,2025-10-31 12:38:08,PRD_CAK_01,Cakes,4,550.0,1799.38,UPI
TXN0009302,M006,C03497,2025-10-31 14:28:51,PRD_EAR_02,Earphones,1,2420.99,115.29,UPI
TXN0009134,M019,C03057,2025-10-31 15:17:08,PRD_EAR_01,Earphones,2,1299.0,2089.72,UPI
TXN0004716,M045,C02809,2025-10-31 16:01:23,PRD_STA_02,Staples,1,695.32,33.11,UPI
TXN0008881,M036,C01277,2025-10-31 16:07:52,PRD_DAI_01,Dairy,1,808.19,38.49,UPI
TXN0009516,M037,C01993,2025-10-31 16:13:13,PRD_EAR_02,Earphones,1,2255.03,107.38,UPI
TXN0006466,M013,C03308,2025-10-31 17:01:41,PRD_PAS_01,Pastries,1,476.11,22.67,WALLET
TXN0007926,M019,C03186,2025-10-31 17:04:10,PRD_CHG_02,Chargers,1,999.0,159.28,UPI
TXN0004252,M037,C00153,2025-10-31 17:32:20,PRD_CAS_01,Cases,1,1688.26,80.39,UPI
TXN0000766,M017,C00683,2025-10-31 17:54:56,PRD_WRI_02,Writing,1,470.4,22.4,UPI
TXN0007057,M021,C02078,2025-10-31 18:23:38,PRD_OFF_01,Office Supplies,1,411.71,19.61,UPI
TXN0003888,M047,C00731,2025-10-31 18:29:18,PRD_ELE_02,Home Electronics,1,5309.62,252.84,UPI
TXN0004136,M049,C02825,2025-10-31 18:42:12,PRD_DES_01,Desserts,1,220.0,114.6,UPI
TXN0001421,M019,C00129,2025-10-31 18:42:59,PRD_CAB_02,Cables,1,1711.04,81.48,UPI
TXN0007209,M034,C02753,2025-10-31 18:50:40,PRD_ART_01,Art Supplies,1,320.0,24.27,CARD
TXN0008382,M029,C00164,2025-10-31 19:04:41,PRD_WRI_02,Writing,1,220.5,10.5,CARD
TXN0009223,M043,C03030,2025-10-31 21:01:09,PRD_SNK_01,Snacks,1,646.97,30.81,UPI
TXN0009405,M013,C01515,2025-10-31 21:32:49,PRD_CAK_02,Cakes,1,940.4,44.78,UPI
TXN0002008,M050,C00662,2025-10-31 22:00:45,PRD_SNK_01,Snacks,2,124.93,11.9,UPI
TXN0000646,M012,C03221,2025-10-31 22:23:34,PRD_SNK_02,Snacks,1,316.72,15.08,CARD
TXN0004017,M028,C02874,2025-10-31 22:26:35,PRD_CHG_01,Chargers,1,1320.96,62.9,WALLET
TXN0003841,M004,C01278,2025-10-31 22:45:24,PRD_ELE_02,Home Electronics,1,10042.49,478.21,UPI
TXN0000104,M032,C02908,2025-11-01 12:31:29,PRD_MED_01,Medicine,1,1507.45,71.78,UPI
TXN0004420,M017,C02735,2025-11-01 13:50:15,PRD_NOT_02,Notebooks,1,260.0,39.86,WALLET
TXN0002658,M032,C03454,2025-11-01 16:01:38,PRD_BABY_01,Baby Care,1,1673.21,79.68,UPI
TXN0003427,M029,C01404,2025-11-01 16:19:31,PRD_ART_02,Art Supplies,4,225.06,42.85,UPI
TXN0009102,M050,C02486,2025-11-01 16:32:12,PRD_PAS_01,Pastries,1,173.69,8.27,CARD
TXN0000910,M020,C01602,2025-11-01 16:52:40,PRD_LAP_02,Laptops,1,5712.04,272.0,UPI
TXN0008176,M036,C02159,2025-11-01 17:18:42,PRD_STA_01,Staples,4,540.0,1741.43,WALLET
TXN0002950,M045,C03373,2025-11-01 17:47:04,PRD_BEV_02,Beverages,1,418.13,19.91,UPI
TXN0007190,M016,C01219,2025-11-01 18:24:48,PRD_PAS_01,Pastries,1,1469.16,69.96,UPI
TXN0008848,M043,C02936,2025-11-01 19:06:34,PRD_CAK_02,Cakes,2,450.0,348.32,UPI
TXN0008788,M031,C02635,2025-11-01 19:08:00,PRD_MOB_01,Mobiles,2,6499.0,4301.0,UPI
TXN0000045,M048,C01870,2025-11-01 19:29:55,PRD_CAS_02,Cases,1,515.92,24.57,WALLET
TXN0003417,M029,C02736,2025-11-01 19:51:19,PRD_OFF_01,Office Supplies,1,484.19,23.06,UPI
TXN0002253,M031,C01648,2025-11-01 20:45:08,PRD_ACC_02,Accessories,1,6872.25,327.25,CARD
TXN0000122,M031,C01150,2025-11-01 20:48:28,PRD_LAP_01,Laptops,1,5822.0,277.24,UPI
TXN0009700,M018,C01915,2025-11-01 21:05:24,PRD_SNK_02,Snacks,1,380.17,18.1,UPI
TXN0003171,M049,C00358,2025-11-01 21:24:35,PRD_COF_01,Coffee,1,380.0,163.62,UPI
TXN0005695,M020,C01669,2025-11-01 21:54:16,PRD_LAP_02,Laptops,1,9194.49,437.83,UPI
TXN0004333,M030,C02713,2025-11-01 21:56:06,PRD_ACC_01,Accessories,2,1913.21,182.21,UPI
TXN0009910,M050,C01408,2025-11-02 10:10:08,PRD_BRD_02,Bread,1,757.09,36.05,UPI
TXN0004671,M008,C01411,2025-11-02 14:26:28,PRD_COF_01,Coffee,1,380.0,62.86,UPI
TXN0007509,M029,C00994,2025-11-02 16:07:11,PRD_ART_02,Art Supplies,1,816.5,38.88,UPI
TXN0002182,M027,C03084,2025-11-02 16:12:59,PRD_ELE_01,Home Electronics,2,2914.12,277.54,UPI
TXN0003410,M036,C02114,2025-11-02 16:40:10,PRD_SNK_02,Snacks,1,368.05,17.53,CASH
TXN0005483,M031,C02566,2025-11-02 16:56:24,PRD_ACC_01,Accessories,1,12274.67,584.51,CARD
TXN0007372,M016,C01162,2025-11-02 17:10:47,PRD_CAK_02,Cakes,1,450.0,173.39,UPI
TXN0003856,M004,C01886,2025-11-02 17:12:43,PRD_ELE_01,Home Electronics,1,2441.18,116.25,UPI
TXN0002968,M044,C01712,2025-11-02 17:30:12,PRD_ACC_02,Accessories,1,1485.05,70.72,CASH
TXN0002451,M031,C01832,2025-11-02 18:03:58,PRD_ACC_01,Accessories,1,11554.07,550.19,CARD
TXN0000061,M034,C01554,2025-11-02 18:09:10,PRD_ART_02,Art Supplies,1,473.47,22.55,UPI
TXN0009556,M029,C00342,2025-11-02 18:09:20,PRD_WRI_01,Writing,1,296.39,14.11,UPI
TXN0006081,M035,C01718,2025-11-02 18:26:38,PRD_EAR_02,Earphones,4,349.0,392.41,CARD
TXN0002312,M030,C02675,2025-11-02 18:51:11,PRD_ELE_01,Home Electronics,1,5704.09,271.62,UPI
TXN0006470,M050,C00147,2025-11-02 18:52:33,PRD_SNK_02,Snacks,1,1298.97,61.86,UPI
TXN0009417,M048,C00488,2025-11-02 18:59:46,PRD_CHG_01,Chargers,1,1793.05,85.38,CASH
TXN0002037,M013,C00136,2025-11-02 19:01:02,PRD_SNK_02,Snacks,1,844.84,40.23,CASH
TXN0009635,M012,C01544,2025-11-02 19:04:23,PRD_HOU_01,Household,1,781.35,37.21,UPI
TXN0004921,M050,C02361,2025-11-02 19:05:01,PRD_PAS_02,Pastries,1,372.46,17.74,CASH
TXN0006357,M024,C01042,2025-11-02 20:05:58,PRD_SNK_01,Snacks,1,461.74,21.99,UPI
TXN0007221,M028,C02310,2025-11-02 20:26:48,PRD_CAS_02,Cases,2,573.33,54.61,UPI
TXN0005261,M040,C01588,2025-11-02 21:10:28,PRD_TEA_01,Tea,1,385.72,18.37,UPI
TXN0006209,M024,C01019,2025-11-02 22:52:05,PRD_SNK_02,Snacks,1,1103.33,52.54,UPI
TXN0008730,M029,C01118,2025-11-03 08:05:44,PRD_ART_01,Art Supplies,1,352.46,16.78,UPI
TXN0004573,M025,C02319,2025-11-03 08:52:51,PRD_SNK_02,Snacks,3,445.2,63.6,UPI
TXN0001663,M035,C00693,2025-11-03 08:54:38,PRD_CAS_01,Cases,1,2304.49,109.74,UPI
TXN0003192,M038,C00157,2025-11-03 08:58:12,PRD_CAB_02,Cables,1,3339.0,159.0,UPI
TXN0008453,M013,C02914,2025-11-03 11:31:36,PRD_PAS_01,Pastries,2,667.8,63.6,UPI
TXN0009641,M028,C00052,2025-11-03 13:25:38,PRD_EAR_02,Earphones,2,1593.99,151.8,UPI
TXN0006126,M043,C03327,2025-11-03 15:12:19,PRD_SNK_01,Snacks,1,1335.6,63.6,UPI
TXN0000857,M042,C01862,2025-11-03 15:15:18,PRD_CAK_02,Cakes,1,1015.57,48.36,UPI
TXN0007901,M025,C02073,2025-11-03 16:31:56,PRD_CAK_01,Cakes,1,550.0,165.07,UPI
TXN0008576,M014,C02836,2025-11-03 16:39:26,PRD_BRD_02,Bread,2,278.34,26.51,UPI
TXN0005104,M009,C01757,2025-11-03 16:50:22,PRD_MED_01,Medicine,1,2492.01,118.67,UPI
TXN0004915,M039,C00585,2025-11-03 16:52:57,PRD_MED_02,Medicine,1,1571.83,74.85,WALLET
TXN0008458,M028,C01617,2025-11-03 16:53:40,PRD_CAS_01,Cases,1,1378.03,65.62,UPI
TXN0009157,M050,C01900,2025-11-03 16:56:35,PRD_PAS_02,Pastries,1,231.39,11.02,CARD
TXN0000777,M013,C01432,2025-11-03 16:58:45,PRD_BRD_01,Bread,1,291.22,13.87,UPI
TXN0009321,M014,C00160,2025-11-03 18:21:23,PRD_CAK_02,Cakes,1,528.41,25.16,CASH
TXN0007258,M048,C03165,2025-11-03 18:30:26,PRD_EAR_01,Earphones,1,3339.0,159.0,CARD
TXN0004424,M037,C02181,2025-11-03 18:34:15,PRD_CHG_02,Chargers,2,999.0,1462.08,UPI
TXN0007981,M002,C03438,2025-11-03 18:52:15,PRD_CAK_01,Cakes,2,550.0,761.18,WALLET
TXN0009844,M008,C01218,2025-11-03 20:07:40,PRD_SNK_02,Snacks,1,890.4,42.4,UPI
TXN0007952,M001,C00794,2025-11-03 20:43:27,PRD_DAI_01,Dairy,1,500.06,23.81,UPI
TXN0001971,M017,C00748,2025-11-03 20:49:01,PRD_OFF_02,Office Supplies,1,310.0,29.24,UPI
TXN0001954,M015,C01032,2025-11-03 20:52:28,PRD_PAS_01,Pastries,1,480.05,22.86,UPI
TXN0001485,M021,C03399,2025-11-03 20:56:26,PRD_ART_02,Art Supplies,1,347.56,16.55,UPI
TXN0004548,M002,C03136,2025-11-03 21:34:35,PRD_SNK_01,Snacks,3,253.47,36.2,CASH
TXN0007561,M043,C01629,2025-11-03 21:57:10,PRD_PAS_02,Pastries,1,490.05,23.34,UPI
TXN0008348,M020,C00280,2025-11-03 22:54:16,PRD_ELE_01,Home Electronics,1,1734.2,82.58,WALLET
TXN0000683,M008,C03360,2025-11-04 08:22:44,PRD_COF_02,Coffee,2,280.0,294.07,CARD
TXN0009649,M029,C01149,2025-11-04 09:50:45,PRD_WRI_01,Writing,1,342.92,16.33,CASH
TXN0005020,M016,C00017,2025-11-04 10:19:05,PRD_SNK_02,Snacks,1,1295.02,61.67,WALLET
TXN0001108,M009,C02214,2025-11-04 14:35:08,PRD_BABY_01,Baby Care,1,1242.6,59.17,WALLET
TXN0007149,M012,C00456,2025-11-04 14:41:39,PRD_BEV_02,Beverages,1,635.24,30.25,CARD
TXN0007811,M015,C01784,2025-11-04 16:09:10,PRD_SNK_01,Snacks,1,354.07,16.86,UPI
TXN0000563,M049,C00918,2025-11-04 16:12:56,PRD_SNK_02,Snacks,1,225.0,119.15,CARD
TXN0004624,M045,C00229,2025-11-04 16:13:06,PRD_HOU_01,Household,2,647.08,61.63,UPI
TXN0002200,M013,C00879,2025-11-04 16:41:51,PRD_PAS_02,Pastries,1,160.19,7.63,UPI
TXN0006748,M021,C02465,2025-11-04 17:04:06,PRD_WRI_01,Writing,1,134.56,6.41,CARD
TXN0009380,M030,C02825,2025-11-04 17:08:32,PRD_LAP_02,Laptops,1,16695.0,795.0,CASH
TXN0002791,M007,C00054,2025-11-04 17:26:23,PRD_HOU_01,Household,1,323.82,15.42,UPI
TXN0007007,M034,C01643,2025-11-04 17:47:13,PRD_NOT_02,Notebooks,1,260.0,54.86,UPI
TXN0004235,M038,C00764,2025-11-04 18:07:13,PRD_EAR_01,Earphones,1,1299.0,132.13,UPI
TXN0006840,M005,C01830,2025-11-04 18:30:28,PRD_ELE_02,Home Electronics,1,3272.76,155.85,UPI
TXN0005194,M020,C00819,2025-11-04 18:37:05,PRD_MOB_01,Mobiles,1,11086.99,527.95,UPI
TXN0006831,M025,C03476,2025-11-04 18:44:05,PRD_BRD_02,Bread,3,263.45,37.63,UPI
TXN0003176,M048,C02878,2025-11-04 19:30:57,PRD_CHG_01,Chargers,1,3339.0,159.0,UPI
TXN0006434,M045,C00141,2025-11-04 19:45:13,PRD_HOU_02,Household,1,320.0,45.03,CASH
TXN0008814,M021,C01072,2025-11-04 20:05:00,PRD_NOT_01,Notebooks,1,334.3,15.92,WALLET
TXN0007156,M037,C01516,2025-11-04 20:24:32,PRD_EAR_02,Earphones,2,529.61,50.43,CARD
TXN0009618,M029,C02350,2025-11-04 20:47:57,PRD_OFF_01,Office Supplies,1,473.44,22.54,UPI
TXN0007400,M009,C02009,2025-11-04 20:55:37,PRD_WEL_02,Wellness,1,637.49,30.36,UPI
TXN0006583,M028,C02788,2025-11-04 20:56:11,PRD_CAB_01,Cables,1,2488.38,118.49,UPI
TXN0005974,M032,C03043,2025-11-04 21:23:28,PRD_BABY_02,Baby Care,1,1048.18,49.91,CARD
TXN0005200,M007,C00879,2025-11-04 21:48:05,PRD_STA_01,Staples,1,540.0,187.41,UPI
TXN0005621,M003,C02498,2025-11-04 22:49:44,PRD_TEA_02,Tea,1,507.51,24.17,UPI
TXN0005828,M023,C01216,2025-11-04 22:53:44,PRD_DES_01,Desserts,1,453.79,21.61,UPI
TXN0000144,M006,C02500,2025-11-05 08:20:00,PRD_CAS_02,Cases,1,1448.32,68.97,CASH
TXN0002579,M042,C00093,2025-11-05 08:45:41,PRD_BRD_01,Bread,3,50.0,48.71,CARD
TXN0006281,M037,C01452,2025-11-05 09:08:52,PRD_CAS_02,Cases,1,450.0,133.51,UPI
TXN0009091,M038,C01609,2025-11-05 09:17:10,PRD_CAS_01,Cases,1,845.6,40.27,UPI
TXN0008245,M006,C01148,2025-11-05 09:23:28,PRD_CHG_02,Chargers,1,1682.02,80.1,UPI
TXN0007199,M047,C00580,2025-11-05 10:03:49,PRD_LAP_01,Laptops,1,3938.82,187.56,UPI
TXN0002150,M045,C01881,2025-11-05 12:29:37,PRD_BEV_02,Beverages,1,390.25,18.58,UPI
TXN0009836,M023,C03459,2025-11-05 14:04:29,PRD_BEV_01,Beverages,1,393.46,18.74,UPI
TXN0000263,M048,C02878,2025-11-05 15:30:31,PRD_EAR_02,Earphones,2,1293.63,123.2,UPI
TXN0004615,M032,C01729,2025-11-05 16:58:05,PRD_MED_01,Medicine,2,351.83,33.5,WALLET
TXN0003035,M016,C00494,2025-11-05 17:01:19,PRD_SNK_02,Snacks,4,225.0,96.2,UPI
TXN0005602,M033,C02448,2025-11-05 17:05:02,PRD_HOU_01,Household,4,180.0,142.74,CASH
TXN0008251,M029,C02128,2025-11-05 18:06:23,PRD_WRI_02,Writing,3,138.17,19.75,CASH
TXN0009508,M011,C01440,2025-11-05 18:30:42,PRD_ART_01,Art Supplies,1,320.0,97.94,UPI
TXN0009406,M028,C01998,2025-11-05 18:51:11,PRD_CHG_02,Chargers,1,1319.45,62.83,UPI
TXN0005214,M043,C01794,2025-11-05 18:51:32,PRD_CAK_01,Cakes,1,696.64,33.17,UPI
TXN0006539,M044,C02204,2025-11-05 19:09:48,PRD_KID_02,Kids,1,1401.26,66.73,UPI
TXN0008326,M047,C01390,2025-11-05 19:40:01,PRD_LAP_01,Laptops,1,3363.1,160.15,UPI
TXN0003665,M036,C01947,2025-11-05 20:16:27,PRD_BEV_02,Beverages,2,765.35,72.89,UPI
TXN0005312,M043,C02208,2025-11-05 21:10:21,PRD_BRD_01,Bread,1,1117.31,53.21,CASH
TXN0007048,M038,C02726,2025-11-05 21:25:33,PRD_CHG_02,Chargers,1,2404.48,114.5,UPI
TXN0007018,M039,C01448,2025-11-05 21:40:53,PRD_WEL_01,Wellness,1,740.65,35.27,UPI
TXN0002403,M046,C01607,2025-11-05 21:52:30,PRD_SNK_02,Snacks,1,1177.2,56.06,CARD
TXN0001305,M022,C03124,2025-11-06 08:31:11,PRD_MEN_01,Men,1,2355.54,112.17,UPI
TXN0004436,M050,C00776,2025-11-06 09:29:03,PRD_PAS_02,Pastries,2,190.84,18.18,CARD
TXN0003365,M026,C00351,2025-11-06 13:31:50,PRD_COF_01,Coffee,1,481.63,22.93,WALLET
TXN0004429,M035,C01953,2025-11-06 13:49:15,PRD_EAR_02,Earphones,1,1871.02,89.1,UPI
TXN0007578,M029,C03100,2025-11-06 14:07:37,PRD_ART_01,Art Supplies,1,320.0,17.8,CASH
TXN0007471,M046,C00737,2025-11-06 14:22:16,PRD_SNK_02,Snacks,1,1660.93,79.09,UPI
TXN0002962,M010,C02082,2025-11-06 15:47:06,PRD_STA_01,Staples,1,746.87,35.57,CASH
TXN0006547,M016,C01165,2025-11-06 17:10:06,PRD_CAK_02,Cakes,1,573.43,27.31,UPI
TXN0001380,M042,C03359,2025-11-06 17:27:25,PRD_CAK_01,Cakes,1,550.0,213.13,UPI
TXN0005356,M002,C01211,2025-11-06 17:27:45,PRD_CAK_02,Cakes,1,450.0,25.25,CARD
TXN0005545,M043,C02041,2025-11-06 17:28:48,PRD_CAK_01,Cakes,2,667.8,63.6,UPI
TXN0006802,M013,C01107,2025-11-06 17:45:43,PRD_BRD_02,Bread,1,615.83,29.33,UPI
TXN0001631,M029,C02496,2025-11-06 18:13:18,PRD_ART_01,Art Supplies,2,320.0,431.16,WALLET
TXN0004419,M026,C02582,2025-11-06 18:32:04,PRD_COF_02,Coffee,1,280.0,70.36,WALLET
TXN0002671,M030,C01864,2025-11-06 18:52:05,PRD_LAP_01,Laptops,1,4607.28,219.39,UPI
TXN0001589,M046,C02943,2025-11-06 18:59:22,PRD_HOU_02,Household,2,1186.95,113.04,UPI
TXN0006727,M018,C02748,2025-11-06 19:20:54,PRD_BEV_01,Beverages,1,518.38,24.68,UPI
TXN0003552,M016,C01143,2025-11-06 19:24:45,PRD_BRD_02,Bread,1,516.04,24.57,UPI
TXN0001617,M011,C01447,2025-11-06 19:30:09,PRD_ART_01,Art Supplies,1,421.64,20.08,UPI
TXN0001090,M013,C02040,2025-11-06 19:31:05,PRD_BRD_02,Bread,1,261.1,12.43,UPI
TXN0006786,M038,C01994,2025-11-06 19:48:18,PRD_CAB_01,Cables,1,1161.93,55.33,UPI
TXN0008080,M015,C03488,2025-11-06 20:04:37,PRD_CAK_02,Cakes,2,788.0,75.04,UPI
TXN0009566,M022,C02799,2025-11-06 20:14:22,PRD_KID_01,Kids,2,1261.25,120.11,UPI
TXN0004282,M046,C00968,2025-11-06 20:24:09,PRD_ESS_02,Daily Essentials,1,881.64,41.98,CARD
TXN0008752,M045,C02253,2025-11-06 20:46:59,PRD_HOU_01,Household,1,583.19,27.77,UPI
TXN0001352,M021,C02798,2025-11-06 20:58:28,PRD_ART_02,Art Supplies,1,175.0,33.22,CARD
TXN0006811,M036,C00178,2025-11-06 20:59:24,PRD_HOU_01,Household,1,1084.74,51.65,UPI
TXN0002033,M014,C01391,2025-11-06 21:02:10,PRD_BRD_02,Bread,1,318.17,15.15,UPI
TXN0009754,M008,C00510,2025-11-06 21:25:15,PRD_DES_01,Desserts,2,445.2,42.4,UPI
TXN0006885,M028,C03040,2025-11-06 21:36:04,PRD_CHG_02,Chargers,2,999.0,1455.74,WALLET
TXN0008518,M003,C00793,2025-11-06 22:19:42,PRD_COF_01,Coffee,1,380.0,201.67,WALLET
TXN0008297,M044,C01950,2025-11-07 08:50:57,PRD_MEN_02,Men,1,5565.0,265.0,CARD
TXN0009793,M020,C02586,2025-11-07 11:39:36,PRD_MOB_01,Mobiles,1,6499.0,2675.46,CARD
TXN0005056,M034,C01366,2025-11-07 12:39:36,PRD_WRI_02,Writing,1,270.85,12.9,UPI
TXN0000283,M043,C01558,2025-11-07 13:25:13,PRD_CAK_01,Cakes,1,584.89,27.85,UPI
TXN0000161,M020,C00949,2025-11-07 13:40:53,PRD_ACC_02,Accessories,1,12189.41,580.45,UPI
TXN0009725,M002,C01049,2025-11-07 14:01:08,PRD_PAS_01,Pastries,1,657.68,31.32,CARD
TXN0003700,M037,C00565,2025-11-07 14:14:02,PRD_CAS_02,Cases,1,960.82,45.75,UPI
TXN0004396,M004,C02078,2025-11-07 14:43:47,PRD_ACC_01,Accessories,3,4175.48,596.51,CARD
TXN0005512,M013,C01551,2025-11-07 14:55:22,PRD_CAK_02,Cakes,1,450.0,124.86,CARD
TXN0009033,M005,C02736,2025-11-07 15:25:17,PRD_ACC_01,Accessories,3,1823.64,260.51,UPI
TXN0004788,M019,C01985,2025-11-07 15:55:50,PRD_CHG_02,Chargers,1,1212.72,57.75,WALLET
TXN0002594,M001,C02962,2025-11-07 15:56:27,PRD_SNK_01,Snacks,1,1078.08,51.34,UPI
TXN0002380,M014,C01758,2025-11-07 16:27:44,PRD_SNK_02,Snacks,1,1335.6,63.6,UPI
TXN0006959,M010,C02745,2025-11-07 16:36:30,PRD_HOU_01,Household,1,747.52,35.6,UPI
TXN0006871,M043,C02268,2025-11-07 17:03:03,PRD_SNK_02,Snacks,1,225.0,99.99,UPI
TXN0007731,M041,C03064,2025-11-07 17:06:03,PRD_BEV_01,Beverages,1,722.4,34.4,UPI
TXN0006806,M012,C02072,2025-11-07 17:32:52,PRD_SNK_02,Snacks,2,300.23,28.59,UPI
TXN0009600,M031,C02403,2025-11-07 17:48:28,PRD_MOB_01,Mobiles,1,6499.0,4310.94,CASH
TXN0007693,M034,C01072,2025-11-07 18:04:36,PRD_NOT_02,Notebooks,1,260.0,138.51,UPI
TXN0004043,M019,C02059,2025-11-07 18:24:51,PRD_CAB_01,Cables,1,3339.0,159.0,CARD
TXN0001394,M007,C03492,2025-11-07 18:24:56,PRD_SNK_02,Snacks,1,1571.48,74.83,UPI
TXN0006634,M020,C03375,2025-11-07 18:25:30,PRD_ELE_01,Home Electronics,1,12548.76,597.56,UPI
TXN0006538,M006,C01447,2025-11-07 18:28:11,PRD_CHG_02,Chargers,1,1453.58,69.22,UPI
TXN0001550,M040,C01008,2025-11-07 18:28:40,PRD_COF_01,Coffee,4,380.0,1280.88,CASH
TXN0006819,M030,C02070,2025-11-07 18:30:18,PRD_MOB_02,Mobiles,2,11999.0,18235.96,UPI
TXN0000209,M044,C03178,2025-11-07 18:39:42,PRD_ACC_01,Accessories,1,1307.48,62.26,CARD
TXN0002203,M009,C02152,2025-11-07 18:46:59,PRD_MED_02,Medicine,1,712.52,33.93,CARD
TXN0007285,M010,C02677,2025-11-07 18:53:58,PRD_HOU_01,Household,1,747.83,35.61,UPI
TXN0002732,M034,C02354,2025-11-07 19:02:33,PRD_OFF_02,Office Supplies,2,311.12,29.64,CASH
TXN0005980,M021,C00544,2025-11-07 19:16:15,PRD_OFF_01,Office Supplies,1,658.51,31.36,UPI
TXN0002820,M014,C00239,2025-11-07 19:44:40,PRD_BRD_02,Bread,1,482.02,22.95,UPI
TXN0009127,M017,C02681,2025-11-07 19:54:15,PRD_NOT_01,Notebooks,1,199.91,9.52,UPI
TXN0008908,M019,C00994,2025-11-07 20:01:08,PRD_CHG_02,Chargers,1,1480.56,70.5,CARD
TXN0007870,M003,C00346,2025-11-07 20:08:07,PRD_COF_01,Coffee,1,380.0,107.27,UPI
TXN0003966,M005,C02007,2025-11-07 20:08:20,PRD_ELE_02,Home Electronics,1,16695.0,795.0,CARD
TXN0001512,M019,C01530,2025-11-07 22:47:12,PRD_CHG_01,Chargers,1,1966.88,93.66,UPI
TXN0004062,M005,C02142,2025-11-07 22:52:18,PRD_LAP_02,Laptops,1,6352.98,302.52,UPI
TXN0007501,M003,C02485,2025-11-08 08:00:30,PRD_DES_01,Desserts,2,220.0,236.89,UPI
TXN0007914,M004,C02922,2025-11-08 10:29:32,PRD_LAP_02,Laptops,1,17325.0,825.0,WALLET
TXN0004113,M045,C02866,2025-11-08 15:06:02,PRD_BEV_01,Beverages,1,1018.38,48.49,CARD
TXN0009518,M046,C00646,2025-11-08 15:09:21,PRD_BEV_02,Beverages,1,1790.82,85.28,UPI
TXN0009755,M017,C01556,2025-11-08 15:10:07,PRD_WRI_01,Writing,4,180.21,34.33,UPI
TXN0000659,M031,C03225,2025-11-08 15:31:49,PRD_LAP_02,Laptops,1,6981.52,332.45,UPI
TXN0000080,M001,C00514,2025-11-08 15:53:53,PRD_DAI_01,Dairy,1,424.47,20.21,UPI
TXN0009655,M042,C02233,2025-11-08 16:40:39,PRD_SNK_02,Snacks,1,294.67,14.03,UPI
TXN0008604,M006,C00945,2025-11-08 16:44:14,PRD_CAS_01,Cases,1,1311.58,62.46,CASH
TXN0001976,M038,C03232,2025-11-08 16:57:33,PRD_CAS_02,Cases,1,1546.58,73.65,UPI
TXN0006119,M041,C02330,2025-11-08 17:03:23,PRD_DES_01,Desserts,1,384.15,18.29,UPI
TXN0006832,M015,C03325,2025-11-08 18:06:11,PRD_SNK_02,Snacks,1,502.22,23.92,CARD
TXN0005836,M001,C00213,2025-11-08 18:38:32,PRD_STA_01,Staples,2,856.14,81.53,UPI
TXN0006555,M023,C03368,2025-11-08 18:44:26,PRD_MEA_02,Meals,1,537.08,25.58,UPI
TXN0001465,M008,C00601,2025-11-08 18:57:11,PRD_DES_01,Desserts,1,220.0,37.6,CARD
TXN0001425,M014,C02184,2025-11-08 18:59:07,PRD_CAK_02,Cakes,1,529.19,25.2,UPI
TXN0005800,M029,C02968,2025-11-08 19:12:40,PRD_OFF_01,Office Supplies,1,309.17,14.72,UPI
TXN0005284,M011,C00887,2025-11-08 19:16:08,PRD_WRI_02,Writing,1,449.66,21.41,CARD
TXN0007427,M035,C02158,2025-11-08 19:28:29,PRD_CHG_01,Chargers,1,949.18,45.2,UPI
TXN0003526,M015,C01798,2025-11-08 19:47:52,PRD_BRD_02,Bread,3,140.0,261.64,UPI
TXN0002420,M028,C02458,2025-11-08 19:48:40,PRD_CHG_01,Chargers,1,1754.87,83.57,UPI
TXN0003377,M029,C03456,2025-11-08 20:02:38,PRD_NOT_02,Notebooks,1,367.29,17.49,UPI
TXN0006403,M002,C02216,2025-11-08 20:08:57,PRD_PAS_01,Pastries,1,1386.0,66.0,UPI
TXN0000523,M027,C00058,2025-11-08 20:12:48,PRD_LAP_02,Laptops,2,2411.99,229.71,CARD
TXN0003163,M020,C01126,2025-11-08 20:46:13,PRD_ACC_01,Accessories,1,5224.32,248.78,CASH
TXN0000014,M040,C01070,2025-11-08 20:55:51,PRD_TEA_02,Tea,1,210.0,91.81,UPI
TXN0004897,M044,C03176,2025-11-08 20:57:27,PRD_WOM_01,Women,2,1276.33,121.55,UPI
TXN0002470,M015,C00522,2025-11-08 21:49:20,PRD_BRD_02,Bread,1,459.08,21.86,CASH
TXN0003724,M012,C00442,2025-11-08 22:04:15,PRD_SNK_01,Snacks,4,577.5,110.0,UPI
TXN0001919,M047,C00806,2025-11-09 09:11:41,PRD_ELE_02,Home Electronics,1,15439.76,735.23,WALLET
TXN0004327,M049,C03109,2025-11-09 09:47:56,PRD_COF_01,Coffee,1,380.0,234.64,UPI
TXN0000808,M019,C02987,2025-11-09 10:13:09,PRD_EAR_02,Earphones,1,882.58,42.03,CASH
TXN0003927,M034,C02550,2025-11-09 13:40:39,PRD_ART_01,Art Supplies,2,320.0,431.36,CASH
TXN0004229,M003,C00424,2025-11-09 14:30:56,PRD_DES_02,Desserts,1,488.3,23.25,UPI
TXN0000273,M015,C02271,2025-11-09 16:12:29,PRD_CAK_01,Cakes,1,1386.0,66.0,CARD
TXN0007111,M040,C01712,2025-11-09 16:57:58,PRD_COF_02,Coffee,1,824.56,39.26,WALLET
TXN0002048,M026,C01509,2025-11-09 17:42:45,PRD_SNK_01,Snacks,1,924.0,44.0,UPI
TXN0006224,M026,C00267,2025-11-09 17:46:21,PRD_DES_02,Desserts,1,180.0,47.44,UPI
TXN0005199,M002,C02498,2025-11-09 17:56:47,PRD_SNK_01,Snacks,1,267.17,12.72,UPI
TXN0007136,M046,C02699,2025-11-09 18:06:45,PRD_BEV_02,Beverages,2,888.83,84.65,UPI
TXN0003983,M038,C03032,2025-11-09 18:11:21,PRD_CAS_01,Cases,1,1018.22,48.49,UPI
TXN0007831,M035,C00822,2025-11-09 18:12:36,PRD_CHG_02,Chargers,1,999.0,229.86,UPI
TXN0001243,M006,C00005,2025-11-09 18:49:57,PRD_CHG_01,Chargers,1,1779.34,84.73,CARD
TXN0008811,M049,C00377,2025-11-09 18:55:58,PRD_TEA_02,Tea,1,486.11,23.15,CARD
TXN0000807,M018,C00530,2025-11-09 18:57:51,PRD_MEA_01,Meals,1,293.38,13.97,UPI
TXN0008167,M048,C02476,2025-11-09 19:11:55,PRD_CAB_02,Cables,1,543.86,25.9,UPI
TXN0001142,M008,C00670,2025-11-09 19:13:19,PRD_DES_01,Desserts,1,469.9,22.38,UPI
TXN0006024,M046,C01419,2025-11-09 19:16:32,PRD_SNK_02,Snacks,1,1324.54,63.07,UPI
TXN0005283,M008,C01647,2025-11-09 19:46:34,PRD_DES_01,Desserts,1,220.0,154.0,CARD
TXN0004983,M015,C01870,2025-11-09 19:59:10,PRD_PAS_02,Pastries,1,448.59,21.36,UPI
TXN0003682,M034,C00802,2025-11-09 20:23:40,PRD_WRI_01,Writing,1,557.99,26.57,UPI
TXN0009546,M014,C01578,2025-11-09 20:46:04,PRD_PAS_02,Pastries,1,565.75,26.94,UPI
TXN0000496,M040,C01472,2025-11-09 21:06:59,PRD_DES_01,Desserts,1,411.94,19.62,UPI
TXN0002858,M005,C03190,2025-11-09 21:26:45,PRD_ELE_02,Home Electronics,1,7617.46,362.74,CASH
TXN0000604,M023,C02984,2025-11-09 21:38:24,PRD_DES_01,Desserts,2,337.79,32.18,UPI
TXN0009062,M038,C00459,2025-11-09 22:40:17,PRD_EAR_02,Earphones,1,2641.29,125.78,UPI
TXN0009054,M039,C01120,2025-11-09 22:51:59,PRD_WEL_01,Wellness,1,1068.19,50.87,UPI
TXN0008162,M019,C01349,2025-11-10 09:09:02,PRD_CAB_02,Cables,1,706.76,33.66,CASH
TXN0000253,M021,C02851,2025-11-10 09:24:03,PRD_WRI_01,Writing,1,230.69,10.99,UPI
TXN0009206,M031,C00834,2025-11-10 10:29:29,PRD_MOB_02,Mobiles,1,11999.0,1381.34,CARD
TXN0000131,M038,C00936,2025-11-10 10:57:42,PRD_EAR_01,Earphones,1,1394.36,66.4,CARD
TXN0006847,M018,C00744,2025-11-10 12:53:30,PRD_MEA_02,Meals,1,901.88,42.95,CASH
TXN0008013,M002,C00124,2025-11-10 12:55:46,PRD_PAS_01,Pastries,2,131.33,12.51,UPI
TXN0009870,M017,C00446,2025-11-10 13:18:21,PRD_WRI_02,Writing,1,337.06,16.05,UPI
TXN0009746,M002,C01604,2025-11-10 15:36:02,PRD_PAS_01,Pastries,1,205.56,9.79,WALLET
TXN0009088,M006,C00402,2025-11-10 16:40:29,PRD_EAR_02,Earphones,1,1927.97,91.81,UPI
TXN0003225,M019,C02763,2025-11-10 16:44:46,PRD_CAB_01,Cables,3,572.42,81.77,UPI
TXN0006424,M037,C03329,2025-11-10 17:23:03,PRD_EAR_02,Earphones,1,2201.97,104.86,UPI
TXN0004616,M010,C02126,2025-11-10 17:27:30,PRD_BEV_01,Beverages,1,994.75,47.37,UPI
TXN0003345,M049,C01979,2025-11-10 17:56:45,PRD_TEA_02,Tea,1,254.74,12.13,UPI
TXN0008185,M049,C02286,2025-11-10 18:01:25,PRD_DES_01,Desserts,1,312.42,14.88,UPI
TXN0005798,M038,C02299,2025-11-10 18:08:41,PRD_CAB_02,Cables,3,937.32,133.9,UPI
TXN0005065,M029,C00456,2025-11-10 18:17:31,PRD_WRI_01,Writing,1,270.11,12.86,UPI
TXN0000977,M017,C00630,2025-11-10 18:22:53,PRD_NOT_02,Notebooks,1,334.41,15.92,UPI
TXN0006891,M049,C01189,2025-11-10 18:26:32,PRD_TEA_01,Tea,1,240.0,137.49,CARD
TXN0009385,M003,C00760,2025-11-10 18:46:03,PRD_DES_02,Desserts,1,528.0,25.14,UPI
TXN0001745,M043,C00955,2025-11-10 19:10:31,PRD_CAK_01,Cakes,2,550.0,572.77,UPI
TXN0005119,M013,C00087,2025-11-10 19:34:02,PRD_PAS_02,Pastries,1,144.13,6.86,UPI
TXN0009320,M036,C01408,2025-11-10 19:46:56,PRD_BEV_01,Beverages,1,1672.44,79.64,CARD
TXN0007432,M015,C03484,2025-11-10 19:58:45,PRD_PAS_02,Pastries,2,313.78,29.89,UPI
TXN0009153,M002,C00345,2025-11-10 19:59:37,PRD_BRD_01,Bread,2,236.58,22.53,UPI
TXN0009961,M042,C01750,2025-11-10 20:17:46,PRD_CAK_02,Cakes,1,466.23,22.2,UPI
TXN0004083,M003,C02904,2025-11-10 20:24:34,PRD_DES_01,Desserts,1,220.0,20.35,CASH
TXN0007979,M037,C02633,2025-11-10 20:38:42,PRD_CAB_02,Cables,1,2504.0,119.24,CARD
TXN0004597,M029,C01506,2025-11-10 20:43:50,PRD_NOT_01,Notebooks,1,310.94,14.81,UPI
TXN0005059,M035,C00143,2025-11-10 21:34:18,PRD_CAS_02,Cases,1,1513.95,72.09,UPI
TXN0003254,M023,C00882,2025-11-10 21:48:33,PRD_BEV_01,Beverages,1,876.36,41.73,WALLET
TXN0002928,M033,C01452,2025-11-10 22:07:57,PRD_STA_02,Staples,2,245.0,190.54,UPI
TXN0009835,M017,C02903,2025-11-11 08:18:49,PRD_NOT_01,Notebooks,2,160.0,65.01,UPI
TXN0006230,M014,C01040,2025-11-11 09:36:20,PRD_PAS_02,Pastries,2,110.0,42.97,UPI
TXN0005077,M008,C02571,2025-11-11 12:41:59,PRD_DES_01,Desserts,3,220.0,312.87,CARD
TXN0006432,M044,C03089,2025-11-11 13:40:43,PRD_ACC_02,Accessories,1,956.06,45.53,UPI
TXN0004130,M044,C00916,2025-11-11 15:27:28,PRD_WOM_01,Women,1,865.14,41.2,CARD
TXN0000275,M021,C02226,2025-11-11 16:04:50,PRD_WRI_02,Writing,1,218.95,10.43,UPI
TXN0005561,M001,C02543,2025-11-11 16:23:51,PRD_DAI_01,Dairy,1,1517.48,72.26,UPI
TXN0009001,M049,C01277,2025-11-11 16:30:19,PRD_COF_02,Coffee,1,840.0,40.0,UPI
TXN0003879,M012,C01716,2025-11-11 16:40:51,PRD_BEV_01,Beverages,1,110.0,16.67,UPI
TXN0001281,M014,C01176,2025-11-11 16:49:17,PRD_SNK_02,Snacks,1,1260.0,60.0,UPI
TXN0002134,M003,C01434,2025-11-11 16:53:40,PRD_SNK_01,Snacks,1,840.0,40.0,UPI
TXN0002875,M005,C01402,2025-11-11 16:56:29,PRD_ACC_02,Accessories,1,4417.02,210.33,CASH
TXN0004686,M027,C00264,2025-11-11 17:04:05,PRD_ACC_01,Accessories,1,15750.0,750.0,UPI
TXN0001087,M043,C03329,2025-11-11 18:03:18,PRD_BRD_02,Bread,1,148.17,7.06,CASH
TXN0001183,M034,C02419,2025-11-11 18:16:45,PRD_OFF_01,Office Supplies,1,325.0,15.48,UPI
TXN0003946,M019,C00509,2025-11-11 18:34:37,PRD_CAB_02,Cables,2,1058.85,100.84,UPI
TXN0003872,M005,C02043,2025-11-11 18:47:36,PRD_LAP_01,Laptops,2,3796.03,361.53,UPI
TXN0001149,M030,C02652,2025-11-11 19:37:20,PRD_ACC_02,Accessories,1,6079.26,289.49,UPI
TXN0001894,M031,C02331,2025-11-11 19:39:58,PRD_MOB_01,Mobiles,1,6499.0,3103.89,CASH
TXN0009863,M042,C01481,2025-11-11 20:29:02,PRD_PAS_02,Pastries,1,187.56,8.93,CASH
TXN0006020,M031,C02323,2025-11-11 20:53:37,PRD_LAP_01,Laptops,1,2102.41,100.11,UPI
TXN0006568,M046,C03036,2025-11-11 20:58:50,PRD_HOU_02,Household,2,325.03,30.96,CARD
TXN0007356,M026,C01762,2025-11-11 21:07:42,PRD_DES_01,Desserts,1,636.8,30.32,UPI
TXN0009517,M007,C02431,2025-11-11 21:52:43,PRD_STA_02,Staples,1,1215.71,57.89,UPI
TXN0002231,M041,C00005,2025-11-11 22:26:17,PRD_MEA_01,Meals,1,304.48,14.5,UPI
TXN0003209,M012,C03162,2025-11-11 22:31:10,PRD_HOU_02,Household,1,441.71,21.03,WALLET
TXN0006862,M031,C01752,2025-11-12 08:18:08,PRD_ACC_01,Accessories,4,3293.06,627.25,UPI
TXN0006639,M035,C02924,2025-11-12 10:01:27,PRD_CAB_02,Cables,1,1470.89,70.04,UPI
TXN0008665,M042,C01091,2025-11-12 10:40:30,PRD_PAS_01,Pastries,1,183.17,8.72,UPI
TXN0009346,M034,C02542,2025-11-12 13:26:33,PRD_OFF_02,Office Supplies,1,649.37,30.92,CASH
TXN0001724,M020,C01812,2025-11-12 13:30:07,PRD_LAP_01,Laptops,1,8043.3,383.01,UPI
TXN0000134,M003,C00413,2025-11-12 14:01:19,PRD_COF_02,Coffee,2,280.0,427.11,UPI
TXN0007399,M008,C02271,2025-11-12 14:13:51,PRD_TEA_01,Tea,4,240.0,160.0,UPI
TXN0003218,M007,C02104,2025-11-12 14:43:25,PRD_HOU_02,Household,1,1152.1,54.86,CASH
TXN0000962,M039,C02174,2025-11-12 16:24:35,PRD_PER_01,Personal Care,1,676.7,32.22,UPI
TXN0005985,M031,C00155,2025-11-12 16:42:09,PRD_LAP_02,Laptops,1,3255.24,155.01,UPI
TXN0001581,M050,C00879,2025-11-12 17:07:19,PRD_BRD_01,Bread,1,825.96,39.33,UPI
TXN0000005,M030,C00147,2025-11-12 17:20:44,PRD_LAP_02,Laptops,2,2956.96,281.61,CARD
TXN0005538,M028,C03008,2025-11-12 17:44:00,PRD_EAR_01,Earphones,1,1660.79,79.09,UPI
TXN0004068,M029,C03399,2025-11-12 17:50:18,PRD_NOT_02,Notebooks,1,270.28,12.87,UPI
TXN0007442,M002,C01918,2025-11-12 17:56:06,PRD_CAK_01,Cakes,2,550.0,271.19,CARD
TXN0006102,M025,C01672,2025-11-12 18:01:12,PRD_CAK_02,Cakes,1,450.0,268.58,UPI
TXN0005709,M033,C01300,2025-11-12 18:07:39,PRD_BEV_01,Beverages,1,1189.45,56.64,CASH
TXN0004759,M017,C02706,2025-11-12 18:09:06,PRD_WRI_02,Writing,1,433.95,20.66,UPI
TXN0003931,M044,C01179,2025-11-12 18:19:08,PRD_ACC_01,Accessories,1,2547.92,121.33,UPI
TXN0004741,M006,C00387,2025-11-12 18:22:17,PRD_CAS_02,Cases,1,777.48,37.02,WALLET
TXN0001875,M027,C01289,2025-11-12 18:29:31,PRD_LAP_01,Laptops,1,17412.71,829.18,UPI
TXN0001762,M006,C02697,2025-11-12 19:11:42,PRD_CAS_02,Cases,4,456.12,86.88,UPI
TXN0005120,M023,C00663,2025-11-12 19:17:29,PRD_BEV_01,Beverages,4,371.71,70.81,CASH
TXN0006630,M021,C03194,2025-11-12 19:27:43,PRD_NOT_02,Notebooks,1,260.0,37.19,UPI
TXN0008467,M002,C03087,2025-11-12 19:28:24,PRD_CAK_01,Cakes,1,550.0,182.94,CARD
TXN0008635,M009,C02844,2025-11-12 20:18:58,PRD_BABY_02,Baby Care,1,769.68,36.65,CARD
TXN0002423,M008,C02040,2025-11-12 20:25:32,PRD_SNK_01,Snacks,3,45.0,55.39,CARD
TXN0005816,M036,C02708,2025-11-12 20:34:40,PRD_BEV_02,Beverages,1,118.85,5.66,UPI
TXN0003160,M009,C01357,2025-11-12 20:40:54,PRD_MED_01,Medicine,1,549.43,26.16,UPI
TXN0006557,M046,C03440,2025-11-12 20:55:07,PRD_BEV_02,Beverages,1,1100.1,52.39,UPI
TXN0004825,M036,C01581,2025-11-12 21:05:56,PRD_DAI_01,Dairy,1,355.08,16.91,UPI
TXN0001103,M025,C02020,2025-11-12 21:08:44,PRD_PAS_02,Pastries,1,870.17,41.44,WALLET
TXN0004639,M026,C00538,2025-11-12 21:23:09,PRD_DES_01,Desserts,1,220.0,87.5,CASH
TXN0005494,M031,C01703,2025-11-12 21:36:03,PRD_ELE_02,Home Electronics,1,3334.91,158.81,UPI
TXN0002160,M010,C01222,2025-11-12 21:48:19,PRD_BEV_01,Beverages,2,315.88,30.09,CASH
TXN0005079,M023,C01997,2025-11-12 21:51:07,PRD_DES_02,Desserts,2,180.0,183.47,UPI
TXN0008431,M007,C00893,2025-11-12 22:19:33,PRD_HOU_01,Household,1,573.62,27.32,UPI
TXN0007183,M040,C03166,2025-11-12 22:44:07,PRD_SNK_02,Snacks,1,225.0,121.05,UPI
TXN0009927,M001,C00810,2025-11-12 22:59:11,PRD_STA_01,Staples,1,671.82,31.99,UPI
TXN0007070,M041,C01475,2025-11-13 08:46:18,PRD_BEV_02,Beverages,2,131.56,12.52,UPI
TXN0005121,M033,C03182,2025-11-13 09:29:08,PRD_STA_01,Staples,1,633.94,30.19,WALLET
TXN0001509,M036,C01020,2025-11-13 12:21:33,PRD_HOU_02,Household,2,320.0,269.73,UPI
TXN0001387,M009,C00992,2025-11-13 13:51:43,PRD_MED_01,Medicine,1,2293.61,109.22,UPI
TXN0002154,M044,C00428,2025-11-13 16:10:58,PRD_MEN_02,Men,2,1580.74,150.54,UPI
TXN0005663,M042,C02048,2025-11-13 16:17:01,PRD_BRD_01,Bread,1,280.56,13.36,CARD
TXN0006685,M040,C00888,2025-11-13 16:26:25,PRD_SNK_02,Snacks,1,253.61,12.08,UPI
TXN0008498,M009,C03410,2025-11-13 16:38:56,PRD_WEL_01,Wellness,1,627.92,29.9,UPI
TXN0001895,M018,C03481,2025-11-13 17:32:02,PRD_DES_02,Desserts,1,1575.0,75.0,CARD
TXN0006595,M022,C01416,2025-11-13 18:04:26,PRD_WOM_01,Women,1,2826.22,134.58,UPI
TXN0003840,M017,C02898,2025-11-13 18:41:16,PRD_OFF_02,Office Supplies,1,310.0,112.7,WALLET
TXN0002598,M017,C02252,2025-11-13 19:15:58,PRD_NOT_01,Notebooks,1,677.84,32.28,UPI
TXN0005593,M050,C03214,2025-11-13 20:02:10,PRD_BRD_02,Bread,1,142.53,6.79,UPI
TXN0001428,M015,C03021,2025-11-13 20:24:59,PRD_PAS_01,Pastries,1,717.56,34.17,UPI
TXN0004069,M043,C02730,2025-11-13 20:32:27,PRD_BRD_02,Bread,1,142.48,6.78,CARD
TXN0002503,M017,C02304,2025-11-13 21:17:17,PRD_ART_01,Art Supplies,2,320.0,535.81,UPI
TXN0008349,M001,C03298,2025-11-13 21:54:00,PRD_HOU_02,Household,1,1189.35,56.64,UPI
TXN0006027,M037,C00079,2025-11-13 22:46:09,PRD_CHG_01,Chargers,1,1850.87,88.14,UPI
TXN0002716,M040,C03414,2025-11-14 10:52:26,PRD_DES_02,Desserts,2,180.0,287.79,UPI
TXN0001622,M038,C01970,2025-11-14 11:16:34,PRD_CHG_01,Chargers,2,1575.0,150.0,CASH
TXN0005202,M031,C01299,2025-11-14 11:29:16,PRD_ACC_02,Accessories,1,3370.85,160.52,UPI
TXN0008821,M036,C01298,2025-11-14 11:35:51,PRD_STA_01,Staples,2,540.0,929.37,UPI
TXN0008422,M038,C03027,2025-11-14 12:48:19,PRD_CHG_02,Chargers,1,999.0,417.87,UPI
TXN0003529,M010,C00296,2025-11-14 15:14:32,PRD_BEV_01,Beverages,1,205.22,9.77,UPI
TXN0007482,M040,C00263,2025-11-14 15:37:02,PRD_TEA_02,Tea,1,210.0,55.84,UPI
TXN0003095,M016,C02155,2025-11-14 15:39:54,PRD_SNK_01,Snacks,1,419.86,19.99,UPI
TXN0008606,M011,C01945,2025-11-14 16:52:39,PRD_WRI_02,Writing,1,839.95,40.0,UPI
TXN0007160,M047,C02326,2025-11-14 17:13:56,PRD_LAP_01,Laptops,1,7143.24,340.15,UPI
TXN0006007,M033,C01788,2025-11-14 17:18:59,PRD_STA_02,Staples,1,1180.94,56.24,UPI
TXN0005671,M032,C02296,2025-11-14 17:31:43,PRD_BABY_01,Baby Care,1,799.0,458.59,UPI
TXN0008403,M036,C01176,2025-11-14 17:44:15,PRD_HOU_02,Household,1,775.27,36.92,UPI
TXN0006938,M014,C01383,2025-11-14 17:44:22,PRD_CAK_01,Cakes,1,550.0,111.89,UPI
TXN0007351,M027,C02235,2025-11-14 18:03:08,PRD_ACC_02,Accessories,1,1039.35,49.49,UPI
TXN0006807,M037,C03130,2025-11-14 18:04:37,PRD_EAR_01,Earphones,1,2502.55,119.17,UPI
TXN0004676,M021,C01290,2025-11-14 18:07:31,PRD_NOT_02,Notebooks,1,260.0,129.15,CASH
TXN0001809,M042,C02110,2025-11-14 18:22:07,PRD_CAK_01,Cakes,1,550.0,322.95,UPI
TXN0003119,M015,C00384,2025-11-14 18:32:47,PRD_PAS_02,Pastries,1,365.04,17.38,UPI
TXN0008636,M030,C00513,2025-11-14 18:37:01,PRD_MOB_01,Mobiles,1,6499.0,4092.75,UPI
TXN0005713,M027,C00723,2025-11-14 18:53:29,PRD_ACC_02,Accessories,2,6416.69,611.12,UPI
TXN0002044,M016,C02805,2025-11-14 19:06:40,PRD_SNK_01,Snacks,1,213.63,10.17,UPI
TXN0000366,M036,C02783,2025-11-14 19:42:08,PRD_HOU_02,Household,4,460.25,87.65,UPI
TXN0007868,M005,C02340,2025-11-14 20:02:31,PRD_LAP_01,Laptops,1,15750.0,750.0,UPI
TXN0001209,M049,C03274,2025-11-14 20:08:51,PRD_DES_02,Desserts,1,180.0,18.08,CARD
TXN0004617,M011,C03287,2025-11-14 20:29:21,PRD_ART_01,Art Supplies,1,383.21,18.25,CASH
TXN0000008,M030,C01679,2025-11-14 20:31:17,PRD_MOB_02,Mobiles,1,11999.0,6534.6,UPI
TXN0006010,M016,C01835,2025-11-14 20:42:34,PRD_BRD_01,Bread,2,125.74,11.97,UPI
TXN0002778,M007,C01020,2025-11-14 22:23:48,PRD_BEV_02,Beverages,3,202.49,28.92,CASH
TXN0001435,M045,C02117,2025-11-15 08:13:05,PRD_STA_01,Staples,2,615.9,58.65,UPI
TXN0006601,M019,C01294,2025-11-15 08:49:35,PRD_CAB_02,Cables,1,427.85,20.37,UPI
TXN0000467,M022,C00158,2025-11-15 08:51:28,PRD_MEN_01,Men,1,1473.86,70.18,UPI
TXN0005263,M009,C00863,2025-11-15 09:34:22,PRD_BABY_02,Baby Care,1,379.42,18.07,UPI
TXN0008468,M045,C02834,2025-11-15 09:43:47,PRD_SNK_01,Snacks,1,840.68,40.03,CARD
TXN0004976,M029,C00325,2025-11-15 10:07:58,PRD_ART_02,Art Supplies,1,1039.5,49.5,UPI
TXN0003533,M020,C01576,2025-11-15 10:20:46,PRD_MOB_01,Mobiles,1,6513.75,310.18,UPI
TXN0006698,M026,C02185,2025-11-15 13:08:35,PRD_COF_02,Coffee,1,280.0,155.03,UPI
TXN0002306,M043,C02757,2025-11-15 14:22:34,PRD_CAK_01,Cakes,2,643.94,61.33,CARD
TXN0002954,M031,C00206,2025-11-15 15:41:14,PRD_ELE_02,Home Electronics,1,5821.73,277.23,UPI
TXN0000330,M004,C00057,2025-11-15 15:48:07,PRD_ACC_01,Accessories,1,3257.04,155.1,UPI
TXN0009465,M006,C03041,2025-11-15 16:12:03,PRD_CHG_02,Chargers,1,1209.77,57.61,UPI
TXN0003412,M011,C02252,2025-11-15 16:37:50,PRD_ART_01,Art Supplies,1,320.0,85.38,UPI
TXN0006760,M047,C02701,2025-11-15 17:03:49,PRD_LAP_02,Laptops,1,17325.0,825.0,CARD
TXN0007403,M039,C00472,2025-11-15 18:06:27,PRD_MED_01,Medicine,1,1360.35,64.78,UPI
TXN0005970,M049,C00022,2025-11-15 18:27:03,PRD_TEA_02,Tea,1,377.07,17.96,UPI
TXN0005282,M017,C02667,2025-11-15 18:35:14,PRD_OFF_01,Office Supplies,1,708.9,33.76,UPI
TXN0003666,M011,C01493,2025-11-15 18:35:31,PRD_WRI_02,Writing,2,317.83,30.26,UPI
TXN0009993,M029,C02427,2025-11-15 18:38:02,PRD_WRI_01,Writing,1,1007.74,47.99,UPI
TXN0006781,M042,C01033,2025-11-15 18:41:38,PRD_PAS_02,Pastries,1,341.76,16.27,UPI
TXN0009108,M031,C00035,2025-11-15 18:42:01,PRD_LAP_01,Laptops,1,17325.0,825.0,UPI
TXN0005422,M049,C03265,2025-11-15 19:08:59,PRD_TEA_02,Tea,1,214.94,10.24,UPI
TXN0008552,M040,C00363,2025-11-15 19:09:28,PRD_DES_01,Desserts,1,303.34,14.44,CASH
TXN0003452,M042,C00384,2025-11-15 19:25:47,PRD_SNK_02,Snacks,1,553.52,26.36,CASH
TXN0003908,M033,C01907,2025-11-15 19:44:40,PRD_BEV_01,Beverages,1,995.99,47.43,UPI
TXN0004254,M046,C02161,2025-11-15 19:48:49,PRD_BEV_02,Beverages,1,931.28,44.35,UPI
TXN0007859,M049,C02521,2025-11-15 19:58:04,PRD_SNK_01,Snacks,1,147.84,7.04,UPI
TXN0002505,M012,C00623,2025-11-15 20:04:50,PRD_BEV_02,Beverages,1,524.15,24.96,UPI
TXN0007129,M031,C02568,2025-11-15 20:08:24,PRD_LAP_01,Laptops,2,899.0,287.54,UPI
TXN0008617,M034,C02883,2025-11-15 20:19:04,PRD_ART_02,Art Supplies,1,347.03,16.53,UPI
TXN0009482,M026,C00072,2025-11-15 20:43:38,PRD_SNK_01,Snacks,1,453.79,21.61,UPI
TXN0000305,M041,C02322,2025-11-15 20:52:15,PRD_SNK_02,Snacks,2,509.32,48.51,UPI
TXN0005479,M046,C03066,2025-11-15 21:42:14,PRD_ESS_01,Daily Essentials,1,891.12,42.43,UPI
TXN0006646,M017,C02150,2025-11-15 22:16:36,PRD_WRI_02,Writing,1,402.29,19.16,UPI
TXN0006015,M022,C02026,2025-11-15 22:31:32,PRD_ACC_01,Accessories,2,1870.35,178.13,UPI
TXN0005818,M007,C02882,2025-11-15 22:55:45,PRD_HOU_02,Household,1,1188.3,56.59,UPI
TXN0007032,M044,C01397,2025-11-16 08:43:13,PRD_ACC_01,Accessories,1,499.0,124.21,UPI
TXN0002170,M015,C00360,2025-11-16 08:46:44,PRD_CAK_02,Cakes,1,569.38,27.11,UPI
TXN0002329,M040,C00418,2025-11-16 10:36:47,PRD_SNK_01,Snacks,1,318.9,15.19,UPI
TXN0008684,M046,C00624,2025-11-16 10:38:00,PRD_SNK_02,Snacks,1,1101.82,52.47,UPI
TXN0002496,M045,C02256,2025-11-16 10:42:15,PRD_DAI_01,Dairy,1,431.13,20.53,UPI
TXN0008929,M040,C00309,2025-11-16 12:00:00,PRD_SNK_02,Snacks,1,225.0,36.98,WALLET
TXN0006723,M020,C00548,2025-11-16 12:11:32,PRD_ACC_01,Accessories,1,7496.64,356.98,UPI
TXN0007115,M044,C03051,2025-11-16 12:13:16,PRD_KID_02,Kids,1,664.47,31.64,UPI
TXN0005805,M002,C01627,2025-11-16 12:38:28,PRD_BRD_01,Bread,1,161.85,7.71,WALLET
TXN0000561,M017,C02240,2025-11-16 16:20:55,PRD_ART_02,Art Supplies,1,990.96,47.19,UPI
TXN0005654,M037,C01478,2025-11-16 17:19:11,PRD_EAR_01,Earphones,2,1299.0,1313.98,UPI
TXN0005254,M010,C02972,2025-11-16 18:26:00,PRD_DAI_02,Dairy,1,1097.61,52.27,WALLET
TXN0005926,M021,C03412,2025-11-16 18:28:17,PRD_NOT_01,Notebooks,1,160.0,38.8,UPI
TXN0006982,M033,C02608,2025-11-16 18:51:49,PRD_STA_02,Staples,1,2000.91,95.28,UPI
TXN0007715,M016,C01914,2025-11-16 18:53:02,PRD_CAK_01,Cakes,1,550.0,334.21,UPI
TXN0006100,M026,C01102,2025-11-16 20:00:47,PRD_SNK_02,Snacks,1,225.0,92.91,UPI
TXN0000925,M013,C02694,2025-11-16 20:46:07,PRD_CAK_01,Cakes,1,828.96,39.47,UPI
TXN0007429,M011,C03168,2025-11-16 20:50:55,PRD_OFF_02,Office Supplies,1,310.0,197.01,UPI
TXN0006232,M016,C02600,2025-11-16 21:09:06,PRD_SNK_01,Snacks,2,237.48,22.61,UPI
TXN0007141,M003,C01867,2025-11-16 21:51:00,PRD_DES_02,Desserts,2,405.01,38.57,UPI
TXN0000576,M012,C00199,2025-11-16 21:52:34,PRD_SNK_01,Snacks,1,275.87,13.14,UPI
TXN0000724,M007,C01319,2025-11-16 22:44:37,PRD_DAI_02,Dairy,1,1751.31,83.4,UPI
TXN0001819,M008,C00008,2025-11-16 22:44:49,PRD_SNK_01,Snacks,1,104.37,4.97,UPI
TXN0001847,M049,C00058,2025-11-16 22:59:42,PRD_SNK_02,Snacks,1,245.64,11.7,UPI
TXN0000811,M010,C02521,2025-11-17 08:00:01,PRD_HOU_01,Household,1,364.93,17.38,CARD
TXN0006077,M026,C00237,2025-11-17 08:34:09,PRD_COF_02,Coffee,2,280.0,401.28,CARD
TXN0001852,M024,C00122,2025-11-17 09:18:09,PRD_BEV_01,Beverages,1,1000.59,47.65,UPI
TXN0001455,M045,C00013,2025-11-17 09:55:03,PRD_DAI_02,Dairy,2,122.48,11.67,UPI
TXN0002612,M008,C01001,2025-11-17 12:37:35,PRD_COF_01,Coffee,1,380.0,281.65,UPI
TXN0009674,M003,C03379,2025-11-17 14:11:27,PRD_SNK_02,Snacks,4,225.0,778.18,UPI
TXN0000723,M035,C02850,2025-11-17 14:20:23,PRD_CHG_01,Chargers,1,935.47,44.55,UPI
TXN0002477,M034,C00894,2025-11-17 15:19:46,PRD_WRI_02,Writing,1,334.44,15.93,UPI
TXN0008546,M003,C00109,2025-11-17 15:52:23,PRD_DES_01,Desserts,1,527.07,25.1,UPI
TXN0008781,M012,C00982,2025-11-17 15:53:10,PRD_BEV_02,Beverages,2,295.0,28.1,UPI
TXN0000370,M040,C00428,2025-11-17 16:57:48,PRD_TEA_01,Tea,1,240.0,41.02,UPI
TXN0001072,M011,C02215,2025-11-17 18:08:36,PRD_NOT_02,Notebooks,2,260.0,323.76,UPI
TXN0006459,M008,C01188,2025-11-17 18:37:28,PRD_COF_01,Coffee,1,806.89,38.42,WALLET
TXN0005052,M009,C02276,2025-11-17 19:20:13,PRD_MED_02,Medicine,3,531.74,75.97,CARD
TXN0002852,M033,C02857,2025-11-17 19:27:49,PRD_STA_01,Staples,1,665.76,31.7,UPI
TXN0001682,M003,C02429,2025-11-17 19:52:26,PRD_TEA_02,Tea,1,436.49,20.79,WALLET
TXN0004670,M016,C01783,2025-11-17 20:31:37,PRD_PAS_01,Pastries,3,129.51,18.49,UPI
TXN0005127,M003,C00162,2025-11-17 21:53:41,PRD_SNK_02,Snacks,1,449.0,21.38,UPI
TXN0006651,M018,C00608,2025-11-18 10:51:39,PRD_BEV_01,Beverages,1,578.75,27.56,UPI
TXN0003817,M009,C03211,2025-11-18 12:32:09,PRD_BABY_02,Baby Care,1,160.0,10.94,CARD
TXN0001065,M033,C01563,2025-11-18 14:33:24,PRD_SNK_01,Snacks,1,645.6,30.74,UPI
TXN0005290,M037,C00784,2025-11-18 15:12:08,PRD_EAR_02,Earphones,1,2522.9,120.14,UPI
TXN0001469,M019,C01546,2025-11-18 15:21:51,PRD_CAS_01,Cases,1,556.13,26.48,UPI
TXN0002282,M029,C02633,2025-11-18 15:58:40,PRD_ART_02,Art Supplies,1,175.0,92.22,UPI
TXN0000385,M006,C00661,2025-11-18 16:53:25,PRD_CHG_01,Chargers,2,699.0,943.65,CASH
TXN0007488,M034,C02561,2025-11-18 17:05:16,PRD_NOT_02,Notebooks,1,260.0,69.45,UPI
TXN0001788,M046,C02186,2025-11-18 17:28:10,PRD_SNK_01,Snacks,1,674.3,32.11,UPI
TXN0006575,M029,C03487,2025-11-18 17:48:27,PRD_NOT_02,Notebooks,1,260.0,145.61,UPI
TXN0005410,M044,C01109,2025-11-18 17:50:47,PRD_KID_01,Kids,1,1914.81,91.18,UPI
TXN0001595,M043,C02853,2025-11-18 17:54:15,PRD_SNK_02,Snacks,1,451.51,21.5,CARD
TXN0006764,M031,C02376,2025-11-18 18:14:27,PRD_ELE_01,Home Electronics,2,2067.35,196.9,WALLET
TXN0005044,M006,C00235,2025-11-18 18:36:55,PRD_CAB_02,Cables,2,349.0,502.57,UPI
TXN0002304,M032,C02088,2025-11-18 18:38:06,PRD_BABY_01,Baby Care,1,857.76,40.85,WALLET
TXN0001981,M036,C01036,2025-11-18 18:52:35,PRD_STA_02,Staples,1,422.06,20.1,UPI
TXN0007725,M036,C03390,2025-11-18 18:57:26,PRD_SNK_01,Snacks,1,220.22,10.49,CASH
TXN0008940,M009,C00991,2025-11-18 19:17:59,PRD_BABY_02,Baby Care,1,744.75,35.46,UPI
TXN0009275,M034,C00393,2025-11-18 19:19:14,PRD_OFF_01,Office Supplies,1,249.45,11.88,WALLET
TXN0009333,M008,C00575,2025-11-18 19:24:39,PRD_TEA_02,Tea,1,734.56,34.98,WALLET
TXN0006401,M050,C02372,2025-11-18 19:29:24,PRD_BRD_01,Bread,1,190.65,9.08,UPI
TXN0005723,M011,C01882,2025-11-18 19:38:50,PRD_OFF_02,Office Supplies,1,310.0,38.57,UPI
TXN0008043,M049,C00766,2025-11-18 19:43:15,PRD_SNK_01,Snacks,1,119.75,5.7,CARD
TXN0009575,M011,C01279,2025-11-18 19:44:56,PRD_ART_02,Art Supplies,1,945.0,45.0,UPI
TXN0000363,M011,C01466,2025-11-18 19:49:22,PRD_OFF_01,Office Supplies,1,653.21,31.11,UPI
TXN0009933,M019,C00177,2025-11-18 20:04:31,PRD_CAB_02,Cables,1,613.87,29.23,UPI
TXN0002507,M026,C00323,2025-11-18 20:24:31,PRD_COF_01,Coffee,1,477.35,22.73,CASH
TXN0000071,M008,C02356,2025-11-18 20:31:44,PRD_DES_02,Desserts,1,809.84,38.56,UPI
TXN0008344,M027,C01310,2025-11-18 20:43:46,PRD_ACC_01,Accessories,1,6268.5,298.5,UPI
TXN0006664,M039,C00104,2025-11-18 20:49:16,PRD_BABY_02,Baby Care,1,2818.37,134.21,UPI
TXN0004134,M049,C03212,2025-11-18 21:43:03,PRD_TEA_01,Tea,1,522.92,24.9,UPI
TXN0000302,M012,C01823,2025-11-18 21:44:21,PRD_ESS_02,Daily Essentials,1,1232.33,58.68,UPI
TXN0008165,M013,C00868,2025-11-19 10:34:35,PRD_PAS_01,Pastries,2,95.0,84.86,UPI
TXN0001415,M022,C02231,2025-11-19 11:19:30,PRD_WOM_02,Women,2,2388.87,227.51,CARD
TXN0008775,M008,C03089,2025-11-19 12:34:16,PRD_COF_01,Coffee,1,380.0,266.44,UPI
TXN0009429,M005,C01702,2025-11-19 13:49:41,PRD_ELE_02,Home Electronics,1,6194.33,294.97,UPI
TXN0006544,M009,C03043,2025-11-19 15:07:21,PRD_MED_01,Medicine,1,1534.64,73.08,UPI
TXN0009450,M003,C02005,2025-11-19 15:15:00,PRD_DES_02,Desserts,2,369.9,35.23,WALLET
TXN0002383,M047,C02416,2025-11-19 15:31:41,PRD_LAP_01,Laptops,1,2269.18,108.06,UPI
TXN0001718,M007,C00259,2025-11-19 16:33:17,PRD_SNK_02,Snacks,2,473.56,45.1,UPI
TXN0006250,M014,C03352,2025-11-19 17:03:38,PRD_BRD_01,Bread,1,762.7,36.32,CARD
TXN0007463,M050,C01014,2025-11-19 18:09:55,PRD_CAK_02,Cakes,1,1260.0,60.0,WALLET
TXN0002052,M020,C00808,2025-11-19 19:11:40,PRD_MOB_01,Mobiles,1,18585.0,885.0,UPI
TXN0000038,M011,C03367,2025-11-19 19:34:46,PRD_OFF_02,Office Supplies,1,310.0,168.2,UPI
TXN0002230,M021,C01572,2025-11-19 19:35:28,PRD_WRI_01,Writing,1,945.0,45.0,UPI
TXN0008507,M027,C01247,2025-11-19 19:38:39,PRD_LAP_02,Laptops,1,10449.4,497.59,UPI
TXN0001326,M041,C03002,2025-11-19 20:02:22,PRD_SNK_01,Snacks,1,327.97,15.62,UPI
TXN0005205,M017,C00167,2025-11-19 20:18:24,PRD_WRI_02,Writing,2,127.52,12.15,WALLET
TXN0003039,M036,C01288,2025-11-19 20:49:21,PRD_DAI_01,Dairy,1,574.04,27.34,UPI
TXN0004298,M031,C03372,2025-11-19 21:11:41,PRD_ACC_02,Accessories,1,10148.92,483.28,UPI
TXN0003947,M033,C00881,2025-11-19 21:20:35,PRD_BEV_01,Beverages,1,214.4,10.21,WALLET
TXN0005887,M036,C03019,2025-11-19 21:21:19,PRD_DAI_02,Dairy,1,1433.49,68.26,UPI
TXN0009216,M003,C01524,2025-11-19 21:22:09,PRD_COF_01,Coffee,1,705.44,33.59,UPI
TXN0000675,M036,C02472,2025-11-19 21:26:49,PRD_DAI_02,Dairy,2,227.19,21.64,CARD
TXN0004361,M014,C02299,2025-11-19 21:58:07,PRD_PAS_01,Pastries,1,245.73,11.7,UPI
TXN0000928,M014,C00765,2025-11-19 22:32:21,PRD_CAK_02,Cakes,1,450.0,34.69,UPI
TXN0005415,M001,C02467,2025-11-20 08:15:26,PRD_DAI_01,Dairy,1,587.89,27.99,UPI
TXN0005547,M045,C02147,2025-11-20 08:21:58,PRD_BEV_02,Beverages,1,865.23,41.2,UPI
TXN0005096,M005,C00347,2025-11-20 09:29:22,PRD_MOB_01,Mobiles,1,6499.0,1185.13,UPI
TXN0008699,M038,C03147,2025-11-20 09:48:11,PRD_CHG_02,Chargers,1,999.0,791.27,UPI
TXN0006419,M027,C02190,2025-11-20 10:07:56,PRD_MOB_01,Mobiles,1,11813.48,562.55,UPI
TXN0007135,M003,C01610,2025-11-20 11:40:17,PRD_TEA_02,Tea,3,210.0,330.16,UPI
TXN0003854,M026,C00614,2025-11-20 12:47:39,PRD_SNK_01,Snacks,3,60.64,8.66,UPI
TXN0007993,M016,C01392,2025-11-20 12:51:29,PRD_BRD_02,Bread,2,225.85,21.51,UPI
TXN0005943,M011,C01042,2025-11-20 13:22:31,PRD_WRI_01,Writing,1,285.32,13.59,WALLET
TXN0005009,M025,C01485,2025-11-20 15:39:25,PRD_SNK_02,Snacks,1,307.45,14.64,UPI
TXN0008925,M019,C03290,2025-11-20 15:49:33,PRD_EAR_01,Earphones,2,1299.0,2214.2,UPI
TXN0004127,M007,C00155,2025-11-20 15:49:51,PRD_DAI_02,Dairy,1,964.36,45.92,UPI
TXN0007030,M042,C00993,2025-11-20 16:02:54,PRD_PAS_01,Pastries,1,429.62,20.46,CARD
TXN0000978,M041,C01506,2025-11-20 16:38:59,PRD_BEV_02,Beverages,2,323.63,30.83,UPI
TXN0003923,M013,C02913,2025-11-20 16:43:37,PRD_PAS_01,Pastries,1,374.41,17.83,CARD
TXN0006097,M010,C02681,2025-11-20 16:51:08,PRD_SNK_02,Snacks,1,421.35,20.06,CARD
TXN0002524,M034,C02638,2025-11-20 17:43:26,PRD_NOT_01,Notebooks,4,210.49,40.08,UPI
TXN0008901,M027,C00838,2025-11-20 17:50:54,PRD_ACC_02,Accessories,1,2374.74,113.08,UPI
TXN0004123,M001,C02003,2025-11-20 18:01:22,PRD_STA_01,Staples,1,681.72,32.46,UPI
TXN0008696,M018,C00521,2025-11-20 18:07:26,PRD_DES_02,Desserts,1,415.88,19.8,CASH
TXN0002040,M045,C01858,2025-11-20 19:01:06,PRD_BEV_01,Beverages,1,350.53,16.69,UPI
TXN0006435,M011,C01864,2025-11-20 19:14:47,PRD_WRI_02,Writing,1,375.88,17.9,UPI
TXN0003644,M034,C01771,2025-11-20 19:24:04,PRD_ART_01,Art Supplies,1,372.98,17.76,CASH
TXN0006673,M009,C02512,2025-11-20 19:40:25,PRD_WEL_02,Wellness,2,1308.79,124.65,UPI
TXN0008573,M017,C02521,2025-11-20 19:41:42,PRD_ART_01,Art Supplies,1,945.0,45.0,UPI
TXN0002087,M023,C02696,2025-11-20 20:07:32,PRD_SNK_02,Snacks,1,438.91,20.9,UPI
TXN0006287,M039,C01193,2025-11-20 20:29:43,PRD_WEL_01,Wellness,2,802.4,76.42,UPI
TXN0003616,M010,C00110,2025-11-20 20:50:55,PRD_DAI_02,Dairy,1,431.83,20.56,CARD
TXN0005293,M049,C00494,2025-11-20 21:02:31,PRD_SNK_01,Snacks,1,288.97,13.76,UPI
TXN0001611,M038,C00944,2025-11-20 22:28:52,PRD_CHG_02,Chargers,1,1233.06,58.72,CASH
TXN0001156,M017,C00363,2025-11-20 22:45:13,PRD_OFF_01,Office Supplies,1,374.57,17.84,UPI
TXN0003018,M050,C01669,2025-11-20 22:57:29,PRD_PAS_02,Pastries,1,743.4,35.4,UPI
TXN0009027,M017,C01320,2025-11-21 09:34:25,PRD_WRI_01,Writing,1,120.36,5.73,UPI
TXN0008990,M021,C00026,2025-11-21 10:14:59,PRD_WRI_02,Writing,1,285.17,13.58,UPI
TXN0001339,M016,C03157,2025-11-21 10:15:48,PRD_CAK_01,Cakes,1,692.31,32.97,WALLET
TXN0002199,M004,C02363,2025-11-21 11:00:45,PRD_ELE_02,Home Electronics,1,4998.3,238.01,UPI
TXN0002982,M016,C01189,2025-11-21 11:07:09,PRD_SNK_01,Snacks,1,433.14,20.63,WALLET
TXN0005118,M015,C02520,2025-11-21 11:27:20,PRD_CAK_02,Cakes,1,450.0,71.64,UPI
TXN0007849,M001,C01011,2025-11-21 12:07:51,PRD_DAI_01,Dairy,1,383.47,18.26,UPI
TXN0009996,M003,C02758,2025-11-21 13:59:19,PRD_DES_02,Desserts,1,181.92,8.66,UPI
TXN0006843,M008,C01252,2025-11-21 15:31:28,PRD_TEA_01,Tea,1,240.0,145.02,UPI
TXN0004350,M026,C00520,2025-11-21 15:45:27,PRD_DES_02,Desserts,1,210.34,10.02,UPI
TXN0004290,M013,C00175,2025-11-21 16:04:43,PRD_CAK_01,Cakes,1,550.0,402.43,CARD
TXN0004195,M019,C02949,2025-11-21 16:24:18,PRD_CAS_02,Cases,2,904.09,86.11,UPI
TXN0000923,M040,C02746,2025-11-21 16:35:04,PRD_DES_01,Desserts,1,840.0,40.0,UPI
TXN0004406,M039,C00654,2025-11-21 16:37:10,PRD_PER_02,Personal Care,2,1131.15,107.72,UPI
TXN0006605,M029,C01923,2025-11-21 17:03:14,PRD_ART_01,Art Supplies,3,320.0,60.0,UPI
TXN0004777,M015,C01062,2025-11-21 17:03:28,PRD_SNK_02,Snacks,1,476.81,22.71,UPI
TXN0009149,M031,C01268,2025-11-21 17:28:10,PRD_ACC_01,Accessories,1,1402.36,66.78,CASH
TXN0006886,M003,C00077,2025-11-21 17:53:07,PRD_SNK_02,Snacks,2,360.92,34.38,UPI
TXN0009233,M033,C00745,2025-11-21 18:13:30,PRD_STA_01,Staples,1,1214.31,57.82,WALLET
TXN0001058,M004,C01067,2025-11-21 18:15:34,PRD_MOB_02,Mobiles,1,15750.0,750.0,UPI
TXN0004423,M013,C00185,2025-11-21 18:17:18,PRD_PAS_01,Pastries,1,358.5,17.07,UPI
TXN0000869,M010,C03301,2025-11-21 18:37:24,PRD_HOU_02,Household,1,1077.8,51.32,UPI
TXN0009040,M026,C03348,2025-11-21 18:37:52,PRD_DES_01,Desserts,1,220.0,160.0,CARD
TXN0004321,M023,C01245,2025-11-21 18:39:53,PRD_SNK_02,Snacks,4,228.04,43.45,UPI
TXN0007475,M031,C00574,2025-11-21 19:24:14,PRD_MOB_01,Mobiles,3,6499.0,14967.68,UPI
TXN0009253,M008,C01462,2025-11-21 19:57:50,PRD_COF_02,Coffee,1,280.0,98.88,UPI
TXN0003740,M048,C00741,2025-11-21 20:11:21,PRD_CAS_01,Cases,1,2727.97,129.9,UPI
TXN0001527,M014,C00279,2025-11-21 20:27:31,PRD_BRD_02,Bread,1,371.87,17.71,UPI
TXN0008437,M012,C02338,2025-11-21 20:30:29,PRD_ESS_01,Daily Essentials,2,583.58,55.57,WALLET
TXN0000528,M035,C01623,2025-11-21 20:40:52,PRD_EAR_02,Earphones,1,829.99,39.52,UPI
TXN0007189,M031,C00475,2025-11-21 20:56:52,PRD_LAP_01,Laptops,2,7875.0,750.0,UPI
TXN0006631,M004,C02512,2025-11-21 21:06:13,PRD_ACC_02,Accessories,2,2327.72,221.68,UPI
TXN0005856,M026,C01047,2025-11-21 22:06:05,PRD_DES_01,Desserts,1,466.7,22.22,UPI
TXN0008886,M022,C01226,2025-11-21 22:57:57,PRD_KID_02,Kids,1,567.74,27.04,CASH
TXN0004955,M036,C02784,2025-11-22 10:01:24,PRD_STA_01,Staples,2,540.0,651.58,UPI
TXN0005225,M010,C00834,2025-11-22 10:04:41,PRD_BEV_02,Beverages,1,1248.07,59.43,CASH
TXN0008071,M027,C00980,2025-11-22 10:05:51,PRD_MOB_01,Mobiles,1,6499.0,4024.83,WALLET
TXN0005560,M020,C00212,2025-11-22 10:22:23,PRD_MOB_02,Mobiles,2,11999.0,20345.09,WALLET
TXN0005358,M017,C02228,2025-11-22 10:28:55,PRD_OFF_01,Office Supplies,1,175.0,30.46,UPI
TXN0005456,M036,C02142,2025-11-22 12:32:22,PRD_STA_02,Staples,1,2079.0,99.0,UPI
TXN0004211,M003,C02278,2025-11-22 13:19:43,PRD_DES_01,Desserts,1,220.0,45.6,CARD
TXN0008464,M025,C00526,2025-11-22 15:53:53,PRD_SNK_02,Snacks,1,225.0,46.75,UPI
TXN0003068,M029,C00046,2025-11-22 15:57:39,PRD_NOT_01,Notebooks,3,287.52,41.08,UPI
TXN0006153,M033,C00122,2025-11-22 16:02:27,PRD_DAI_02,Dairy,1,395.98,18.86,UPI
TXN0009899,M050,C00022,2025-11-22 16:13:13,PRD_PAS_01,Pastries,1,312.82,14.9,UPI
TXN0000090,M036,C02291,2025-11-22 16:15:53,PRD_HOU_02,Household,1,696.83,33.18,UPI
TXN0008624,M040,C00290,2025-11-22 16:27:21,PRD_TEA_01,Tea,3,240.0,525.88,CARD
TXN0005894,M038,C00545,2025-11-22 16:37:00,PRD_CAB_02,Cables,1,3465.0,165.0,CARD
TXN0005128,M013,C02599,2025-11-22 16:54:04,PRD_PAS_01,Pastries,2,482.91,45.99,UPI
TXN0001340,M033,C00962,2025-11-22 16:54:33,PRD_STA_02,Staples,1,769.86,36.66,UPI
TXN0003952,M033,C00550,2025-11-22 17:09:25,PRD_HOU_01,Household,2,191.09,18.19,UPI
TXN0008899,M025,C00263,2025-11-22 17:12:24,PRD_BRD_02,Bread,3,167.91,23.99,UPI
TXN0002458,M004,C02541,2025-11-22 17:52:15,PRD_ACC_01,Accessories,2,1152.94,109.8,UPI
TXN0004128,M009,C00760,2025-11-22 18:15:42,PRD_MED_02,Medicine,2,489.29,46.59,WALLET
TXN0004144,M041,C02088,2025-11-22 18:28:18,PRD_DES_01,Desserts,1,614.33,29.25,UPI
TXN0009734,M027,C02071,2025-11-22 18:57:55,PRD_LAP_02,Laptops,1,3490.98,166.24,UPI
TXN0001494,M050,C01476,2025-11-22 19:07:26,PRD_CAK_01,Cakes,1,550.0,125.55,WALLET
TXN0006763,M013,C00851,2025-11-22 19:48:11,PRD_PAS_02,Pastries,1,110.0,22.0,UPI
TXN0004005,M046,C00966,2025-11-22 19:54:23,PRD_SNK_01,Snacks,2,214.47,20.43,UPI
TXN0002986,M015,C02031,2025-11-22 19:59:31,PRD_PAS_02,Pastries,3,139.8,19.96,CARD
TXN0001357,M003,C01494,2025-11-22 20:06:54,PRD_SNK_01,Snacks,1,289.03,13.76,UPI
TXN0006688,M017,C02982,2025-11-22 20:23:59,PRD_WRI_02,Writing,1,217.68,10.37,CARD
TXN0008868,M007,C01075,2025-11-22 20:27:55,PRD_STA_01,Staples,1,1668.32,79.44,UPI
TXN0009924,M049,C02063,2025-11-22 21:10:07,PRD_COF_02,Coffee,1,280.0,175.47,UPI
TXN0002054,M013,C00336,2025-11-22 21:13:46,PRD_CAK_01,Cakes,1,550.0,351.69,UPI
TXN0005959,M004,C02307,2025-11-22 21:16:39,PRD_MOB_02,Mobiles,1,14825.18,705.96,UPI
TXN0000072,M031,C01247,2025-11-22 21:54:21,PRD_ACC_01,Accessories,1,15871.22,755.77,UPI
TXN0004325,M001,C00802,2025-11-22 22:19:40,PRD_HOU_02,Household,1,867.7,41.32,CARD
TXN0004142,M021,C00068,2025-11-22 22:54:04,PRD_ART_01,Art Supplies,1,320.0,203.92,UPI
TXN0007328,M020,C01240,2025-11-23 08:22:31,PRD_LAP_02,Laptops,1,1564.76,74.51,UPI
TXN0005852,M039,C00628,2025-11-23 11:22:58,PRD_BABY_01,Baby Care,2,980.61,93.4,UPI
TXN0003278,M027,C02626,2025-11-23 11:36:48,PRD_MOB_02,Mobiles,1,11999.0,3364.07,UPI
TXN0009685,M039,C03421,2025-11-23 12:06:04,PRD_BABY_01,Baby Care,1,799.0,563.86,CARD
TXN0005258,M040,C01462,2025-11-23 12:08:21,PRD_SNK_02,Snacks,1,225.0,84.57,UPI
TXN0007038,M029,C00303,2025-11-23 12:57:53,PRD_OFF_01,Office Supplies,1,266.94,12.71,UPI
TXN0004170,M042,C01670,2025-11-23 13:27:17,PRD_SNK_02,Snacks,3,225.43,32.2,UPI
TXN0005708,M016,C00001,2025-11-23 13:30:31,PRD_PAS_01,Pastries,1,181.17,8.63,UPI
TXN0002548,M019,C02537,2025-11-23 17:45:30,PRD_CAB_02,Cables,1,802.51,38.21,UPI
TXN0006718,M037,C03319,2025-11-23 18:10:16,PRD_EAR_01,Earphones,2,1752.43,166.89,WALLET
TXN0007114,M025,C00170,2025-11-23 18:29:38,PRD_BRD_02,Bread,3,177.89,25.4,UPI
TXN0005672,M027,C00550,2025-11-23 19:13:34,PRD_ELE_01,Home Electronics,1,5303.63,252.55,UPI
TXN0000089,M042,C03223,2025-11-23 19:32:33,PRD_CAK_02,Cakes,1,1132.52,53.93,UPI
TXN0001300,M018,C01007,2025-11-23 19:33:04,PRD_BEV_01,Beverages,1,833.39,39.69,CARD
TXN0002617,M044,C01295,2025-11-23 19:43:20,PRD_MEN_02,Men,1,1199.0,131.44,UPI
TXN0000847,M002,C02448,2025-11-23 19:54:37,PRD_CAK_01,Cakes,1,550.0,92.2,UPI
TXN0005334,M009,C00061,2025-11-23 20:28:49,PRD_MED_02,Medicine,1,1130.17,53.82,WALLET
TXN0008474,M021,C00884,2025-11-23 20:44:32,PRD_NOT_01,Notebooks,2,160.0,107.42,UPI
TXN0006726,M050,C00833,2025-11-23 21:44:46,PRD_BRD_02,Bread,1,316.46,15.07,CARD
TXN0002400,M046,C00902,2025-11-23 21:47:21,PRD_SNK_01,Snacks,1,2725.8,129.8,CASH
TXN0009772,M033,C00252,2025-11-24 08:44:54,PRD_HOU_02,Household,1,320.0,123.6,UPI
TXN0007872,M006,C03178,2025-11-24 08:53:00,PRD_CHG_01,Chargers,2,699.0,946.82,CASH
TXN0002241,M035,C02460,2025-11-24 09:16:05,PRD_CHG_02,Chargers,1,2719.64,129.51,UPI
TXN0007182,M003,C03002,2025-11-24 10:17:32,PRD_DES_01,Desserts,2,220.0,87.44,UPI
TXN0009480,M008,C01483,2025-11-24 12:53:55,PRD_TEA_02,Tea,2,210.0,140.83,CARD
TXN0005619,M046,C01985,2025-11-24 13:59:02,PRD_SNK_01,Snacks,1,826.72,39.37,UPI
TXN0007041,M020,C00236,2025-11-24 16:23:55,PRD_ELE_02,Home Electronics,1,2563.33,122.06,UPI
TXN0004038,M044,C02036,2025-11-24 16:25:59,PRD_WOM_01,Women,1,1637.49,77.98,WALLET
TXN0001716,M002,C02256,2025-11-24 16:52:50,PRD_SNK_02,Snacks,1,467.79,22.28,UPI
TXN0005488,M014,C01458,2025-11-24 16:56:28,PRD_SNK_01,Snacks,2,289.56,27.57,UPI
TXN0003818,M009,C00906,2025-11-24 16:59:44,PRD_PER_02,Personal Care,1,1164.25,55.44,UPI
TXN0003926,M048,C01822,2025-11-24 17:02:29,PRD_CAS_01,Cases,1,1159.25,55.2,UPI
TXN0003534,M045,C01694,2025-11-24 17:04:14,PRD_HOU_02,Household,1,659.53,31.41,CARD
TXN0007969,M050,C01359,2025-11-24 17:11:15,PRD_BRD_01,Bread,1,781.29,37.2,UPI
TXN0006655,M037,C01236,2025-11-24 17:16:58,PRD_CAB_02,Cables,1,974.53,46.41,WALLET
TXN0006046,M050,C00868,2025-11-24 17:33:27,PRD_SNK_01,Snacks,1,1260.0,60.0,UPI
TXN0008810,M042,C01427,2025-11-24 17:36:25,PRD_BRD_02,Bread,1,140.0,29.01,CASH
TXN0009478,M036,C00867,2025-11-24 18:27:40,PRD_SNK_01,Snacks,1,691.75,32.94,CASH
TXN0002704,M042,C01104,2025-11-24 18:39:18,PRD_BRD_02,Bread,1,1260.0,60.0,UPI
TXN0002295,M047,C00377,2025-11-24 18:58:58,PRD_ELE_01,Home Electronics,1,1524.24,72.58,UPI
TXN0002003,M016,C02408,2025-11-24 19:04:53,PRD_SNK_02,Snacks,1,225.0,52.77,UPI
TXN0005180,M001,C02492,2025-11-24 19:15:37,PRD_DAI_01,Dairy,2,156.4,14.9,CARD
TXN0005580,M028,C02728,2025-11-24 19:30:47,PRD_CAB_02,Cables,1,1450.63,69.08,UPI
TXN0004755,M018,C00527,2025-11-24 19:37:02,PRD_MEA_01,Meals,1,882.77,42.04,CASH
TXN0002445,M050,C00309,2025-11-24 19:37:24,PRD_BRD_02,Bread,1,232.7,11.08,WALLET
TXN0004802,M010,C00577,2025-11-24 19:44:27,PRD_DAI_01,Dairy,1,1550.0,73.81,UPI
TXN0003246,M046,C02436,2025-11-24 19:47:22,PRD_ESS_02,Daily Essentials,1,1122.48,53.45,UPI
TXN0003329,M002,C02761,2025-11-24 20:11:58,PRD_BRD_01,Bread,1,348.99,16.62,WALLET
TXN0000057,M046,C01195,2025-11-24 20:16:02,PRD_SNK_02,Snacks,4,225.0,620.79,UPI
TXN0008839,M029,C02261,2025-11-24 20:33:11,PRD_OFF_01,Office Supplies,1,493.69,23.51,UPI
TXN0000554,M006,C02805,2025-11-24 20:54:06,PRD_EAR_02,Earphones,1,3150.0,150.0,UPI
TXN0006078,M029,C01078,2025-11-24 20:56:20,PRD_ART_01,Art Supplies,1,563.72,26.84,CARD
TXN0006368,M044,C03457,2025-11-24 21:00:10,PRD_WOM_02,Women,1,5079.14,241.86,UPI
TXN0008133,M013,C02137,2025-11-24 21:34:50,PRD_BRD_01,Bread,1,84.0,4.0,UPI
TXN0002880,M004,C02323,2025-11-24 21:40:15,PRD_ELE_02,Home Electronics,1,6508.87,309.95,UPI
TXN0006837,M008,C03123,2025-11-24 22:05:13,PRD_TEA_01,Tea,1,352.05,16.76,UPI
TXN0004444,M029,C00541,2025-11-24 22:55:40,PRD_WRI_02,Writing,1,143.24,6.82,UPI
TXN0003007,M046,C00152,2025-11-25 08:32:28,PRD_SNK_01,Snacks,4,133.91,25.5,UPI
TXN0009079,M017,C00601,2025-11-25 10:55:23,PRD_NOT_02,Notebooks,1,260.0,111.0,UPI
TXN0009585,M031,C00551,2025-11-25 11:24:10,PRD_ACC_01,Accessories,2,4291.08,408.68,UPI
TXN0006852,M042,C02326,2025-11-25 13:10:21,PRD_PAS_02,Pastries,1,536.61,25.55,CASH
TXN0009743,M040,C00704,2025-11-25 13:23:48,PRD_COF_01,Coffee,1,380.0,316.34,UPI
TXN0007713,M037,C00219,2025-11-25 13:42:32,PRD_CAS_02,Cases,2,450.0,411.4,CASH
TXN0004905,M001,C03474,2025-11-25 16:44:10,PRD_BEV_01,Beverages,1,1890.0,90.0,WALLET
TXN0004785,M011,C00541,2025-11-25 16:52:53,PRD_WRI_02,Writing,1,115.0,58.99,CARD
TXN0002572,M042,C02080,2025-11-25 17:18:39,PRD_PAS_01,Pastries,1,386.86,18.42,WALLET
TXN0002141,M006,C01307,2025-11-25 18:44:12,PRD_EAR_02,Earphones,1,349.0,46.79,CARD
TXN0006823,M036,C01075,2025-11-25 18:49:47,PRD_STA_01,Staples,2,540.0,376.02,UPI
TXN0004417,M002,C01763,2025-11-25 19:17:15,PRD_SNK_02,Snacks,1,326.11,15.53,UPI
TXN0004352,M028,C00086,2025-11-25 19:27:18,PRD_CAS_01,Cases,1,2801.31,133.4,UPI
TXN0004496,M010,C01115,2025-11-25 19:33:45,PRD_BEV_02,Beverages,1,1012.62,48.22,UPI
TXN0000303,M044,C03229,2025-11-25 19:55:27,PRD_WOM_01,Women,1,1421.1,67.67,UPI
TXN0008122,M007,C02193,2025-11-25 20:12:30,PRD_DAI_02,Dairy,3,630.0,90.0,UPI
TXN0007530,M010,C00072,2025-11-25 20:22:58,PRD_SNK_01,Snacks,1,303.42,14.45,UPI
TXN0005166,M016,C01382,2025-11-25 20:31:06,PRD_BRD_02,Bread,1,218.24,10.39,UPI
TXN0004297,M008,C02028,2025-11-25 20:32:13,PRD_DES_01,Desserts,2,220.0,223.46,UPI
TXN0008147,M007,C00222,2025-11-25 20:40:03,PRD_DAI_02,Dairy,1,302.68,14.41,CARD
TXN0004967,M039,C01476,2025-11-25 20:58:41,PRD_BABY_01,Baby Care,1,799.0,133.37,UPI
TXN0002180,M021,C02169,2025-11-25 21:35:51,PRD_ART_02,Art Supplies,1,175.0,84.15,WALLET
TXN0001289,M048,C00210,2025-11-25 22:28:20,PRD_CHG_01,Chargers,1,859.79,40.94,UPI
TXN0004446,M015,C01997,2025-11-25 22:29:15,PRD_CAK_02,Cakes,1,679.63,32.36,UPI
TXN0009007,M038,C01225,2025-11-26 08:25:24,PRD_CHG_01,Chargers,1,2348.92,111.85,UPI
TXN0009929,M020,C02576,2025-11-26 08:33:01,PRD_ELE_02,Home Electronics,1,4569.94,217.62,UPI
TXN0001948,M014,C01163,2025-11-26 08:36:36,PRD_SNK_01,Snacks,1,192.75,9.18,UPI
TXN0007703,M007,C01650,2025-11-26 10:13:01,PRD_HOU_02,Household,1,320.0,193.83,CASH
TXN0003894,M004,C02892,2025-11-26 14:59:19,PRD_LAP_01,Laptops,2,1115.62,106.24,UPI
TXN0000820,M022,C02912,2025-11-26 15:15:49,PRD_KID_02,Kids,1,744.63,35.46,UPI
TXN0007670,M032,C01921,2025-11-26 15:31:45,PRD_PER_01,Personal Care,1,1012.08,48.19,UPI
TXN0007119,M042,C02445,2025-11-26 15:33:34,PRD_CAK_02,Cakes,3,450.0,302.35,UPI
TXN0007480,M046,C02118,2025-11-26 15:53:32,PRD_ESS_01,Daily Essentials,1,772.61,36.79,UPI
TXN0007170,M033,C01530,2025-11-26 16:37:48,PRD_BEV_02,Beverages,1,1890.0,90.0,UPI
TXN0008322,M021,C03170,2025-11-26 16:42:57,PRD_ART_01,Art Supplies,1,320.0,39.66,UPI
TXN0003245,M021,C00176,2025-11-26 17:06:31,PRD_WRI_02,Writing,1,348.02,16.57,UPI
TXN0006597,M018,C01770,2025-11-26 17:16:50,PRD_MEA_01,Meals,2,220.0,84.4,UPI
TXN0002606,M001,C01592,2025-11-26 17:20:53,PRD_BEV_02,Beverages,1,1015.49,48.36,CARD
TXN0005791,M030,C01527,2025-11-26 17:27:16,PRD_LAP_01,Laptops,1,3010.95,143.38,WALLET
TXN0006045,M036,C00754,2025-11-26 18:06:56,PRD_DAI_02,Dairy,1,963.86,45.9,UPI
TXN0001863,M036,C03252,2025-11-26 18:28:32,PRD_STA_01,Staples,1,621.39,29.59,CASH
TXN0008472,M034,C03001,2025-11-26 18:39:53,PRD_WRI_02,Writing,1,598.75,28.51,CASH
TXN0006440,M021,C02743,2025-11-26 19:05:45,PRD_NOT_01,Notebooks,1,461.55,21.98,UPI
TXN0004958,M020,C01708,2025-11-26 19:20:46,PRD_LAP_02,Laptops,1,3169.19,150.91,CARD
TXN0008119,M018,C00278,2025-11-26 19:26:27,PRD_BEV_01,Beverages,1,435.89,20.76,UPI
TXN0006238,M027,C01444,2025-11-26 19:36:04,PRD_ACC_02,Accessories,1,1573.45,74.93,UPI
TXN0004980,M043,C01082,2025-11-26 19:49:34,PRD_CAK_01,Cakes,1,550.0,312.47,CASH
TXN0005737,M002,C02489,2025-11-26 20:06:32,PRD_SNK_02,Snacks,1,423.42,20.16,UPI
TXN0002462,M017,C01328,2025-11-26 20:22:06,PRD_OFF_01,Office Supplies,1,227.69,10.84,UPI
TXN0004663,M038,C01148,2025-11-26 21:07:18,PRD_EAR_02,Earphones,1,3630.71,172.89,UPI
TXN0005418,M031,C02329,2025-11-26 21:42:51,PRD_ACC_01,Accessories,1,1260.08,60.0,UPI
TXN0001999,M009,C02128,2025-11-26 22:54:07,PRD_PER_02,Personal Care,1,694.43,33.07,UPI
TXN0005478,M046,C00952,2025-11-27 08:32:30,PRD_ESS_01,Daily Essentials,2,526.53,50.15,UPI
TXN0000859,M024,C01891,2025-11-27 10:45:22,PRD_BEV_02,Beverages,1,544.93,25.95,UPI
TXN0005707,M015,C01130,2025-11-27 11:02:36,PRD_CAK_01,Cakes,2,550.0,669.28,UPI
TXN0001963,M017,C00869,2025-11-27 16:11:23,PRD_NOT_02,Notebooks,1,781.53,37.22,UPI
TXN0004912,M046,C02543,2025-11-27 17:59:33,PRD_HOU_01,Household,1,343.65,16.36,UPI
TXN0005406,M017,C02381,2025-11-27 18:17:49,PRD_OFF_02,Office Supplies,1,588.21,28.01,UPI
TXN0007144,M046,C00638,2025-11-27 18:22:33,PRD_SNK_01,Snacks,1,1346.32,64.11,CARD
TXN0005249,M031,C03310,2025-11-27 18:23:08,PRD_ACC_02,Accessories,1,8011.43,381.5,UPI
TXN0006113,M034,C02292,2025-11-27 18:30:21,PRD_OFF_01,Office Supplies,1,336.11,16.01,UPI
TXN0001250,M049,C01479,2025-11-27 19:30:10,PRD_DES_02,Desserts,1,274.33,13.06,WALLET
TXN0007097,M009,C00001,2025-11-27 19:48:41,PRD_WEL_01,Wellness,1,820.51,39.07,UPI
TXN0003023,M036,C00194,2025-11-27 20:03:48,PRD_DAI_02,Dairy,1,1598.61,76.12,CARD
TXN0000836,M028,C02775,2025-11-27 20:15:50,PRD_CAB_01,Cables,1,299.0,149.0,UPI
TXN0001069,M049,C03274,2025-11-27 20:19:31,PRD_COF_02,Coffee,1,605.55,28.84,UPI
TXN0002951,M046,C00199,2025-11-27 20:31:10,PRD_SNK_01,Snacks,1,391.06,18.62,UPI
TXN0001552,M038,C01490,2025-11-27 20:33:07,PRD_CAB_02,Cables,1,349.0,92.37,UPI
TXN0007507,M036,C00674,2025-11-27 20:57:56,PRD_STA_01,Staples,1,540.0,239.41,UPI
TXN0007308,M036,C02751,2025-11-27 21:00:25,PRD_SNK_02,Snacks,1,494.82,23.56,WALLET
TXN0002887,M046,C00207,2025-11-27 21:03:19,PRD_BEV_01,Beverages,2,446.66,42.54,UPI
TXN0003279,M046,C03016,2025-11-28 09:34:39,PRD_ESS_02,Daily Essentials,1,1001.01,47.67,UPI
TXN0007261,M040,C00003,2025-11-28 09:39:06,PRD_COF_01,Coffee,1,840.0,40.0,CARD
TXN0004339,M049,C03103,2025-11-28 10:15:50,PRD_SNK_02,Snacks,2,225.0,68.97,CARD
TXN0006116,M033,C00516,2025-11-28 10:17:15,PRD_STA_01,Staples,4,540.0,1891.83,UPI
TXN0000575,M015,C03212,2025-11-28 12:15:15,PRD_BRD_02,Bread,1,1027.2,48.91,UPI
TXN0002921,M049,C02403,2025-11-28 12:40:03,PRD_DES_01,Desserts,2,220.0,380.0,UPI
TXN0000776,M024,C03113,2025-11-28 12:41:04,PRD_HOU_02,Household,2,320.0,428.58,CASH
TXN0004055,M046,C03203,2025-11-28 15:45:06,PRD_HOU_01,Household,1,1893.2,90.15,UPI
TXN0006709,M049,C02127,2025-11-28 16:13:43,PRD_TEA_02,Tea,1,210.0,94.16,UPI
TXN0009200,M024,C02967,2025-11-28 16:23:55,PRD_HOU_01,Household,1,325.81,15.51,UPI
TXN0006243,M010,C02553,2025-11-28 16:36:32,PRD_SNK_02,Snacks,1,396.02,18.86,UPI
TXN0003542,M010,C00105,2025-11-28 16:37:41,PRD_SNK_01,Snacks,1,185.82,8.85,CASH
TXN0004181,M006,C02011,2025-11-28 16:52:15,PRD_CHG_02,Chargers,1,2905.01,138.33,UPI
TXN0009020,M003,C00884,2025-11-28 17:27:45,PRD_COF_01,Coffee,1,446.41,21.26,UPI
TXN0009129,M040,C00655,2025-11-28 17:29:34,PRD_DES_02,Desserts,1,180.0,103.32,UPI
TXN0004642,M034,C00459,2025-11-28 17:53:43,PRD_ART_01,Art Supplies,1,320.0,240.42,CARD
TXN0002162,M046,C00036,2025-11-28 18:14:08,PRD_ESS_02,Daily Essentials,2,693.14,66.01,UPI
TXN0006714,M050,C03440,2025-11-28 18:46:25,PRD_BRD_01,Bread,1,887.6,42.27,UPI
TXN0004810,M032,C00970,2025-11-28 19:57:27,PRD_WEL_02,Wellness,1,2625.0,125.0,UPI
TXN0002336,M045,C01338,2025-11-28 20:07:37,PRD_DAI_01,Dairy,1,446.16,21.25,CARD
TXN0006094,M009,C00025,2025-11-28 20:22:18,PRD_WEL_02,Wellness,2,328.43,31.27,UPI
TXN0004161,M007,C01686,2025-11-28 20:29:45,PRD_HOU_01,Household,4,180.0,446.74,CASH
TXN0008093,M029,C00111,2025-11-28 21:48:15,PRD_WRI_02,Writing,2,188.2,17.92,UPI
TXN0006621,M005,C03078,2025-11-28 21:55:49,PRD_LAP_01,Laptops,2,1752.14,166.87,CARD
TXN0007012,M006,C02942,2025-11-28 22:12:07,PRD_CAS_02,Cases,1,860.64,40.98,CARD
TXN0009219,M010,C02076,2025-11-28 22:21:10,PRD_BEV_01,Beverages,1,385.08,18.34,UPI
TXN0001749,M050,C01319,2025-11-28 22:31:49,PRD_SNK_02,Snacks,1,304.72,14.51,UPI
TXN0002826,M007,C01247,2025-11-28 22:41:31,PRD_STA_01,Staples,1,540.0,307.5,CARD
TXN0006865,M003,C01356,2025-11-29 10:24:24,PRD_TEA_02,Tea,2,288.37,27.47,UPI
TXN0008505,M045,C03296,2025-11-29 13:00:36,PRD_HOU_01,Household,1,2079.0,99.0,WALLET
TXN0003093,M001,C02630,2025-11-29 13:49:19,PRD_DAI_02,Dairy,1,1275.79,60.75,CARD
TXN0004691,M001,C01514,2025-11-29 14:19:00,PRD_BEV_01,Beverages,1,1454.85,69.28,UPI
TXN0006836,M017,C00508,2025-11-29 15:56:34,PRD_ART_02,Art Supplies,1,175.0,68.44,UPI
TXN0007771,M033,C03212,2025-11-29 16:33:00,PRD_HOU_01,Household,1,454.88,21.66,CARD
TXN0002419,M013,C01430,2025-11-29 17:09:01,PRD_SNK_02,Snacks,1,969.11,46.15,UPI
TXN0001984,M017,C01840,2025-11-29 17:47:46,PRD_ART_01,Art Supplies,2,519.75,49.5,CARD
TXN0002148,M039,C01451,2025-11-29 17:49:19,PRD_MED_02,Medicine,1,818.76,38.99,UPI
TXN0009941,M047,C01743,2025-11-29 18:53:44,PRD_ELE_01,Home Electronics,2,1443.63,137.49,UPI
TXN0009841,M001,C02203,2025-11-29 19:07:37,PRD_DAI_02,Dairy,1,229.0,10.9,UPI
TXN0001629,M042,C03463,2025-11-29 19:15:53,PRD_SNK_01,Snacks,1,690.87,32.9,UPI
TXN0003105,M025,C01797,2025-11-29 19:16:34,PRD_CAK_02,Cakes,1,1386.0,66.0,UPI
TXN0003978,M029,C00971,2025-11-29 19:42:59,PRD_OFF_01,Office Supplies,2,175.0,87.86,UPI
TXN0004383,M009,C02493,2025-11-29 19:56:28,PRD_PER_02,Personal Care,1,1055.46,50.26,UPI
TXN0003348,M029,C02471,2025-11-29 20:07:33,PRD_OFF_01,Office Supplies,2,175.0,64.87,UPI
TXN0003921,M013,C00404,2025-11-29 20:35:52,PRD_PAS_02,Pastries,1,752.43,35.83,UPI
TXN0001827,M001,C03386,2025-11-29 20:42:44,PRD_HOU_01,Household,1,483.34,23.02,UPI
TXN0001012,M023,C02752,2025-11-29 21:09:30,PRD_BEV_02,Beverages,2,396.32,37.75,UPI
TXN0002556,M041,C01612,2025-11-29 21:38:10,PRD_DES_01,Desserts,1,359.13,17.1,CASH
TXN0006274,M029,C02718,2025-11-29 21:58:13,PRD_OFF_02,Office Supplies,1,310.0,242.61,UPI
TXN0003884,M008,C02793,2025-11-30 08:46:22,PRD_TEA_01,Tea,3,240.0,572.94,UPI
TXN0002738,M016,C01156,2025-11-30 08:47:36,PRD_CAK_02,Cakes,1,778.9,37.09,UPI
TXN0007122,M045,C02412,2025-11-30 11:04:46,PRD_SNK_01,Snacks,1,2079.0,99.0,UPI
TXN0002528,M042,C01501,2025-11-30 11:30:04,PRD_SNK_02,Snacks,1,1299.73,61.89,UPI
TXN0005739,M038,C00107,2025-11-30 11:47:59,PRD_EAR_01,Earphones,1,2676.26,127.44,UPI
TXN0003079,M033,C01262,2025-11-30 11:52:40,PRD_BEV_02,Beverages,1,579.99,27.62,UPI
TXN0006271,M039,C01706,2025-11-30 14:08:33,PRD_PER_01,Personal Care,1,1740.18,82.87,UPI
TXN0001198,M001,C02557,2025-11-30 15:38:43,PRD_BEV_02,Beverages,1,984.83,46.9,CARD
TXN0003187,M047,C01012,2025-11-30 16:18:23,PRD_ACC_01,Accessories,2,2451.57,233.48,UPI
TXN0000823,M044,C00644,2025-11-30 16:45:39,PRD_MEN_02,Men,1,1199.0,522.42,UPI
TXN0008500,M017,C01529,2025-11-30 17:15:01,PRD_ART_01,Art Supplies,1,1039.5,49.5,WALLET
TXN0007700,M050,C03164,2025-11-30 17:15:39,PRD_BRD_02,Bread,1,381.87,18.18,UPI
TXN0009664,M010,C01093,2025-11-30 17:22:18,PRD_BEV_01,Beverages,4,192.64,36.69,WALLET
TXN0008724,M041,C01358,2025-11-30 17:27:58,PRD_SNK_02,Snacks,1,1046.65,49.84,UPI
TXN0007961,M042,C01905,2025-11-30 17:53:15,PRD_CAK_01,Cakes,1,550.0,99.4,UPI
TXN0008638,M013,C02596,2025-11-30 18:09:45,PRD_CAK_02,Cakes,1,450.0,24.5,CARD
TXN0009442,M012,C02677,2025-11-30 18:44:05,PRD_BEV_01,Beverages,2,161.16,15.35,UPI
TXN0007248,M028,C01965,2025-11-30 18:50:19,PRD_CAB_02,Cables,1,349.0,48.17,UPI
TXN0002777,M047,C01265,2025-11-30 18:51:21,PRD_ACC_01,Accessories,1,13224.37,629.73,UPI
TXN0002359,M017,C00537,2025-11-30 19:00:31,PRD_ART_02,Art Supplies,1,295.43,14.07,WALLET
TXN0006472,M012,C00971,2025-11-30 19:18:21,PRD_SNK_01,Snacks,1,1051.42,50.07,CARD
TXN0004286,M018,C00231,2025-11-30 20:01:15,PRD_SNK_02,Snacks,1,1732.5,82.5,UPI
TXN0003739,M017,C02538,2025-11-30 20:01:50,PRD_ART_01,Art Supplies,1,525.64,25.03,UPI
TXN0007827,M031,C00493,2025-11-30 20:01:58,PRD_LAP_02,Laptops,1,6979.83,332.37,CARD
TXN0009347,M005,C03231,2025-11-30 20:26:29,PRD_ACC_01,Accessories,1,3837.82,182.75,CASH
TXN0005235,M042,C00820,2025-11-30 20:36:15,PRD_SNK_02,Snacks,2,225.0,157.44,UPI
TXN0005954,M003,C02890,2025-11-30 20:42:40,PRD_DES_01,Desserts,1,707.37,33.68,UPI
TXN0000795,M029,C02290,2025-11-30 21:29:19,PRD_WRI_02,Writing,1,232.7,11.08,UPI
TXN0007056,M013,C00127,2025-11-30 22:09:13,PRD_PAS_01,Pastries,4,346.5,66.0,UPI
TXN0000756,M020,C02429,2025-12-01 09:24:27,PRD_MOB_02,Mobiles,1,11999.0,1108.68,UPI
TXN0007540,M007,C02391,2025-12-01 09:42:01,PRD_STA_01,Staples,1,540.0,297.94,WALLET
TXN0000592,M029,C01654,2025-12-01 11:19:29,PRD_WRI_02,Writing,2,120.02,11.44,UPI
TXN0006733,M016,C00242,2025-12-01 13:25:00,PRD_PAS_01,Pastries,1,478.31,22.78,UPI
TXN0004833,M012,C00582,2025-12-01 15:58:24,PRD_HOU_02,Household,1,786.43,37.45,UPI
TXN0005889,M032,C02678,2025-12-01 16:08:40,PRD_PER_01,Personal Care,1,510.28,24.3,UPI
TXN0009595,M001,C01521,2025-12-01 16:17:12,PRD_SNK_02,Snacks,1,542.17,25.82,CARD
TXN0005490,M032,C02538,2025-12-01 16:23:12,PRD_WEL_01,Wellness,1,1199.74,57.13,CARD
TXN0005234,M018,C03161,2025-12-01 16:29:48,PRD_BEV_02,Beverages,1,1028.35,48.97,UPI
TXN0009536,M018,C01247,2025-12-01 16:41:45,PRD_MEA_01,Meals,1,1074.49,51.17,UPI
TXN0009475,M028,C00440,2025-12-01 17:14:21,PRD_CHG_02,Chargers,1,3339.0,159.0,UPI
TXN0003488,M031,C02247,2025-12-01 17:26:56,PRD_ACC_01,Accessories,1,10021.67,477.22,UPI
TXN0007348,M017,C00122,2025-12-01 17:27:08,PRD_NOT_02,Notebooks,1,260.0,15.01,UPI
TXN0002558,M007,C00586,2025-12-01 17:27:16,PRD_BEV_01,Beverages,2,110.0,12.66,UPI
TXN0007504,M003,C01240,2025-12-01 17:35:40,PRD_TEA_02,Tea,2,278.78,26.55,UPI
TXN0008759,M001,C03096,2025-12-01 17:39:34,PRD_STA_01,Staples,1,540.0,220.41,UPI
TXN0007967,M003,C02391,2025-12-01 17:46:38,PRD_SNK_02,Snacks,1,225.0,54.96,WALLET
TXN0004476,M031,C01940,2025-12-01 17:55:53,PRD_LAP_01,Laptops,1,1111.42,52.92,UPI
TXN0000782,M026,C02303,2025-12-01 18:18:48,PRD_SNK_02,Snacks,1,289.97,13.81,CARD
TXN0005063,M028,C01224,2025-12-01 18:21:33,PRD_CAS_01,Cases,2,1191.72,113.5,WALLET
TXN0008345,M018,C01377,2025-12-01 18:37:53,PRD_DES_02,Desserts,1,604.45,28.78,UPI
TXN0001962,M017,C01495,2025-12-01 18:52:36,PRD_WRI_01,Writing,1,480.85,22.9,UPI
TXN0009762,M038,C03009,2025-12-01 19:26:07,PRD_EAR_02,Earphones,2,630.2,60.01,UPI
TXN0002484,M034,C01047,2025-12-01 19:27:50,PRD_ART_01,Art Supplies,1,443.52,21.12,UPI
TXN0004216,M006,C01615,2025-12-01 19:59:52,PRD_CAS_02,Cases,1,761.89,36.28,UPI
TXN0004076,M010,C01387,2025-12-01 20:03:58,PRD_DAI_01,Dairy,1,1054.2,50.2,UPI
TXN0002492,M009,C01308,2025-12-01 21:32:28,PRD_BABY_02,Baby Care,1,3283.35,156.35,UPI
TXN0007575,M029,C03163,2025-12-01 21:33:09,PRD_OFF_01,Office Supplies,1,302.13,14.39,UPI
TXN0006051,M050,C00043,2025-12-01 21:47:28,PRD_BRD_02,Bread,1,559.1,26.62,CARD
TXN0002030,M031,C02012,2025-12-01 22:48:40,PRD_ELE_01,Home Electronics,2,4886.71,465.4,CARD
TXN0002146,M032,C01554,2025-12-02 08:15:43,PRD_PER_02,Personal Care,2,901.74,85.88,UPI
TXN0009179,M029,C00999,2025-12-02 08:23:57,PRD_ART_01,Art Supplies,2,320.0,431.89,UPI
TXN0002378,M048,C02021,2025-12-02 11:00:27,PRD_CAB_02,Cables,1,1244.41,59.26,UPI
TXN0001330,M017,C02194,2025-12-02 11:39:16,PRD_OFF_01,Office Supplies,1,175.0,18.48,UPI
TXN0006366,M013,C02177,2025-12-02 13:38:18,PRD_CAK_02,Cakes,2,450.0,65.01,CASH
TXN0006511,M013,C00376,2025-12-02 13:50:56,PRD_PAS_01,Pastries,1,642.09,30.58,UPI
TXN0006761,M049,C00123,2025-12-02 15:33:51,PRD_DES_02,Desserts,1,180.0,100.18,UPI
TXN0009633,M027,C02720,2025-12-02 15:57:16,PRD_ACC_01,Accessories,1,16695.0,795.0,UPI
TXN0003338,M001,C01263,2025-12-02 16:22:46,PRD_HOU_02,Household,1,2003.4,95.4,UPI
TXN0000919,M034,C00746,2025-12-02 16:45:05,PRD_NOT_01,Notebooks,1,347.71,16.56,UPI
TXN0004455,M004,C02196,2025-12-02 16:53:51,PRD_ELE_02,Home Electronics,2,8347.5,795.0,UPI
TXN0003760,M049,C02215,2025-12-02 17:09:46,PRD_SNK_01,Snacks,1,890.4,42.4,UPI
TXN0003623,M045,C02158,2025-12-02 17:30:17,PRD_SNK_02,Snacks,1,361.15,17.2,UPI
TXN0004126,M017,C02335,2025-12-02 17:33:49,PRD_OFF_01,Office Supplies,2,175.0,143.84,UPI
TXN0001178,M039,C01750,2025-12-02 17:44:03,PRD_BABY_02,Baby Care,1,572.1,27.24,UPI
TXN0006380,M039,C02880,2025-12-02 17:55:38,PRD_BABY_01,Baby Care,1,2782.5,132.5,UPI
TXN0000884,M037,C03103,2025-12-02 18:00:33,PRD_CHG_02,Chargers,2,1416.89,134.94,UPI
TXN0000261,M050,C01618,2025-12-02 18:04:29,PRD_CAK_01,Cakes,1,550.0,186.3,UPI
TXN0006911,M032,C03130,2025-12-02 18:58:58,PRD_WEL_02,Wellness,1,1908.93,90.9,UPI
TXN0000666,M010,C01612,2025-12-02 19:08:52,PRD_BEV_01,Beverages,1,750.33,35.73,CARD
TXN0001192,M029,C01210,2025-12-02 19:16:31,PRD_OFF_02,Office Supplies,1,517.66,24.65,WALLET
TXN0002613,M028,C03141,2025-12-02 19:25:07,PRD_CAB_01,Cables,1,705.68,33.6,UPI
TXN0003573,M003,C02353,2025-12-02 19:28:32,PRD_DES_02,Desserts,1,180.0,41.28,CASH
TXN0005453,M035,C00300,2025-12-02 19:48:27,PRD_CAS_01,Cases,1,374.2,17.82,UPI
TXN0008306,M001,C01884,2025-12-02 20:13:56,PRD_HOU_02,Household,1,715.03,34.05,UPI
TXN0001001,M029,C02810,2025-12-02 20:16:20,PRD_OFF_01,Office Supplies,1,791.25,37.68,WALLET
TXN0005253,M037,C02048,2025-12-02 20:25:49,PRD_CAS_02,Cases,2,450.0,253.66,UPI
TXN0006267,M032,C01383,2025-12-02 20:39:56,PRD_BABY_01,Baby Care,1,1774.01,84.48,UPI
TXN0005995,M001,C00633,2025-12-02 20:54:35,PRD_DAI_02,Dairy,1,1792.92,85.38,UPI
TXN0009896,M008,C02119,2025-12-02 21:08:45,PRD_DES_01,Desserts,1,641.12,30.53,CASH
TXN0004091,M009,C01312,2025-12-02 21:12:04,PRD_MED_02,Medicine,1,3084.41,146.88,UPI
TXN0005946,M046,C02363,2025-12-02 21:19:51,PRD_SNK_01,Snacks,1,599.2,28.53,UPI
TXN0009773,M041,C02330,2025-12-02 21:32:08,PRD_BEV_02,Beverages,1,1669.5,79.5,UPI
TXN0001923,M029,C02901,2025-12-02 21:43:10,PRD_NOT_01,Notebooks,3,207.49,29.64,UPI
TXN0006564,M029,C03103,2025-12-02 21:47:25,PRD_NOT_02,Notebooks,1,412.35,19.64,CASH
TXN0004877,M034,C01070,2025-12-02 22:03:53,PRD_OFF_01,Office Supplies,2,500.85,47.7,UPI
TXN0005677,M031,C02367,2025-12-02 22:38:44,PRD_ACC_02,Accessories,4,4119.22,784.61,UPI
TXN0009638,M038,C02534,2025-12-03 08:12:41,PRD_EAR_01,Earphones,1,3339.0,159.0,UPI
TXN0004014,M036,C01071,2025-12-03 09:09:20,PRD_STA_02,Staples,1,245.0,104.2,UPI
TXN0009821,M002,C00141,2025-12-03 10:55:32,PRD_CAK_01,Cakes,1,1226.06,58.38,UPI
TXN0004590,M029,C03177,2025-12-03 12:11:26,PRD_ART_02,Art Supplies,4,184.13,35.07,UPI
TXN0000226,M031,C03457,2025-12-03 13:05:44,PRD_MOB_01,Mobiles,1,8988.61,428.03,UPI
TXN0004914,M046,C01775,2025-12-03 13:37:05,PRD_BEV_02,Beverages,1,338.52,16.12,CARD
TXN0004294,M001,C02412,2025-12-03 16:11:25,PRD_BEV_01,Beverages,2,522.12,49.73,WALLET
TXN0008034,M012,C00663,2025-12-03 16:51:26,PRD_SNK_02,Snacks,1,1527.56,72.74,UPI
TXN0003720,M049,C01088,2025-12-03 16:53:34,PRD_SNK_01,Snacks,1,116.48,5.55,UPI
TXN0008374,M029,C00855,2025-12-03 17:01:43,PRD_ART_02,Art Supplies,1,543.63,25.89,UPI
TXN0003448,M015,C03104,2025-12-03 17:18:39,PRD_BRD_01,Bread,3,72.14,10.31,CARD
TXN0000389,M014,C01073,2025-12-03 17:22:32,PRD_CAK_02,Cakes,2,450.0,395.51,CARD
TXN0001395,M009,C03072,2025-12-03 19:26:38,PRD_PER_01,Personal Care,1,1167.52,55.6,UPI
TXN0005353,M022,C01338,2025-12-03 19:47:41,PRD_ACC_02,Accessories,1,1732.79,82.51,UPI
TXN0007112,M018,C03015,2025-12-03 19:51:04,PRD_BEV_01,Beverages,1,319.22,15.2,UPI
TXN0007025,M031,C01841,2025-12-03 19:51:34,PRD_ELE_02,Home Electronics,1,11168.77,531.85,CASH
TXN0009878,M010,C03342,2025-12-03 20:18:07,PRD_HOU_01,Household,1,667.17,31.77,CASH
TXN0009816,M046,C02212,2025-12-03 20:42:35,PRD_SNK_02,Snacks,2,330.21,31.45,WALLET
TXN0005782,M032,C02934,2025-12-03 20:51:15,PRD_MED_01,Medicine,1,1394.54,66.41,UPI
TXN0003674,M020,C02464,2025-12-03 21:20:53,PRD_ELE_02,Home Electronics,1,2964.88,141.18,UPI
TXN0004021,M013,C03173,2025-12-03 21:30:56,PRD_SNK_01,Snacks,1,455.9,21.71,UPI
TXN0006608,M044,C02154,2025-12-03 21:44:24,PRD_MEN_02,Men,1,1639.44,78.07,UPI
TXN0002158,M017,C02710,2025-12-03 22:06:47,PRD_ART_01,Art Supplies,1,476.29,22.68,UPI
TXN0006179,M008,C01699,2025-12-03 22:23:42,PRD_COF_02,Coffee,1,499.39,23.78,UPI
TXN0002434,M024,C01969,2025-12-04 08:55:06,PRD_HOU_01,Household,1,288.07,13.72,UPI
TXN0001738,M050,C01198,2025-12-04 11:52:42,PRD_PAS_02,Pastries,2,131.82,12.56,UPI
TXN0009651,M005,C00567,2025-12-04 13:09:15,PRD_MOB_01,Mobiles,1,10617.34,505.59,UPI
TXN0004402,M037,C03333,2025-12-04 14:30:17,PRD_CAB_02,Cables,1,2724.41,129.73,UPI
TXN0000179,M027,C02166,2025-12-04 15:48:46,PRD_ACC_01,Accessories,2,2453.44,233.67,UPI
TXN0001088,M029,C00306,2025-12-04 15:50:40,PRD_ART_02,Art Supplies,1,175.0,104.67,CARD
TXN0003210,M018,C00794,2025-12-04 16:16:39,PRD_MEA_01,Meals,1,1496.31,71.25,UPI
TXN0005596,M039,C02484,2025-12-04 16:47:28,PRD_PER_02,Personal Care,1,1028.2,48.96,UPI
TXN0005506,M020,C02670,2025-12-04 16:53:33,PRD_ACC_01,Accessories,2,3639.87,346.66,UPI
TXN0009144,M046,C02589,2025-12-04 17:05:26,PRD_BEV_02,Beverages,1,287.99,13.71,CASH
TXN0000369,M016,C00373,2025-12-04 17:10:58,PRD_PAS_01,Pastries,2,219.62,20.91,UPI
TXN0006019,M033,C02428,2025-12-04 17:14:19,PRD_SNK_02,Snacks,1,766.24,36.49,CARD
TXN0003703,M016,C03365,2025-12-04 17:38:00,PRD_PAS_01,Pastries,1,241.72,11.51,CARD
TXN0004812,M018,C02062,2025-12-04 17:41:58,PRD_MEA_02,Meals,1,371.41,17.69,UPI
TXN0006461,M013,C02881,2025-12-04 17:58:41,PRD_BRD_01,Bread,1,1075.46,51.21,CARD
TXN0008314,M047,C01084,2025-12-04 18:21:34,PRD_ACC_02,Accessories,1,11665.86,555.52,UPI
TXN0001667,M015,C02130,2025-12-04 18:45:10,PRD_CAK_01,Cakes,1,818.76,38.99,UPI
TXN0000711,M029,C00057,2025-12-04 19:07:44,PRD_NOT_02,Notebooks,3,260.0,474.0,UPI
TXN0001160,M047,C00301,2025-12-04 19:07:56,PRD_LAP_01,Laptops,1,4686.7,223.18,UPI
TXN0009736,M007,C00125,2025-12-04 19:27:17,PRD_DAI_02,Dairy,1,833.98,39.71,UPI
TXN0009172,M005,C02903,2025-12-04 19:38:14,PRD_ACC_01,Accessories,1,7464.47,355.45,CARD
TXN0000751,M046,C00242,2025-12-04 19:41:57,PRD_SNK_02,Snacks,1,739.04,35.19,UPI
TXN0004724,M006,C02599,2025-12-04 19:44:49,PRD_CAS_01,Cases,1,3008.91,143.28,UPI
TXN0003507,M049,C01082,2025-12-04 19:49:59,PRD_COF_02,Coffee,1,1050.67,50.03,UPI
TXN0008406,M033,C00763,2025-12-04 19:50:32,PRD_HOU_01,Household,1,710.16,33.82,WALLET
TXN0008991,M044,C01906,2025-12-04 20:01:38,PRD_WOM_02,Women,1,1499.0,957.65,UPI
TXN0005440,M047,C00545,2025-12-04 20:23:11,PRD_ELE_01,Home Electronics,2,2669.34,254.22,UPI
TXN0003505,M009,C01496,2025-12-04 20:30:13,PRD_BABY_02,Baby Care,2,907.07,86.38,WALLET
TXN0000137,M043,C01330,2025-12-04 21:15:20,PRD_BRD_01,Bread,1,371.9,17.71,UPI
TXN0000985,M009,C00249,2025-12-04 21:22:10,PRD_PER_02,Personal Care,1,1603.12,76.34,UPI
TXN0001258,M028,C01632,2025-12-04 21:25:20,PRD_CAB_01,Cables,1,318.22,15.15,UPI
TXN0006208,M026,C02711,2025-12-04 22:24:52,PRD_COF_02,Coffee,3,280.0,227.23,UPI
TXN0003042,M005,C00864,2025-12-04 22:42:19,PRD_MOB_01,Mobiles,2,8347.5,795.0,UPI
TXN0004500,M005,C00379,2025-12-05 08:59:05,PRD_MOB_02,Mobiles,2,11999.0,17214.17,UPI
TXN0001751,M041,C01284,2025-12-05 09:12:53,PRD_DES_01,Desserts,1,475.07,22.62,CARD
TXN0002369,M046,C01584,2025-12-05 10:06:40,PRD_BEV_02,Beverages,1,801.15,38.15,CASH
TXN0002007,M039,C00031,2025-12-05 13:40:52,PRD_WEL_01,Wellness,1,511.76,24.37,UPI
TXN0004283,M018,C00577,2025-12-05 14:13:15,PRD_SNK_02,Snacks,1,507.45,24.16,WALLET
TXN0006118,M002,C02180,2025-12-05 14:58:25,PRD_SNK_01,Snacks,1,773.44,36.83,UPI
TXN0008897,M050,C02443,2025-12-05 15:04:58,PRD_PAS_02,Pastries,1,320.82,15.28,UPI
TXN0002073,M027,C02255,2025-12-05 15:16:09,PRD_LAP_01,Laptops,4,958.24,182.53,UPI
TXN0006036,M036,C01772,2025-12-05 15:39:32,PRD_SNK_02,Snacks,1,429.07,20.43,CARD
TXN0001344,M037,C03066,2025-12-05 17:21:23,PRD_CAB_01,Cables,1,853.94,40.66,CARD
TXN0009928,M036,C02377,2025-12-05 18:05:25,PRD_DAI_02,Dairy,2,250.61,23.87,UPI
TXN0006533,M049,C01505,2025-12-05 18:35:38,PRD_TEA_01,Tea,1,635.21,30.25,CARD
TXN0006136,M046,C00692,2025-12-05 18:41:38,PRD_BEV_02,Beverages,1,916.21,43.63,UPI
TXN0003135,M002,C00694,2025-12-05 19:04:43,PRD_PAS_01,Pastries,1,521.15,24.82,UPI
TXN0006084,M002,C00948,2025-12-05 19:27:23,PRD_CAK_02,Cakes,2,450.0,679.75,UPI
TXN0005841,M012,C01345,2025-12-05 19:51:05,PRD_SNK_01,Snacks,1,924.69,44.03,UPI
TXN0003907,M017,C00554,2025-12-05 20:22:58,PRD_NOT_02,Notebooks,1,324.09,15.43,CASH
TXN0005102,M006,C01072,2025-12-05 20:23:59,PRD_CAS_01,Cases,1,501.2,23.87,UPI
TXN0001396,M015,C02571,2025-12-05 20:36:04,PRD_SNK_02,Snacks,1,225.0,86.74,WALLET
TXN0006981,M002,C02895,2025-12-05 20:53:50,PRD_BRD_01,Bread,1,982.93,46.81,UPI
TXN0001602,M017,C00962,2025-12-05 21:02:39,PRD_NOT_02,Notebooks,1,415.12,19.77,CARD
TXN0007861,M010,C03031,2025-12-05 21:19:25,PRD_BEV_01,Beverages,1,984.66,46.89,UPI
TXN0004503,M016,C01957,2025-12-05 21:29:07,PRD_BRD_02,Bread,1,390.47,18.59,WALLET
TXN0002016,M046,C01708,2025-12-05 21:48:30,PRD_ESS_01,Daily Essentials,1,720.18,34.29,UPI
TXN0002577,M028,C03462,2025-12-05 22:20:52,PRD_CHG_02,Chargers,1,1429.68,68.08,CARD
TXN0000331,M008,C00672,2025-12-05 22:45:54,PRD_DES_01,Desserts,1,429.32,20.44,UPI
TXN0005469,M001,C02554,2025-12-05 22:52:14,PRD_DAI_02,Dairy,2,111.84,10.66,UPI
TXN0003406,M003,C00154,2025-12-05 22:55:55,PRD_COF_01,Coffee,1,777.09,37.0,UPI
TXN0008391,M029,C00073,2025-12-06 08:00:52,PRD_OFF_02,Office Supplies,1,310.0,148.38,UPI
TXN0007460,M029,C02535,2025-12-06 08:24:47,PRD_ART_01,Art Supplies,2,320.0,249.5,CARD
TXN0008591,M002,C02019,2025-12-06 10:20:11,PRD_BRD_02,Bread,1,1141.28,54.35,UPI
TXN0006897,M050,C03014,2025-12-06 10:46:26,PRD_PAS_01,Pastries,1,315.18,15.01,UPI
TXN0006553,M046,C00750,2025-12-06 11:58:00,PRD_BEV_02,Beverages,1,1275.84,60.75,UPI
TXN0001295,M049,C00153,2025-12-06 12:57:19,PRD_DES_01,Desserts,1,220.0,142.49,UPI
TXN0009002,M013,C01625,2025-12-06 15:00:26,PRD_PAS_02,Pastries,1,492.91,23.47,UPI
TXN0006124,M031,C00289,2025-12-06 15:31:26,PRD_LAP_01,Laptops,2,2163.0,206.0,UPI
TXN0002387,M020,C01624,2025-12-06 15:32:22,PRD_LAP_02,Laptops,1,6921.65,329.6,UPI
TXN0007062,M013,C00553,2025-12-06 16:00:57,PRD_BRD_01,Bread,1,425.51,20.26,UPI
TXN0002068,M037,C01559,2025-12-06 16:02:05,PRD_EAR_02,Earphones,1,349.0,32.57,CARD
TXN0002221,M003,C02785,2025-12-06 16:44:51,PRD_SNK_01,Snacks,1,696.6,33.17,UPI
TXN0009178,M012,C02794,2025-12-06 17:30:46,PRD_BEV_02,Beverages,1,339.33,16.16,WALLET
TXN0001272,M028,C00782,2025-12-06 17:38:15,PRD_EAR_01,Earphones,1,1299.0,736.8,CARD
TXN0003640,M003,C01609,2025-12-06 17:45:34,PRD_TEA_02,Tea,1,210.0,140.04,UPI
TXN0000617,M005,C02576,2025-12-06 18:17:46,PRD_MOB_01,Mobiles,1,18364.5,874.5,UPI
TXN0000322,M050,C00660,2025-12-06 18:34:55,PRD_CAK_02,Cakes,1,976.74,46.51,UPI
TXN0005992,M019,C01131,2025-12-06 18:48:55,PRD_CAB_01,Cables,1,1384.35,65.92,UPI
TXN0002290,M025,C01574,2025-12-06 19:08:56,PRD_PAS_02,Pastries,1,417.09,19.86,WALLET
TXN0004099,M007,C03296,2025-12-06 19:29:30,PRD_SNK_01,Snacks,1,703.63,33.51,UPI
TXN0007479,M029,C01790,2025-12-06 19:38:35,PRD_ART_02,Art Supplies,1,214.74,10.23,WALLET
TXN0006953,M050,C02134,2025-12-06 19:39:48,PRD_BRD_01,Bread,1,1469.16,69.96,UPI
TXN0007653,M045,C01139,2025-12-06 19:42:25,PRD_HOU_02,Household,1,645.33,30.73,UPI
TXN0009507,M049,C01174,2025-12-06 20:03:20,PRD_SNK_01,Snacks,1,386.91,18.42,UPI
TXN0004001,M007,C03048,2025-12-06 20:09:55,PRD_BEV_02,Beverages,1,774.6,36.89,UPI
TXN0008485,M008,C02530,2025-12-06 20:20:03,PRD_DES_01,Desserts,1,220.0,62.5,CASH
TXN0008159,M026,C02956,2025-12-06 20:35:10,PRD_COF_02,Coffee,1,967.54,46.07,UPI
TXN0004537,M046,C00561,2025-12-06 21:10:29,PRD_SNK_01,Snacks,2,409.95,39.05,UPI
TXN0000975,M008,C02697,2025-12-06 22:04:23,PRD_TEA_02,Tea,1,647.31,30.82,UPI
TXN0009613,M008,C00433,2025-12-07 08:03:45,PRD_DES_01,Desserts,1,979.44,46.64,UPI
TXN0001041,M044,C02560,2025-12-07 10:36:18,PRD_MEN_02,Men,1,2366.86,112.71,UPI
TXN0006507,M003,C00458,2025-12-07 12:24:38,PRD_TEA_01,Tea,1,427.01,20.33,CARD
TXN0000325,M031,C00927,2025-12-07 16:03:27,PRD_LAP_02,Laptops,1,3851.99,183.43,UPI
TXN0003726,M021,C01017,2025-12-07 16:46:36,PRD_ART_01,Art Supplies,2,320.0,496.35,UPI
TXN0002401,M007,C02418,2025-12-07 17:03:09,PRD_HOU_02,Household,1,378.35,18.02,UPI
TXN0002485,M017,C02020,2025-12-07 17:09:56,PRD_WRI_01,Writing,1,191.89,9.14,UPI
TXN0009357,M017,C00318,2025-12-07 17:19:09,PRD_OFF_02,Office Supplies,1,1101.87,52.47,UPI
TXN0001101,M046,C01426,2025-12-07 17:33:21,PRD_BEV_01,Beverages,1,1480.49,70.5,UPI
TXN0001674,M029,C00590,2025-12-07 17:50:31,PRD_OFF_02,Office Supplies,1,569.76,27.13,UPI
TXN0004524,M016,C01545,2025-12-07 17:57:37,PRD_CAK_01,Cakes,1,550.0,401.8,UPI
TXN0007930,M047,C00823,2025-12-07 17:57:42,PRD_LAP_02,Laptops,1,3235.06,154.05,UPI
TXN0009077,M049,C02417,2025-12-07 18:05:25,PRD_TEA_01,Tea,2,341.14,32.48,CARD
TXN0007179,M025,C01442,2025-12-07 18:06:41,PRD_CAK_02,Cakes,1,450.0,101.62,UPI
TXN0000300,M031,C00818,2025-12-07 18:09:19,PRD_ELE_01,Home Electronics,1,18364.5,874.5,UPI
TXN0002072,M003,C01746,2025-12-07 18:22:55,PRD_DES_02,Desserts,3,180.0,72.3,UPI
TXN0002570,M045,C00988,2025-12-07 18:41:17,PRD_HOU_01,Household,1,2203.74,104.94,CARD
TXN0000594,M033,C02965,2025-12-07 18:44:22,PRD_STA_02,Staples,1,1595.6,75.98,UPI
TXN0003139,M025,C02387,2025-12-07 18:50:31,PRD_BRD_01,Bread,1,419.16,19.96,UPI
TXN0004502,M044,C00012,2025-12-07 19:06:19,PRD_KID_02,Kids,1,6121.5,291.5,CASH
TXN0000933,M010,C00791,2025-12-07 19:23:30,PRD_BEV_01,Beverages,1,1027.69,48.94,UPI
TXN0006323,M024,C00532,2025-12-07 19:45:09,PRD_BEV_02,Beverages,1,2148.67,102.32,UPI
TXN0004403,M035,C01566,2025-12-07 19:48:01,PRD_EAR_01,Earphones,1,1299.0,206.21,UPI
TXN0000098,M034,C01177,2025-12-07 19:58:59,PRD_NOT_02,Notebooks,1,260.0,46.18,UPI
TXN0005727,M045,C01190,2025-12-07 20:08:34,PRD_STA_01,Staples,1,540.0,397.21,UPI
TXN0006182,M036,C02453,2025-12-07 20:22:15,PRD_BEV_02,Beverages,1,1158.99,55.19,UPI
TXN0000420,M007,C01660,2025-12-07 20:51:27,PRD_BEV_01,Beverages,1,1630.87,77.66,UPI
TXN0007473,M036,C00499,2025-12-07 21:16:48,PRD_STA_02,Staples,2,245.0,275.05,CARD
TXN0003330,M050,C00494,2025-12-07 21:27:43,PRD_BRD_01,Bread,1,361.59,17.22,UPI
TXN0006732,M011,C00703,2025-12-07 21:30:38,PRD_NOT_02,Notebooks,1,613.08,29.19,UPI
TXN0004376,M001,C00441,2025-12-07 21:50:32,PRD_DAI_01,Dairy,1,268.26,12.77,UPI
TXN0000409,M033,C02757,2025-12-07 22:04:16,PRD_DAI_02,Dairy,1,1329.71,63.32,UPI
TXN0002878,M012,C01338,2025-12-07 22:17:28,PRD_HOU_01,Household,1,1065.45,50.74,UPI
TXN0003459,M037,C02822,2025-12-07 22:28:56,PRD_EAR_02,Earphones,1,2699.7,128.56,WALLET
TXN0004831,M012,C01132,2025-12-07 22:39:11,PRD_SNK_01,Snacks,1,956.93,45.57,UPI
TXN0003600,M042,C02247,2025-12-08 11:06:54,PRD_PAS_02,Pastries,2,110.0,66.38,UPI
TXN0005738,M033,C03025,2025-12-08 12:55:57,PRD_BEV_01,Beverages,1,1408.47,67.07,CARD
TXN0009252,M050,C03272,2025-12-08 12:57:12,PRD_SNK_02,Snacks,1,405.0,19.29,UPI
TXN0005392,M008,C02068,2025-12-08 13:38:01,PRD_TEA_01,Tea,2,278.86,26.55,UPI
TXN0004494,M022,C01245,2025-12-08 15:02:27,PRD_MEN_02,Men,4,1312.5,250.0,UPI
TXN0000878,M006,C01879,2025-12-08 15:20:32,PRD_CAS_01,Cases,1,1052.12,50.1,UPI
TXN0003959,M016,C00297,2025-12-08 15:38:14,PRD_CAK_02,Cakes,1,469.88,22.38,UPI
TXN0005171,M030,C01076,2025-12-08 15:40:48,PRD_ACC_01,Accessories,1,5343.22,254.44,UPI
TXN0004541,M020,C01952,2025-12-08 16:52:11,PRD_MOB_02,Mobiles,1,15750.0,750.0,CASH
TXN0008313,M041,C02583,2025-12-08 17:14:38,PRD_MEA_01,Meals,1,388.22,18.49,UPI
TXN0008144,M038,C00718,2025-12-08 17:29:46,PRD_EAR_02,Earphones,4,349.0,190.42,UPI
TXN0008745,M033,C02562,2025-12-08 18:07:12,PRD_SNK_01,Snacks,4,181.74,34.6,UPI
TXN0001417,M012,C02225,2025-12-08 18:26:12,PRD_BEV_02,Beverages,1,529.9,25.23,UPI
TXN0008209,M030,C00062,2025-12-08 18:31:49,PRD_MOB_01,Mobiles,1,6499.0,3652.79,CARD
TXN0007268,M010,C00868,2025-12-08 18:36:29,PRD_STA_02,Staples,2,377.81,35.99,UPI
TXN0005597,M003,C00039,2025-12-08 18:52:13,PRD_COF_01,Coffee,2,495.6,47.2,UPI
TXN0005048,M043,C01473,2025-12-08 19:57:24,PRD_CAK_02,Cakes,1,450.0,162.75,UPI
TXN0007140,M029,C00701,2025-12-08 19:58:09,PRD_WRI_01,Writing,1,268.97,12.81,UPI
TXN0009288,M013,C02900,2025-12-08 20:06:49,PRD_PAS_02,Pastries,2,191.39,18.22,UPI
TXN0007607,M021,C01194,2025-12-08 20:38:40,PRD_NOT_01,Notebooks,1,198.92,9.47,UPI
TXN0005477,M003,C01022,2025-12-08 21:14:36,PRD_SNK_02,Snacks,1,991.2,47.2,UPI
TXN0002960,M039,C01229,2025-12-08 22:01:22,PRD_BABY_01,Baby Care,4,799.0,2517.29,UPI
TXN0002514,M043,C03140,2025-12-08 22:14:58,PRD_PAS_02,Pastries,4,110.0,236.96,UPI
TXN0009094,M040,C02742,2025-12-09 08:39:13,PRD_DES_01,Desserts,2,412.0,39.23,UPI
TXN0000530,M044,C00369,2025-12-09 09:51:42,PRD_KID_02,Kids,1,525.34,25.02,UPI
TXN0002111,M045,C00556,2025-12-09 10:06:04,PRD_HOU_01,Household,1,422.61,20.12,CARD
TXN0005340,M003,C02707,2025-12-09 10:13:12,PRD_TEA_02,Tea,1,481.63,22.93,UPI
TXN0008796,M020,C00545,2025-12-09 11:52:57,PRD_MOB_01,Mobiles,1,6631.32,315.78,CARD
TXN0004974,M043,C02326,2025-12-09 12:13:05,PRD_PAS_02,Pastries,1,384.89,18.33,UPI
TXN0003812,M017,C00207,2025-12-09 12:46:24,PRD_OFF_01,Office Supplies,1,792.66,37.75,WALLET
TXN0008161,M008,C00957,2025-12-09 14:05:42,PRD_SNK_02,Snacks,1,276.38,13.16,UPI
TXN0006359,M038,C01633,2025-12-09 15:56:43,PRD_CAS_01,Cases,1,3150.0,150.0,UPI
TXN0000476,M025,C01488,2025-12-09 16:10:30,PRD_BRD_02,Bread,1,450.0,21.43,UPI
TXN0001345,M008,C00292,2025-12-09 16:28:58,PRD_COF_01,Coffee,1,380.0,187.4,WALLET
TXN0001171,M018,C00941,2025-12-09 17:26:05,PRD_SNK_02,Snacks,1,225.0,105.0,UPI
TXN0000974,M044,C02602,2025-12-09 17:27:57,PRD_ACC_01,Accessories,1,1028.42,48.97,CARD
TXN0001916,M014,C02694,2025-12-09 17:28:20,PRD_SNK_02,Snacks,1,318.84,15.18,UPI
TXN0006338,M036,C01059,2025-12-09 17:32:46,PRD_HOU_01,Household,2,261.15,24.88,CARD
TXN0003229,M016,C02844,2025-12-09 17:38:39,PRD_SNK_02,Snacks,1,602.86,28.71,CASH
TXN0007514,M029,C02363,2025-12-09 17:43:08,PRD_WRI_01,Writing,1,235.06,11.19,UPI
TXN0003001,M009,C03484,2025-12-09 18:39:50,PRD_PER_02,Personal Care,1,1831.49,87.21,UPI
TXN0005535,M038,C02493,2025-12-09 19:26:38,PRD_EAR_01,Earphones,1,1329.12,63.29,UPI
TXN0004882,M039,C00166,2025-12-09 19:37:56,PRD_MED_02,Medicine,1,248.25,11.82,UPI
TXN0008548,M050,C02491,2025-12-09 19:53:59,PRD_BRD_01,Bread,1,509.81,24.28,CARD
TXN0003037,M049,C00113,2025-12-09 19:57:09,PRD_COF_02,Coffee,1,348.57,16.6,CASH
TXN0005921,M019,C01283,2025-12-09 20:28:02,PRD_CAS_01,Cases,1,837.08,39.86,WALLET
TXN0002897,M038,C00664,2025-12-09 20:28:27,PRD_CHG_02,Chargers,1,1844.25,87.82,UPI
TXN0005855,M034,C00253,2025-12-09 20:38:10,PRD_ART_01,Art Supplies,1,320.0,17.7,UPI
TXN0008410,M038,C02774,2025-12-09 21:10:43,PRD_CAS_02,Cases,1,2938.51,139.93,UPI
TXN0002687,M045,C00332,2025-12-09 21:27:47,PRD_STA_01,Staples,1,1096.84,52.23,UPI
TXN0005335,M003,C01185,2025-12-09 21:41:08,PRD_COF_02,Coffee,1,283.98,13.52,UPI
TXN0009379,M010,C01900,2025-12-09 22:23:19,PRD_STA_01,Staples,2,540.0,766.27,UPI
TXN0000406,M035,C01864,2025-12-09 22:37:46,PRD_CHG_02,Chargers,1,2046.78,97.47,UPI
TXN0008220,M043,C00764,2025-12-10 08:07:04,PRD_SNK_01,Snacks,1,541.11,25.77,WALLET
TXN0003368,M044,C01768,2025-12-10 08:21:42,PRD_ACC_02,Accessories,1,1386.42,66.02,WALLET
TXN0007098,M027,C03262,2025-12-10 09:51:27,PRD_ELE_01,Home Electronics,1,15750.0,750.0,UPI
TXN0003689,M003,C01980,2025-12-10 11:35:44,PRD_SNK_02,Snacks,1,225.0,141.48,CARD
TXN0004048,M050,C01797,2025-12-10 16:59:23,PRD_SNK_01,Snacks,2,161.77,15.4,WALLET
TXN0003718,M033,C02612,2025-12-10 17:24:48,PRD_HOU_02,Household,2,320.0,78.3,UPI
TXN0006647,M030,C03236,2025-12-10 17:40:55,PRD_ACC_01,Accessories,1,1279.25,60.92,UPI
TXN0000658,M023,C01697,2025-12-10 18:13:05,PRD_MEA_02,Meals,1,419.85,19.99,UPI
TXN0003857,M021,C02722,2025-12-10 18:24:45,PRD_OFF_01,Office Supplies,2,213.4,20.32,CARD
TXN0006570,M023,C03213,2025-12-10 18:46:36,PRD_MEA_02,Meals,1,1075.9,51.23,UPI
TXN0006325,M039,C01397,2025-12-10 18:59:22,PRD_PER_01,Personal Care,1,909.96,43.33,UPI
TXN0001092,M016,C03112,2025-12-10 19:06:27,PRD_BRD_02,Bread,1,705.9,33.61,UPI
TXN0001911,M040,C02883,2025-12-10 20:15:26,PRD_COF_01,Coffee,1,380.0,27.73,UPI
TXN0006392,M038,C03311,2025-12-10 20:40:34,PRD_CAS_02,Cases,1,3048.47,145.17,UPI
TXN0006681,M039,C03253,2025-12-10 20:58:36,PRD_WEL_01,Wellness,1,375.0,150.99,UPI
TXN0000853,M019,C03289,2025-12-10 21:01:15,PRD_CAB_02,Cables,3,349.0,193.44,UPI
TXN0000708,M019,C02740,2025-12-10 21:06:20,PRD_CAB_01,Cables,1,628.83,29.94,UPI
TXN0008957,M018,C01870,2025-12-10 21:11:16,PRD_DES_02,Desserts,1,589.21,28.06,UPI
TXN0003667,M016,C00270,2025-12-10 21:27:57,PRD_PAS_01,Pastries,1,382.16,18.2,UPI
TXN0005493,M043,C02640,2025-12-10 21:33:07,PRD_BRD_02,Bread,1,500.61,23.84,UPI
TXN0002438,M038,C00848,2025-12-10 21:38:30,PRD_CAS_01,Cases,1,533.35,25.4,UPI
TXN0007077,M017,C01211,2025-12-10 21:41:09,PRD_NOT_02,Notebooks,1,277.4,13.21,UPI
TXN0000543,M050,C02166,2025-12-10 22:28:20,PRD_PAS_01,Pastries,1,317.01,15.1,WALLET
TXN0006280,M009,C00464,2025-12-11 08:03:03,PRD_WEL_02,Wellness,1,1196.28,56.97,UPI
TXN0008944,M035,C02593,2025-12-11 08:50:44,PRD_CAS_01,Cases,1,1221.67,58.17,UPI
TXN0004969,M018,C02192,2025-12-11 08:53:26,PRD_DES_02,Desserts,1,1017.58,48.46,UPI
TXN0005865,M025,C01994,2025-12-11 11:42:27,PRD_CAK_01,Cakes,1,550.0,108.07,UPI
TXN0002468,M033,C00718,2025-12-11 11:42:54,PRD_DAI_02,Dairy,1,1360.03,64.76,UPI
TXN0008686,M043,C03323,2025-12-11 12:40:07,PRD_CAK_01,Cakes,1,550.0,96.93,WALLET
TXN0005137,M030,C01576,2025-12-11 12:56:41,PRD_LAP_02,Laptops,2,4076.26,388.22,UPI
TXN0001507,M045,C00460,2025-12-11 13:39:17,PRD_SNK_01,Snacks,1,609.63,29.03,CARD
TXN0009160,M026,C02680,2025-12-11 14:40:21,PRD_TEA_02,Tea,1,210.0,47.74,WALLET
TXN0006780,M025,C01565,2025-12-11 15:27:22,PRD_SNK_01,Snacks,1,335.01,15.95,UPI
TXN0007511,M001,C00857,2025-12-11 15:37:29,PRD_HOU_02,Household,1,445.68,21.22,UPI
TXN0006929,M021,C00679,2025-12-11 15:52:47,PRD_WRI_01,Writing,1,90.0,24.43,UPI
TXN0005539,M006,C01048,2025-12-11 15:58:45,PRD_EAR_02,Earphones,1,482.43,22.97,UPI
TXN0003996,M048,C02871,2025-12-11 16:42:51,PRD_EAR_01,Earphones,1,1299.0,1139.17,UPI
TXN0008289,M015,C02428,2025-12-11 17:05:12,PRD_CAK_02,Cakes,1,450.0,264.84,CASH
TXN0003241,M016,C00965,2025-12-11 17:10:49,PRD_PAS_01,Pastries,1,480.34,22.87,UPI
TXN0006960,M032,C02795,2025-12-11 17:15:40,PRD_PER_02,Personal Care,1,239.56,11.41,UPI
TXN0002893,M004,C00621,2025-12-11 17:17:44,PRD_MOB_01,Mobiles,2,6499.0,11575.87,WALLET
TXN0008475,M020,C01672,2025-12-11 17:28:40,PRD_ELE_02,Home Electronics,2,1498.83,142.74,CASH
TXN0009614,M031,C02749,2025-12-11 18:00:07,PRD_ELE_01,Home Electronics,1,7076.87,336.99,CASH
TXN0002060,M028,C01396,2025-12-11 18:30:21,PRD_EAR_02,Earphones,2,464.17,44.21,UPI
TXN0003973,M031,C03425,2025-12-11 18:33:03,PRD_LAP_01,Laptops,1,15750.0,750.0,UPI
TXN0001401,M008,C00707,2025-12-11 18:38:25,PRD_TEA_02,Tea,2,332.26,31.65,UPI
TXN0003577,M012,C01568,2025-12-11 19:12:25,PRD_ESS_01,Daily Essentials,3,145.0,203.94,UPI
TXN0005080,M008,C03221,2025-12-11 19:21:13,PRD_COF_02,Coffee,1,280.0,67.78,CARD
TXN0005064,M046,C02887,2025-12-11 19:25:15,PRD_SNK_01,Snacks,1,368.51,17.55,CARD
TXN0003136,M004,C01889,2025-12-11 19:37:54,PRD_ELE_02,Home Electronics,3,1099.0,789.96,CARD
TXN0000686,M001,C02907,2025-12-11 19:40:14,PRD_HOU_01,Household,2,180.0,62.73,UPI
TXN0007195,M016,C01156,2025-12-11 19:57:35,PRD_PAS_02,Pastries,3,110.0,250.0,WALLET
TXN0002573,M002,C00088,2025-12-11 20:18:23,PRD_CAK_01,Cakes,1,550.0,110.28,UPI
TXN0008817,M006,C00302,2025-12-11 20:21:56,PRD_CAB_02,Cables,1,1687.51,80.36,CARD
TXN0006002,M012,C01604,2025-12-11 20:49:01,PRD_ESS_01,Daily Essentials,2,259.67,24.74,WALLET
TXN0004846,M032,C03435,2025-12-11 21:12:19,PRD_WEL_02,Wellness,1,1020.59,48.6,UPI
TXN0000320,M013,C00094,2025-12-11 21:25:53,PRD_CAK_01,Cakes,1,868.05,41.34,WALLET
TXN0002258,M007,C02232,2025-12-11 21:32:06,PRD_SNK_02,Snacks,1,738.2,35.15,UPI
TXN0003124,M045,C03431,2025-12-11 21:38:48,PRD_STA_01,Staples,1,540.0,29.32,UPI
TXN0005807,M013,C00858,2025-12-11 21:47:11,PRD_CAK_02,Cakes,1,713.46,33.97,CARD
TXN0000562,M020,C00476,2025-12-11 22:23:07,PRD_ELE_01,Home Electronics,1,1248.09,59.43,UPI
TXN0009691,M008,C02358,2025-12-12 08:41:32,PRD_DES_02,Desserts,1,296.51,14.12,CASH
TXN0006957,M044,C00932,2025-12-12 12:30:07,PRD_KID_01,Kids,1,3747.48,178.45,UPI
TXN0003061,M004,C01013,2025-12-12 12:35:58,PRD_ACC_02,Accessories,2,4314.47,410.9,UPI
TXN0003027,M031,C03217,2025-12-12 12:50:28,PRD_ELE_01,Home Electronics,1,4353.89,207.33,CARD
TXN0004790,M016,C03326,2025-12-12 15:49:45,PRD_PAS_02,Pastries,1,1260.0,60.0,UPI
TXN0004322,M018,C00191,2025-12-12 16:31:38,PRD_MEA_01,Meals,1,941.52,44.83,UPI
TXN0002298,M039,C01136,2025-12-12 16:55:06,PRD_WEL_02,Wellness,3,875.0,125.0,UPI
TXN0004049,M015,C00709,2025-12-12 16:57:08,PRD_BRD_01,Bread,1,638.22,30.39,UPI
TXN0006641,M033,C01320,2025-12-12 17:07:07,PRD_HOU_02,Household,1,320.0,87.33,UPI
TXN0004348,M033,C01946,2025-12-12 17:27:36,PRD_SNK_01,Snacks,1,588.86,28.04,UPI
TXN0003863,M024,C01058,2025-12-12 17:32:39,PRD_BEV_02,Beverages,1,1614.64,76.89,UPI
TXN0008276,M026,C02078,2025-12-12 17:52:48,PRD_DES_01,Desserts,1,840.0,40.0,UPI
TXN0004827,M038,C01850,2025-12-12 18:01:23,PRD_EAR_02,Earphones,2,349.0,357.38,UPI
TXN0009543,M050,C01178,2025-12-12 18:04:33,PRD_CAK_01,Cakes,1,785.02,37.38,UPI
TXN0001539,M010,C00510,2025-12-12 18:11:32,PRD_SNK_02,Snacks,1,225.0,95.84,UPI
TXN0008299,M049,C01820,2025-12-12 18:18:11,PRD_COF_01,Coffee,2,387.4,36.9,UPI
TXN0003132,M005,C00994,2025-12-12 18:20:05,PRD_ELE_02,Home Electronics,1,4566.96,217.47,UPI
TXN0008233,M006,C02565,2025-12-12 18:25:45,PRD_CAS_01,Cases,2,988.13,94.1,UPI
TXN0009881,M007,C00974,2025-12-12 18:59:22,PRD_BEV_02,Beverages,1,244.81,11.66,UPI
TXN0008218,M035,C01751,2025-12-12 19:02:52,PRD_EAR_01,Earphones,1,1299.0,504.41,CARD
TXN0005686,M027,C02214,2025-12-12 19:08:04,PRD_MOB_02,Mobiles,2,11999.0,21434.28,UPI
TXN0006816,M036,C00131,2025-12-12 19:19:31,PRD_SNK_01,Snacks,1,242.37,11.54,CARD
TXN0005087,M012,C02359,2025-12-12 19:25:32,PRD_ESS_02,Daily Essentials,1,2100.0,100.0,UPI
TXN0007491,M042,C01256,2025-12-12 19:43:14,PRD_CAK_01,Cakes,4,550.0,1947.33,CARD
TXN0009951,M038,C03465,2025-12-12 19:47:18,PRD_CAB_02,Cables,1,349.0,91.96,CARD
TXN0003293,M040,C02006,2025-12-12 19:54:43,PRD_TEA_01,Tea,1,840.0,40.0,UPI
TXN0004278,M001,C02330,2025-12-12 20:13:01,PRD_STA_02,Staples,1,1890.0,90.0,UPI
TXN0007172,M035,C00408,2025-12-12 20:15:22,PRD_CAS_01,Cases,1,1333.5,63.5,UPI
TXN0008329,M049,C03122,2025-12-12 20:28:52,PRD_DES_02,Desserts,1,400.39,19.07,UPI
TXN0004019,M018,C01882,2025-12-12 20:32:11,PRD_MEA_01,Meals,1,1575.0,75.0,CARD
TXN0008125,M003,C02562,2025-12-12 20:53:42,PRD_DES_02,Desserts,1,383.54,18.26,UPI
TXN0000239,M004,C03121,2025-12-12 21:01:29,PRD_ELE_01,Home Electronics,1,5858.87,278.99,WALLET
TXN0005051,M003,C00715,2025-12-12 21:24:07,PRD_COF_02,Coffee,1,455.82,21.71,WALLET
TXN0005236,M033,C00780,2025-12-13 08:05:54,PRD_BEV_01,Beverages,2,173.33,16.51,UPI
TXN0003041,M036,C01497,2025-12-13 08:07:14,PRD_BEV_02,Beverages,1,600.03,28.57,CARD
TXN0001123,M010,C03077,2025-12-13 10:18:21,PRD_DAI_01,Dairy,2,147.06,14.0,CARD
TXN0004774,M046,C03464,2025-12-13 10:39:33,PRD_ESS_02,Daily Essentials,1,421.05,20.05,UPI
TXN0003156,M034,C01025,2025-12-13 11:46:19,PRD_WRI_01,Writing,3,177.29,25.32,WALLET
TXN0007674,M018,C00874,2025-12-13 15:25:38,PRD_SNK_02,Snacks,1,1229.89,58.57,UPI
TXN0005598,M003,C02509,2025-12-13 15:53:01,PRD_SNK_01,Snacks,1,189.08,9.0,CARD
TXN0009280,M036,C01157,2025-12-13 16:37:52,PRD_STA_02,Staples,2,246.53,23.47,UPI
TXN0008317,M015,C01270,2025-12-13 16:50:15,PRD_SNK_01,Snacks,1,1386.0,66.0,UPI
TXN0007874,M011,C00503,2025-12-13 17:09:37,PRD_WRI_02,Writing,1,272.77,12.99,CASH
TXN0005573,M046,C00419,2025-12-13 17:35:55,PRD_SNK_01,Snacks,1,1104.45,52.59,UPI
TXN0005790,M013,C02150,2025-12-13 17:38:23,PRD_CAK_02,Cakes,1,930.04,44.29,CASH
TXN0000972,M011,C01548,2025-12-13 17:47:22,PRD_WRI_01,Writing,1,1039.5,49.5,UPI
TXN0008019,M017,C03091,2025-12-13 18:13:03,PRD_NOT_02,Notebooks,1,260.0,107.75,UPI
TXN0000863,M003,C00626,2025-12-13 18:13:42,PRD_DES_01,Desserts,1,594.31,28.3,UPI
TXN0005471,M032,C02454,2025-12-13 18:25:01,PRD_MED_02,Medicine,1,2887.5,137.5,UPI
TXN0006504,M010,C01727,2025-12-13 18:40:20,PRD_HOU_01,Household,1,1209.81,57.61,UPI
TXN0008377,M040,C01504,2025-12-13 18:45:39,PRD_SNK_02,Snacks,1,225.0,74.51,UPI
TXN0009138,M036,C00248,2025-12-13 19:00:12,PRD_DAI_01,Dairy,1,1428.84,68.04,CARD
TXN0003941,M040,C01674,2025-12-13 19:01:25,PRD_DES_02,Desserts,1,882.61,42.03,UPI
TXN0006074,M023,C01442,2025-12-13 19:19:37,PRD_SNK_01,Snacks,1,1422.15,67.72,UPI
TXN0002864,M008,C02491,2025-12-13 19:29:48,PRD_DES_02,Desserts,1,241.13,11.48,UPI
TXN0006362,M013,C02111,2025-12-13 19:35:25,PRD_SNK_01,Snacks,1,954.85,45.47,WALLET
TXN0007469,M042,C01208,2025-12-13 19:47:50,PRD_PAS_02,Pastries,1,289.82,13.8,CARD
TXN0000166,M043,C01517,2025-12-13 19:48:50,PRD_CAK_01,Cakes,1,1331.04,63.38,UPI
TXN0005071,M049,C02531,2025-12-13 19:48:59,PRD_TEA_02,Tea,1,210.0,69.85,CARD
TXN0006660,M033,C00616,2025-12-13 20:07:48,PRD_BEV_01,Beverages,1,195.11,9.29,UPI
TXN0003527,M010,C00826,2025-12-13 20:08:50,PRD_SNK_02,Snacks,1,562.44,26.78,UPI
TXN0000353,M031,C02796,2025-12-13 20:21:34,PRD_LAP_01,Laptops,2,3606.25,343.46,CARD
TXN0003881,M009,C03393,2025-12-13 20:22:42,PRD_BABY_02,Baby Care,1,1069.62,50.93,UPI
TXN0005581,M020,C01753,2025-12-13 20:34:44,PRD_ELE_01,Home Electronics,1,20443.5,973.5,UPI
TXN0001309,M007,C02201,2025-12-13 21:48:57,PRD_HOU_02,Household,1,439.19,20.91,CARD
TXN0005505,M015,C02744,2025-12-13 22:27:48,PRD_CAK_01,Cakes,1,709.79,33.8,WALLET
TXN0004960,M047,C03489,2025-12-13 22:43:04,PRD_ELE_02,Home Electronics,1,3050.46,145.26,UPI
TXN0001478,M035,C02613,2025-12-14 12:25:46,PRD_CAS_01,Cases,1,3079.31,146.63,CASH
TXN0002930,M031,C01030,2025-12-14 12:53:29,PRD_LAP_02,Laptops,1,6847.06,326.05,CASH
TXN0009853,M044,C03026,2025-12-14 12:56:39,PRD_WOM_01,Women,1,843.35,40.16,UPI
TXN0006429,M004,C00485,2025-12-14 12:57:37,PRD_ELE_02,Home Electronics,1,3759.34,179.02,UPI
TXN0000041,M018,C00410,2025-12-14 14:49:07,PRD_DES_01,Desserts,2,244.12,23.25,UPI
TXN0002207,M018,C01814,2025-12-14 16:25:37,PRD_SNK_02,Snacks,1,1372.66,65.36,CARD
TXN0007096,M010,C00265,2025-12-14 16:28:00,PRD_BEV_01,Beverages,1,1230.04,58.57,UPI
TXN0003455,M003,C00904,2025-12-14 16:43:39,PRD_COF_02,Coffee,1,287.04,13.67,UPI
TXN0008590,M001,C02276,2025-12-14 16:48:52,PRD_STA_01,Staples,1,1108.85,52.8,UPI
TXN0003670,M029,C01909,2025-12-14 16:49:14,PRD_NOT_02,Notebooks,1,394.91,18.81,UPI
TXN0001487,M040,C02216,2025-12-14 17:53:51,PRD_SNK_01,Snacks,1,164.93,7.85,UPI
TXN0006633,M046,C00463,2025-12-14 18:08:34,PRD_BEV_02,Beverages,2,1362.9,129.8,WALLET
TXN0006026,M042,C01724,2025-12-14 18:15:18,PRD_CAK_01,Cakes,4,550.0,1848.79,UPI
TXN0006684,M021,C02009,2025-12-14 18:24:27,PRD_NOT_02,Notebooks,1,773.94,36.85,UPI
TXN0007446,M033,C02301,2025-12-14 18:56:51,PRD_BEV_01,Beverages,1,172.11,8.2,UPI
TXN0004566,M024,C02322,2025-12-14 19:02:59,PRD_ESS_02,Daily Essentials,1,439.6,20.93,CASH
TXN0006222,M048,C02137,2025-12-14 19:15:33,PRD_CAS_01,Cases,1,437.9,20.85,UPI
TXN0009972,M002,C02016,2025-12-14 19:29:49,PRD_SNK_02,Snacks,1,225.0,36.56,UPI
TXN0005380,M045,C01397,2025-12-14 20:18:07,PRD_HOU_01,Household,4,180.0,131.88,CASH
TXN0007638,M013,C01838,2025-12-14 20:23:33,PRD_CAK_02,Cakes,1,450.0,203.88,CASH
TXN0004487,M015,C01720,2025-12-14 20:26:00,PRD_CAK_01,Cakes,1,791.62,37.7,UPI
TXN0002107,M033,C03025,2025-12-14 21:21:40,PRD_SNK_02,Snacks,2,453.5,43.19,CARD
TXN0003004,M036,C03407,2025-12-14 22:10:40,PRD_BEV_01,Beverages,1,1270.0,60.48,CASH
TXN0007201,M017,C00048,2025-12-14 22:10:53,PRD_NOT_02,Notebooks,1,424.0,20.19,WALLET
TXN0008715,M036,C01935,2025-12-15 08:37:50,PRD_SNK_01,Snacks,3,111.63,15.94,UPI
TXN0009777,M010,C01598,2025-12-15 10:00:58,PRD_HOU_02,Household,1,320.0,22.7,UPI
TXN0007243,M040,C00353,2025-12-15 10:05:13,PRD_COF_01,Coffee,1,380.0,180.18,UPI
TXN0000367,M033,C01759,2025-12-15 10:16:47,PRD_BEV_02,Beverages,1,168.59,8.03,UPI
TXN0009630,M031,C01917,2025-12-15 11:14:58,PRD_ELE_01,Home Electronics,2,2919.41,278.03,CARD
TXN0007113,M032,C02144,2025-12-15 12:08:26,PRD_WEL_02,Wellness,1,509.04,24.24,CARD
TXN0002065,M047,C00241,2025-12-15 12:16:35,PRD_LAP_01,Laptops,1,4117.64,196.08,UPI
TXN0000560,M032,C02480,2025-12-15 12:36:49,PRD_PER_02,Personal Care,1,2625.0,125.0,UPI
TXN0005131,M045,C01032,2025-12-15 12:46:20,PRD_BEV_01,Beverages,1,588.06,28.0,CARD
TXN0009444,M004,C03075,2025-12-15 15:23:26,PRD_ACC_02,Accessories,2,3697.09,352.11,UPI
TXN0006550,M035,C00064,2025-12-15 16:28:19,PRD_CAB_01,Cables,1,540.27,25.73,UPI
TXN0003015,M018,C02290,2025-12-15 16:36:07,PRD_DES_02,Desserts,3,257.48,36.77,UPI
TXN0003713,M002,C01855,2025-12-15 18:01:53,PRD_PAS_01,Pastries,1,233.94,11.14,UPI
TXN0001650,M032,C01843,2025-12-15 18:14:29,PRD_PER_02,Personal Care,1,859.94,40.95,UPI
TXN0003855,M033,C01242,2025-12-15 19:17:00,PRD_BEV_01,Beverages,2,692.53,65.96,UPI
TXN0003631,M017,C01699,2025-12-15 19:21:10,PRD_NOT_02,Notebooks,1,260.0,14.3,CASH
TXN0009499,M038,C02545,2025-12-15 19:29:21,PRD_CAS_01,Cases,1,3717.0,177.0,UPI
TXN0009739,M047,C01707,2025-12-15 19:32:29,PRD_MOB_02,Mobiles,2,11999.0,19394.67,WALLET
TXN0003414,M007,C03204,2025-12-15 19:40:10,PRD_BEV_01,Beverages,1,344.2,16.39,CARD
TXN0008812,M011,C02055,2025-12-15 19:52:25,PRD_NOT_02,Notebooks,1,607.29,28.92,UPI
TXN0009389,M042,C03201,2025-12-15 20:04:21,PRD_PAS_01,Pastries,3,134.97,19.29,UPI
TXN0007273,M016,C03063,2025-12-15 20:21:40,PRD_PAS_02,Pastries,1,486.52,23.17,UPI
TXN0003915,M042,C02861,2025-12-15 20:38:32,PRD_BRD_01,Bread,1,1260.0,60.0,UPI
TXN0002815,M001,C02339,2025-12-15 20:39:45,PRD_BEV_02,Beverages,1,478.08,22.77,UPI
TXN0004471,M050,C00749,2025-12-15 20:51:30,PRD_PAS_01,Pastries,1,397.53,18.93,UPI
TXN0000022,M016,C01258,2025-12-15 22:31:24,PRD_SNK_02,Snacks,1,225.0,52.49,UPI
TXN0000854,M028,C01956,2025-12-16 10:14:01,PRD_CAB_01,Cables,1,675.81,32.18,UPI
TXN0009012,M026,C02539,2025-12-16 10:14:39,PRD_SNK_02,Snacks,1,415.88,19.8,UPI
TXN0004486,M045,C00043,2025-12-16 13:52:16,PRD_SNK_01,Snacks,1,1890.0,90.0,UPI
TXN0009818,M040,C02647,2025-12-16 16:29:35,PRD_DES_02,Desserts,1,229.18,10.91,UPI
TXN0004460,M035,C00626,2025-12-16 16:44:08,PRD_CAS_01,Cases,1,930.1,44.29,WALLET
TXN0005161,M005,C02126,2025-12-16 16:47:58,PRD_LAP_02,Laptops,1,3301.99,157.24,UPI
TXN0002975,M008,C00195,2025-12-16 17:00:24,PRD_COF_01,Coffee,1,568.3,27.06,UPI
TXN0007651,M021,C03129,2025-12-16 17:21:54,PRD_ART_02,Art Supplies,1,449.61,21.41,UPI
TXN0007539,M047,C02027,2025-12-16 17:32:12,PRD_ACC_01,Accessories,1,15750.0,750.0,UPI
TXN0008632,M013,C02253,2025-12-16 18:16:22,PRD_CAK_02,Cakes,2,450.0,591.39,WALLET
TXN0008499,M035,C02670,2025-12-16 18:18:45,PRD_CAB_01,Cables,1,3100.02,147.62,UPI
TXN0009466,M037,C00721,2025-12-16 18:27:49,PRD_CAB_02,Cables,1,3717.0,177.0,UPI
TXN0000116,M043,C02075,2025-12-16 19:02:02,PRD_SNK_01,Snacks,2,404.8,38.55,UPI
TXN0006198,M045,C02857,2025-12-16 19:33:46,PRD_DAI_02,Dairy,1,677.13,32.24,UPI
TXN0004690,M021,C01862,2025-12-16 19:39:27,PRD_ART_01,Art Supplies,1,346.63,16.51,UPI
TXN0003060,M003,C03020,2025-12-16 19:49:45,PRD_SNK_02,Snacks,1,454.86,21.66,UPI
TXN0008149,M037,C01785,2025-12-16 20:04:29,PRD_EAR_01,Earphones,1,1299.0,870.01,UPI
TXN0009936,M046,C01286,2025-12-16 20:07:31,PRD_SNK_02,Snacks,1,904.0,43.05,CARD
TXN0005949,M008,C00199,2025-12-16 20:11:10,PRD_DES_01,Desserts,1,220.0,42.7,WALLET
TXN0007022,M017,C02468,2025-12-16 20:52:50,PRD_OFF_02,Office Supplies,1,457.19,21.77,UPI
TXN0006464,M045,C03457,2025-12-16 21:00:00,PRD_DAI_01,Dairy,2,105.46,10.04,UPI
TXN0001276,M022,C00792,2025-12-16 21:23:37,PRD_MEN_02,Men,2,1199.0,1444.45,UPI
TXN0003269,M002,C00253,2025-12-16 21:36:02,PRD_PAS_01,Pastries,1,873.22,41.58,UPI
TXN0001440,M041,C03368,2025-12-16 22:51:27,PRD_DES_02,Desserts,1,233.52,11.12,CARD
TXN0008600,M026,C00842,2025-12-16 22:54:03,PRD_SNK_01,Snacks,1,149.64,7.13,UPI
TXN0003385,M014,C01290,2025-12-16 22:59:36,PRD_PAS_02,Pastries,4,110.0,216.39,UPI
TXN0003102,M035,C02252,2025-12-17 09:18:12,PRD_CAS_01,Cases,1,2768.85,131.85,UPI
TXN0002430,M014,C02343,2025-12-17 11:31:14,PRD_SNK_02,Snacks,1,743.75,35.42,UPI
TXN0004730,M004,C00864,2025-12-17 14:55:43,PRD_ACC_01,Accessories,1,2832.81,134.9,CARD
TXN0006181,M004,C01923,2025-12-17 15:36:08,PRD_LAP_02,Laptops,1,6200.8,295.28,CARD
TXN0004845,M031,C01318,2025-12-17 15:37:33,PRD_ELE_01,Home Electronics,1,2864.83,136.42,UPI
TXN0001483,M013,C01384,2025-12-17 16:00:25,PRD_CAK_02,Cakes,1,450.0,118.57,UPI
TXN0003057,M013,C02127,2025-12-17 16:27:05,PRD_SNK_01,Snacks,1,328.65,15.65,CARD
TXN0009039,M029,C01579,2025-12-17 16:28:34,PRD_WRI_02,Writing,2,433.57,41.3,CASH
TXN0005647,M045,C02219,2025-12-17 16:36:24,PRD_BEV_01,Beverages,1,347.56,16.55,UPI
TXN0001787,M008,C01717,2025-12-17 17:06:28,PRD_SNK_02,Snacks,1,225.0,98.31,UPI
TXN0002153,M010,C02938,2025-12-17 17:24:38,PRD_DAI_01,Dairy,1,227.07,10.81,CARD
TXN0001961,M013,C02272,2025-12-17 17:28:28,PRD_PAS_02,Pastries,1,898.39,42.78,CARD
TXN0005193,M046,C02939,2025-12-17 18:06:20,PRD_ESS_01,Daily Essentials,1,284.38,13.54,UPI
TXN0008662,M031,C00420,2025-12-17 18:16:04,PRD_ELE_02,Home Electronics,1,5954.64,283.55,CARD
TXN0003490,M031,C02228,2025-12-17 18:40:31,PRD_MOB_01,Mobiles,1,6717.93,319.9,UPI
TXN0001864,M050,C00720,2025-12-17 18:46:20,PRD_PAS_02,Pastries,1,745.67,35.51,UPI
TXN0009090,M001,C02041,2025-12-17 18:56:42,PRD_STA_01,Staples,1,1335.96,63.62,UPI
TXN0001077,M029,C02258,2025-12-17 18:58:46,PRD_ART_02,Art Supplies,1,175.0,91.94,UPI
TXN0003447,M006,C03283,2025-12-17 19:21:37,PRD_CAS_01,Cases,1,811.35,38.64,CARD
TXN0004259,M024,C02976,2025-12-17 19:45:25,PRD_ESS_02,Daily Essentials,1,171.78,8.18,UPI
TXN0004694,M028,C01108,2025-12-17 20:01:58,PRD_EAR_01,Earphones,1,1299.0,790.34,UPI
TXN0005712,M045,C00159,2025-12-17 20:09:29,PRD_HOU_02,Household,1,1067.19,50.82,UPI
TXN0000825,M017,C03050,2025-12-17 20:12:00,PRD_ART_01,Art Supplies,1,320.0,41.34,UPI
TXN0009214,M029,C01766,2025-12-17 20:15:56,PRD_NOT_02,Notebooks,1,260.0,41.68,UPI
TXN0008885,M002,C01593,2025-12-17 20:19:42,PRD_BRD_01,Bread,4,231.29,44.06,UPI
TXN0003790,M019,C03481,2025-12-17 20:39:59,PRD_CHG_02,Chargers,2,1575.0,150.0,UPI
TXN0006607,M029,C01413,2025-12-17 20:59:42,PRD_OFF_01,Office Supplies,1,175.0,71.96,UPI
TXN0002926,M046,C01165,2025-12-17 21:08:24,PRD_HOU_02,Household,1,525.99,25.05,CARD
TXN0006925,M015,C02234,2025-12-17 21:12:15,PRD_PAS_01,Pastries,1,393.02,18.72,UPI
TXN0007187,M014,C00399,2025-12-17 21:26:10,PRD_PAS_02,Pastries,1,240.57,11.46,CARD
TXN0004696,M036,C03363,2025-12-17 21:43:46,PRD_SNK_01,Snacks,1,1179.79,56.18,UPI
TXN0005362,M045,C01062,2025-12-17 22:34:12,PRD_HOU_02,Household,2,945.0,90.0,CARD
TXN0000855,M009,C01552,2025-12-17 22:58:03,PRD_PER_01,Personal Care,2,372.82,35.5,UPI
TXN0008365,M036,C00883,2025-12-18 11:22:26,PRD_DAI_02,Dairy,1,1011.34,48.16,UPI
TXN0004750,M027,C02977,2025-12-18 11:26:32,PRD_ACC_01,Accessories,1,4107.98,195.62,CARD
TXN0005635,M003,C00642,2025-12-18 11:27:06,PRD_DES_02,Desserts,2,420.0,40.0,CARD
TXN0009707,M011,C02563,2025-12-18 12:14:06,PRD_ART_01,Art Supplies,1,320.0,94.94,UPI
TXN0000130,M012,C03371,2025-12-18 13:10:19,PRD_SNK_02,Snacks,2,1010.88,96.27,WALLET
TXN0009041,M019,C01100,2025-12-18 13:25:54,PRD_CHG_01,Chargers,1,1415.96,67.43,UPI
TXN0007795,M021,C00909,2025-12-18 14:18:40,PRD_WRI_02,Writing,4,167.78,31.97,UPI
TXN0009995,M016,C01170,2025-12-18 15:37:13,PRD_PAS_01,Pastries,1,703.39,33.49,UPI
TXN0000482,M045,C01449,2025-12-18 15:38:26,PRD_BEV_02,Beverages,1,1349.09,64.24,CARD
TXN0008639,M034,C03100,2025-12-18 16:02:41,PRD_NOT_01,Notebooks,1,687.63,32.74,UPI
TXN0001706,M024,C00212,2025-12-18 16:30:17,PRD_HOU_02,Household,1,320.0,86.2,UPI
TXN0009950,M008,C02291,2025-12-18 16:41:40,PRD_TEA_01,Tea,1,240.0,177.44,UPI
TXN0002906,M040,C00019,2025-12-18 16:44:12,PRD_COF_02,Coffee,1,840.0,40.0,UPI
TXN0003805,M046,C01196,2025-12-18 17:35:46,PRD_BEV_01,Beverages,1,554.01,26.38,WALLET
TXN0004815,M009,C01798,2025-12-18 17:39:00,PRD_BABY_02,Baby Care,2,665.9,63.42,CARD
TXN0000100,M014,C01427,2025-12-18 18:02:14,PRD_BRD_01,Bread,1,171.96,8.19,UPI
TXN0001672,M029,C00400,2025-12-18 18:17:40,PRD_OFF_02,Office Supplies,1,327.5,15.6,UPI
TXN0005457,M018,C00153,2025-12-18 18:30:33,PRD_SNK_01,Snacks,1,1354.88,64.52,UPI
TXN0000775,M027,C00918,2025-12-18 18:46:50,PRD_ACC_02,Accessories,1,3311.11,157.67,UPI
TXN0000623,M021,C03252,2025-12-18 19:14:12,PRD_NOT_01,Notebooks,1,576.58,27.46,UPI
TXN0005730,M002,C01693,2025-12-18 19:44:02,PRD_CAK_02,Cakes,1,450.0,330.19,UPI
TXN0002491,M026,C00217,2025-12-18 19:47:39,PRD_SNK_01,Snacks,1,708.52,33.74,UPI
TXN0008542,M023,C03374,2025-12-18 19:48:54,PRD_BEV_02,Beverages,1,303.45,14.45,CASH
TXN0000400,M006,C00544,2025-12-18 19:50:45,PRD_CAS_01,Cases,2,249.0,37.32,UPI
TXN0008808,M007,C03035,2025-12-18 19:57:06,PRD_SNK_02,Snacks,1,393.33,18.73,WALLET
TXN0007978,M038,C02236,2025-12-18 20:01:25,PRD_CAS_01,Cases,2,945.97,90.1,UPI
TXN0007138,M029,C02333,2025-12-18 20:06:08,PRD_OFF_02,Office Supplies,1,451.71,21.51,UPI
TXN0001561,M012,C01916,2025-12-18 20:23:33,PRD_BEV_01,Beverages,1,1435.26,68.35,UPI
TXN0008214,M019,C02252,2025-12-18 20:38:39,PRD_CAB_02,Cables,1,759.72,36.18,UPI
TXN0006399,M011,C01542,2025-12-18 22:19:08,PRD_NOT_01,Notebooks,1,243.44,11.59,UPI
TXN0002128,M018,C02096,2025-12-18 22:20:42,PRD_MEA_02,Meals,1,250.0,112.61,UPI
TXN0003290,M015,C01513,2025-12-19 08:54:01,PRD_PAS_01,Pastries,1,624.82,29.75,UPI
TXN0001461,M047,C03067,2025-12-19 09:03:31,PRD_ELE_02,Home Electronics,1,13771.61,655.79,UPI
TXN0001757,M032,C02859,2025-12-19 09:40:46,PRD_WEL_01,Wellness,1,2625.0,125.0,UPI
TXN0008170,M036,C01354,2025-12-19 10:37:31,PRD_DAI_02,Dairy,1,506.16,24.1,UPI
TXN0003464,M040,C00330,2025-12-19 11:13:03,PRD_DES_01,Desserts,1,220.0,129.76,CARD
TXN0004336,M020,C01684,2025-12-19 11:15:03,PRD_LAP_02,Laptops,2,7875.0,750.0,CASH
TXN0002123,M032,C00194,2025-12-19 12:02:48,PRD_BABY_01,Baby Care,1,1022.06,48.67,CASH
TXN0000290,M002,C02143,2025-12-19 15:36:57,PRD_SNK_02,Snacks,3,225.0,64.49,UPI
TXN0006298,M034,C00027,2025-12-19 15:43:25,PRD_WRI_01,Writing,1,206.5,9.83,CASH
TXN0001722,M016,C00290,2025-12-19 15:55:30,PRD_PAS_02,Pastries,3,124.08,17.73,CASH
TXN0006917,M009,C00606,2025-12-19 16:22:03,PRD_PER_01,Personal Care,2,1312.5,125.0,UPI
TXN0009582,M039,C01401,2025-12-19 16:23:18,PRD_PER_02,Personal Care,1,1858.5,88.5,UPI
TXN0006447,M028,C00536,2025-12-19 17:34:14,PRD_CAB_01,Cables,1,866.42,41.26,CASH
TXN0007730,M013,C01876,2025-12-19 17:49:36,PRD_CAK_02,Cakes,1,632.0,30.1,UPI
TXN0002891,M036,C01185,2025-12-19 18:04:26,PRD_SNK_01,Snacks,2,276.41,26.33,UPI
TXN0000951,M016,C00797,2025-12-19 18:13:55,PRD_PAS_02,Pastries,1,234.48,11.17,UPI
TXN0001880,M006,C00827,2025-12-19 18:21:35,PRD_CAS_01,Cases,1,453.38,21.59,UPI
TXN0005365,M038,C02070,2025-12-19 18:37:13,PRD_CAB_02,Cables,2,1063.21,101.25,CARD
TXN0005070,M045,C02014,2025-12-19 18:39:56,PRD_SNK_01,Snacks,1,344.05,16.38,UPI
TXN0005083,M047,C02069,2025-12-19 18:46:04,PRD_LAP_02,Laptops,1,4072.37,193.92,UPI
TXN0005659,M045,C00537,2025-12-19 18:54:56,PRD_HOU_01,Household,1,566.04,26.95,UPI
TXN0001080,M002,C01403,2025-12-19 18:59:24,PRD_SNK_02,Snacks,1,514.63,24.51,UPI
TXN0005438,M005,C01645,2025-12-19 18:59:59,PRD_ACC_01,Accessories,1,13416.96,638.9,UPI
TXN0007966,M017,C00380,2025-12-19 19:24:17,PRD_OFF_02,Office Supplies,2,318.18,30.31,UPI
TXN0003563,M048,C03362,2025-12-19 19:44:10,PRD_EAR_01,Earphones,1,1299.0,639.81,UPI
TXN0002382,M047,C00719,2025-12-19 19:44:25,PRD_MOB_02,Mobiles,1,11999.0,10746.82,UPI
TXN0001291,M041,C01824,2025-12-19 19:53:39,PRD_MEA_01,Meals,1,620.69,29.56,UPI
TXN0006958,M041,C01004,2025-12-19 20:08:15,PRD_SNK_02,Snacks,1,670.7,31.94,UPI
TXN0004234,M025,C01181,2025-12-19 20:10:23,PRD_BRD_01,Bread,1,629.14,29.96,UPI
TXN0006516,M001,C00860,2025-12-19 20:36:53,PRD_BEV_02,Beverages,2,945.0,90.0,WALLET
TXN0002664,M047,C03332,2025-12-19 20:50:08,PRD_LAP_01,Laptops,2,1697.96,161.71,UPI
TXN0006299,M040,C03111,2025-12-19 20:56:12,PRD_COF_02,Coffee,1,586.72,27.94,UPI
TXN0004202,M003,C00071,2025-12-19 21:05:52,PRD_COF_01,Coffee,1,380.0,101.34,UPI
TXN0001055,M010,C02837,2025-12-19 21:08:45,PRD_DAI_02,Dairy,1,393.71,18.75,UPI
TXN0002006,M010,C03454,2025-12-19 21:18:36,PRD_STA_01,Staples,1,540.0,98.82,UPI
TXN0006973,M017,C03156,2025-12-19 22:15:31,PRD_OFF_02,Office Supplies,1,310.0,27.19,UPI
TXN0000396,M044,C00215,2025-12-20 11:41:18,PRD_ACC_01,Accessories,1,3458.73,164.7,UPI
TXN0009278,M027,C01832,2025-12-20 12:05:10,PRD_LAP_02,Laptops,1,2713.45,129.21,UPI
TXN0008559,M045,C01387,2025-12-20 17:48:01,PRD_STA_01,Staples,4,540.0,757.96,UPI
TXN0009807,M035,C03449,2025-12-20 17:49:58,PRD_EAR_02,Earphones,1,2201.92,104.85,UPI
TXN0008902,M039,C02220,2025-12-20 17:59:19,PRD_BABY_01,Baby Care,2,968.49,92.23,UPI
TXN0009124,M031,C01745,2025-12-20 18:08:46,PRD_ACC_02,Accessories,1,10473.72,498.75,UPI
TXN0006276,M008,C00757,2025-12-20 18:09:57,PRD_TEA_01,Tea,2,321.76,30.65,UPI
TXN0004408,M033,C02350,2025-12-20 18:38:37,PRD_HOU_02,Household,1,436.99,20.81,UPI
TXN0007363,M001,C01708,2025-12-20 18:46:05,PRD_BEV_01,Beverages,1,895.64,42.65,UPI
TXN0003493,M008,C02685,2025-12-20 18:48:00,PRD_TEA_02,Tea,2,328.09,31.24,CARD
TXN0003219,M005,C01177,2025-12-20 18:59:28,PRD_MOB_01,Mobiles,2,6499.0,10082.46,UPI
TXN0004638,M046,C00728,2025-12-20 18:59:55,PRD_BEV_02,Beverages,1,1926.66,91.75,UPI
TXN0005765,M004,C02876,2025-12-20 19:16:26,PRD_ACC_01,Accessories,1,17325.0,825.0,CASH
TXN0007665,M012,C00590,2025-12-20 19:21:40,PRD_BEV_02,Beverages,1,372.7,17.75,UPI
TXN0004605,M020,C00955,2025-12-20 19:22:25,PRD_ELE_01,Home Electronics,1,18733.52,892.07,UPI
TXN0000983,M019,C01560,2025-12-20 19:42:55,PRD_EAR_02,Earphones,1,1397.29,66.54,WALLET
TXN0004544,M045,C02512,2025-12-20 19:51:37,PRD_BEV_01,Beverages,2,274.55,26.14,UPI
TXN0009194,M040,C02376,2025-12-20 19:56:14,PRD_SNK_02,Snacks,1,594.09,28.29,UPI
TXN0003875,M008,C02347,2025-12-20 19:57:07,PRD_TEA_01,Tea,1,525.46,25.02,UPI
TXN0006798,M020,C02729,2025-12-20 20:26:10,PRD_ELE_02,Home Electronics,1,9891.15,471.01,CARD
TXN0000911,M033,C01282,2025-12-20 20:40:03,PRD_SNK_01,Snacks,1,460.47,21.93,UPI
TXN0006552,M021,C00358,2025-12-20 20:40:35,PRD_ART_02,Art Supplies,1,288.6,13.74,CASH
TXN0004705,M046,C02435,2025-12-20 21:16:21,PRD_BEV_01,Beverages,1,317.97,15.14,UPI
TXN0002287,M049,C01106,2025-12-20 22:40:55,PRD_DES_02,Desserts,1,218.06,10.38,UPI
TXN0001138,M016,C00529,2025-12-20 22:52:28,PRD_SNK_01,Snacks,1,235.78,11.23,UPI
TXN0000647,M029,C02796,2025-12-21 08:19:41,PRD_NOT_02,Notebooks,2,519.34,49.47,UPI
TXN0004111,M008,C01481,2025-12-21 09:42:13,PRD_DES_01,Desserts,1,924.0,44.0,CASH
TXN0008100,M013,C03009,2025-12-21 09:54:04,PRD_SNK_02,Snacks,2,488.2,46.5,UPI
TXN0008647,M049,C02063,2025-12-21 14:03:54,PRD_COF_01,Coffee,1,467.17,22.25,UPI
TXN0002330,M031,C03212,2025-12-21 16:11:34,PRD_ELE_02,Home Electronics,1,10414.27,495.92,UPI
TXN0000944,M001,C01737,2025-12-21 16:39:41,PRD_DAI_01,Dairy,1,375.58,17.88,UPI
TXN0000875,M014,C01814,2025-12-21 17:24:25,PRD_CAK_02,Cakes,1,450.0,172.43,CARD
TXN0006346,M019,C00820,2025-12-21 17:34:25,PRD_CAB_01,Cables,1,3199.38,152.35,UPI
TXN0006246,M045,C03238,2025-12-21 18:10:49,PRD_BEV_02,Beverages,1,541.38,25.78,UPI
TXN0004481,M016,C00101,2025-12-21 18:10:50,PRD_PAS_01,Pastries,1,298.87,14.23,UPI
TXN0002761,M011,C01683,2025-12-21 18:10:58,PRD_WRI_02,Writing,1,478.88,22.8,UPI
TXN0001908,M017,C02421,2025-12-21 18:25:23,PRD_ART_01,Art Supplies,1,1023.96,48.76,UPI
TXN0002370,M046,C03146,2025-12-21 18:42:18,PRD_HOU_02,Household,1,2725.8,129.8,WALLET
TXN0006090,M013,C03171,2025-12-21 19:04:33,PRD_SNK_01,Snacks,1,457.96,21.81,UPI
TXN0005899,M045,C00381,2025-12-21 19:26:31,PRD_BEV_02,Beverages,1,1353.01,64.43,CASH
TXN0003300,M007,C00858,2025-12-21 19:27:39,PRD_BEV_01,Beverages,1,577.95,27.52,UPI
TXN0002112,M006,C01946,2025-12-21 19:30:54,PRD_CAS_02,Cases,1,769.2,36.63,UPI
TXN0003694,M035,C02759,2025-12-21 19:45:59,PRD_EAR_01,Earphones,1,1299.0,103.61,CARD
TXN0007664,M028,C01338,2025-12-21 19:51:36,PRD_CAS_02,Cases,1,642.57,30.6,WALLET
TXN0003016,M015,C00292,2025-12-21 19:53:17,PRD_CAK_01,Cakes,1,550.0,242.05,CASH
TXN0007688,M036,C02092,2025-12-21 19:53:23,PRD_SNK_02,Snacks,1,372.99,17.76,UPI
TXN0008091,M003,C00896,2025-12-21 20:03:57,PRD_DES_01,Desserts,3,363.44,51.92,UPI
TXN0005143,M045,C03290,2025-12-21 20:11:55,PRD_BEV_02,Beverages,1,1176.46,56.02,WALLET
TXN0004664,M006,C01665,2025-12-21 20:23:30,PRD_CAS_01,Cases,2,1450.72,138.16,WALLET
TXN0002021,M047,C02413,2025-12-21 21:02:58,PRD_MOB_02,Mobiles,1,11999.0,2893.1,UPI
TXN0006057,M028,C02707,2025-12-22 08:47:46,PRD_CAB_01,Cables,1,1761.77,83.89,CARD
TXN0005465,M031,C03372,2025-12-22 09:55:44,PRD_ACC_02,Accessories,1,2285.81,108.85,UPI
TXN0000459,M019,C01104,2025-12-22 11:24:58,PRD_CAB_01,Cables,1,811.54,38.64,UPI
TXN0002307,M037,C01200,2025-12-22 13:33:01,PRD_CAS_02,Cases,4,686.21,130.69,UPI
TXN0008964,M028,C01291,2025-12-22 14:16:51,PRD_CAB_01,Cables,1,3150.0,150.0,CASH
TXN0002788,M028,C01841,2025-12-22 15:58:51,PRD_CAS_02,Cases,1,980.76,46.7,UPI
TXN0007040,M047,C01544,2025-12-22 16:08:52,PRD_MOB_01,Mobiles,1,6499.0,3345.86,UPI
TXN0006827,M049,C01532,2025-12-22 16:36:48,PRD_TEA_02,Tea,1,418.22,19.92,UPI
TXN0002976,M048,C01236,2025-12-22 17:10:15,PRD_EAR_01,Earphones,1,1299.0,975.97,CARD
TXN0006197,M018,C00764,2025-12-22 17:35:18,PRD_BEV_02,Beverages,1,402.86,19.18,UPI
TXN0000624,M040,C03412,2025-12-22 18:07:05,PRD_TEA_01,Tea,1,240.0,86.24,UPI
TXN0008898,M046,C01368,2025-12-22 18:27:12,PRD_HOU_02,Household,2,876.27,83.45,UPI
TXN0001876,M044,C02490,2025-12-22 18:30:58,PRD_MEN_01,Men,1,2337.15,111.29,UPI
TXN0001368,M033,C03348,2025-12-22 18:33:51,PRD_SNK_02,Snacks,1,225.0,66.55,UPI
TXN0001811,M005,C01328,2025-12-22 18:35:36,PRD_MOB_01,Mobiles,1,12298.58,585.65,UPI
TXN0000001,M026,C00064,2025-12-22 18:38:04,PRD_SNK_02,Snacks,2,273.43,26.05,UPI
TXN0001522,M015,C02013,2025-12-22 19:14:14,PRD_BRD_01,Bread,2,504.99,48.1,UPI
TXN0002056,M040,C00038,2025-12-22 19:17:47,PRD_SNK_02,Snacks,1,389.62,18.55,UPI
TXN0004079,M031,C01864,2025-12-22 19:44:05,PRD_LAP_01,Laptops,1,10147.41,483.21,CARD
TXN0002264,M038,C02175,2025-12-22 19:47:29,PRD_CHG_02,Chargers,1,999.0,537.99,UPI
TXN0007412,M026,C03373,2025-12-22 19:59:06,PRD_TEA_01,Tea,2,240.0,377.51,UPI
TXN0004789,M047,C02039,2025-12-22 20:36:37,PRD_LAP_02,Laptops,1,15750.0,750.0,CARD
TXN0004748,M036,C02885,2025-12-22 20:40:39,PRD_HOU_01,Household,1,370.02,17.62,CARD
TXN0005019,M047,C02596,2025-12-22 20:52:48,PRD_ELE_02,Home Electronics,1,12975.27,617.87,WALLET
TXN0002805,M036,C01679,2025-12-22 20:58:04,PRD_SNK_01,Snacks,1,397.18,18.91,UPI
TXN0009751,M017,C02734,2025-12-22 21:05:20,PRD_OFF_02,Office Supplies,1,316.88,15.09,UPI
TXN0001050,M026,C01164,2025-12-22 21:23:42,PRD_SNK_01,Snacks,1,149.77,7.13,UPI
TXN0001855,M010,C03489,2025-12-22 22:16:54,PRD_BEV_02,Beverages,1,576.28,27.44,UPI
TXN0005174,M013,C02607,2025-12-22 22:21:46,PRD_PAS_01,Pastries,2,319.08,30.39,UPI
TXN0007887,M037,C02840,2025-12-23 08:07:04,PRD_CHG_02,Chargers,1,1509.5,71.88,UPI
TXN0008412,M005,C03218,2025-12-23 08:21:59,PRD_LAP_01,Laptops,1,3872.41,184.4,CASH
TXN0008691,M016,C01146,2025-12-23 09:10:48,PRD_SNK_02,Snacks,1,870.85,41.47,CARD
TXN0003714,M041,C02620,2025-12-23 09:15:54,PRD_BEV_01,Beverages,3,331.23,47.32,UPI
TXN0004823,M040,C02356,2025-12-23 10:44:48,PRD_DES_02,Desserts,1,327.07,15.57,UPI
TXN0001504,M009,C02649,2025-12-23 11:59:50,PRD_PER_01,Personal Care,1,901.76,42.94,UPI
TXN0008015,M016,C02714,2025-12-23 12:08:43,PRD_CAK_02,Cakes,1,450.0,237.14,UPI
TXN0008569,M002,C01049,2025-12-23 12:36:22,PRD_SNK_01,Snacks,1,1260.0,60.0,UPI
TXN0000285,M050,C00308,2025-12-23 13:31:50,PRD_CAK_02,Cakes,1,1059.64,50.46,UPI
TXN0002728,M042,C02379,2025-12-23 15:16:36,PRD_PAS_01,Pastries,1,572.79,27.28,UPI
TXN0007759,M036,C00387,2025-12-23 15:32:13,PRD_DAI_02,Dairy,1,160.06,7.62,UPI
TXN0008197,M029,C03111,2025-12-23 15:44:36,PRD_OFF_01,Office Supplies,1,175.0,118.64,CASH
TXN0005780,M024,C00331,2025-12-23 15:55:45,PRD_ESS_02,Daily Essentials,1,1695.54,80.74,UPI
TXN0006108,M042,C00018,2025-12-23 16:09:37,PRD_CAK_01,Cakes,2,550.0,904.51,UPI
TXN0007311,M021,C00518,2025-12-23 16:58:57,PRD_WRI_02,Writing,1,129.87,6.18,UPI
TXN0009418,M021,C00414,2025-12-23 17:19:56,PRD_NOT_01,Notebooks,1,410.56,19.55,UPI
TXN0005264,M023,C02171,2025-12-23 17:20:52,PRD_DES_02,Desserts,1,314.66,14.98,CASH
TXN0000313,M026,C01773,2025-12-23 18:17:26,PRD_DES_01,Desserts,1,220.0,157.7,UPI
TXN0002047,M013,C02625,2025-12-23 19:12:01,PRD_PAS_02,Pastries,1,1028.24,48.96,UPI
TXN0005108,M019,C00394,2025-12-23 19:19:27,PRD_CAS_01,Cases,1,318.31,15.16,CARD
TXN0006758,M019,C02551,2025-12-23 19:44:53,PRD_CAS_02,Cases,1,1475.25,70.25,UPI
TXN0002117,M003,C02950,2025-12-23 19:52:31,PRD_COF_01,Coffee,1,991.2,47.2,WALLET
TXN0008719,M031,C00373,2025-12-23 21:09:43,PRD_MOB_02,Mobiles,2,11999.0,21032.09,UPI
TXN0000745,M010,C01341,2025-12-23 21:17:41,PRD_SNK_01,Snacks,4,139.68,26.6,UPI
TXN0009555,M020,C02378,2025-12-23 21:29:13,PRD_MOB_02,Mobiles,1,12781.58,608.65,UPI
TXN0005190,M017,C03363,2025-12-23 21:36:16,PRD_OFF_01,Office Supplies,1,272.31,12.97,UPI
TXN0004450,M044,C01369,2025-12-23 21:56:06,PRD_MEN_02,Men,1,1965.95,93.62,UPI
TXN0005745,M009,C00436,2025-12-23 22:17:01,PRD_MED_01,Medicine,1,587.06,27.96,CARD
TXN0000155,M044,C02102,2025-12-23 22:49:01,PRD_ACC_02,Accessories,1,3875.57,184.55,UPI
TXN0008145,M017,C00416,2025-12-23 22:57:25,PRD_WRI_01,Writing,1,437.55,20.84,WALLET
TXN0004501,M031,C01538,2025-12-24 09:26:12,PRD_MOB_02,Mobiles,1,11999.0,6600.87,UPI
TXN0002017,M021,C03220,2025-12-24 09:41:06,PRD_ART_01,Art Supplies,1,945.0,45.0,UPI
TXN0006975,M001,C00968,2025-12-24 11:02:30,PRD_BEV_02,Beverages,2,297.32,28.32,UPI
TXN0006580,M023,C03267,2025-12-24 14:33:47,PRD_BEV_01,Beverages,1,718.65,34.22,UPI
TXN0001781,M022,C02326,2025-12-24 14:38:48,PRD_MEN_02,Men,1,1199.0,728.69,UPI
TXN0005526,M046,C01655,2025-12-24 15:04:55,PRD_HOU_01,Household,1,1476.37,70.3,UPI
TXN0009672,M001,C01182,2025-12-24 15:15:21,PRD_STA_02,Staples,1,947.9,45.14,UPI
TXN0004600,M003,C00041,2025-12-24 15:17:48,PRD_DES_01,Desserts,1,220.0,160.0,UPI
TXN0007326,M012,C00002,2025-12-24 15:30:10,PRD_BEV_02,Beverages,4,355.15,67.63,UPI
TXN0007391,M027,C02521,2025-12-24 15:55:09,PRD_ELE_01,Home Electronics,1,4506.81,214.61,UPI
TXN0001451,M011,C01983,2025-12-24 16:04:54,PRD_WRI_02,Writing,1,115.0,35.36,UPI
TXN0007194,M023,C01300,2025-12-24 16:07:24,PRD_DES_01,Desserts,1,272.78,12.99,UPI
TXN0008254,M020,C00498,2025-12-24 16:28:52,PRD_ACC_02,Accessories,1,3301.2,157.2,UPI
TXN0007973,M028,C00029,2025-12-24 16:53:46,PRD_CAS_01,Cases,1,1116.36,53.16,UPI
TXN0004490,M016,C00077,2025-12-24 16:58:18,PRD_SNK_02,Snacks,1,1260.0,60.0,UPI
TXN0005675,M019,C03069,2025-12-24 16:58:55,PRD_CHG_01,Chargers,2,699.0,715.47,CASH
TXN0005751,M025,C03319,2025-12-24 17:03:49,PRD_PAS_02,Pastries,1,325.97,15.52,UPI
TXN0000625,M044,C01520,2025-12-24 17:06:33,PRD_ACC_01,Accessories,1,2166.78,103.18,CASH
TXN0002933,M007,C00862,2025-12-24 17:07:55,PRD_HOU_02,Household,1,425.28,20.25,UPI
TXN0001004,M033,C00413,2025-12-24 17:24:58,PRD_HOU_01,Household,2,553.41,52.71,UPI
TXN0001934,M006,C02466,2025-12-24 17:51:17,PRD_CAB_02,Cables,1,3150.0,150.0,UPI
TXN0005429,M008,C02246,2025-12-24 18:00:14,PRD_COF_01,Coffee,1,380.0,166.99,UPI
TXN0003386,M049,C00632,2025-12-24 18:06:12,PRD_TEA_02,Tea,1,616.81,29.37,UPI
TXN0000404,M039,C02482,2025-12-24 18:16:37,PRD_BABY_01,Baby Care,1,2085.08,99.29,UPI
TXN0006574,M037,C00996,2025-12-24 18:31:11,PRD_CAS_02,Cases,1,1648.7,78.51,UPI
TXN0000692,M045,C00653,2025-12-24 18:53:53,PRD_HOU_01,Household,1,851.17,40.53,UPI
TXN0003764,M047,C03474,2025-12-24 19:15:51,PRD_LAP_02,Laptops,1,5444.74,259.27,UPI
TXN0002244,M018,C01956,2025-12-24 19:18:50,PRD_BEV_01,Beverages,1,534.06,25.43,UPI
TXN0001501,M038,C02471,2025-12-24 19:21:27,PRD_CAS_02,Cases,1,647.03,30.81,UPI
TXN0002351,M003,C03038,2025-12-24 19:21:29,PRD_SNK_01,Snacks,2,122.05,11.63,CARD
TXN0006228,M039,C03391,2025-12-24 19:57:14,PRD_PER_02,Personal Care,2,608.48,57.95,WALLET
TXN0008238,M025,C02841,2025-12-24 20:04:59,PRD_PAS_01,Pastries,1,408.84,19.47,UPI
TXN0000236,M047,C01359,2025-12-24 20:11:55,PRD_LAP_02,Laptops,1,2913.51,138.74,UPI
TXN0000293,M040,C00057,2025-12-24 20:42:03,PRD_TEA_01,Tea,1,840.0,40.0,UPI
TXN0005164,M015,C00528,2025-12-24 20:42:54,PRD_CAK_02,Cakes,2,450.0,131.36,UPI
TXN0008171,M020,C01730,2025-12-24 20:42:55,PRD_LAP_01,Laptops,1,16597.53,790.36,UPI
TXN0002934,M010,C00689,2025-12-24 21:10:18,PRD_STA_02,Staples,1,869.98,41.43,UPI
TXN0005295,M017,C02776,2025-12-24 21:38:22,PRD_OFF_01,Office Supplies,1,380.92,18.14,UPI
TXN0008285,M035,C01283,2025-12-24 21:49:22,PRD_CHG_02,Chargers,1,999.0,398.03,UPI
TXN0000492,M038,C02419,2025-12-24 22:47:26,PRD_CAB_01,Cables,1,3150.0,150.0,UPI
TXN0006133,M005,C01587,2025-12-24 22:51:18,PRD_MOB_02,Mobiles,1,11999.0,5924.49,UPI
TXN0006318,M043,C00876,2025-12-25 08:11:48,PRD_SNK_01,Snacks,4,315.0,60.0,UPI
TXN0007816,M008,C01348,2025-12-25 08:46:24,PRD_TEA_02,Tea,1,282.5,13.45,UPI
TXN0007815,M031,C02909,2025-12-25 09:17:07,PRD_ACC_01,Accessories,2,881.61,83.96,UPI
TXN0004466,M012,C01717,2025-12-25 09:46:11,PRD_BEV_02,Beverages,1,448.51,21.36,UPI
TXN0009195,M005,C02665,2025-12-25 15:17:51,PRD_MOB_01,Mobiles,1,11152.13,531.05,UPI
TXN0002990,M022,C02508,2025-12-25 15:36:11,PRD_MEN_02,Men,2,1199.0,1603.11,UPI
TXN0009598,M025,C01230,2025-12-25 15:55:38,PRD_SNK_01,Snacks,1,1042.03,49.62,UPI
TXN0003934,M019,C02670,2025-12-25 16:36:29,PRD_CAB_02,Cables,1,1668.23,79.44,CASH
TXN0003460,M046,C00031,2025-12-25 17:04:27,PRD_ESS_01,Daily Essentials,1,447.77,21.32,UPI
TXN0000729,M046,C01481,2025-12-25 17:16:42,PRD_BEV_02,Beverages,1,455.78,21.7,UPI
TXN0002581,M024,C03357,2025-12-25 17:49:30,PRD_HOU_01,Household,1,244.58,11.65,UPI
TXN0008737,M019,C01834,2025-12-25 17:59:25,PRD_CAB_02,Cables,1,2359.75,112.37,UPI
TXN0003636,M050,C00266,2025-12-25 18:14:13,PRD_SNK_01,Snacks,1,1260.0,60.0,UPI
TXN0002626,M011,C01113,2025-12-25 18:36:15,PRD_WRI_02,Writing,1,328.88,15.66,UPI
TXN0009966,M034,C02049,2025-12-25 18:55:35,PRD_NOT_01,Notebooks,1,160.0,72.84,CASH
TXN0009472,M008,C00326,2025-12-25 19:01:03,PRD_DES_02,Desserts,1,208.48,9.93,UPI
TXN0007689,M013,C02673,2025-12-25 19:09:21,PRD_BRD_01,Bread,1,328.39,15.64,UPI
TXN0005656,M050,C02281,2025-12-25 19:49:28,PRD_PAS_02,Pastries,1,677.24,32.25,UPI
TXN0004798,M014,C01352,2025-12-25 20:21:04,PRD_SNK_01,Snacks,2,74.88,7.14,UPI
TXN0001513,M046,C01590,2025-12-25 20:38:20,PRD_BEV_02,Beverages,1,2198.5,104.69,CASH
TXN0008751,M015,C00889,2025-12-25 21:00:21,PRD_CAK_01,Cakes,1,550.0,384.23,CARD
TXN0002256,M044,C01003,2025-12-25 21:13:50,PRD_KID_02,Kids,1,1543.86,73.52,UPI
TXN0005135,M009,C02394,2025-12-25 21:14:09,PRD_MED_01,Medicine,2,498.87,47.51,UPI
TXN0005169,M034,C02739,2025-12-26 10:10:57,PRD_WRI_02,Writing,1,365.0,17.38,UPI
TXN0001453,M044,C00561,2025-12-26 10:19:31,PRD_WOM_01,Women,1,2665.91,126.95,UPI
TXN0008743,M020,C03161,2025-12-26 10:30:27,PRD_LAP_02,Laptops,1,2909.4,138.54,UPI
TXN0009953,M008,C00485,2025-12-26 12:15:28,PRD_DES_01,Desserts,1,416.87,19.85,WALLET
TXN0004756,M007,C03053,2025-12-26 12:27:21,PRD_DAI_02,Dairy,1,481.44,22.93,UPI
TXN0002822,M016,C00915,2025-12-26 16:00:42,PRD_PAS_01,Pastries,4,286.38,54.56,CARD
TXN0009489,M012,C00547,2025-12-26 16:28:58,PRD_BEV_02,Beverages,1,1041.5,49.6,UPI
TXN0001253,M045,C01341,2025-12-26 16:29:45,PRD_SNK_01,Snacks,1,635.25,30.25,CARD
TXN0003395,M039,C00542,2025-12-26 16:40:12,PRD_BABY_02,Baby Care,1,1363.94,64.95,UPI
TXN0007867,M048,C02729,2025-12-26 16:59:24,PRD_CHG_01,Chargers,1,699.0,199.73,UPI
TXN0007758,M016,C02252,2025-12-26 17:08:22,PRD_SNK_02,Snacks,1,284.25,13.54,UPI
TXN0001017,M040,C00065,2025-12-26 17:28:53,PRD_SNK_01,Snacks,1,368.99,17.57,CARD
TXN0007954,M050,C00456,2025-12-26 18:08:38,PRD_BRD_02,Bread,1,140.0,10.2,UPI
TXN0000099,M049,C02377,2025-12-26 18:17:02,PRD_TEA_01,Tea,1,326.12,15.53,UPI
TXN0003197,M021,C00557,2025-12-26 18:17:28,PRD_WRI_02,Writing,4,115.0,177.36,WALLET
TXN0009143,M044,C00576,2025-12-26 18:20:55,PRD_KID_01,Kids,1,2487.24,118.44,CASH
TXN0006482,M045,C01356,2025-12-26 18:34:19,PRD_HOU_02,Household,1,361.27,17.2,UPI
TXN0003702,M013,C02585,2025-12-26 18:40:38,PRD_BRD_01,Bread,1,84.0,4.0,UPI
TXN0009468,M046,C01656,2025-12-26 18:43:28,PRD_ESS_02,Daily Essentials,1,860.26,40.96,UPI
TXN0001800,M011,C00876,2025-12-26 19:04:35,PRD_ART_01,Art Supplies,1,746.97,35.57,UPI
TXN0002012,M016,C00406,2025-12-26 19:10:20,PRD_SNK_02,Snacks,1,225.0,50.6,UPI
TXN0001965,M024,C01921,2025-12-26 19:17:29,PRD_HOU_01,Household,1,858.97,40.9,UPI
TXN0001534,M019,C01326,2025-12-26 19:18:29,PRD_EAR_02,Earphones,2,349.0,323.25,CARD
TXN0008375,M001,C02495,2025-12-26 19:27:58,PRD_SNK_01,Snacks,2,523.31,49.83,UPI
TXN0005476,M028,C02358,2025-12-26 19:37:39,PRD_CAB_02,Cables,1,956.05,45.53,UPI
TXN0008087,M049,C01851,2025-12-26 19:50:10,PRD_TEA_01,Tea,1,940.13,44.77,UPI
TXN0008937,M046,C03460,2025-12-26 19:59:36,PRD_HOU_02,Household,1,594.63,28.32,UPI
TXN0009399,M026,C00847,2025-12-26 21:28:10,PRD_DES_01,Desserts,1,806.14,38.39,UPI
TXN0005552,M008,C00848,2025-12-26 21:42:46,PRD_TEA_02,Tea,2,420.0,40.0,UPI
TXN0008896,M015,C00075,2025-12-26 22:09:57,PRD_SNK_01,Snacks,1,149.81,7.13,UPI
TXN0005898,M006,C03451,2025-12-27 12:08:32,PRD_CAB_02,Cables,3,349.0,66.99,CARD
TXN0000278,M040,C00807,2025-12-27 13:56:19,PRD_DES_01,Desserts,1,924.0,44.0,UPI
TXN0008561,M006,C00817,2025-12-27 15:36:13,PRD_CAS_02,Cases,1,998.91,47.57,UPI
TXN0007148,M001,C00865,2025-12-27 16:06:12,PRD_BEV_01,Beverages,1,820.55,39.07,UPI
TXN0000498,M050,C03112,2025-12-27 16:13:04,PRD_CAK_02,Cakes,1,450.0,207.04,UPI
TXN0000352,M021,C03366,2025-12-27 16:38:22,PRD_ART_01,Art Supplies,1,500.07,23.81,CASH
TXN0007107,M011,C02494,2025-12-27 17:01:10,PRD_OFF_02,Office Supplies,1,310.0,114.86,UPI
TXN0000840,M048,C01602,2025-12-27 17:04:21,PRD_CHG_01,Chargers,1,824.46,39.26,CARD
TXN0005216,M017,C01673,2025-12-27 17:21:43,PRD_OFF_02,Office Supplies,2,314.14,29.91,CARD
TXN0001560,M006,C01874,2025-12-27 17:27:19,PRD_CAS_01,Cases,1,1448.79,68.99,CASH
TXN0004913,M009,C02887,2025-12-27 17:36:29,PRD_PER_02,Personal Care,1,900.74,42.89,UPI
TXN0006690,M026,C02833,2025-12-27 18:05:11,PRD_SNK_01,Snacks,1,439.55,20.93,UPI
TXN0008746,M029,C00083,2025-12-27 18:21:22,PRD_NOT_02,Notebooks,1,260.0,45.78,UPI
TXN0005463,M015,C02581,2025-12-27 18:30:04,PRD_PAS_01,Pastries,2,625.06,59.52,UPI
TXN0006588,M016,C01010,2025-12-27 18:35:47,PRD_BRD_02,Bread,1,658.46,31.36,WALLET
TXN0002424,M016,C00765,2025-12-27 18:46:17,PRD_CAK_01,Cakes,1,1386.0,66.0,UPI
TXN0002149,M044,C02177,2025-12-27 19:30:24,PRD_ACC_02,Accessories,1,2361.49,112.45,UPI
TXN0007742,M001,C01011,2025-12-27 19:31:25,PRD_SNK_01,Snacks,1,292.9,13.95,UPI
TXN0005331,M028,C03449,2025-12-27 19:38:21,PRD_CAB_02,Cables,1,880.76,41.94,CASH
TXN0005862,M002,C00460,2025-12-27 20:06:54,PRD_SNK_01,Snacks,2,251.25,23.93,UPI
TXN0007450,M001,C00769,2025-12-27 20:27:02,PRD_SNK_02,Snacks,1,454.46,21.64,UPI
TXN0005808,M016,C03253,2025-12-27 20:30:06,PRD_SNK_01,Snacks,1,147.96,7.05,UPI
TXN0001436,M050,C02645,2025-12-27 20:48:48,PRD_PAS_02,Pastries,1,560.34,26.68,WALLET
TXN0000128,M023,C02363,2025-12-27 21:55:25,PRD_BEV_01,Beverages,1,1090.53,51.93,UPI
TXN0001463,M029,C00402,2025-12-27 22:58:32,PRD_WRI_02,Writing,3,115.0,84.5,UPI
TXN0006050,M021,C01023,2025-12-28 09:31:54,PRD_ART_01,Art Supplies,1,420.22,20.01,UPI
TXN0003408,M024,C03325,2025-12-28 10:07:12,PRD_BEV_02,Beverages,1,2310.0,110.0,UPI
TXN0005458,M016,C00376,2025-12-28 12:02:41,PRD_SNK_01,Snacks,1,305.37,14.54,UPI
TXN0000265,M044,C03350,2025-12-28 12:28:16,PRD_MEN_02,Men,1,2257.71,107.51,UPI
TXN0001591,M039,C02284,2025-12-28 13:06:07,PRD_WEL_01,Wellness,4,721.88,137.52,CARD
TXN0003678,M016,C02391,2025-12-28 13:36:54,PRD_SNK_02,Snacks,1,225.0,66.62,UPI
TXN0004226,M008,C03312,2025-12-28 15:01:46,PRD_DES_01,Desserts,1,878.94,41.85,CARD
TXN0006258,M034,C01037,2025-12-28 15:13:12,PRD_ART_02,Art Supplies,1,298.66,14.22,UPI
TXN0000235,M031,C00015,2025-12-28 16:23:12,PRD_ELE_01,Home Electronics,1,8397.78,399.89,UPI
TXN0006524,M046,C01106,2025-12-28 18:06:13,PRD_ESS_02,Daily Essentials,1,1032.39,49.16,UPI
TXN0009306,M026,C02387,2025-12-28 18:16:10,PRD_DES_01,Desserts,1,220.0,55.76,UPI
TXN0004769,M013,C02621,2025-12-28 18:24:46,PRD_PAS_02,Pastries,1,386.86,18.42,WALLET
TXN0000819,M020,C01871,2025-12-28 19:09:07,PRD_LAP_01,Laptops,1,12834.45,611.16,WALLET
TXN0002390,M011,C00466,2025-12-28 19:11:07,PRD_OFF_02,Office Supplies,1,383.02,18.24,UPI
TXN0003638,M004,C00477,2025-12-28 19:24:59,PRD_ACC_01,Accessories,1,5712.65,272.03,UPI
TXN0004688,M026,C00334,2025-12-28 19:28:02,PRD_COF_02,Coffee,1,607.12,28.91,UPI
TXN0000833,M027,C02885,2025-12-28 19:42:15,PRD_LAP_01,Laptops,1,9382.39,446.78,UPI
TXN0002202,M010,C01582,2025-12-28 20:09:40,PRD_DAI_02,Dairy,1,923.49,43.98,UPI
TXN0009586,M042,C01371,2025-12-28 20:12:58,PRD_CAK_01,Cakes,1,550.0,348.19,UPI
TXN0002211,M036,C01406,2025-12-28 20:58:04,PRD_STA_02,Staples,1,1145.22,54.53,UPI
TXN0007748,M013,C03096,2025-12-28 21:33:44,PRD_SNK_01,Snacks,1,738.17,35.15,UPI
TXN0001457,M016,C03462,2025-12-28 21:45:11,PRD_BRD_02,Bread,1,461.87,21.99,UPI
TXN0009448,M020,C00748,2025-12-28 22:01:27,PRD_ELE_01,Home Electronics,1,4942.98,235.38,UPI
TXN0004525,M024,C02624,2025-12-29 08:02:10,PRD_HOU_02,Household,1,748.06,35.62,WALLET
TXN0008141,M049,C00369,2025-12-29 10:13:29,PRD_SNK_01,Snacks,2,197.58,18.82,UPI
TXN0004140,M035,C02865,2025-12-29 11:15:09,PRD_CAS_02,Cases,1,450.0,61.73,WALLET
TXN0007794,M047,C02990,2025-12-29 11:49:59,PRD_ACC_01,Accessories,1,3637.02,173.19,UPI
TXN0007340,M048,C00939,2025-12-29 13:28:51,PRD_CAB_02,Cables,1,562.2,26.77,UPI
TXN0004898,M045,C03334,2025-12-29 15:32:16,PRD_SNK_01,Snacks,1,373.99,17.81,UPI
TXN0001318,M007,C02896,2025-12-29 15:59:51,PRD_HOU_02,Household,1,1115.7,53.13,WALLET
TXN0005251,M035,C01448,2025-12-29 16:25:26,PRD_CAS_01,Cases,2,504.34,48.04,UPI
TXN0008028,M029,C01712,2025-12-29 17:19:32,PRD_ART_02,Art Supplies,1,372.69,17.75,UPI
TXN0000222,M048,C00351,2025-12-29 17:46:56,PRD_CHG_01,Chargers,1,3150.0,150.0,UPI
TXN0009303,M021,C02259,2025-12-29 17:49:01,PRD_ART_02,Art Supplies,1,175.0,79.19,UPI
TXN0007327,M016,C01025,2025-12-29 17:49:38,PRD_SNK_01,Snacks,1,671.61,31.98,CARD
TXN0005297,M026,C01756,2025-12-29 18:02:28,PRD_TEA_02,Tea,2,254.93,24.28,UPI
TXN0000680,M006,C01730,2025-12-29 19:00:01,PRD_CAB_01,Cables,1,1190.66,56.7,WALLET
TXN0006251,M010,C00255,2025-12-29 19:14:46,PRD_STA_02,Staples,1,279.19,13.29,UPI
TXN0001354,M025,C02708,2025-12-29 19:40:05,PRD_PAS_01,Pastries,1,857.58,40.84,UPI
TXN0002248,M015,C02250,2025-12-29 20:11:30,PRD_CAK_02,Cakes,1,450.0,351.74,UPI
TXN0005155,M038,C02227,2025-12-29 20:25:30,PRD_CAS_01,Cases,1,602.22,28.68,UPI
TXN0003708,M020,C01592,2025-12-29 20:28:54,PRD_ACC_02,Accessories,1,5714.19,272.1,UPI
TXN0001284,M045,C03219,2025-12-29 20:49:34,PRD_STA_01,Staples,1,1538.95,73.28,UPI
TXN0002076,M006,C03464,2025-12-29 21:06:50,PRD_CAS_02,Cases,2,1008.71,96.06,UPI
TXN0003773,M019,C01206,2025-12-29 21:10:25,PRD_CHG_01,Chargers,1,699.0,47.36,UPI
TXN0007303,M008,C02535,2025-12-29 21:20:38,PRD_TEA_02,Tea,1,223.09,10.62,CARD
TXN0000379,M026,C00033,2025-12-29 22:11:29,PRD_TEA_01,Tea,1,339.8,16.18,UPI
TXN0009643,M033,C00594,2025-12-29 22:14:55,PRD_SNK_02,Snacks,1,833.69,39.7,UPI
TXN0008597,M026,C02439,2025-12-29 22:53:48,PRD_DES_01,Desserts,2,420.0,40.0,UPI
TXN0002171,M002,C02192,2025-12-29 22:54:46,PRD_CAK_02,Cakes,1,465.95,22.19,UPI
TXN0002361,M018,C02753,2025-12-30 08:32:38,PRD_BEV_01,Beverages,1,831.43,39.59,UPI
TXN0007343,M008,C01077,2025-12-30 09:31:45,PRD_DES_02,Desserts,2,180.0,142.6,WALLET
TXN0005170,M039,C00760,2025-12-30 10:48:26,PRD_MED_01,Medicine,1,413.52,19.69,CASH
TXN0001431,M039,C00780,2025-12-30 11:43:16,PRD_PER_02,Personal Care,1,910.15,43.34,UPI
TXN0007013,M011,C03434,2025-12-30 12:17:45,PRD_NOT_01,Notebooks,3,160.0,136.66,UPI
TXN0001693,M024,C02795,2025-12-30 13:16:24,PRD_HOU_02,Household,1,1158.74,55.18,UPI
TXN0006739,M016,C00580,2025-12-30 15:23:40,PRD_SNK_01,Snacks,1,433.45,20.64,UPI
TXN0008195,M021,C01600,2025-12-30 16:31:00,PRD_WRI_02,Writing,2,472.5,45.0,CASH
TXN0000949,M047,C00746,2025-12-30 16:45:15,PRD_LAP_01,Laptops,2,2105.75,200.54,CASH
TXN0003107,M005,C01478,2025-12-30 16:56:45,PRD_MOB_02,Mobiles,1,11999.0,8451.18,UPI
TXN0002313,M034,C00424,2025-12-30 17:33:21,PRD_OFF_01,Office Supplies,1,175.0,125.88,UPI
TXN0006699,M002,C01263,2025-12-30 17:38:35,PRD_BRD_02,Bread,1,238.81,11.37,UPI
TXN0003680,M001,C03053,2025-12-30 17:39:23,PRD_DAI_01,Dairy,2,154.3,14.7,WALLET
TXN0009070,M025,C02151,2025-12-30 17:48:00,PRD_PAS_02,Pastries,1,749.33,35.68,UPI
TXN0008678,M006,C03059,2025-12-30 18:08:18,PRD_CAB_01,Cables,1,1656.02,78.86,UPI
TXN0002522,M038,C02471,2025-12-30 18:51:51,PRD_CHG_02,Chargers,1,1931.86,91.99,CARD
TXN0000787,M045,C02862,2025-12-30 19:37:52,PRD_BEV_01,Beverages,3,269.5,38.5,CASH
TXN0007186,M019,C03131,2025-12-30 19:38:25,PRD_CAB_02,Cables,2,1575.0,150.0,UPI
TXN0009639,M015,C01171,2025-12-30 20:24:06,PRD_SNK_01,Snacks,1,522.05,24.86,WALLET
TXN0000732,M038,C01646,2025-12-30 20:44:37,PRD_CAB_02,Cables,1,349.0,172.0,UPI
TXN0002437,M035,C01461,2025-12-30 20:52:36,PRD_CHG_01,Chargers,2,699.0,285.91,CASH
TXN0003454,M038,C00780,2025-12-30 21:04:49,PRD_CAB_02,Cables,2,503.31,47.94,UPI
TXN0008123,M003,C00878,2025-12-30 21:07:44,PRD_TEA_01,Tea,1,312.2,14.87,UPI
TXN0002619,M039,C02104,2025-12-30 21:11:35,PRD_BABY_02,Baby Care,1,3097.5,147.5,UPI
TXN0008631,M012,C01376,2025-12-30 21:42:47,PRD_ESS_01,Daily Essentials,1,1853.34,88.25,UPI
TXN0001850,M008,C02579,2025-12-30 22:28:44,PRD_SNK_02,Snacks,1,356.98,17.0,UPI
TXN0009804,M041,C03195,2025-12-31 08:43:11,PRD_DES_01,Desserts,1,1575.0,75.0,UPI
TXN0004097,M001,C01887,2025-12-31 09:01:25,PRD_SNK_02,Snacks,1,959.05,45.67,UPI
TXN0004146,M050,C02364,2025-12-31 09:33:04,PRD_PAS_01,Pastries,1,135.79,6.47,UPI
TXN0000690,M006,C00392,2025-12-31 11:47:28,PRD_EAR_02,Earphones,2,349.0,229.44,UPI
TXN0007313,M017,C00870,2025-12-31 12:45:13,PRD_NOT_01,Notebooks,1,160.0,87.57,UPI
TXN0003734,M036,C00875,2025-12-31 15:25:49,PRD_DAI_02,Dairy,1,1647.87,78.47,UPI
TXN0006107,M026,C00704,2025-12-31 15:59:37,PRD_DES_01,Desserts,1,220.0,60.94,UPI
TXN0001866,M004,C03156,2025-12-31 17:12:39,PRD_ELE_02,Home Electronics,1,1866.42,88.88,UPI
TXN0003762,M050,C00648,2025-12-31 18:02:04,PRD_PAS_01,Pastries,1,1006.31,47.92,CARD
TXN0008833,M033,C02790,2025-12-31 18:49:34,PRD_STA_02,Staples,1,717.21,34.15,UPI
TXN0000921,M016,C03030,2025-12-31 19:35:43,PRD_SNK_01,Snacks,1,398.25,18.96,UPI
TXN0002145,M045,C02721,2025-12-31 19:37:14,PRD_SNK_02,Snacks,1,1667.94,79.43,UPI
TXN0000506,M047,C03158,2025-12-31 19:58:22,PRD_ACC_01,Accessories,2,7875.0,750.0,WALLET
TXN0002699,M049,C01909,2025-12-31 20:01:21,PRD_COF_02,Coffee,1,280.0,182.97,UPI
TXN0001821,M047,C02634,2025-12-31 20:10:32,PRD_LAP_01,Laptops,2,1181.37,112.52,CARD
TXN0004510,M033,C00288,2025-12-31 20:42:57,PRD_SNK_02,Snacks,2,423.94,40.38,WALLET
TXN0006342,M013,C02406,2025-12-31 20:51:11,PRD_BRD_01,Bread,2,358.17,34.12,UPI
TXN0002849,M047,C03262,2025-12-31 21:01:51,PRD_MOB_02,Mobiles,1,13748.64,654.7,UPI
TXN0004870,M030,C02161,2025-12-31 21:20:14,PRD_MOB_01,Mobiles,1,6499.0,592.24,UPI
TXN0002646,M008,C00702,2025-12-31 21:40:56,PRD_DES_02,Desserts,1,840.0,40.0,CASH
TXN0003546,M018,C01648,2025-12-31 22:00:50,PRD_SNK_01,Snacks,1,1575.0,75.0,UPI
TXN0006406,M014,C03441,2025-12-31 22:53:54,PRD_SNK_02,Snacks,1,225.0,78.06,CASH
TXN0006869,M027,C03410,2026-01-01 08:27:12,PRD_MOB_01,Mobiles,3,6499.0,10039.87,CARD
TXN0002607,M015,C03448,2026-01-01 10:52:40,PRD_PAS_02,Pastries,1,244.51,11.64,CARD
TXN0000193,M035,C01087,2026-01-01 10:55:51,PRD_CAS_01,Cases,1,3339.0,159.0,WALLET
TXN0006512,M006,C00163,2026-01-01 12:36:52,PRD_CAS_02,Cases,1,2847.68,135.6,UPI
TXN0001649,M046,C00322,2026-01-01 13:04:09,PRD_ESS_01,Daily Essentials,1,1701.78,81.04,WALLET
TXN0006849,M048,C01251,2026-01-01 14:38:46,PRD_CHG_02,Chargers,1,999.0,58.1,UPI
TXN0005182,M050,C01697,2026-01-01 15:42:19,PRD_PAS_01,Pastries,1,514.59,24.5,WALLET
TXN0008939,M040,C02549,2026-01-01 15:59:22,PRD_COF_02,Coffee,1,335.37,15.97,CARD
TXN0001316,M012,C01860,2026-01-01 16:05:13,PRD_HOU_01,Household,1,2226.0,106.0,WALLET
TXN0005875,M042,C01851,2026-01-01 16:06:04,PRD_SNK_02,Snacks,1,477.83,22.75,UPI
TXN0005631,M031,C01177,2026-01-01 16:44:57,PRD_ELE_01,Home Electronics,1,7514.97,357.86,UPI
TXN0004776,M026,C00737,2026-01-01 16:54:34,PRD_SNK_02,Snacks,1,320.11,15.24,WALLET
TXN0004153,M044,C01316,2026-01-01 17:30:35,PRD_WOM_01,Women,3,1712.66,244.67,UPI
TXN0000455,M017,C02694,2026-01-01 18:31:20,PRD_WRI_02,Writing,1,303.29,14.44,WALLET
TXN0002364,M005,C02427,2026-01-01 18:34:24,PRD_MOB_01,Mobiles,1,6499.0,3798.39,UPI
TXN0008480,M034,C01690,2026-01-01 18:42:14,PRD_WRI_02,Writing,1,340.12,16.2,UPI
TXN0007697,M029,C00109,2026-01-01 19:01:00,PRD_ART_01,Art Supplies,1,1001.7,47.7,CARD
TXN0001612,M046,C01302,2026-01-01 19:06:10,PRD_HOU_02,Household,1,728.14,34.67,UPI
TXN0003531,M004,C01584,2026-01-01 19:14:30,PRD_LAP_01,Laptops,1,16695.0,795.0,UPI
TXN0001220,M050,C00452,2026-01-01 19:14:47,PRD_CAK_02,Cakes,3,450.0,1052.73,WALLET
TXN0007913,M026,C02711,2026-01-01 19:50:49,PRD_SNK_01,Snacks,1,343.43,16.35,UPI
TXN0000168,M047,C02456,2026-01-01 19:55:00,PRD_ELE_02,Home Electronics,1,13231.9,630.09,UPI
TXN0009083,M020,C00617,2026-01-01 20:23:30,PRD_ELE_01,Home Electronics,1,14988.69,713.75,UPI
TXN0004734,M001,C00341,2026-01-01 21:14:21,PRD_SNK_02,Snacks,1,1079.84,51.42,CASH
TXN0006997,M001,C00641,2026-01-01 21:35:03,PRD_BEV_01,Beverages,1,275.45,13.12,UPI
TXN0007789,M045,C01984,2026-01-01 21:40:44,PRD_HOU_02,Household,1,539.22,25.68,WALLET
TXN0006158,M019,C02638,2026-01-01 22:01:51,PRD_CAB_01,Cables,1,1110.61,52.89,UPI
TXN0009572,M024,C01049,2026-01-01 22:11:37,PRD_HOU_02,Household,1,1836.7,87.46,UPI
TXN0005715,M009,C02088,2026-01-01 22:40:20,PRD_WEL_01,Wellness,1,1736.63,82.7,UPI
TXN0001728,M026,C01747,2026-01-02 09:23:35,PRD_COF_02,Coffee,1,439.95,20.95,WALLET
TXN0003659,M011,C01290,2026-01-02 09:45:13,PRD_NOT_01,Notebooks,1,174.86,8.33,UPI
TXN0009365,M046,C02945,2026-01-02 10:31:19,PRD_SNK_02,Snacks,1,772.23,36.77,UPI
TXN0005778,M006,C01406,2026-01-02 11:20:57,PRD_CHG_01,Chargers,1,1004.29,47.82,UPI
TXN0000908,M026,C00808,2026-01-02 11:56:43,PRD_DES_02,Desserts,1,250.74,11.94,UPI
TXN0006412,M006,C01784,2026-01-02 16:14:06,PRD_CAS_01,Cases,1,575.53,27.41,CASH
TXN0004491,M014,C03460,2026-01-02 16:22:27,PRD_PAS_02,Pastries,4,110.0,91.06,UPI
TXN0009847,M005,C01606,2026-01-02 16:30:14,PRD_LAP_01,Laptops,1,11846.97,564.14,CARD
TXN0006744,M033,C00223,2026-01-02 16:40:07,PRD_DAI_02,Dairy,1,1560.57,74.31,UPI
TXN0006657,M018,C02470,2026-01-02 17:12:41,PRD_SNK_01,Snacks,1,1669.5,79.5,UPI
TXN0007388,M003,C01621,2026-01-02 17:46:10,PRD_TEA_02,Tea,2,285.71,27.21,UPI
TXN0006800,M017,C00341,2026-01-02 18:14:46,PRD_ART_01,Art Supplies,1,366.09,17.43,UPI
TXN0007704,M042,C02455,2026-01-02 18:51:58,PRD_SNK_02,Snacks,1,763.65,36.36,UPI
TXN0008585,M017,C01947,2026-01-02 19:01:36,PRD_NOT_01,Notebooks,1,332.9,15.85,WALLET
TXN0004612,M035,C02368,2026-01-02 19:24:07,PRD_CHG_02,Chargers,2,1669.5,159.0,UPI
TXN0007336,M025,C03421,2026-01-02 19:29:24,PRD_SNK_01,Snacks,1,743.13,35.39,CARD
TXN0001498,M042,C01320,2026-01-02 19:55:00,PRD_SNK_02,Snacks,2,376.61,35.87,UPI
TXN0007026,M029,C01305,2026-01-02 20:14:28,PRD_NOT_01,Notebooks,1,212.27,10.11,UPI
TXN0007946,M021,C03245,2026-01-02 20:23:25,PRD_NOT_02,Notebooks,2,500.85,47.7,CARD
TXN0005648,M012,C02901,2026-01-02 20:33:39,PRD_HOU_01,Household,1,518.0,24.67,UPI
TXN0003937,M036,C02511,2026-01-02 20:39:08,PRD_HOU_02,Household,1,320.0,158.78,WALLET
TXN0000720,M005,C01030,2026-01-02 21:01:28,PRD_ACC_01,Accessories,1,9093.48,433.02,UPI
TXN0000713,M050,C03284,2026-01-02 21:16:04,PRD_PAS_02,Pastries,1,129.99,6.19,CASH
TXN0004421,M014,C01727,2026-01-02 21:22:46,PRD_BRD_01,Bread,1,1058.14,50.39,CARD
TXN0005349,M010,C02367,2026-01-02 21:34:07,PRD_SNK_02,Snacks,1,547.1,26.05,CARD
TXN0002956,M011,C02678,2026-01-02 21:59:45,PRD_ART_01,Art Supplies,1,320.0,251.51,CASH
TXN0002911,M036,C02956,2026-01-03 08:36:55,PRD_BEV_02,Beverages,1,740.88,35.28,UPI
TXN0001254,M032,C01744,2026-01-03 09:14:23,PRD_PER_01,Personal Care,1,875.79,41.7,CASH
TXN0005484,M021,C01693,2026-01-03 10:23:00,PRD_NOT_02,Notebooks,2,260.0,146.69,UPI
TXN0000021,M013,C03240,2026-01-03 11:06:20,PRD_BRD_01,Bread,1,821.64,39.13,CASH
TXN0002070,M031,C00671,2026-01-03 13:09:28,PRD_LAP_02,Laptops,1,8869.6,422.36,UPI
TXN0008965,M021,C01893,2026-01-03 13:12:04,PRD_OFF_01,Office Supplies,1,524.25,24.96,CASH
TXN0008664,M016,C01347,2026-01-03 13:30:44,PRD_CAK_02,Cakes,2,450.0,476.27,UPI
TXN0007995,M037,C02381,2026-01-03 13:31:34,PRD_CAB_01,Cables,1,3672.9,174.9,UPI
TXN0005461,M048,C00429,2026-01-03 13:33:40,PRD_CAB_02,Cables,1,377.02,17.95,UPI
TXN0009067,M015,C02327,2026-01-03 15:42:01,PRD_PAS_01,Pastries,2,328.74,31.31,UPI
TXN0001388,M032,C01699,2026-01-03 16:06:31,PRD_MED_02,Medicine,3,658.64,94.1,UPI
TXN0001571,M027,C03283,2026-01-03 17:17:30,PRD_MOB_01,Mobiles,1,16418.6,781.84,UPI
TXN0001048,M013,C02760,2026-01-03 17:30:14,PRD_SNK_02,Snacks,1,572.86,27.28,UPI
TXN0006521,M005,C01266,2026-01-03 18:46:39,PRD_LAP_01,Laptops,1,11622.26,553.44,UPI
TXN0008609,M025,C00722,2026-01-03 18:54:45,PRD_PAS_02,Pastries,1,1205.67,57.41,UPI
TXN0008551,M038,C02801,2026-01-03 19:08:54,PRD_EAR_01,Earphones,1,1908.32,90.87,UPI
TXN0006716,M036,C01058,2026-01-03 19:34:29,PRD_STA_02,Staples,1,883.56,42.07,UPI
TXN0003138,M003,C00569,2026-01-03 19:45:40,PRD_SNK_01,Snacks,1,351.28,16.73,UPI
TXN0009387,M021,C01870,2026-01-03 19:57:22,PRD_ART_02,Art Supplies,1,175.0,47.55,UPI
TXN0005351,M006,C01447,2026-01-03 20:02:30,PRD_CAS_01,Cases,1,1749.13,83.29,UPI
TXN0007153,M033,C02932,2026-01-03 20:03:00,PRD_DAI_02,Dairy,1,647.8,30.85,UPI
TXN0001814,M012,C02877,2026-01-03 20:17:34,PRD_SNK_01,Snacks,2,639.75,60.92,UPI
TXN0002821,M020,C01108,2026-01-03 20:18:54,PRD_ELE_02,Home Electronics,2,2005.77,191.03,UPI
TXN0006635,M012,C01839,2026-01-03 20:39:02,PRD_HOU_01,Household,1,1839.59,87.6,UPI
TXN0007319,M007,C01272,2026-01-03 20:40:12,PRD_HOU_02,Household,1,415.86,19.8,UPI
TXN0006319,M042,C03089,2026-01-03 20:48:21,PRD_SNK_01,Snacks,1,369.5,17.6,UPI
TXN0001873,M017,C01736,2026-01-03 20:50:28,PRD_WRI_02,Writing,1,320.7,15.27,UPI
TXN0000598,M002,C00561,2026-01-03 21:21:11,PRD_PAS_01,Pastries,1,410.99,19.57,UPI
TXN0006828,M006,C03301,2026-01-03 21:21:32,PRD_CAB_02,Cables,2,1018.3,96.99,UPI
TXN0008094,M020,C02754,2026-01-03 22:05:04,PRD_ACC_01,Accessories,2,1847.09,175.92,UPI
TXN0005664,M042,C02260,2026-01-03 22:05:38,PRD_CAK_02,Cakes,2,450.0,649.32,UPI
TXN0000452,M046,C00596,2026-01-03 22:12:23,PRD_BEV_01,Beverages,2,821.91,78.27,UPI
TXN0007714,M038,C01253,2026-01-04 08:46:06,PRD_CHG_02,Chargers,3,999.0,492.68,UPI
TXN0009511,M001,C00236,2026-01-04 10:27:04,PRD_STA_01,Staples,1,1449.67,69.03,UPI
TXN0005644,M017,C03358,2026-01-04 11:41:49,PRD_OFF_02,Office Supplies,2,310.0,409.79,WALLET
TXN0005378,M005,C00397,2026-01-04 12:28:04,PRD_LAP_01,Laptops,1,5302.05,252.48,UPI
TXN0005060,M003,C01226,2026-01-04 12:40:55,PRD_COF_02,Coffee,1,280.0,210.04,UPI
TXN0005567,M005,C02294,2026-01-04 13:15:57,PRD_ELE_01,Home Electronics,1,18364.5,874.5,UPI
TXN0007054,M046,C03385,2026-01-04 14:40:53,PRD_BEV_02,Beverages,1,539.77,25.7,UPI
TXN0005299,M001,C01740,2026-01-04 15:09:15,PRD_STA_01,Staples,1,540.0,226.29,UPI
TXN0008178,M011,C01658,2026-01-04 15:22:52,PRD_OFF_02,Office Supplies,1,338.37,16.11,UPI
TXN0000889,M048,C00405,2026-01-04 15:23:57,PRD_EAR_01,Earphones,1,1299.0,122.43,WALLET
TXN0006838,M029,C02597,2026-01-04 15:56:47,PRD_ART_02,Art Supplies,1,1101.87,52.47,CASH
TXN0000108,M049,C00474,2026-01-04 16:19:47,PRD_COF_01,Coffee,2,380.0,597.31,CASH
TXN0003383,M042,C01082,2026-01-04 16:26:46,PRD_BRD_02,Bread,1,1469.16,69.96,UPI
TXN0009374,M049,C02239,2026-01-04 17:17:12,PRD_SNK_01,Snacks,1,490.29,23.35,UPI
TXN0004685,M029,C03064,2026-01-04 18:30:50,PRD_OFF_02,Office Supplies,1,310.0,191.5,UPI
TXN0008364,M041,C00350,2026-01-04 18:37:58,PRD_BEV_01,Beverages,1,322.02,15.33,UPI
TXN0001633,M049,C02671,2026-01-04 18:41:44,PRD_DES_02,Desserts,1,1074.52,51.17,CARD
TXN0001062,M019,C02935,2026-01-04 18:46:26,PRD_CAB_01,Cables,2,299.0,182.69,UPI
TXN0007719,M031,C02554,2026-01-04 19:25:32,PRD_LAP_02,Laptops,1,4048.89,192.8,UPI
TXN0002636,M033,C00355,2026-01-04 19:48:34,PRD_HOU_01,Household,1,337.54,16.07,CARD
TXN0006337,M038,C00895,2026-01-04 20:09:46,PRD_EAR_02,Earphones,1,349.0,142.62,UPI
TXN0003420,M016,C01831,2026-01-04 20:17:41,PRD_PAS_01,Pastries,1,168.12,8.01,UPI
TXN0006678,M026,C00878,2026-01-04 20:37:31,PRD_DES_02,Desserts,2,318.77,30.35,CARD
TXN0008451,M027,C01454,2026-01-04 20:53:35,PRD_ACC_01,Accessories,1,8496.55,404.6,UPI
TXN0002780,M018,C01185,2026-01-04 20:54:28,PRD_DES_02,Desserts,2,546.94,52.09,WALLET
TXN0008666,M046,C00366,2026-01-04 20:57:03,PRD_ESS_01,Daily Essentials,1,1878.51,89.45,UPI
TXN0000725,M049,C02930,2026-01-04 21:25:15,PRD_COF_02,Coffee,1,1155.74,55.04,UPI
TXN0000187,M020,C03233,2026-01-04 21:35:56,PRD_ELE_01,Home Electronics,1,12579.87,599.04,CARD
TXN0000570,M046,C00613,2026-01-04 21:56:54,PRD_SNK_02,Snacks,2,782.52,74.52,CASH
TXN0001482,M049,C00818,2026-01-04 22:54:52,PRD_COF_01,Coffee,4,380.0,926.76,CARD
TXN0007456,M013,C00518,2026-01-05 10:00:36,PRD_SNK_02,Snacks,1,231.65,11.03,UPI
TXN0003913,M044,C02190,2026-01-05 11:42:56,PRD_MEN_01,Men,2,930.47,88.61,UPI
TXN0005330,M047,C03066,2026-01-05 13:30:51,PRD_ELE_02,Home Electronics,1,1487.13,70.82,CARD
TXN0003433,M047,C02629,2026-01-05 15:06:48,PRD_ACC_01,Accessories,1,7150.69,340.51,UPI
TXN0005294,M007,C00460,2026-01-05 16:00:07,PRD_HOU_02,Household,2,320.0,235.01,CASH
TXN0005563,M009,C00905,2026-01-05 16:05:20,PRD_MED_01,Medicine,1,546.77,26.04,UPI
TXN0005544,M033,C00810,2026-01-05 16:33:28,PRD_BEV_02,Beverages,1,516.14,24.58,CASH
TXN0007181,M023,C00067,2026-01-05 16:40:39,PRD_BEV_01,Beverages,1,1005.33,47.87,UPI
TXN0006451,M031,C02756,2026-01-05 16:47:34,PRD_ACC_02,Accessories,1,12048.71,573.75,UPI
TXN0003126,M049,C03045,2026-01-05 16:59:17,PRD_TEA_01,Tea,2,240.0,318.47,CASH
TXN0006589,M032,C02783,2026-01-05 17:03:09,PRD_MED_02,Medicine,1,1859.6,88.55,WALLET
TXN0009221,M029,C02149,2026-01-05 17:14:58,PRD_ART_01,Art Supplies,1,371.83,17.71,UPI
TXN0004872,M008,C00704,2026-01-05 18:16:46,PRD_SNK_02,Snacks,1,814.24,38.77,UPI
TXN0002270,M030,C01707,2026-01-05 18:31:00,PRD_ACC_01,Accessories,1,6102.62,290.6,UPI
TXN0006887,M049,C02644,2026-01-05 18:48:54,PRD_SNK_02,Snacks,2,406.63,38.73,UPI
TXN0007904,M049,C01248,2026-01-05 19:02:17,PRD_DES_01,Desserts,2,220.0,335.09,UPI
TXN0000429,M046,C01524,2026-01-05 19:19:03,PRD_BEV_02,Beverages,1,932.83,44.42,UPI
TXN0005341,M042,C02655,2026-01-05 19:26:16,PRD_CAK_01,Cakes,1,550.0,418.17,UPI
TXN0005871,M018,C01907,2026-01-05 19:40:44,PRD_BEV_02,Beverages,1,298.53,14.22,UPI
TXN0004412,M034,C00637,2026-01-05 20:25:19,PRD_NOT_01,Notebooks,1,536.56,25.55,UPI
TXN0007751,M006,C02053,2026-01-05 20:32:41,PRD_CAS_02,Cases,1,2998.17,142.77,UPI
TXN0005639,M047,C00168,2026-01-05 21:01:28,PRD_MOB_01,Mobiles,1,6499.0,1709.61,UPI
TXN0009425,M007,C02275,2026-01-05 21:13:33,PRD_BEV_02,Beverages,1,694.08,33.05,WALLET
TXN0009963,M043,C00814,2026-01-05 22:10:28,PRD_PAS_01,Pastries,1,277.06,13.19,UPI
TXN0003578,M029,C02402,2026-01-05 22:13:21,PRD_WRI_02,Writing,1,1001.7,47.7,UPI
TXN0006122,M047,C00233,2026-01-05 22:14:12,PRD_ACC_01,Accessories,1,4030.87,191.95,UPI
TXN0008888,M046,C00908,2026-01-05 22:52:00,PRD_SNK_02,Snacks,2,349.62,33.3,UPI
TXN0008052,M032,C01148,2026-01-06 09:57:00,PRD_WEL_01,Wellness,1,2419.64,115.22,UPI
TXN0005420,M029,C01549,2026-01-06 11:26:25,PRD_NOT_02,Notebooks,1,260.0,73.89,UPI
TXN0007990,M006,C01389,2026-01-06 12:53:59,PRD_CAB_01,Cables,2,495.92,47.24,UPI
TXN0002497,M049,C01779,2026-01-06 14:25:26,PRD_TEA_02,Tea,2,445.2,42.4,WALLET
TXN0008813,M001,C00009,2026-01-06 16:28:40,PRD_HOU_01,Household,1,502.93,23.95,UPI
TXN0004159,M006,C03455,2026-01-06 16:57:37,PRD_EAR_02,Earphones,1,349.0,24.23,UPI
TXN0009503,M018,C02294,2026-01-06 17:24:11,PRD_SNK_01,Snacks,1,437.34,20.83,UPI
TXN0001714,M039,C02525,2026-01-06 17:36:29,PRD_PER_02,Personal Care,1,2473.7,117.8,CARD
TXN0005006,M015,C02155,2026-01-06 17:47:54,PRD_BRD_01,Bread,1,1335.6,63.6,UPI
TXN0009992,M048,C01418,2026-01-06 17:57:55,PRD_EAR_02,Earphones,1,2105.83,100.28,UPI
TXN0007506,M026,C00143,2026-01-06 18:27:05,PRD_TEA_01,Tea,1,599.82,28.56,UPI
TXN0006578,M050,C01088,2026-01-06 18:33:35,PRD_CAK_02,Cakes,1,450.0,48.81,UPI
TXN0006768,M003,C02588,2026-01-06 18:59:21,PRD_TEA_01,Tea,2,287.09,27.35,UPI
TXN0001462,M017,C02687,2026-01-06 19:00:57,PRD_WRI_02,Writing,1,1001.7,47.7,UPI
TXN0002439,M027,C00704,2026-01-06 19:22:36,PRD_ELE_01,Home Electronics,2,1678.06,159.81,UPI
TXN0003905,M046,C01200,2026-01-06 20:00:20,PRD_HOU_02,Household,4,320.0,383.99,UPI
TXN0001347,M009,C03227,2026-01-06 20:17:12,PRD_PER_01,Personal Care,2,305.06,29.05,UPI
TXN0008045,M019,C02356,2026-01-06 20:50:33,PRD_CAS_02,Cases,1,1768.84,84.23,CARD
TXN0009525,M023,C02674,2026-01-06 22:05:20,PRD_MEA_01,Meals,2,623.55,59.39,UPI
TXN0002772,M049,C00961,2026-01-06 22:45:51,PRD_COF_02,Coffee,1,280.0,167.85,CASH
TXN0009797,M028,C01480,2026-01-07 09:01:17,PRD_CAB_01,Cables,1,911.88,43.42,UPI
TXN0009264,M012,C01112,2026-01-07 09:15:23,PRD_BEV_02,Beverages,2,333.36,31.75,CASH
TXN0009765,M046,C03433,2026-01-07 09:16:07,PRD_ESS_01,Daily Essentials,1,229.27,10.92,UPI
TXN0009254,M017,C02964,2026-01-07 12:04:01,PRD_WRI_02,Writing,1,751.39,35.78,WALLET
TXN0005622,M008,C03459,2026-01-07 13:18:07,PRD_DES_01,Desserts,1,220.0,43.85,UPI
TXN0002942,M020,C03003,2026-01-07 14:27:54,PRD_ACC_02,Accessories,2,5894.62,561.4,UPI
TXN0009437,M006,C01901,2026-01-07 15:19:53,PRD_CAB_01,Cables,1,811.77,38.66,UPI
TXN0004239,M050,C03359,2026-01-07 15:38:10,PRD_BRD_02,Bread,1,660.64,31.46,UPI
TXN0002634,M035,C03319,2026-01-07 15:40:34,PRD_CHG_01,Chargers,2,1654.59,157.58,UPI
TXN0002867,M042,C00224,2026-01-07 15:53:28,PRD_BRD_02,Bread,1,190.59,9.08,CASH
TXN0004318,M045,C01346,2026-01-07 16:11:49,PRD_HOU_01,Household,1,473.87,22.57,UPI
TXN0002848,M006,C00424,2026-01-07 16:20:31,PRD_CHG_02,Chargers,1,2125.72,101.22,UPI
TXN0006875,M038,C02896,2026-01-07 17:01:25,PRD_CAB_01,Cables,3,558.03,79.71,CARD
TXN0004988,M039,C02560,2026-01-07 17:02:26,PRD_MED_02,Medicine,1,998.04,47.53,UPI
TXN0000347,M025,C01865,2026-01-07 17:12:16,PRD_CAK_01,Cakes,1,713.06,33.96,WALLET
TXN0007276,M028,C01258,2026-01-07 17:43:25,PRD_CAB_02,Cables,1,669.52,31.88,UPI
TXN0002333,M005,C02378,2026-01-07 18:02:47,PRD_LAP_01,Laptops,2,4862.28,463.08,UPI
TXN0006914,M046,C00922,2026-01-07 18:24:49,PRD_ESS_02,Daily Essentials,1,282.65,13.46,CARD
TXN0000650,M001,C02168,2026-01-07 18:32:19,PRD_HOU_01,Household,1,305.75,14.56,UPI
TXN0000218,M041,C01834,2026-01-07 18:32:23,PRD_MEA_02,Meals,4,250.0,597.17,UPI
TXN0008718,M007,C03497,2026-01-07 18:50:54,PRD_STA_01,Staples,1,540.0,375.76,UPI
TXN0007842,M026,C00701,2026-01-07 18:57:23,PRD_TEA_02,Tea,1,356.48,16.98,CASH
TXN0003757,M046,C02557,2026-01-07 19:04:24,PRD_HOU_01,Household,1,2626.68,125.08,CASH
TXN0007744,M030,C02450,2026-01-07 19:06:38,PRD_ACC_02,Accessories,2,699.0,500.31,UPI
TXN0000699,M034,C01365,2026-01-07 19:10:52,PRD_NOT_01,Notebooks,1,183.03,8.72,UPI
TXN0009222,M019,C01731,2026-01-07 19:16:22,PRD_CHG_02,Chargers,1,2999.87,142.85,UPI
TXN0002545,M024,C00571,2026-01-07 19:19:15,PRD_ESS_01,Daily Essentials,1,1782.67,84.89,UPI
TXN0007963,M008,C00160,2026-01-07 19:50:15,PRD_TEA_02,Tea,1,211.51,10.07,UPI
TXN0009458,M011,C00882,2026-01-07 19:51:32,PRD_ART_01,Art Supplies,1,536.73,25.56,UPI
TXN0009997,M011,C01166,2026-01-07 20:33:05,PRD_NOT_02,Notebooks,1,459.11,21.86,UPI
TXN0006339,M013,C02105,2026-01-07 21:29:22,PRD_CAK_01,Cakes,1,1335.6,63.6,UPI
TXN0002747,M023,C00200,2026-01-07 21:42:02,PRD_SNK_02,Snacks,2,225.0,252.17,UPI
TXN0005307,M022,C01034,2026-01-07 21:44:07,PRD_WOM_01,Women,1,5565.0,265.0,CARD
TXN0002433,M013,C01474,2026-01-07 21:49:15,PRD_SNK_02,Snacks,1,242.35,11.54,WALLET
TXN0000881,M019,C01222,2026-01-07 22:07:23,PRD_CAS_01,Cases,1,1848.34,88.02,CASH
TXN0005092,M018,C02328,2026-01-07 22:23:26,PRD_MEA_02,Meals,1,250.0,103.52,UPI
TXN0008337,M033,C01090,2026-01-07 22:26:06,PRD_BEV_01,Beverages,1,2003.4,95.4,UPI
TXN0004088,M022,C02453,2026-01-07 22:37:43,PRD_ACC_02,Accessories,1,4173.36,198.73,UPI
TXN0003267,M036,C03146,2026-01-08 15:26:19,PRD_STA_01,Staples,1,540.0,44.37,UPI
TXN0005536,M020,C00281,2026-01-08 16:30:09,PRD_LAP_02,Laptops,1,15750.0,750.0,CASH
TXN0004652,M021,C01488,2026-01-08 16:45:16,PRD_OFF_01,Office Supplies,1,945.0,45.0,WALLET
TXN0003792,M027,C02770,2026-01-08 17:24:49,PRD_LAP_02,Laptops,1,6708.46,319.45,UPI
TXN0007502,M048,C02629,2026-01-08 17:31:43,PRD_CHG_01,Chargers,1,1035.37,49.3,WALLET
TXN0004129,M028,C02871,2026-01-08 17:48:17,PRD_CAS_02,Cases,2,450.0,482.64,UPI
TXN0008910,M023,C02182,2026-01-08 18:30:56,PRD_SNK_01,Snacks,1,316.17,15.06,CARD
TXN0006227,M046,C01704,2026-01-08 18:47:03,PRD_SNK_02,Snacks,1,1117.77,53.23,UPI
TXN0008946,M010,C00460,2026-01-08 18:57:02,PRD_DAI_01,Dairy,1,104.94,5.0,WALLET
TXN0000181,M023,C02986,2026-01-08 19:07:59,PRD_MEA_02,Meals,1,1858.5,88.5,UPI
TXN0008273,M039,C00323,2026-01-08 19:08:40,PRD_BABY_01,Baby Care,1,1214.24,57.82,UPI
TXN0001702,M027,C01765,2026-01-08 19:34:14,PRD_ELE_02,Home Electronics,1,10336.03,492.19,CARD
TXN0007803,M021,C01128,2026-01-08 19:58:37,PRD_OFF_01,Office Supplies,1,175.0,115.09,UPI
TXN0004908,M002,C00524,2026-01-08 20:36:29,PRD_BRD_02,Bread,1,140.0,60.0,CARD
TXN0006850,M029,C03325,2026-01-08 20:58:01,PRD_OFF_01,Office Supplies,1,345.72,16.46,CARD
TXN0003560,M009,C01944,2026-01-08 21:03:23,PRD_WEL_02,Wellness,1,2076.74,98.89,CARD
TXN0004296,M015,C02929,2026-01-08 21:29:38,PRD_CAK_01,Cakes,2,550.0,261.65,UPI
TXN0001333,M021,C02408,2026-01-08 21:52:15,PRD_ART_02,Art Supplies,1,945.0,45.0,WALLET
TXN0008358,M043,C01347,2026-01-08 22:08:58,PRD_PAS_01,Pastries,2,221.77,21.13,UPI
TXN0008740,M003,C03030,2026-01-08 22:40:30,PRD_SNK_02,Snacks,1,225.0,118.92,CASH
TXN0004687,M035,C01627,2026-01-08 22:47:23,PRD_CHG_01,Chargers,2,699.0,636.52,UPI
TXN0009292,M019,C01805,2026-01-08 22:48:27,PRD_CAS_02,Cases,1,980.02,46.67,UPI
TXN0005394,M007,C00988,2026-01-08 22:59:14,PRD_BEV_01,Beverages,1,1313.68,62.56,UPI
TXN0003558,M021,C01684,2026-01-09 08:10:28,PRD_ART_02,Art Supplies,1,175.0,21.39,CARD
TXN0001155,M030,C00911,2026-01-09 09:30:29,PRD_ACC_01,Accessories,1,6469.44,308.07,UPI
TXN0002640,M003,C00307,2026-01-09 12:21:49,PRD_COF_02,Coffee,2,280.0,234.43,UPI
TXN0009307,M010,C02032,2026-01-09 13:02:49,PRD_HOU_01,Household,1,1890.0,90.0,CARD
TXN0006671,M029,C03484,2026-01-09 13:40:57,PRD_NOT_02,Notebooks,1,260.0,146.39,CARD
TXN0008554,M040,C00947,2026-01-09 14:02:38,PRD_TEA_01,Tea,1,331.74,15.8,UPI
TXN0001878,M048,C00092,2026-01-09 14:20:16,PRD_EAR_02,Earphones,2,957.95,91.23,UPI
TXN0006910,M008,C00428,2026-01-09 17:28:56,PRD_DES_01,Desserts,1,405.76,19.32,UPI
TXN0005860,M034,C02538,2026-01-09 17:42:00,PRD_WRI_02,Writing,1,323.55,15.41,CARD
TXN0001194,M038,C00239,2026-01-09 17:49:42,PRD_CHG_01,Chargers,2,751.1,71.54,UPI
TXN0005038,M006,C00513,2026-01-09 17:51:00,PRD_EAR_02,Earphones,4,349.0,532.07,UPI
TXN0007994,M019,C00640,2026-01-09 17:56:24,PRD_CAS_01,Cases,1,891.47,42.45,UPI
TXN0001400,M036,C00329,2026-01-09 18:12:46,PRD_HOU_02,Household,1,491.45,23.4,UPI
TXN0006465,M027,C00871,2026-01-09 18:14:48,PRD_LAP_01,Laptops,2,5096.64,485.39,UPI
TXN0004799,M045,C03082,2026-01-09 18:39:34,PRD_STA_02,Staples,1,245.0,56.73,CASH
TXN0005916,M023,C02914,2026-01-09 18:48:06,PRD_BEV_01,Beverages,1,158.48,7.55,UPI
TXN0002973,M019,C00266,2026-01-09 18:50:15,PRD_CAS_02,Cases,1,497.5,23.69,UPI
TXN0007337,M029,C00168,2026-01-09 19:53:17,PRD_WRI_01,Writing,1,213.95,10.19,UPI
TXN0002720,M010,C03196,2026-01-09 20:14:45,PRD_STA_02,Staples,1,1052.7,50.13,WALLET
TXN0005008,M011,C02838,2026-01-09 20:35:13,PRD_OFF_01,Office Supplies,1,761.6,36.27,UPI
TXN0000117,M041,C02531,2026-01-09 20:53:15,PRD_BEV_02,Beverages,1,1575.0,75.0,UPI
TXN0008818,M003,C03158,2026-01-10 08:10:45,PRD_COF_01,Coffee,1,380.0,153.6,UPI
TXN0006769,M010,C01295,2026-01-10 09:32:36,PRD_DAI_02,Dairy,1,1465.22,69.77,UPI
TXN0006132,M033,C02011,2026-01-10 09:48:03,PRD_SNK_01,Snacks,1,682.44,32.5,WALLET
TXN0006059,M034,C02368,2026-01-10 11:16:33,PRD_ART_02,Art Supplies,1,399.62,19.03,UPI
TXN0003029,M006,C01507,2026-01-10 16:02:37,PRD_CHG_01,Chargers,1,814.42,38.78,UPI
TXN0000727,M010,C02643,2026-01-10 16:08:40,PRD_STA_02,Staples,1,298.99,14.24,UPI
TXN0008504,M020,C02094,2026-01-10 16:28:55,PRD_ELE_01,Home Electronics,1,10050.18,478.58,CASH
TXN0007015,M007,C01476,2026-01-10 16:51:35,PRD_STA_02,Staples,1,1323.16,63.01,UPI
TXN0002322,M003,C02584,2026-01-10 17:08:49,PRD_SNK_01,Snacks,2,196.32,18.69,UPI
TXN0003215,M027,C03362,2026-01-10 18:05:33,PRD_ACC_02,Accessories,1,3113.93,148.28,UPI
TXN0000616,M001,C02194,2026-01-10 18:17:10,PRD_STA_01,Staples,2,540.0,896.04,WALLET
TXN0000009,M017,C01107,2026-01-10 18:21:58,PRD_NOT_02,Notebooks,1,490.1,23.34,UPI
TXN0003967,M039,C01568,2026-01-10 18:31:28,PRD_PER_01,Personal Care,1,1985.71,94.56,UPI
TXN0005588,M050,C02675,2026-01-10 18:35:32,PRD_BRD_02,Bread,4,140.0,138.41,UPI
TXN0002014,M039,C00197,2026-01-10 18:57:30,PRD_MED_01,Medicine,2,655.26,62.41,WALLET
TXN0009356,M049,C02547,2026-01-10 21:31:15,PRD_DES_02,Desserts,1,419.32,19.97,CASH
TXN0004141,M027,C00317,2026-01-10 21:38:52,PRD_MOB_01,Mobiles,1,14350.64,683.36,UPI
TXN0009670,M009,C01444,2026-01-10 22:53:56,PRD_PER_02,Personal Care,1,1376.26,65.54,UPI
TXN0000791,M048,C00429,2026-01-11 10:28:15,PRD_CHG_01,Chargers,1,1131.83,53.9,CARD
TXN0003402,M005,C01314,2026-01-11 12:15:14,PRD_LAP_02,Laptops,1,7122.14,339.15,UPI
TXN0006679,M018,C02335,2026-01-11 13:31:13,PRD_BEV_01,Beverages,4,110.0,286.94,UPI
TXN0009044,M008,C01511,2026-01-11 15:36:54,PRD_SNK_02,Snacks,1,513.73,24.46,WALLET
TXN0008926,M004,C00611,2026-01-11 16:16:54,PRD_LAP_01,Laptops,1,2721.62,129.6,UPI
TXN0008383,M012,C00251,2026-01-11 16:51:25,PRD_BEV_02,Beverages,1,2310.0,110.0,CARD
TXN0001838,M029,C02813,2026-01-11 16:55:30,PRD_WRI_01,Writing,1,574.35,27.35,UPI
TXN0005417,M029,C01437,2026-01-11 17:02:25,PRD_WRI_02,Writing,1,596.1,28.39,UPI
TXN0002278,M039,C01034,2026-01-11 18:24:28,PRD_PER_01,Personal Care,1,2332.93,111.09,UPI
TXN0008247,M029,C01041,2026-01-11 18:32:35,PRD_WRI_02,Writing,1,712.48,33.93,UPI
TXN0008807,M014,C02009,2026-01-11 18:51:11,PRD_SNK_01,Snacks,1,289.09,13.77,UPI
TXN0000327,M046,C01323,2026-01-11 19:02:20,PRD_BEV_02,Beverages,1,684.35,32.59,UPI
TXN0003613,M037,C02573,2026-01-11 19:04:11,PRD_CAB_01,Cables,1,1387.6,66.08,UPI
TXN0008219,M017,C00889,2026-01-11 19:28:29,PRD_WRI_02,Writing,2,502.8,47.89,UPI
TXN0002988,M036,C00605,2026-01-11 19:44:52,PRD_SNK_01,Snacks,1,510.79,24.32,UPI
TXN0005574,M044,C02000,2026-01-11 21:31:15,PRD_MEN_02,Men,1,1892.2,90.1,UPI
TXN0006080,M007,C01300,2026-01-11 21:33:47,PRD_SNK_01,Snacks,1,799.02,38.05,UPI
TXN0000735,M027,C03114,2026-01-11 22:06:02,PRD_ELE_02,Home Electronics,1,17325.0,825.0,UPI
TXN0001641,M003,C02791,2026-01-11 22:41:31,PRD_DES_01,Desserts,1,220.0,60.59,WALLET
TXN0001979,M047,C02732,2026-01-11 22:43:25,PRD_MOB_02,Mobiles,1,11999.0,7813.55,UPI
TXN0007260,M006,C02691,2026-01-11 22:48:33,PRD_CHG_01,Chargers,1,1974.95,94.05,UPI
TXN0002510,M027,C02304,2026-01-11 22:58:38,PRD_ELE_02,Home Electronics,2,1474.11,140.39,UPI
TXN0006879,M028,C01350,2026-01-12 08:19:50,PRD_CAS_01,Cases,1,393.16,18.72,UPI
TXN0003244,M006,C01397,2026-01-12 09:24:02,PRD_CAS_02,Cases,1,3150.0,150.0,UPI
TXN0003238,M030,C02401,2026-01-12 09:32:42,PRD_LAP_01,Laptops,1,2065.08,98.34,UPI
TXN0005426,M014,C01605,2026-01-12 11:41:32,PRD_PAS_02,Pastries,3,110.0,238.32,UPI
TXN0005287,M039,C01782,2026-01-12 11:54:05,PRD_PER_01,Personal Care,4,221.18,42.12,UPI
TXN0004684,M021,C02404,2026-01-12 12:03:14,PRD_ART_02,Art Supplies,1,501.89,23.9,UPI
TXN0001887,M014,C00074,2026-01-12 13:47:18,PRD_CAK_01,Cakes,1,1260.0,60.0,UPI
TXN0002013,M039,C01285,2026-01-12 14:27:38,PRD_WEL_02,Wellness,1,518.41,24.69,CARD
TXN0006701,M029,C03145,2026-01-12 14:42:54,PRD_NOT_01,Notebooks,2,160.0,150.57,UPI
TXN0004096,M008,C01155,2026-01-12 15:52:57,PRD_TEA_02,Tea,1,210.0,24.0,UPI
TXN0007943,M020,C00922,2026-01-12 16:11:11,PRD_ACC_01,Accessories,1,3812.03,181.53,UPI
TXN0004413,M045,C01757,2026-01-12 16:34:05,PRD_HOU_02,Household,1,361.89,17.23,UPI
TXN0003977,M034,C01424,2026-01-12 17:17:08,PRD_NOT_01,Notebooks,1,354.98,16.9,UPI
TXN0008847,M019,C01473,2026-01-12 17:34:22,PRD_EAR_02,Earphones,2,378.2,36.02,WALLET
TXN0006095,M021,C03130,2026-01-12 17:53:30,PRD_NOT_01,Notebooks,1,314.54,14.98,UPI
TXN0002678,M003,C00745,2026-01-12 17:59:42,PRD_TEA_02,Tea,1,210.0,17.14,CARD
TXN0001607,M003,C03362,2026-01-12 18:01:59,PRD_COF_01,Coffee,1,380.0,254.26,CARD
TXN0008010,M013,C02193,2026-01-12 18:10:32,PRD_CAK_02,Cakes,1,697.74,33.23,UPI
TXN0008978,M025,C00619,2026-01-12 18:29:07,PRD_CAK_01,Cakes,1,665.83,31.71,UPI
TXN0007467,M046,C01622,2026-01-12 18:48:05,PRD_ESS_02,Daily Essentials,1,1413.79,67.32,UPI
TXN0004133,M024,C01336,2026-01-12 18:51:10,PRD_ESS_01,Daily Essentials,1,926.43,44.12,UPI
TXN0001778,M044,C00638,2026-01-12 18:57:43,PRD_MEN_02,Men,1,3597.44,171.31,CARD
TXN0009711,M001,C00155,2026-01-12 19:55:28,PRD_BEV_01,Beverages,1,773.69,36.84,CARD
TXN0003350,M029,C01991,2026-01-12 19:59:51,PRD_WRI_02,Writing,1,115.0,51.91,UPI
TXN0000063,M005,C00819,2026-01-12 20:04:12,PRD_MOB_01,Mobiles,1,6499.0,5253.9,UPI
TXN0007541,M022,C02163,2026-01-12 21:15:07,PRD_ACC_02,Accessories,1,1094.94,52.14,UPI
TXN0007339,M046,C01999,2026-01-12 21:27:14,PRD_BEV_01,Beverages,1,2478.0,118.0,UPI
TXN0005576,M043,C02929,2026-01-12 21:50:35,PRD_BRD_02,Bread,1,769.58,36.65,CARD
TXN0007881,M036,C02763,2026-01-12 22:21:02,PRD_SNK_01,Snacks,1,1890.0,90.0,CARD
TXN0006977,M013,C03311,2026-01-13 10:19:24,PRD_CAK_02,Cakes,1,939.57,44.74,UPI
TXN0000003,M007,C02585,2026-01-13 14:01:27,PRD_DAI_01,Dairy,1,434.64,20.7,UPI
TXN0001096,M001,C02661,2026-01-13 15:03:24,PRD_SNK_02,Snacks,1,1088.15,51.82,UPI
TXN0000843,M008,C00555,2026-01-13 15:26:48,PRD_COF_01,Coffee,2,380.0,658.61,CARD
TXN0005370,M044,C02591,2026-01-13 15:29:09,PRD_WOM_02,Women,1,5250.0,250.0,UPI
TXN0004323,M026,C01587,2026-01-13 15:30:02,PRD_COF_01,Coffee,1,380.0,40.42,UPI
TXN0000055,M038,C00290,2026-01-13 15:36:43,PRD_CAB_02,Cables,2,363.95,34.67,WALLET
TXN0002530,M023,C02125,2026-01-13 15:56:59,PRD_DES_01,Desserts,1,1575.0,75.0,UPI
TXN0004824,M033,C03126,2026-01-13 16:12:43,PRD_HOU_02,Household,1,864.86,41.18,UPI
TXN0005138,M007,C01868,2026-01-13 16:59:45,PRD_HOU_01,Household,1,851.0,40.52,UPI
TXN0009872,M016,C02445,2026-01-13 17:31:58,PRD_CAK_02,Cakes,1,450.0,351.33,UPI
TXN0001532,M011,C02715,2026-01-13 17:55:19,PRD_WRI_01,Writing,1,90.0,15.83,UPI
TXN0003936,M049,C03331,2026-01-13 17:58:22,PRD_SNK_02,Snacks,1,333.35,15.87,UPI
TXN0000657,M046,C00574,2026-01-13 18:20:42,PRD_SNK_01,Snacks,1,1181.64,56.27,CARD
TXN0001366,M003,C02870,2026-01-13 18:30:06,PRD_TEA_02,Tea,1,620.2,29.53,UPI
TXN0001364,M046,C02052,2026-01-13 18:50:50,PRD_ESS_01,Daily Essentials,1,1620.89,77.19,UPI
TXN0007786,M050,C00456,2026-01-13 18:54:54,PRD_BRD_02,Bread,1,199.58,9.5,UPI
TXN0002349,M027,C01101,2026-01-13 19:13:00,PRD_ACC_01,Accessories,1,18585.0,885.0,UPI
TXN0005929,M011,C01681,2026-01-13 19:42:23,PRD_ART_02,Art Supplies,1,192.52,9.17,UPI
TXN0008181,M006,C00947,2026-01-13 20:10:08,PRD_CAB_01,Cables,2,1575.0,150.0,UPI
TXN0008783,M042,C00605,2026-01-13 20:50:55,PRD_PAS_02,Pastries,1,1260.0,60.0,UPI
TXN0003723,M036,C00599,2026-01-13 21:22:50,PRD_DAI_01,Dairy,1,1029.2,49.01,UPI
TXN0007929,M036,C01350,2026-01-13 21:50:36,PRD_STA_02,Staples,1,1890.0,90.0,UPI
TXN0002034,M020,C00341,2026-01-13 22:00:16,PRD_MOB_01,Mobiles,1,6499.0,4381.71,UPI
TXN0002603,M006,C00388,2026-01-13 22:26:33,PRD_EAR_02,Earphones,1,687.78,32.75,UPI
TXN0004829,M050,C01936,2026-01-13 22:34:10,PRD_SNK_01,Snacks,1,229.3,10.92,UPI
TXN0000286,M034,C02979,2026-01-13 22:42:29,PRD_WRI_02,Writing,1,279.95,13.33,UPI
TXN0001129,M031,C01323,2026-01-14 10:43:46,PRD_ACC_01,Accessories,1,5612.79,267.28,UPI
TXN0002204,M029,C00903,2026-01-14 10:58:39,PRD_WRI_02,Writing,1,245.86,11.71,CASH
TXN0005685,M039,C03495,2026-01-14 14:45:37,PRD_PER_01,Personal Care,1,468.58,22.31,UPI
TXN0005363,M007,C03370,2026-01-14 15:41:31,PRD_DAI_02,Dairy,1,665.23,31.68,UPI
TXN0002627,M037,C03378,2026-01-14 16:05:37,PRD_EAR_01,Earphones,1,1299.0,308.78,UPI
TXN0001282,M049,C00752,2026-01-14 16:13:31,PRD_TEA_02,Tea,1,228.91,10.9,UPI
TXN0003995,M025,C02883,2026-01-14 16:52:27,PRD_PAS_01,Pastries,1,235.06,11.19,UPI
TXN0006642,M043,C00700,2026-01-14 17:44:50,PRD_PAS_02,Pastries,1,646.92,30.81,UPI
TXN0001182,M031,C00246,2026-01-14 18:14:00,PRD_MOB_01,Mobiles,1,6499.0,3202.15,UPI
TXN0000499,M024,C00332,2026-01-14 19:06:47,PRD_HOU_02,Household,1,345.42,16.45,CASH
TXN0005388,M024,C00874,2026-01-14 19:23:23,PRD_SNK_01,Snacks,1,755.56,35.98,UPI
TXN0007279,M027,C01888,2026-01-14 19:29:40,PRD_ELE_02,Home Electronics,2,2852.05,271.63,UPI
TXN0001084,M013,C00726,2026-01-14 19:41:57,PRD_PAS_01,Pastries,1,571.51,27.21,UPI
TXN0006317,M046,C02453,2026-01-14 19:42:24,PRD_HOU_02,Household,1,657.89,31.33,CASH
TXN0007694,M049,C01396,2026-01-14 19:56:24,PRD_TEA_01,Tea,1,438.91,20.9,UPI
TXN0003686,M029,C02149,2026-01-14 20:10:36,PRD_ART_02,Art Supplies,4,175.0,486.89,UPI
TXN0004592,M017,C01032,2026-01-14 20:13:56,PRD_NOT_01,Notebooks,1,601.39,28.64,UPI
TXN0003825,M015,C01775,2026-01-14 20:18:02,PRD_BRD_02,Bread,1,261.74,12.46,WALLET
TXN0001600,M026,C02426,2026-01-14 20:24:41,PRD_TEA_01,Tea,4,240.0,747.39,UPI
TXN0006311,M019,C03432,2026-01-14 20:48:16,PRD_EAR_02,Earphones,1,349.0,177.72,WALLET
TXN0004063,M006,C00732,2026-01-14 20:49:12,PRD_CAB_01,Cables,3,299.0,199.22,UPI
TXN0004557,M002,C00847,2026-01-14 21:22:44,PRD_PAS_02,Pastries,1,448.92,21.38,UPI
TXN0002331,M028,C01346,2026-01-14 21:41:39,PRD_CAB_01,Cables,1,942.29,44.87,UPI
TXN0005192,M002,C01022,2026-01-14 21:46:42,PRD_CAK_02,Cakes,1,710.1,33.81,UPI
TXN0008852,M002,C03286,2026-01-14 21:51:05,PRD_BRD_01,Bread,1,261.64,12.46,UPI
TXN0003104,M033,C00137,2026-01-15 08:07:56,PRD_STA_02,Staples,2,599.45,57.1,UPI
TXN0002871,M024,C01151,2026-01-15 10:22:19,PRD_ESS_01,Daily Essentials,1,1458.71,69.46,UPI
TXN0000620,M026,C00838,2026-01-15 10:44:46,PRD_SNK_02,Snacks,4,225.0,390.48,CARD
TXN0004917,M007,C01304,2026-01-15 11:01:49,PRD_HOU_01,Household,1,431.87,20.57,UPI
TXN0001014,M003,C03450,2026-01-15 14:51:46,PRD_SNK_02,Snacks,1,225.0,137.07,UPI
TXN0007001,M050,C01332,2026-01-15 14:58:52,PRD_CAK_01,Cakes,3,550.0,1497.58,UPI
TXN0004607,M046,C00507,2026-01-15 15:07:07,PRD_ESS_02,Daily Essentials,1,2100.0,100.0,UPI
TXN0000297,M002,C02415,2026-01-15 15:29:17,PRD_CAK_01,Cakes,2,550.0,496.12,UPI
TXN0007585,M034,C02955,2026-01-15 16:46:51,PRD_OFF_02,Office Supplies,1,592.27,28.2,WALLET
TXN0001943,M049,C00724,2026-01-15 16:56:08,PRD_DES_01,Desserts,1,472.65,22.51,WALLET
TXN0006417,M013,C00559,2026-01-15 16:58:01,PRD_PAS_02,Pastries,1,326.83,15.56,CARD
TXN0002557,M044,C01600,2026-01-15 17:03:32,PRD_KID_01,Kids,1,1574.69,74.99,CARD
TXN0006382,M048,C00569,2026-01-15 17:04:45,PRD_EAR_02,Earphones,1,2252.9,107.28,UPI
TXN0007933,M015,C01575,2026-01-15 17:14:08,PRD_SNK_01,Snacks,1,186.09,8.86,UPI
TXN0009141,M036,C02463,2026-01-15 17:15:55,PRD_STA_02,Staples,1,458.01,21.81,UPI
TXN0006846,M039,C01770,2026-01-15 17:33:26,PRD_PER_01,Personal Care,1,1331.91,63.42,UPI
TXN0008793,M011,C03026,2026-01-15 17:35:32,PRD_NOT_02,Notebooks,2,472.5,45.0,UPI
TXN0007329,M031,C01370,2026-01-15 18:00:22,PRD_LAP_01,Laptops,1,10984.06,523.05,UPI
TXN0005126,M025,C02959,2026-01-15 18:21:43,PRD_BRD_02,Bread,1,803.02,38.24,UPI
TXN0006783,M042,C00615,2026-01-15 18:29:46,PRD_PAS_01,Pastries,4,157.36,29.97,UPI
TXN0001833,M004,C01892,2026-01-15 18:31:25,PRD_ACC_02,Accessories,1,2939.46,139.97,UPI
TXN0005266,M029,C01509,2026-01-15 18:57:25,PRD_OFF_01,Office Supplies,1,270.76,12.89,CARD
TXN0006240,M045,C01929,2026-01-15 19:23:10,PRD_BEV_02,Beverages,1,608.66,28.98,UPI
TXN0009612,M001,C01393,2026-01-15 19:34:39,PRD_SNK_01,Snacks,1,485.47,23.12,UPI
TXN0005097,M029,C03086,2026-01-15 20:01:08,PRD_WRI_02,Writing,1,288.8,13.75,UPI
TXN0008055,M019,C01320,2026-01-15 20:14:46,PRD_EAR_01,Earphones,1,1299.0,121.66,UPI
TXN0000611,M036,C01967,2026-01-15 20:45:16,PRD_STA_02,Staples,1,1890.0,90.0,UPI
TXN0006970,M035,C00062,2026-01-15 20:50:40,PRD_EAR_01,Earphones,1,1299.0,543.57,CARD
TXN0006028,M017,C01827,2026-01-15 21:23:52,PRD_NOT_02,Notebooks,1,644.05,30.67,UPI
TXN0006445,M046,C01387,2026-01-15 21:36:12,PRD_BEV_01,Beverages,1,2478.0,118.0,UPI
TXN0004594,M026,C01213,2026-01-15 22:28:13,PRD_TEA_02,Tea,1,262.49,12.5,UPI
TXN0009490,M003,C00707,2026-01-15 22:59:04,PRD_SNK_01,Snacks,1,193.78,9.23,UPI
TXN0008688,M030,C03359,2026-01-16 08:48:25,PRD_ELE_02,Home Electronics,2,7875.0,750.0,CARD
TXN0000232,M039,C00031,2026-01-16 08:52:16,PRD_PER_01,Personal Care,1,1337.95,63.71,UPI
TXN0009785,M044,C03478,2026-01-16 09:27:35,PRD_WOM_02,Women,1,2209.42,105.21,UPI
TXN0006486,M036,C03266,2026-01-16 09:52:54,PRD_HOU_01,Household,1,434.63,20.7,UPI
TXN0006433,M007,C00110,2026-01-16 12:31:14,PRD_STA_02,Staples,1,245.0,18.75,CARD
TXN0008101,M006,C02289,2026-01-16 15:05:37,PRD_CAS_01,Cases,1,539.2,25.68,UPI
TXN0003268,M049,C02389,2026-01-16 15:46:33,PRD_TEA_02,Tea,1,840.0,40.0,UPI
TXN0003002,M028,C02423,2026-01-16 16:07:24,PRD_CAS_01,Cases,4,292.51,55.73,CASH
TXN0003639,M013,C01607,2026-01-16 16:33:01,PRD_BRD_02,Bread,1,1016.86,48.42,UPI
TXN0001476,M046,C01496,2026-01-16 16:37:16,PRD_BEV_01,Beverages,2,179.6,17.1,CARD
TXN0004004,M041,C02247,2026-01-16 16:44:20,PRD_SNK_02,Snacks,1,314.83,14.99,UPI
TXN0005662,M045,C00426,2026-01-16 16:45:44,PRD_STA_01,Staples,1,1152.3,54.87,UPI
TXN0008794,M045,C03309,2026-01-16 16:46:06,PRD_SNK_02,Snacks,1,649.0,30.9,CASH
TXN0006476,M001,C00137,2026-01-16 17:12:35,PRD_BEV_01,Beverages,1,342.13,16.29,UPI
TXN0009298,M029,C02782,2026-01-16 17:37:16,PRD_WRI_02,Writing,1,192.01,9.14,WALLET
TXN0001544,M003,C00792,2026-01-16 18:19:28,PRD_DES_01,Desserts,3,220.0,531.11,UPI
TXN0000280,M050,C01843,2026-01-16 18:24:28,PRD_BRD_02,Bread,2,369.74,35.21,UPI
TXN0002506,M004,C02249,2026-01-16 18:39:02,PRD_MOB_01,Mobiles,1,6499.0,328.26,UPI
TXN0006627,M013,C02775,2026-01-16 18:45:53,PRD_PAS_02,Pastries,1,700.76,33.37,UPI
TXN0006582,M008,C01903,2026-01-16 19:03:53,PRD_TEA_01,Tea,1,240.0,121.95,UPI
TXN0003557,M008,C03175,2026-01-16 19:35:36,PRD_DES_02,Desserts,2,180.0,114.25,CARD
TXN0006292,M022,C03487,2026-01-16 19:38:19,PRD_MEN_01,Men,1,2582.67,122.98,UPI
TXN0005853,M017,C01232,2026-01-16 19:40:28,PRD_OFF_02,Office Supplies,1,945.0,45.0,UPI
TXN0002763,M047,C00188,2026-01-16 19:41:29,PRD_ELE_01,Home Electronics,1,5542.51,263.93,UPI
TXN0004418,M050,C01508,2026-01-16 19:56:40,PRD_CAK_02,Cakes,1,450.0,116.75,CARD
TXN0007307,M033,C01769,2026-01-16 20:08:02,PRD_DAI_01,Dairy,1,790.08,37.62,CASH
TXN0006743,M002,C01711,2026-01-16 20:14:53,PRD_PAS_02,Pastries,2,358.49,34.14,CARD
TXN0005132,M031,C00052,2026-01-16 20:15:40,PRD_ACC_01,Accessories,1,5531.36,263.4,CARD
TXN0003265,M013,C00939,2026-01-16 20:18:36,PRD_PAS_02,Pastries,3,110.0,150.46,UPI
TXN0003076,M039,C00157,2026-01-16 20:19:10,PRD_PER_01,Personal Care,1,1870.64,89.08,UPI
TXN0001376,M035,C02190,2026-01-16 20:36:58,PRD_EAR_02,Earphones,1,2552.25,121.54,CASH
TXN0009237,M022,C01216,2026-01-16 20:57:05,PRD_ACC_01,Accessories,1,3032.19,144.39,CARD
TXN0003722,M038,C00756,2026-01-16 21:11:16,PRD_CAB_02,Cables,1,2672.19,127.25,UPI
TXN0005835,M016,C00887,2026-01-16 21:52:50,PRD_CAK_01,Cakes,1,550.0,301.83,UPI
TXN0006626,M001,C00427,2026-01-16 22:06:39,PRD_DAI_02,Dairy,1,1890.0,90.0,UPI
TXN0004507,M022,C00596,2026-01-16 22:24:50,PRD_KID_01,Kids,1,5250.0,250.0,UPI
TXN0005813,M019,C00921,2026-01-16 22:55:33,PRD_CAB_02,Cables,1,424.76,20.23,UPI
TXN0000945,M019,C00742,2026-01-17 09:33:34,PRD_CHG_01,Chargers,1,3465.0,165.0,UPI
TXN0007099,M006,C01071,2026-01-17 09:36:47,PRD_CAB_02,Cables,1,1904.27,90.68,UPI
TXN0008434,M015,C01342,2026-01-17 10:54:05,PRD_CAK_01,Cakes,1,550.0,116.33,CASH
TXN0007396,M003,C03126,2026-01-17 13:58:23,PRD_SNK_02,Snacks,2,225.0,248.11,UPI
TXN0007852,M044,C03252,2026-01-17 15:13:57,PRD_ACC_01,Accessories,1,5359.82,255.23,UPI
TXN0005767,M030,C02599,2026-01-17 15:51:31,PRD_LAP_02,Laptops,2,1498.41,142.7,UPI
TXN0000632,M016,C01982,2026-01-17 16:00:58,PRD_CAK_01,Cakes,1,1013.22,48.25,CASH
TXN0004469,M010,C00881,2026-01-17 16:10:08,PRD_STA_02,Staples,1,440.43,20.97,UPI
TXN0007989,M038,C00135,2026-01-17 16:48:46,PRD_CAB_01,Cables,1,1562.21,74.39,WALLET
TXN0007082,M029,C02412,2026-01-17 17:35:32,PRD_ART_02,Art Supplies,2,417.93,39.81,UPI
TXN0006857,M049,C02747,2026-01-17 17:47:13,PRD_COF_01,Coffee,1,555.28,26.44,UPI
TXN0001294,M046,C03191,2026-01-17 17:48:00,PRD_SNK_02,Snacks,1,586.33,27.92,UPI
TXN0003149,M036,C00069,2026-01-17 17:54:55,PRD_BEV_01,Beverages,1,2079.0,99.0,UPI
TXN0009756,M012,C01069,2026-01-17 17:59:04,PRD_BEV_02,Beverages,1,994.3,47.35,UPI
TXN0002139,M005,C03090,2026-01-17 18:07:25,PRD_ACC_01,Accessories,1,2843.31,135.4,UPI
TXN0001727,M046,C01683,2026-01-17 18:17:00,PRD_HOU_02,Household,1,1009.53,48.07,UPI
TXN0004866,M001,C00640,2026-01-17 18:17:34,PRD_STA_01,Staples,1,923.51,43.98,UPI
TXN0005515,M029,C02146,2026-01-17 18:51:57,PRD_NOT_02,Notebooks,1,739.12,35.2,CARD
TXN0004112,M018,C01197,2026-01-17 19:00:24,PRD_SNK_01,Snacks,1,1732.5,82.5,UPI
TXN0006086,M002,C01898,2026-01-17 19:25:03,PRD_PAS_02,Pastries,1,160.4,7.64,UPI
TXN0004999,M029,C01618,2026-01-17 19:28:59,PRD_ART_01,Art Supplies,1,520.4,24.78,UPI
TXN0009748,M033,C00961,2026-01-17 19:58:22,PRD_HOU_02,Household,2,320.0,519.36,UPI
TXN0009137,M005,C02195,2026-01-17 20:07:31,PRD_ELE_01,Home Electronics,1,17325.0,825.0,UPI
TXN0000002,M016,C00692,2026-01-17 20:08:14,PRD_SNK_02,Snacks,1,552.64,26.32,CASH
TXN0007027,M038,C01527,2026-01-17 20:53:50,PRD_CAB_01,Cables,1,1474.18,70.2,UPI
TXN0002762,M001,C02829,2026-01-17 20:53:51,PRD_DAI_02,Dairy,1,1332.63,63.46,UPI
TXN0000984,M050,C03275,2026-01-17 21:19:48,PRD_BRD_01,Bread,1,326.04,15.53,UPI
TXN0002075,M034,C01600,2026-01-17 21:43:56,PRD_WRI_02,Writing,1,303.3,14.44,CASH
TXN0009113,M035,C00257,2026-01-17 21:44:38,PRD_EAR_01,Earphones,3,1299.0,2553.2,UPI
TXN0002865,M031,C00735,2026-01-17 21:51:21,PRD_LAP_02,Laptops,1,5892.02,280.57,UPI
TXN0008870,M021,C03483,2026-01-17 21:57:10,PRD_NOT_01,Notebooks,2,284.63,27.1,UPI
TXN0000637,M007,C00908,2026-01-17 22:12:06,PRD_STA_02,Staples,1,537.25,25.58,UPI
TXN0003968,M043,C02191,2026-01-18 09:50:55,PRD_BRD_01,Bread,1,399.3,19.01,UPI
TXN0007154,M031,C03471,2026-01-18 10:45:48,PRD_ACC_02,Accessories,1,10889.47,518.55,UPI
TXN0002773,M010,C01378,2026-01-18 13:02:05,PRD_HOU_01,Household,1,257.13,12.24,CARD
TXN0006031,M005,C02462,2026-01-18 13:21:18,PRD_ACC_02,Accessories,1,3205.52,152.64,UPI
TXN0002478,M023,C02367,2026-01-18 14:25:23,PRD_DES_01,Desserts,1,1711.85,81.52,UPI
TXN0003127,M029,C00601,2026-01-18 14:30:23,PRD_WRI_02,Writing,1,127.72,6.08,UPI
TXN0002770,M050,C01678,2026-01-18 14:48:46,PRD_BRD_01,Bread,1,1299.89,61.9,CASH
TXN0000262,M036,C03291,2026-01-18 15:09:15,PRD_BEV_02,Beverages,1,453.52,21.6,UPI
TXN0004473,M008,C00071,2026-01-18 15:54:49,PRD_SNK_01,Snacks,1,121.82,5.8,UPI
TXN0002310,M036,C00039,2026-01-18 16:06:30,PRD_STA_02,Staples,2,797.8,75.98,UPI
TXN0000136,M007,C03116,2026-01-18 16:10:20,PRD_BEV_01,Beverages,1,930.67,44.32,WALLET
TXN0000301,M042,C02927,2026-01-18 17:02:15,PRD_BRD_02,Bread,1,239.27,11.39,UPI
TXN0003140,M017,C03327,2026-01-18 17:43:02,PRD_ART_01,Art Supplies,1,320.0,40.93,UPI
TXN0001346,M047,C03336,2026-01-18 17:59:02,PRD_LAP_02,Laptops,1,7855.01,374.05,UPI
TXN0009774,M036,C00966,2026-01-18 18:28:14,PRD_BEV_01,Beverages,2,425.9,40.57,CASH
TXN0003982,M036,C03122,2026-01-18 19:18:40,PRD_STA_02,Staples,1,852.84,40.61,CARD
TXN0009989,M044,C00409,2026-01-18 19:20:25,PRD_WOM_01,Women,1,2165.54,103.12,UPI
TXN0009565,M007,C00367,2026-01-18 19:41:27,PRD_BEV_02,Beverages,1,655.48,31.21,CARD
TXN0007826,M033,C00732,2026-01-18 20:10:43,PRD_HOU_01,Household,1,2079.0,99.0,UPI
TXN0000332,M050,C00990,2026-01-18 20:36:00,PRD_CAK_02,Cakes,1,488.71,23.27,UPI
TXN0000449,M039,C02404,2026-01-18 20:43:53,PRD_WEL_01,Wellness,1,1837.25,87.49,UPI
TXN0005872,M030,C00465,2026-01-18 21:27:22,PRD_MOB_02,Mobiles,1,11999.0,6289.49,UPI
TXN0007006,M022,C03128,2026-01-18 21:55:09,PRD_WOM_01,Women,1,1793.64,85.41,UPI
TXN0008922,M013,C02222,2026-01-18 22:21:56,PRD_SNK_02,Snacks,1,1162.91,55.38,UPI
TXN0004820,M028,C00333,2026-01-19 09:38:22,PRD_CAB_01,Cables,1,353.83,16.85,CARD
TXN0004535,M007,C00180,2026-01-19 11:33:15,PRD_DAI_02,Dairy,2,95.0,27.94,UPI
TXN0006308,M005,C02688,2026-01-19 11:57:37,PRD_LAP_01,Laptops,1,15750.0,750.0,WALLET
TXN0002137,M050,C03126,2026-01-19 16:18:20,PRD_CAK_02,Cakes,1,801.41,38.16,UPI
TXN0005757,M011,C00264,2026-01-19 16:21:33,PRD_OFF_01,Office Supplies,1,175.0,46.99,UPI
TXN0009476,M028,C00160,2026-01-19 16:36:23,PRD_CAB_02,Cables,1,2755.3,131.2,UPI
TXN0006149,M002,C01925,2026-01-19 16:44:29,PRD_CAK_01,Cakes,1,550.0,167.78,UPI
TXN0005187,M013,C01790,2026-01-19 16:46:21,PRD_PAS_02,Pastries,1,190.5,9.07,UPI
TXN0001677,M031,C02351,2026-01-19 17:25:15,PRD_LAP_01,Laptops,4,899.0,1531.14,WALLET
TXN0001030,M028,C03458,2026-01-19 17:32:01,PRD_CAB_02,Cables,1,1124.43,53.54,UPI
TXN0003184,M031,C02123,2026-01-19 17:48:51,PRD_ACC_01,Accessories,1,5568.83,265.18,UPI
TXN0000522,M001,C03365,2026-01-19 18:29:41,PRD_STA_02,Staples,1,826.85,39.37,UPI
TXN0001545,M045,C00415,2026-01-19 18:43:23,PRD_DAI_01,Dairy,1,1771.36,84.35,CARD
TXN0000799,M028,C02912,2026-01-19 19:20:34,PRD_EAR_02,Earphones,1,2265.21,107.87,UPI
TXN0007366,M048,C01933,2026-01-19 19:45:09,PRD_CAB_01,Cables,1,1423.47,67.78,UPI
TXN0006754,M035,C00842,2026-01-19 19:45:26,PRD_CAB_02,Cables,2,1575.0,150.0,UPI
TXN0000580,M014,C02646,2026-01-19 19:50:06,PRD_SNK_01,Snacks,1,115.25,5.49,UPI
TXN0003198,M036,C00964,2026-01-19 20:10:08,PRD_DAI_02,Dairy,1,698.41,33.26,UPI
TXN0009175,M005,C01980,2026-01-19 20:14:37,PRD_ACC_01,Accessories,1,5152.58,245.36,UPI
TXN0005100,M025,C00541,2026-01-19 21:09:59,PRD_BRD_02,Bread,3,140.0,236.08,CARD
TXN0003248,M044,C02191,2026-01-19 22:04:00,PRD_MEN_01,Men,1,1065.6,50.74,UPI
TXN0001405,M014,C02129,2026-01-20 09:15:49,PRD_BRD_02,Bread,1,1173.16,55.86,WALLET
TXN0006234,M026,C01838,2026-01-20 11:07:09,PRD_TEA_01,Tea,2,420.0,40.0,UPI
TXN0001215,M018,C03223,2026-01-20 11:11:35,PRD_BEV_02,Beverages,1,717.66,34.17,WALLET
TXN0009764,M002,C03323,2026-01-20 15:10:09,PRD_SNK_01,Snacks,2,353.69,33.68,CARD
TXN0006573,M006,C01864,2026-01-20 15:25:03,PRD_CAB_02,Cables,1,830.29,39.54,CARD
TXN0008728,M006,C01356,2026-01-20 16:25:35,PRD_EAR_01,Earphones,1,2510.18,119.53,UPI
TXN0007213,M026,C03286,2026-01-20 16:45:35,PRD_DES_02,Desserts,1,546.24,26.01,UPI
TXN0002176,M048,C02873,2026-01-20 16:46:24,PRD_CAS_01,Cases,1,734.29,34.97,UPI
TXN0007755,M048,C03452,2026-01-20 17:01:56,PRD_EAR_02,Earphones,1,349.0,199.0,UPI
TXN0002689,M002,C00814,2026-01-20 17:59:11,PRD_CAK_01,Cakes,1,550.0,353.95,UPI
TXN0005571,M015,C02468,2026-01-20 18:03:58,PRD_PAS_02,Pastries,1,169.97,8.09,UPI
TXN0006485,M001,C01743,2026-01-20 18:24:14,PRD_BEV_01,Beverages,1,1406.37,66.97,UPI
TXN0007830,M043,C01999,2026-01-20 18:24:27,PRD_BRD_02,Bread,1,1486.8,70.8,UPI
TXN0007695,M023,C01908,2026-01-20 18:25:33,PRD_MEA_01,Meals,1,640.92,30.52,UPI
TXN0006312,M026,C00067,2026-01-20 18:29:17,PRD_TEA_02,Tea,1,724.14,34.48,UPI
TXN0009101,M043,C01882,2026-01-20 18:30:12,PRD_CAK_01,Cakes,1,550.0,361.28,WALLET
TXN0007709,M036,C01286,2026-01-20 18:38:18,PRD_DAI_02,Dairy,2,347.58,33.1,UPI
TXN0004268,M027,C02038,2026-01-20 18:43:53,PRD_ELE_01,Home Electronics,1,10648.07,507.05,UPI
TXN0000428,M008,C02707,2026-01-20 18:54:37,PRD_TEA_02,Tea,1,260.37,12.4,UPI
TXN0008131,M010,C01113,2026-01-20 19:13:19,PRD_BEV_01,Beverages,1,305.59,14.55,CASH
TXN0009473,M017,C01296,2026-01-20 19:15:20,PRD_ART_02,Art Supplies,1,689.15,32.82,UPI
TXN0004667,M001,C02150,2026-01-20 19:22:36,PRD_SNK_01,Snacks,1,408.88,19.47,UPI
TXN0002213,M018,C01374,2026-01-20 19:27:49,PRD_BEV_02,Beverages,1,262.89,12.52,UPI
TXN0007278,M016,C02359,2026-01-20 19:50:38,PRD_PAS_01,Pastries,1,1260.0,60.0,UPI
TXN0001920,M050,C01417,2026-01-20 19:55:51,PRD_SNK_02,Snacks,3,241.64,34.52,UPI
TXN0002449,M043,C03390,2026-01-20 20:01:25,PRD_BRD_01,Bread,2,313.05,29.81,CASH
TXN0001554,M045,C02616,2026-01-20 21:07:22,PRD_BEV_02,Beverages,1,578.99,27.57,UPI
TXN0008564,M002,C02672,2026-01-20 21:49:51,PRD_BRD_01,Bread,2,94.42,8.99,UPI
TXN0008927,M030,C01679,2026-01-20 22:55:10,PRD_MOB_02,Mobiles,2,11999.0,16009.17,UPI
TXN0008146,M026,C00561,2026-01-21 08:24:26,PRD_SNK_01,Snacks,1,300.59,14.31,UPI
TXN0001252,M033,C00704,2026-01-21 13:02:55,PRD_DAI_02,Dairy,1,286.8,13.66,UPI
TXN0004519,M002,C00090,2026-01-21 13:39:38,PRD_CAK_01,Cakes,1,550.0,207.58,UPI
TXN0007349,M023,C01463,2026-01-21 13:52:43,PRD_BEV_02,Beverages,1,286.39,13.64,UPI
TXN0008445,M041,C02950,2026-01-21 14:18:38,PRD_MEA_01,Meals,1,275.89,13.14,UPI
TXN0007033,M048,C00657,2026-01-21 15:06:39,PRD_CAS_02,Cases,1,2335.96,111.24,UPI
TXN0005224,M034,C02726,2026-01-21 15:35:52,PRD_NOT_01,Notebooks,1,659.06,31.38,UPI
TXN0002002,M017,C01742,2026-01-21 16:11:42,PRD_OFF_02,Office Supplies,1,310.0,56.57,UPI
TXN0005510,M005,C03079,2026-01-21 16:20:29,PRD_MOB_01,Mobiles,1,6499.0,3112.21,UPI
TXN0005568,M028,C00961,2026-01-21 16:24:23,PRD_CAS_02,Cases,1,567.92,27.04,UPI
TXN0008792,M028,C00992,2026-01-21 16:32:13,PRD_CHG_01,Chargers,1,919.59,43.79,UPI
TXN0002069,M003,C01867,2026-01-21 16:57:48,PRD_TEA_02,Tea,1,451.73,21.51,UPI
TXN0007609,M012,C01062,2026-01-21 17:03:19,PRD_SNK_01,Snacks,1,656.54,31.26,UPI
TXN0007449,M018,C01354,2026-01-21 17:59:31,PRD_BEV_02,Beverages,2,787.5,75.0,UPI
TXN0004968,M017,C01615,2026-01-21 18:07:02,PRD_OFF_01,Office Supplies,2,293.54,27.96,UPI
TXN0002179,M025,C01366,2026-01-21 18:09:27,PRD_BRD_02,Bread,2,140.0,57.64,UPI
TXN0002691,M029,C01562,2026-01-21 18:36:00,PRD_ART_01,Art Supplies,2,472.5,45.0,UPI
TXN0007931,M030,C02848,2026-01-21 18:42:19,PRD_ELE_02,Home Electronics,3,2526.17,360.88,UPI
TXN0007065,M034,C00222,2026-01-21 19:06:07,PRD_NOT_01,Notebooks,1,160.0,39.42,UPI
TXN0000240,M034,C03299,2026-01-21 19:09:01,PRD_ART_02,Art Supplies,1,175.0,47.15,CARD
TXN0003520,M003,C03419,2026-01-21 19:14:52,PRD_COF_01,Coffee,1,486.77,23.18,UPI
TXN0000113,M040,C01066,2026-01-21 19:22:52,PRD_DES_02,Desserts,1,180.0,118.37,UPI
TXN0007309,M006,C02522,2026-01-21 19:23:13,PRD_CAS_01,Cases,1,516.94,24.62,UPI
TXN0007130,M028,C02800,2026-01-21 19:41:46,PRD_EAR_02,Earphones,1,859.4,40.92,UPI
TXN0008404,M038,C02869,2026-01-21 19:50:06,PRD_CHG_01,Chargers,3,699.0,1432.87,UPI
TXN0000465,M001,C02216,2026-01-21 20:06:40,PRD_HOU_02,Household,1,1890.0,90.0,UPI
TXN0004187,M041,C03300,2026-01-21 20:26:06,PRD_MEA_01,Meals,3,220.0,233.25,CASH
TXN0007717,M013,C01539,2026-01-21 21:13:38,PRD_CAK_02,Cakes,1,790.81,37.66,UPI
TXN0004375,M039,C00398,2026-01-21 21:21:31,PRD_WEL_01,Wellness,1,1054.29,50.2,CARD
TXN0001902,M042,C01073,2026-01-21 21:21:56,PRD_SNK_02,Snacks,1,476.53,22.69,UPI
TXN0004219,M012,C01901,2026-01-21 21:49:49,PRD_SNK_01,Snacks,1,521.84,24.85,UPI
TXN0000023,M027,C01730,2026-01-21 22:12:59,PRD_MOB_02,Mobiles,1,11999.0,696.07,UPI
TXN0001416,M042,C02104,2026-01-21 22:17:18,PRD_BRD_01,Bread,1,1144.25,54.49,UPI
TXN0004951,M011,C00804,2026-01-21 22:36:14,PRD_OFF_02,Office Supplies,2,310.0,473.37,CARD
TXN0008669,M038,C02394,2026-01-22 08:14:30,PRD_CAS_01,Cases,1,256.25,12.2,UPI
TXN0000094,M047,C03155,2026-01-22 08:24:45,PRD_MOB_02,Mobiles,1,11999.0,8600.93,UPI
TXN0002567,M018,C00299,2026-01-22 08:41:20,PRD_SNK_01,Snacks,1,689.4,32.83,UPI
TXN0007466,M018,C01150,2026-01-22 10:21:24,PRD_BEV_02,Beverages,1,444.59,21.17,UPI
TXN0006853,M009,C02001,2026-01-22 10:58:34,PRD_PER_01,Personal Care,1,352.83,16.8,CARD
TXN0007295,M005,C02595,2026-01-22 11:07:21,PRD_ELE_02,Home Electronics,1,2230.52,106.22,UPI
TXN0007773,M003,C02297,2026-01-22 11:20:29,PRD_SNK_01,Snacks,1,840.0,40.0,UPI
TXN0009920,M016,C00515,2026-01-22 12:18:15,PRD_SNK_02,Snacks,1,1260.0,60.0,UPI
TXN0008194,M015,C01470,2026-01-22 12:59:50,PRD_PAS_01,Pastries,1,329.5,15.69,UPI
TXN0006370,M044,C03406,2026-01-22 13:49:59,PRD_KID_02,Kids,1,2064.57,98.31,UPI
TXN0003837,M006,C02667,2026-01-22 13:50:43,PRD_CHG_01,Chargers,1,699.0,338.14,UPI
TXN0008915,M002,C01897,2026-01-22 15:08:37,PRD_PAS_02,Pastries,1,1260.0,60.0,UPI
TXN0003783,M045,C02421,2026-01-22 15:55:43,PRD_BEV_01,Beverages,1,693.12,33.01,UPI
TXN0000068,M006,C01868,2026-01-22 16:02:29,PRD_CHG_02,Chargers,1,1467.75,69.89,UPI
TXN0003361,M038,C02436,2026-01-22 17:00:32,PRD_CHG_01,Chargers,1,1203.55,57.31,UPI
TXN0003820,M008,C02137,2026-01-22 17:27:07,PRD_TEA_02,Tea,1,840.0,40.0,CASH
TXN0001860,M031,C02287,2026-01-22 18:30:24,PRD_MOB_01,Mobiles,1,6499.0,4571.06,UPI
TXN0000687,M001,C02570,2026-01-22 19:13:02,PRD_DAI_02,Dairy,1,551.2,26.25,WALLET
TXN0007352,M025,C01710,2026-01-22 19:21:19,PRD_CAK_01,Cakes,1,920.68,43.84,UPI
TXN0009097,M016,C03008,2026-01-22 19:58:10,PRD_PAS_02,Pastries,2,427.84,40.75,CASH
TXN0000579,M045,C03122,2026-01-22 20:16:55,PRD_DAI_01,Dairy,1,1809.82,86.18,UPI
TXN0008241,M050,C03072,2026-01-22 20:53:30,PRD_PAS_02,Pastries,2,463.27,44.12,UPI
TXN0005114,M021,C03267,2026-01-22 21:07:38,PRD_NOT_01,Notebooks,1,160.0,93.23,UPI
TXN0000258,M040,C02330,2026-01-22 21:26:18,PRD_SNK_02,Snacks,1,225.0,17.49,CASH
TXN0009028,M027,C03364,2026-01-22 22:20:47,PRD_ELE_01,Home Electronics,1,3025.53,144.07,UPI
TXN0006418,M046,C02371,2026-01-23 08:53:26,PRD_ESS_02,Daily Essentials,1,362.63,17.27,UPI
TXN0002294,M003,C01902,2026-01-23 09:27:00,PRD_SNK_01,Snacks,2,60.29,5.74,UPI
TXN0003462,M019,C00500,2026-01-23 10:14:25,PRD_CAB_02,Cables,1,593.39,28.26,UPI
TXN0002292,M012,C02106,2026-01-23 11:31:46,PRD_SNK_01,Snacks,1,289.14,13.77,UPI
TXN0004364,M015,C03063,2026-01-23 12:32:04,PRD_SNK_02,Snacks,1,278.11,13.24,UPI
TXN0003008,M005,C00208,2026-01-23 14:04:54,PRD_ACC_01,Accessories,1,1759.62,83.79,UPI
TXN0001245,M017,C02914,2026-01-23 16:03:53,PRD_ART_02,Art Supplies,1,326.67,15.56,UPI
TXN0002121,M009,C00975,2026-01-23 16:18:25,PRD_MED_01,Medicine,4,134.01,25.53,UPI
TXN0009932,M001,C00543,2026-01-23 16:36:46,PRD_STA_02,Staples,1,310.46,14.78,UPI
TXN0009513,M042,C01022,2026-01-23 17:05:04,PRD_CAK_01,Cakes,2,550.0,886.2,UPI
TXN0004865,M005,C02027,2026-01-23 17:26:38,PRD_LAP_02,Laptops,1,5762.65,274.41,UPI
TXN0000019,M029,C02878,2026-01-23 17:38:05,PRD_ART_01,Art Supplies,1,320.0,66.38,UPI
TXN0008182,M036,C00740,2026-01-23 18:48:36,PRD_BEV_02,Beverages,1,1007.11,47.96,UPI
TXN0006219,M022,C01591,2026-01-23 18:51:01,PRD_KID_01,Kids,2,349.0,384.65,UPI
TXN0001042,M043,C03198,2026-01-23 19:35:45,PRD_CAK_02,Cakes,1,572.97,27.28,UPI
TXN0008118,M050,C03124,2026-01-23 19:36:15,PRD_PAS_01,Pastries,1,356.49,16.98,UPI
TXN0005211,M040,C00023,2026-01-23 19:49:59,PRD_SNK_02,Snacks,1,225.0,11.48,UPI
TXN0005516,M019,C02102,2026-01-23 20:04:59,PRD_CAB_01,Cables,1,563.73,26.84,UPI
TXN0001995,M012,C00046,2026-01-23 20:11:55,PRD_BEV_02,Beverages,1,409.99,19.52,UPI
TXN0009290,M044,C02452,2026-01-23 20:18:04,PRD_MEN_01,Men,1,2900.18,138.1,UPI
TXN0002935,M013,C02233,2026-01-23 20:37:34,PRD_SNK_02,Snacks,1,890.77,42.42,UPI
TXN0009666,M012,C00631,2026-01-23 20:42:08,PRD_SNK_01,Snacks,1,573.52,27.31,WALLET
TXN0001007,M027,C00899,2026-01-23 21:09:53,PRD_MOB_02,Mobiles,1,11999.0,9249.33,UPI
TXN0007962,M047,C02939,2026-01-23 21:42:59,PRD_LAP_01,Laptops,2,1043.9,99.41,CARD
TXN0000743,M041,C00083,2026-01-24 09:00:07,PRD_MEA_02,Meals,1,1320.87,62.9,CASH
TXN0004832,M044,C02560,2026-01-24 10:49:20,PRD_KID_01,Kids,4,1443.75,275.0,CARD
TXN0003326,M036,C00559,2026-01-24 12:26:11,PRD_DAI_02,Dairy,3,192.86,27.56,UPI
TXN0000036,M005,C01699,2026-01-24 12:48:12,PRD_ACC_01,Accessories,1,7638.27,363.73,UPI
TXN0004518,M024,C00354,2026-01-24 15:53:42,PRD_ESS_02,Daily Essentials,1,1590.98,75.76,WALLET
TXN0009991,M021,C01894,2026-01-24 16:13:25,PRD_WRI_01,Writing,1,341.19,16.25,CASH
TXN0008894,M036,C01021,2026-01-24 16:28:48,PRD_DAI_02,Dairy,1,996.62,47.46,UPI
TXN0002632,M045,C01882,2026-01-24 17:11:49,PRD_DAI_01,Dairy,1,854.64,40.7,WALLET
TXN0002291,M005,C01554,2026-01-24 17:15:58,PRD_MOB_02,Mobiles,1,13591.98,647.24,UPI
TXN0000655,M044,C01117,2026-01-24 17:24:03,PRD_MEN_01,Men,1,3021.74,143.89,UPI
TXN0005036,M050,C02659,2026-01-24 17:28:21,PRD_PAS_02,Pastries,1,247.04,11.76,UPI
TXN0009833,M006,C02121,2026-01-24 17:50:51,PRD_CAB_01,Cables,4,299.0,370.3,UPI
TXN0003916,M021,C00515,2026-01-24 18:20:53,PRD_OFF_02,Office Supplies,1,310.0,161.7,UPI
TXN0005626,M002,C01616,2026-01-24 18:25:52,PRD_BRD_01,Bread,1,1056.14,50.29,UPI
TXN0005524,M021,C01388,2026-01-24 18:32:04,PRD_NOT_02,Notebooks,4,260.0,484.68,UPI
TXN0006565,M025,C01839,2026-01-24 18:34:10,PRD_BRD_01,Bread,1,728.2,34.68,CASH
TXN0009658,M034,C00603,2026-01-24 18:48:38,PRD_NOT_02,Notebooks,1,584.22,27.82,UPI
TXN0007126,M028,C02578,2026-01-24 18:52:17,PRD_CAB_01,Cables,2,379.15,36.11,UPI
TXN0005624,M049,C00696,2026-01-24 19:10:00,PRD_COF_02,Coffee,1,280.0,112.66,UPI
TXN0007999,M009,C02750,2026-01-24 19:30:24,PRD_MED_01,Medicine,1,776.72,36.99,UPI
TXN0008823,M037,C00363,2026-01-24 20:00:04,PRD_CAS_02,Cases,1,1155.49,55.02,CASH
TXN0009809,M010,C01542,2026-01-24 20:15:33,PRD_DAI_01,Dairy,2,347.42,33.09,UPI
TXN0006384,M030,C03427,2026-01-24 20:32:39,PRD_MOB_02,Mobiles,1,11999.0,5474.8,UPI
TXN0008914,M018,C03209,2026-01-24 20:36:55,PRD_SNK_01,Snacks,1,449.26,21.39,UPI
TXN0006659,M003,C02744,2026-01-24 20:38:58,PRD_SNK_02,Snacks,1,413.63,19.7,UPI
TXN0003698,M028,C00691,2026-01-24 20:40:09,PRD_EAR_01,Earphones,1,1299.0,413.58,UPI
TXN0002896,M019,C02143,2026-01-24 21:02:08,PRD_CHG_02,Chargers,1,3359.03,159.95,UPI
TXN0005693,M010,C02108,2026-01-24 21:34:35,PRD_DAI_01,Dairy,1,891.36,42.45,CARD
TXN0003796,M011,C03307,2026-01-24 21:54:05,PRD_OFF_02,Office Supplies,2,310.0,461.9,UPI
TXN0004935,M003,C03206,2026-01-24 22:43:32,PRD_DES_01,Desserts,1,316.38,15.07,UPI
TXN0005286,M013,C02839,2026-01-25 08:35:07,PRD_CAK_02,Cakes,1,450.0,71.0,UPI
TXN0007671,M038,C01409,2026-01-25 09:20:35,PRD_CAS_01,Cases,1,1748.01,83.24,CASH
TXN0001047,M038,C00433,2026-01-25 10:07:06,PRD_EAR_02,Earphones,1,1008.39,48.02,UPI
TXN0008997,M049,C00605,2026-01-25 10:12:16,PRD_COF_01,Coffee,1,664.37,31.64,UPI
TXN0008923,M020,C02018,2026-01-25 10:34:10,PRD_ELE_02,Home Electronics,1,1099.0,231.08,UPI
TXN0002436,M031,C01199,2026-01-25 11:19:10,PRD_LAP_01,Laptops,1,3280.81,156.23,UPI
TXN0007606,M033,C01879,2026-01-25 11:41:50,PRD_STA_02,Staples,1,1443.47,68.74,UPI
TXN0003453,M013,C01358,2026-01-25 11:47:02,PRD_SNK_01,Snacks,1,540.56,25.74,UPI
TXN0004287,M003,C00996,2026-01-25 12:07:09,PRD_TEA_02,Tea,1,210.0,109.63,UPI
TXN0008206,M009,C00072,2026-01-25 12:21:39,PRD_WEL_01,Wellness,1,442.8,21.09,UPI
TXN0009916,M001,C02216,2026-01-25 12:47:21,PRD_SNK_02,Snacks,2,298.98,28.48,CARD
TXN0008180,M039,C01307,2026-01-25 13:05:47,PRD_WEL_01,Wellness,1,2361.13,112.43,UPI
TXN0006944,M021,C03146,2026-01-25 13:24:58,PRD_ART_02,Art Supplies,2,175.0,280.49,UPI
TXN0004633,M050,C02636,2026-01-25 15:19:26,PRD_PAS_01,Pastries,2,164.86,15.71,UPI
TXN0006848,M013,C00722,2026-01-25 16:40:01,PRD_BRD_02,Bread,1,341.02,16.24,UPI
TXN0005074,M039,C00767,2026-01-25 18:19:02,PRD_BABY_01,Baby Care,2,799.0,1414.34,UPI
TXN0008405,M013,C02839,2026-01-25 18:24:12,PRD_CAK_02,Cakes,1,450.0,362.0,UPI
TXN0007510,M006,C02088,2026-01-25 18:38:38,PRD_CHG_01,Chargers,1,848.52,40.41,WALLET
TXN0003880,M028,C01582,2026-01-25 18:52:40,PRD_EAR_02,Earphones,1,3465.0,165.0,UPI
TXN0002511,M021,C01143,2026-01-25 19:04:57,PRD_OFF_01,Office Supplies,1,653.36,31.11,UPI
TXN0000888,M024,C02676,2026-01-25 19:15:51,PRD_BEV_02,Beverages,1,2041.27,97.2,CARD
TXN0005046,M036,C03409,2026-01-25 19:31:05,PRD_BEV_01,Beverages,1,442.47,21.07,CARD
TXN0003394,M029,C00089,2026-01-25 19:39:32,PRD_OFF_02,Office Supplies,1,469.25,22.35,UPI
TXN0001207,M026,C02276,2026-01-25 19:55:06,PRD_SNK_01,Snacks,1,360.27,17.16,UPI
TXN0008692,M045,C01920,2026-01-25 19:57:52,PRD_SNK_02,Snacks,1,244.27,11.63,UPI
TXN0003087,M036,C02747,2026-01-25 20:06:16,PRD_BEV_01,Beverages,1,742.19,35.34,UPI
TXN0007127,M027,C02378,2026-01-25 20:09:58,PRD_MOB_02,Mobiles,1,11999.0,7294.52,UPI
TXN0008913,M029,C02158,2026-01-25 20:24:56,PRD_ART_01,Art Supplies,1,715.41,34.07,UPI
TXN0007120,M024,C00064,2026-01-25 20:40:25,PRD_HOU_02,Household,1,1253.45,59.69,UPI
TXN0002985,M047,C01073,2026-01-25 20:48:07,PRD_LAP_01,Laptops,1,2269.26,108.06,WALLET
TXN0003571,M021,C02294,2026-01-25 20:48:15,PRD_OFF_02,Office Supplies,1,586.46,27.93,UPI
TXN0004767,M014,C02040,2026-01-25 20:58:33,PRD_PAS_01,Pastries,1,444.42,21.16,UPI
TXN0004243,M030,C03100,2026-01-25 21:10:36,PRD_ACC_02,Accessories,2,5599.77,533.32,UPI
TXN0000801,M013,C02809,2026-01-25 21:34:05,PRD_CAK_01,Cakes,1,550.0,155.35,CARD
TXN0002519,M045,C03128,2026-01-25 21:51:13,PRD_HOU_02,Household,1,1167.33,55.59,UPI
TXN0006628,M040,C02257,2026-01-25 21:58:21,PRD_COF_01,Coffee,1,380.0,58.89,UPI
TXN0001269,M003,C02236,2026-01-25 22:52:54,PRD_SNK_02,Snacks,2,225.0,141.05,UPI
TXN0009871,M022,C03224,2026-01-26 08:57:41,PRD_KID_01,Kids,1,1408.92,67.09,UPI
TXN0004166,M004,C00713,2026-01-26 09:24:39,PRD_MOB_02,Mobiles,1,12095.45,575.97,UPI
TXN0009426,M046,C01008,2026-01-26 09:33:08,PRD_SNK_01,Snacks,1,2100.0,100.0,UPI
TXN0001898,M001,C01371,2026-01-26 09:33:39,PRD_DAI_02,Dairy,1,144.5,6.88,UPI
TXN0004786,M006,C03367,2026-01-26 09:35:51,PRD_EAR_01,Earphones,1,1299.0,195.71,WALLET
TXN0006777,M028,C03459,2026-01-26 14:05:33,PRD_EAR_02,Earphones,1,3150.0,150.0,UPI
TXN0003985,M027,C02980,2026-01-26 15:09:51,PRD_ACC_01,Accessories,1,9098.83,433.28,CASH
TXN0009715,M049,C00385,2026-01-26 15:18:37,PRD_COF_02,Coffee,1,444.32,21.16,CASH
TXN0004997,M015,C00478,2026-01-26 16:40:09,PRD_SNK_01,Snacks,1,755.79,35.99,UPI
TXN0002523,M041,C01549,2026-01-26 16:58:50,PRD_BEV_02,Beverages,1,173.94,8.28,UPI
TXN0008124,M019,C01539,2026-01-26 17:26:47,PRD_CAS_01,Cases,3,1050.0,150.0,UPI
TXN0008789,M019,C01588,2026-01-26 17:54:33,PRD_EAR_02,Earphones,1,795.09,37.86,WALLET
TXN0002032,M005,C00055,2026-01-26 18:11:14,PRD_LAP_01,Laptops,1,6984.34,332.59,UPI
TXN0002255,M036,C01940,2026-01-26 18:15:17,PRD_DAI_02,Dairy,1,225.36,10.73,UPI
TXN0004089,M005,C01370,2026-01-26 18:16:25,PRD_MOB_01,Mobiles,2,6499.0,9578.97,UPI
TXN0002467,M046,C02348,2026-01-26 18:36:05,PRD_SNK_02,Snacks,1,678.0,32.29,UPI
TXN0005777,M002,C00474,2026-01-26 18:59:27,PRD_BRD_01,Bread,2,165.67,15.77,CASH
TXN0001053,M018,C03286,2026-01-26 19:34:40,PRD_BEV_02,Beverages,1,815.04,38.81,UPI
TXN0004016,M019,C00317,2026-01-26 19:44:21,PRD_CHG_01,Chargers,1,727.71,34.65,UPI
TXN0008240,M029,C02791,2026-01-26 19:48:43,PRD_ART_02,Art Supplies,1,600.4,28.59,UPI
TXN0008974,M029,C01821,2026-01-26 20:14:07,PRD_NOT_01,Notebooks,1,526.9,25.09,UPI
TXN0001834,M044,C02744,2026-01-26 20:16:12,PRD_ACC_02,Accessories,2,699.0,704.47,UPI
TXN0004922,M011,C00728,2026-01-26 20:41:05,PRD_OFF_01,Office Supplies,2,175.0,104.69,UPI
TXN0007626,M044,C02034,2026-01-26 20:42:51,PRD_WOM_02,Women,1,3717.83,177.04,UPI
TXN0002657,M005,C01334,2026-01-26 21:12:15,PRD_ELE_01,Home Electronics,3,2103.22,300.47,CASH
TXN0006892,M018,C03050,2026-01-27 10:36:42,PRD_MEA_02,Meals,1,397.05,18.91,CARD
TXN0007588,M021,C02762,2026-01-27 10:49:22,PRD_ART_01,Art Supplies,1,320.0,237.65,UPI
TXN0000955,M017,C01817,2026-01-27 10:55:06,PRD_WRI_02,Writing,1,382.74,18.23,UPI
TXN0001723,M033,C01779,2026-01-27 11:00:57,PRD_HOU_01,Household,1,1230.11,58.58,UPI
TXN0001477,M006,C00359,2026-01-27 15:09:05,PRD_CAB_02,Cables,2,929.18,88.49,UPI
TXN0006991,M046,C01097,2026-01-27 15:10:07,PRD_BEV_01,Beverages,1,1453.5,69.21,CARD
TXN0003233,M025,C02787,2026-01-27 15:26:07,PRD_CAK_02,Cakes,1,450.0,58.5,CARD
TXN0004555,M045,C01123,2026-01-27 16:25:43,PRD_SNK_01,Snacks,1,1044.52,49.74,UPI
TXN0008004,M031,C02571,2026-01-27 16:29:53,PRD_ELE_02,Home Electronics,1,10231.73,487.23,UPI
TXN0007143,M032,C03258,2026-01-27 16:39:26,PRD_MED_01,Medicine,1,305.94,14.57,UPI
TXN0000321,M036,C01783,2026-01-27 17:37:51,PRD_DAI_02,Dairy,1,450.61,21.46,UPI
TXN0006519,M017,C02932,2026-01-27 17:45:58,PRD_OFF_01,Office Supplies,1,201.02,9.57,UPI
TXN0008983,M022,C00255,2026-01-27 17:50:58,PRD_KID_02,Kids,1,1437.91,68.47,CARD
TXN0000323,M031,C02384,2026-01-27 18:03:19,PRD_MOB_01,Mobiles,1,11829.72,563.32,UPI
TXN0003690,M021,C00295,2026-01-27 18:27:41,PRD_NOT_02,Notebooks,1,260.0,17.17,UPI
TXN0004168,M003,C00689,2026-01-27 18:47:54,PRD_SNK_01,Snacks,1,388.04,18.48,UPI
TXN0001883,M007,C00937,2026-01-27 18:49:09,PRD_BEV_02,Beverages,1,572.81,27.28,UPI
TXN0007799,M029,C00320,2026-01-27 19:18:14,PRD_WRI_01,Writing,3,90.0,76.07,UPI
TXN0007142,M016,C01524,2026-01-27 19:40:36,PRD_CAK_02,Cakes,1,450.0,297.38,UPI
TXN0005304,M047,C02717,2026-01-27 19:56:50,PRD_MOB_01,Mobiles,3,6499.0,13501.24,UPI
TXN0006624,M023,C03334,2026-01-27 19:59:14,PRD_SNK_02,Snacks,1,677.26,32.25,CASH
TXN0007106,M015,C00942,2026-01-27 20:02:56,PRD_PAS_01,Pastries,1,166.31,7.92,CARD
TXN0007733,M012,C00264,2026-01-27 20:04:11,PRD_BEV_02,Beverages,1,2100.0,100.0,CASH
TXN0009066,M024,C03171,2026-01-27 20:28:20,PRD_SNK_01,Snacks,1,317.97,15.14,CASH
TXN0002631,M041,C02677,2026-01-27 20:50:28,PRD_DES_02,Desserts,2,400.77,38.16,UPI
TXN0001420,M024,C02730,2026-01-27 21:40:00,PRD_BEV_01,Beverages,1,533.72,25.42,UPI
TXN0009769,M046,C00345,2026-01-27 21:55:18,PRD_ESS_02,Daily Essentials,1,1076.34,51.25,UPI
TXN0004839,M012,C02142,2026-01-27 22:18:52,PRD_HOU_01,Household,1,814.51,38.79,UPI
TXN0005012,M003,C02814,2026-01-28 08:18:51,PRD_SNK_02,Snacks,1,225.41,10.73,UPI
TXN0004102,M031,C02663,2026-01-28 09:21:44,PRD_ACC_01,Accessories,1,2311.84,110.09,CARD
TXN0002916,M018,C00493,2026-01-28 11:06:14,PRD_SNK_02,Snacks,1,308.44,14.69,UPI
TXN0006335,M036,C03163,2026-01-28 11:40:01,PRD_HOU_01,Household,1,338.52,16.12,UPI
TXN0006161,M029,C00899,2026-01-28 12:51:40,PRD_WRI_02,Writing,1,543.18,25.87,UPI
TXN0002520,M015,C00777,2026-01-28 13:37:57,PRD_SNK_01,Snacks,1,1103.75,52.56,WALLET
TXN0007922,M036,C01335,2026-01-28 14:49:46,PRD_DAI_02,Dairy,1,309.98,14.76,UPI
TXN0006309,M046,C00910,2026-01-28 15:07:33,PRD_BEV_01,Beverages,1,523.2,24.91,UPI
TXN0000216,M006,C00352,2026-01-28 15:33:24,PRD_CAB_02,Cables,1,1544.01,73.52,UPI
TXN0009361,M013,C01371,2026-01-28 16:34:39,PRD_BRD_01,Bread,1,707.91,33.71,UPI
TXN0005145,M026,C00701,2026-01-28 16:43:01,PRD_TEA_02,Tea,1,210.0,55.46,CARD
TXN0002394,M029,C02769,2026-01-28 17:18:43,PRD_OFF_01,Office Supplies,1,175.0,20.98,UPI
TXN0007093,M036,C02067,2026-01-28 17:51:40,PRD_BEV_02,Beverages,1,786.32,37.44,UPI
TXN0007552,M013,C00496,2026-01-28 17:53:13,PRD_BRD_01,Bread,1,161.04,7.67,CARD
TXN0009679,M038,C01574,2026-01-28 17:53:22,PRD_EAR_02,Earphones,1,1205.21,57.39,WALLET
TXN0002904,M031,C02483,2026-01-28 18:26:08,PRD_LAP_01,Laptops,1,8642.17,411.53,WALLET
TXN0009259,M047,C02038,2026-01-28 18:38:30,PRD_MOB_02,Mobiles,3,11999.0,34243.28,CARD
TXN0004108,M038,C00687,2026-01-28 18:44:20,PRD_EAR_01,Earphones,1,1299.0,283.6,UPI
TXN0009436,M035,C02328,2026-01-28 18:50:40,PRD_EAR_02,Earphones,1,1995.33,95.02,UPI
TXN0003064,M007,C00101,2026-01-28 18:52:49,PRD_STA_01,Staples,1,1270.65,60.51,CASH
TXN0002835,M046,C00571,2026-01-28 19:12:13,PRD_SNK_02,Snacks,1,661.35,31.49,UPI
TXN0007421,M015,C02391,2026-01-28 19:20:55,PRD_CAK_01,Cakes,2,550.0,942.92,UPI
TXN0005721,M046,C03362,2026-01-28 19:36:53,PRD_ESS_02,Daily Essentials,1,1560.6,74.31,CARD
TXN0009190,M008,C00523,2026-01-28 19:40:41,PRD_DES_01,Desserts,1,341.14,16.24,UPI
TXN0006233,M048,C01435,2026-01-28 19:56:49,PRD_CAS_02,Cases,4,450.0,1052.29,UPI
TXN0006913,M038,C03417,2026-01-28 21:15:50,PRD_CAB_01,Cables,1,634.32,30.21,UPI
TXN0002963,M023,C01555,2026-01-28 21:22:13,PRD_SNK_02,Snacks,1,514.32,24.49,UPI
TXN0001575,M037,C01278,2026-01-28 21:25:33,PRD_EAR_01,Earphones,1,2294.1,109.24,CASH
TXN0008528,M050,C02511,2026-01-28 21:31:23,PRD_PAS_02,Pastries,1,383.75,18.27,CARD
TXN0007060,M003,C01496,2026-01-28 21:45:45,PRD_SNK_01,Snacks,1,179.66,8.56,UPI
TXN0009164,M019,C00017,2026-01-28 21:55:58,PRD_CAS_02,Cases,1,525.8,25.04,UPI
TXN0006386,M040,C03025,2026-01-28 22:32:25,PRD_DES_01,Desserts,2,220.0,286.37,UPI
TXN0009549,M028,C02847,2026-01-28 22:42:11,PRD_CHG_02,Chargers,2,999.0,980.16,UPI
TXN0001508,M033,C01286,2026-01-29 08:36:41,PRD_DAI_01,Dairy,1,200.1,9.53,UPI
TXN0001060,M008,C02273,2026-01-29 08:40:41,PRD_COF_02,Coffee,1,280.0,139.99,CASH
TXN0005322,M043,C02452,2026-01-29 13:44:58,PRD_CAK_01,Cakes,1,550.0,238.71,UPI
TXN0008398,M049,C02190,2026-01-29 15:14:33,PRD_SNK_02,Snacks,1,283.89,13.52,CARD
TXN0002101,M013,C03465,2026-01-29 16:09:19,PRD_PAS_01,Pastries,1,275.59,13.12,CASH
TXN0001761,M016,C02155,2026-01-29 16:26:40,PRD_PAS_02,Pastries,1,648.24,30.87,UPI
TXN0001302,M004,C02039,2026-01-29 16:40:37,PRD_LAP_01,Laptops,1,8852.64,421.55,CARD
TXN0008642,M041,C02335,2026-01-29 17:15:36,PRD_MEA_02,Meals,1,322.59,15.36,UPI
TXN0002624,M026,C01190,2026-01-29 18:01:38,PRD_TEA_01,Tea,1,641.98,30.57,UPI
TXN0008287,M026,C03253,2026-01-29 18:11:37,PRD_TEA_02,Tea,1,827.16,39.39,CARD
TXN0008771,M006,C02788,2026-01-29 18:15:40,PRD_CAS_01,Cases,1,1450.63,69.08,UPI
TXN0002984,M009,C00179,2026-01-29 18:38:29,PRD_MED_02,Medicine,2,240.0,94.21,UPI
TXN0002201,M050,C01805,2026-01-29 18:40:00,PRD_SNK_01,Snacks,1,239.94,11.43,CASH
TXN0001712,M001,C00113,2026-01-29 18:47:32,PRD_HOU_02,Household,2,544.49,51.85,UPI
TXN0002532,M019,C02093,2026-01-29 18:53:09,PRD_CHG_01,Chargers,1,2029.85,96.66,UPI
TXN0000238,M006,C02741,2026-01-29 19:20:50,PRD_CHG_02,Chargers,2,999.0,912.37,UPI
TXN0008385,M044,C00939,2026-01-29 20:16:07,PRD_MEN_01,Men,1,5250.0,250.0,WALLET
TXN0008355,M042,C00591,2026-01-29 20:34:12,PRD_BRD_02,Bread,1,200.27,9.54,UPI
TXN0007288,M005,C00751,2026-01-29 20:39:21,PRD_ACC_01,Accessories,2,2489.19,237.07,CARD
TXN0002093,M047,C02362,2026-01-29 20:46:28,PRD_MOB_02,Mobiles,1,11999.0,6650.94,CARD
TXN0000872,M033,C00821,2026-01-29 22:22:34,PRD_HOU_01,Household,1,1210.15,57.63,UPI
TXN0005967,M006,C03452,2026-01-29 22:36:14,PRD_CHG_02,Chargers,1,999.0,361.38,UPI
TXN0000062,M018,C02038,2026-01-30 09:08:06,PRD_DES_01,Desserts,1,227.65,10.84,CARD
TXN0008328,M007,C02217,2026-01-30 09:14:28,PRD_SNK_02,Snacks,1,1419.69,67.6,UPI
TXN0006463,M049,C01393,2026-01-30 10:12:35,PRD_DES_01,Desserts,1,293.65,13.98,UPI
TXN0006345,M045,C01344,2026-01-30 11:56:38,PRD_STA_02,Staples,2,945.0,90.0,UPI
TXN0004193,M040,C01971,2026-01-30 13:31:28,PRD_DES_01,Desserts,1,840.0,40.0,UPI
TXN0007916,M008,C00483,2026-01-30 15:01:24,PRD_COF_02,Coffee,1,280.0,121.68,UPI
TXN0004643,M029,C03095,2026-01-30 16:52:50,PRD_NOT_01,Notebooks,1,945.0,45.0,UPI
TXN0003346,M021,C00588,2026-01-30 17:02:32,PRD_NOT_02,Notebooks,2,260.0,420.17,UPI
TXN0008135,M029,C01220,2026-01-30 17:04:01,PRD_WRI_01,Writing,1,436.25,20.77,CASH
TXN0008973,M019,C01158,2026-01-30 17:08:23,PRD_CAS_02,Cases,1,546.07,26.0,UPI
TXN0008011,M020,C01149,2026-01-30 17:25:05,PRD_ELE_01,Home Electronics,1,3785.79,180.28,UPI
TXN0001768,M029,C03159,2026-01-30 17:30:56,PRD_NOT_02,Notebooks,1,319.68,15.22,UPI
TXN0004330,M028,C03155,2026-01-30 18:02:44,PRD_CHG_01,Chargers,1,699.0,62.12,UPI
TXN0003819,M031,C02952,2026-01-30 18:23:18,PRD_ACC_02,Accessories,1,15750.0,750.0,UPI
TXN0001671,M015,C02824,2026-01-30 18:31:45,PRD_BRD_01,Bread,1,157.97,7.52,UPI
TXN0003535,M003,C01931,2026-01-30 18:40:05,PRD_DES_02,Desserts,1,180.0,109.2,UPI
TXN0006278,M001,C00177,2026-01-30 18:44:48,PRD_STA_01,Staples,1,540.0,121.71,UPI
TXN0009846,M037,C02593,2026-01-30 18:58:01,PRD_CHG_02,Chargers,1,999.0,529.56,UPI
TXN0004874,M017,C00179,2026-01-30 19:17:54,PRD_NOT_01,Notebooks,1,272.95,13.0,CASH
TXN0004303,M006,C00372,2026-01-30 19:26:29,PRD_CHG_02,Chargers,1,1043.09,49.67,UPI
TXN0005250,M033,C02930,2026-01-30 19:56:52,PRD_BEV_01,Beverages,1,529.29,25.2,UPI
TXN0006784,M050,C02336,2026-01-30 19:58:27,PRD_CAK_02,Cakes,1,450.0,96.32,UPI
TXN0003555,M003,C03340,2026-01-30 19:59:40,PRD_SNK_01,Snacks,1,276.57,13.17,UPI
TXN0008007,M046,C02591,2026-01-30 20:00:29,PRD_SNK_02,Snacks,1,331.2,15.77,CASH
TXN0003047,M035,C01082,2026-01-30 20:05:35,PRD_CHG_01,Chargers,1,1203.77,57.32,UPI
TXN0003831,M030,C00548,2026-01-30 20:15:54,PRD_ACC_02,Accessories,1,11415.98,543.62,UPI
TXN0000058,M027,C02610,2026-01-30 20:17:18,PRD_LAP_01,Laptops,1,5312.25,252.96,UPI
TXN0001157,M020,C02469,2026-01-30 20:20:31,PRD_ACC_02,Accessories,1,10400.84,495.28,UPI
TXN0002402,M046,C03056,2026-01-30 21:26:54,PRD_ESS_01,Daily Essentials,1,248.28,11.82,UPI
TXN0003048,M036,C02416,2026-01-30 21:40:02,PRD_STA_02,Staples,1,263.55,12.55,CASH
TXN0001715,M038,C03213,2026-01-30 21:41:27,PRD_CHG_01,Chargers,1,699.0,203.68,WALLET
TXN0008612,M028,C02589,2026-01-30 22:10:22,PRD_EAR_02,Earphones,1,1554.06,74.0,UPI
TXN0002055,M049,C02942,2026-01-31 09:22:51,PRD_SNK_01,Snacks,1,362.67,17.27,WALLET
TXN0005305,M031,C02776,2026-01-31 09:47:28,PRD_LAP_02,Laptops,1,6329.04,301.38,UPI
TXN0007404,M018,C02413,2026-01-31 10:37:03,PRD_SNK_01,Snacks,1,473.03,22.53,UPI
TXN0003343,M015,C02507,2026-01-31 11:33:35,PRD_CAK_02,Cakes,1,450.0,189.93,UPI
TXN0004186,M027,C01729,2026-01-31 11:42:04,PRD_ELE_01,Home Electronics,2,1421.23,135.36,UPI
TXN0003990,M039,C02643,2026-01-31 11:44:22,PRD_MED_02,Medicine,1,544.76,25.94,CASH
TXN0008428,M041,C01941,2026-01-31 12:00:57,PRD_SNK_01,Snacks,2,279.34,26.61,UPI
TXN0009051,M050,C02680,2026-01-31 13:24:08,PRD_BRD_02,Bread,1,301.15,14.34,WALLET
TXN0001073,M033,C00246,2026-01-31 15:36:53,PRD_SNK_01,Snacks,1,749.35,35.68,UPI
TXN0003655,M049,C00666,2026-01-31 16:06:37,PRD_SNK_02,Snacks,1,538.8,25.66,UPI
TXN0002945,M022,C00435,2026-01-31 16:19:46,PRD_WOM_01,Women,1,2789.37,132.83,UPI
TXN0008976,M016,C02611,2026-01-31 16:20:32,PRD_CAK_02,Cakes,2,450.0,389.82,UPI
TXN0002651,M017,C01375,2026-01-31 16:25:34,PRD_ART_01,Art Supplies,1,334.12,15.91,UPI
TXN0005391,M050,C00772,2026-01-31 16:38:47,PRD_CAK_02,Cakes,3,450.0,475.14,UPI
TXN0003575,M021,C01753,2026-01-31 17:40:34,PRD_WRI_01,Writing,1,375.35,17.87,UPI
TXN0001365,M025,C03199,2026-01-31 17:53:51,PRD_CAK_02,Cakes,2,450.0,674.4,CARD
TXN0001179,M013,C01956,2026-01-31 17:56:22,PRD_SNK_01,Snacks,2,693.0,66.0,UPI
TXN0002694,M021,C03297,2026-01-31 17:57:41,PRD_NOT_02,Notebooks,1,335.51,15.98,UPI
TXN0007634,M017,C01481,2026-01-31 18:01:41,PRD_ART_01,Art Supplies,1,1039.5,49.5,CARD
TXN0004155,M036,C01391,2026-01-31 18:08:48,PRD_SNK_02,Snacks,1,399.94,19.04,UPI
TXN0009045,M015,C00343,2026-01-31 18:26:31,PRD_BRD_01,Bread,1,658.14,31.34,UPI
TXN0008494,M008,C00967,2026-01-31 18:27:22,PRD_DES_02,Desserts,2,182.9,17.42,CASH
TXN0008721,M031,C01462,2026-01-31 18:45:55,PRD_MOB_01,Mobiles,1,9037.12,430.34,UPI
TXN0003544,M018,C01458,2026-01-31 18:46:08,PRD_SNK_02,Snacks,1,1180.05,56.19,UPI
TXN0000589,M046,C01116,2026-01-31 19:01:56,PRD_BEV_01,Beverages,1,1309.99,62.38,UPI
TXN0005246,M007,C01970,2026-01-31 19:15:08,PRD_HOU_02,Household,1,693.72,33.03,UPI
TXN0006948,M015,C02323,2026-01-31 19:28:30,PRD_BRD_01,Bread,3,297.56,42.51,UPI
TXN0006602,M002,C03009,2026-01-31 20:09:40,PRD_SNK_02,Snacks,1,280.49,13.36,WALLET
TXN0002053,M043,C00702,2026-01-31 20:39:41,PRD_SNK_01,Snacks,1,1635.48,77.88,WALLET
TXN0006529,M027,C01174,2026-01-31 20:42:31,PRD_MOB_02,Mobiles,2,11999.0,22022.01,UPI
TXN0003121,M029,C00842,2026-01-31 20:45:25,PRD_NOT_01,Notebooks,1,160.0,36.19,UPI
TXN0003296,M044,C02161,2026-01-31 21:15:18,PRD_WOM_02,Women,1,1672.49,79.64,CARD
TXN0005966,M003,C01057,2026-01-31 21:19:52,PRD_TEA_01,Tea,1,446.93,21.28,UPI
TXN0008440,M020,C00277,2026-01-31 21:40:14,PRD_ELE_02,Home Electronics,1,2591.56,123.41,CARD
TXN0000127,M045,C02606,2026-02-01 13:41:21,PRD_SNK_01,Snacks,1,303.57,14.46,UPI
TXN0001424,M016,C01937,2026-02-01 15:31:25,PRD_SNK_02,Snacks,2,225.0,86.21,UPI
TXN0007546,M050,C03256,2026-02-01 16:00:08,PRD_BRD_01,Bread,1,1469.16,69.96,UPI
TXN0005849,M050,C00188,2026-02-01 17:02:08,PRD_PAS_02,Pastries,2,306.52,29.19,UPI
TXN0000816,M013,C03392,2026-02-01 17:02:59,PRD_BRD_01,Bread,2,340.55,32.44,UPI
TXN0000744,M005,C01157,2026-02-01 17:05:51,PRD_ELE_02,Home Electronics,2,3092.45,294.52,UPI
TXN0000785,M015,C02261,2026-02-01 17:11:12,PRD_SNK_01,Snacks,1,268.24,12.77,UPI
TXN0005168,M045,C03197,2026-02-01 17:13:49,PRD_BEV_02,Beverages,1,765.7,36.46,CARD
TXN0007997,M029,C03488,2026-02-01 17:40:55,PRD_ART_01,Art Supplies,1,722.2,34.39,UPI
TXN0006016,M009,C00737,2026-02-01 17:45:33,PRD_BABY_02,Baby Care,1,692.37,32.97,UPI
TXN0005228,M034,C03218,2026-02-01 17:54:43,PRD_ART_01,Art Supplies,1,320.0,28.0,WALLET
TXN0002994,M013,C00210,2026-02-01 17:59:16,PRD_PAS_02,Pastries,1,229.1,10.91,WALLET
TXN0009166,M019,C01242,2026-02-01 18:21:14,PRD_EAR_01,Earphones,1,1889.96,90.0,UPI
TXN0009351,M049,C01070,2026-02-01 18:28:16,PRD_COF_02,Coffee,1,1045.18,49.77,UPI
TXN0003808,M026,C00929,2026-02-01 18:32:18,PRD_SNK_01,Snacks,1,499.88,23.8,CASH
TXN0003306,M029,C02452,2026-02-01 19:11:31,PRD_ART_02,Art Supplies,1,370.6,17.65,UPI
TXN0006263,M006,C01699,2026-02-01 19:32:39,PRD_CAS_01,Cases,1,1253.3,59.68,UPI
TXN0004683,M030,C02342,2026-02-01 19:42:56,PRD_LAP_02,Laptops,1,4663.51,222.07,CASH
TXN0001882,M026,C00999,2026-02-01 20:11:44,PRD_SNK_01,Snacks,1,259.69,12.37,UPI
TXN0009726,M013,C00457,2026-02-01 20:21:53,PRD_SNK_02,Snacks,2,225.0,189.72,UPI
TXN0005089,M046,C02893,2026-02-01 21:36:42,PRD_HOU_01,Household,2,1368.23,130.3,UPI
TXN0007927,M038,C03424,2026-02-01 22:03:43,PRD_EAR_02,Earphones,1,2683.71,127.8,UPI
TXN0009921,M024,C01401,2026-02-01 22:39:31,PRD_ESS_01,Daily Essentials,1,532.08,25.34,CARD
TXN0005095,M006,C00620,2026-02-01 22:43:19,PRD_CHG_02,Chargers,1,1996.91,95.09,UPI
TXN0002299,M005,C00565,2026-02-02 08:10:14,PRD_ACC_01,Accessories,1,7325.5,348.83,UPI
TXN0000822,M036,C00267,2026-02-02 08:23:04,PRD_DAI_02,Dairy,1,625.33,29.78,UPI
TXN0000384,M026,C00580,2026-02-02 11:08:49,PRD_TEA_01,Tea,1,890.4,42.4,UPI
TXN0009752,M043,C00483,2026-02-02 11:20:49,PRD_SNK_02,Snacks,2,225.0,165.55,UPI
TXN0000763,M006,C01232,2026-02-02 11:21:10,PRD_CAS_01,Cases,2,336.71,32.07,CARD
TXN0004761,M044,C01585,2026-02-02 11:51:00,PRD_MEN_02,Men,2,1199.0,1707.5,UPI
TXN0003266,M006,C01474,2026-02-02 11:54:47,PRD_CAB_01,Cables,1,774.19,36.87,UPI
TXN0009647,M038,C01371,2026-02-02 13:37:14,PRD_CAB_02,Cables,1,1163.32,55.4,UPI
TXN0007146,M044,C02727,2026-02-02 13:50:00,PRD_MEN_01,Men,4,799.0,1563.98,CASH
TXN0005623,M048,C01192,2026-02-02 14:09:22,PRD_EAR_02,Earphones,1,458.02,21.81,UPI
TXN0006724,M010,C00575,2026-02-02 15:19:22,PRD_BEV_01,Beverages,1,245.02,11.67,CARD
TXN0007527,M011,C03359,2026-02-02 16:26:05,PRD_NOT_02,Notebooks,1,1001.7,47.7,UPI
TXN0009790,M016,C03046,2026-02-02 16:30:49,PRD_BRD_01,Bread,1,177.28,8.44,UPI
TXN0005973,M028,C00578,2026-02-02 17:11:40,PRD_CAS_02,Cases,1,683.19,32.53,UPI
TXN0009369,M030,C00168,2026-02-02 17:12:04,PRD_ACC_01,Accessories,1,1997.46,95.12,UPI
TXN0005937,M019,C03477,2026-02-02 17:28:47,PRD_CAB_02,Cables,1,2601.43,123.88,CARD
TXN0009560,M006,C00225,2026-02-02 17:33:40,PRD_CAS_01,Cases,1,2621.95,124.85,CARD
TXN0006616,M031,C02302,2026-02-02 17:40:39,PRD_ELE_02,Home Electronics,1,4884.88,232.61,CARD
TXN0008572,M007,C00877,2026-02-02 18:01:21,PRD_SNK_01,Snacks,1,966.13,46.01,UPI
TXN0003445,M015,C01221,2026-02-02 18:08:26,PRD_CAK_02,Cakes,1,450.0,234.73,WALLET
TXN0007841,M042,C01929,2026-02-02 18:13:43,PRD_BRD_01,Bread,2,334.15,31.82,UPI
TXN0008469,M023,C03111,2026-02-02 18:28:02,PRD_DES_02,Desserts,1,555.53,26.45,UPI
TXN0006513,M036,C02165,2026-02-02 19:08:00,PRD_BEV_01,Beverages,1,1667.79,79.42,UPI
TXN0005630,M004,C02671,2026-02-02 19:22:09,PRD_LAP_02,Laptops,1,2824.49,134.5,CARD
TXN0009228,M017,C01810,2026-02-02 19:23:50,PRD_NOT_01,Notebooks,1,603.03,28.72,WALLET
TXN0003602,M049,C00891,2026-02-02 19:34:56,PRD_TEA_02,Tea,2,525.34,50.04,UPI
TXN0003793,M029,C02576,2026-02-02 19:38:22,PRD_NOT_01,Notebooks,1,1001.7,47.7,UPI
TXN0007117,M015,C01508,2026-02-02 19:41:27,PRD_CAK_02,Cakes,1,992.52,47.26,UPI
TXN0009738,M003,C01124,2026-02-02 20:22:49,PRD_SNK_01,Snacks,1,696.89,33.19,UPI
TXN0000338,M048,C01535,2026-02-02 20:37:01,PRD_CAB_02,Cables,1,2472.32,117.73,UPI
TXN0000126,M033,C01304,2026-02-02 20:38:46,PRD_STA_01,Staples,4,540.0,1586.31,UPI
TXN0002846,M024,C01495,2026-02-02 20:42:43,PRD_SNK_02,Snacks,1,387.82,18.47,CASH
TXN0002384,M028,C02887,2026-02-02 20:47:05,PRD_CHG_01,Chargers,2,699.0,455.05,UPI
TXN0008031,M049,C02603,2026-02-02 21:38:37,PRD_DES_02,Desserts,2,180.0,124.67,UPI
TXN0007499,M006,C02062,2026-02-03 08:19:22,PRD_CHG_01,Chargers,1,3339.0,159.0,UPI
TXN0008557,M031,C00213,2026-02-03 08:44:40,PRD_ELE_02,Home Electronics,1,7078.19,337.06,UPI
TXN0002237,M003,C02672,2026-02-03 09:16:32,PRD_COF_01,Coffee,1,380.0,117.96,UPI
TXN0008231,M041,C00838,2026-02-03 09:50:39,PRD_MEA_02,Meals,1,1510.88,71.95,UPI
TXN0003321,M017,C02468,2026-02-03 10:37:13,PRD_OFF_01,Office Supplies,1,189.25,9.01,CARD
TXN0001744,M028,C00706,2026-02-03 10:41:35,PRD_CAS_02,Cases,1,450.0,138.09,UPI
TXN0007813,M011,C01376,2026-02-03 10:47:13,PRD_NOT_01,Notebooks,1,362.74,17.27,UPI
TXN0000399,M031,C00034,2026-02-03 12:43:33,PRD_LAP_02,Laptops,1,2146.39,102.21,WALLET
TXN0007290,M034,C00393,2026-02-03 15:24:59,PRD_WRI_01,Writing,1,197.91,9.42,CASH
TXN0003178,M013,C00766,2026-02-03 15:47:14,PRD_PAS_02,Pastries,1,286.14,13.63,UPI
TXN0003579,M035,C01492,2026-02-03 16:37:47,PRD_CHG_01,Chargers,1,3339.0,159.0,CARD
TXN0002323,M019,C02356,2026-02-03 16:50:31,PRD_CAB_02,Cables,3,441.19,63.03,UPI
TXN0004886,M012,C02329,2026-02-03 17:00:47,PRD_BEV_01,Beverages,1,615.05,29.29,UPI
TXN0006705,M038,C03041,2026-02-03 17:03:24,PRD_CHG_02,Chargers,1,999.0,459.0,UPI
TXN0007447,M048,C02389,2026-02-03 17:20:53,PRD_CAS_01,Cases,1,2049.96,97.62,CASH
TXN0009068,M027,C00329,2026-02-03 17:21:17,PRD_MOB_02,Mobiles,1,11999.0,9559.92,WALLET
TXN0003167,M037,C00429,2026-02-03 17:21:48,PRD_CHG_01,Chargers,1,699.0,306.06,WALLET
TXN0005814,M033,C01532,2026-02-03 18:08:59,PRD_DAI_02,Dairy,1,522.94,24.9,UPI
TXN0005550,M027,C00516,2026-02-03 18:09:30,PRD_LAP_01,Laptops,2,9850.05,938.1,UPI
TXN0006712,M003,C01387,2026-02-03 18:18:23,PRD_TEA_02,Tea,2,429.59,40.92,CASH
TXN0004880,M002,C03278,2026-02-03 18:24:24,PRD_SNK_01,Snacks,2,322.89,30.75,UPI
TXN0004907,M044,C02094,2026-02-03 18:25:40,PRD_MEN_02,Men,1,1949.73,92.84,CASH
TXN0005810,M013,C03464,2026-02-03 18:52:10,PRD_BRD_01,Bread,1,286.21,13.63,UPI
TXN0002392,M007,C02235,2026-02-03 18:59:01,PRD_DAI_02,Dairy,1,635.97,30.28,UPI
TXN0006174,M014,C02128,2026-02-03 19:02:43,PRD_BRD_01,Bread,2,448.63,42.72,UPI
TXN0003046,M050,C02856,2026-02-03 19:45:18,PRD_CAK_02,Cakes,1,1335.6,63.6,UPI
TXN0005880,M003,C02926,2026-02-03 19:55:08,PRD_DES_01,Desserts,1,288.37,13.73,UPI
TXN0005625,M049,C03206,2026-02-03 20:51:27,PRD_COF_02,Coffee,1,346.33,16.49,CASH
TXN0005932,M006,C02493,2026-02-03 21:47:13,PRD_CAS_01,Cases,1,249.0,12.8,UPI
TXN0004370,M014,C02610,2026-02-03 22:03:41,PRD_CAK_02,Cakes,1,586.54,27.93,CASH
TXN0000060,M039,C00438,2026-02-03 22:41:13,PRD_BABY_01,Baby Care,1,799.0,176.41,UPI
TXN0003484,M009,C00884,2026-02-03 22:42:06,PRD_BABY_02,Baby Care,1,2118.24,100.87,CARD
TXN0004223,M045,C02790,2026-02-04 09:38:58,PRD_SNK_01,Snacks,1,1351.19,64.34,CASH
TXN0002019,M042,C01645,2026-02-04 10:21:51,PRD_BRD_02,Bread,1,576.59,27.46,UPI
TXN0006138,M003,C00255,2026-02-04 11:19:17,PRD_COF_01,Coffee,2,418.92,39.89,WALLET
TXN0001807,M031,C00968,2026-02-04 11:57:15,PRD_LAP_02,Laptops,1,8279.49,394.26,WALLET
TXN0006106,M046,C01902,2026-02-04 12:39:38,PRD_ESS_01,Daily Essentials,1,256.21,12.2,UPI
TXN0004533,M005,C01225,2026-02-04 13:03:31,PRD_ACC_02,Accessories,2,3904.83,371.88,UPI
TXN0002661,M036,C01159,2026-02-04 15:01:54,PRD_SNK_01,Snacks,1,171.32,8.16,UPI
TXN0007175,M033,C02940,2026-02-04 16:05:43,PRD_STA_02,Staples,1,494.0,23.52,UPI
TXN0005746,M032,C00065,2026-02-04 16:17:41,PRD_PER_01,Personal Care,1,1811.42,86.26,UPI
TXN0007419,M049,C02485,2026-02-04 16:24:50,PRD_TEA_02,Tea,2,210.0,127.56,UPI
TXN0007865,M044,C01067,2026-02-04 16:46:13,PRD_ACC_01,Accessories,1,499.0,168.51,UPI
TXN0002004,M004,C00838,2026-02-04 17:31:50,PRD_MOB_02,Mobiles,1,11999.0,7195.88,UPI
TXN0007518,M016,C01741,2026-02-04 17:50:18,PRD_PAS_01,Pastries,1,426.23,20.3,UPI
TXN0002266,M030,C02480,2026-02-04 18:00:55,PRD_LAP_02,Laptops,1,3242.37,154.4,UPI
TXN0002035,M002,C03312,2026-02-04 18:17:34,PRD_SNK_01,Snacks,1,1335.6,63.6,CARD
TXN0004415,M018,C00394,2026-02-04 18:18:48,PRD_SNK_02,Snacks,1,766.61,36.51,UPI
TXN0000075,M016,C01253,2026-02-04 18:18:49,PRD_BRD_01,Bread,1,453.94,21.62,WALLET
TXN0007355,M046,C02286,2026-02-04 18:21:11,PRD_BEV_02,Beverages,2,303.48,28.9,CASH
TXN0003754,M001,C01642,2026-02-04 18:21:43,PRD_DAI_01,Dairy,1,639.12,30.43,UPI
TXN0000298,M001,C01873,2026-02-04 18:24:54,PRD_DAI_02,Dairy,1,1113.49,53.02,UPI
TXN0002302,M003,C02085,2026-02-04 18:54:25,PRD_SNK_01,Snacks,3,350.22,50.02,UPI
TXN0004674,M044,C02932,2026-02-04 19:06:27,PRD_MEN_02,Men,1,1242.1,59.15,UPI
TXN0002782,M049,C00822,2026-02-04 19:10:11,PRD_DES_01,Desserts,4,220.0,583.8,WALLET
TXN0006202,M044,C01298,2026-02-04 19:28:02,PRD_KID_02,Kids,3,781.15,111.6,UPI
TXN0002130,M049,C02438,2026-02-04 19:53:22,PRD_SNK_01,Snacks,2,169.74,16.17,CARD
TXN0005057,M018,C02800,2026-02-04 20:19:40,PRD_BEV_02,Beverages,1,454.39,21.64,CARD
TXN0007749,M004,C02303,2026-02-04 20:33:03,PRD_ACC_01,Accessories,1,4908.12,233.72,CASH
TXN0005055,M028,C00169,2026-02-04 20:34:20,PRD_CAS_02,Cases,1,979.57,46.65,UPI
TXN0009686,M016,C02129,2026-02-04 21:40:04,PRD_BRD_01,Bread,1,728.81,34.71,UPI
TXN0004299,M011,C01367,2026-02-04 22:18:27,PRD_WRI_02,Writing,1,115.93,5.52,UPI
TXN0003939,M030,C02490,2026-02-04 22:39:23,PRD_MOB_01,Mobiles,1,6499.0,850.87,UPI
TXN0002517,M039,C00133,2026-02-04 22:45:48,PRD_PER_02,Personal Care,2,248.52,23.67,UPI
TXN0000141,M008,C02634,2026-02-05 08:53:41,PRD_COF_01,Coffee,1,768.47,36.59,UPI
TXN0000359,M016,C03345,2026-02-05 12:04:49,PRD_PAS_02,Pastries,1,155.91,7.42,WALLET
TXN0001390,M046,C03021,2026-02-05 12:33:36,PRD_SNK_01,Snacks,1,947.45,45.12,UPI
TXN0005924,M013,C00390,2026-02-05 13:16:13,PRD_SNK_02,Snacks,1,719.4,34.26,WALLET
TXN0008521,M018,C02794,2026-02-05 17:22:24,PRD_DES_01,Desserts,1,220.0,92.8,UPI
TXN0001543,M011,C00128,2026-02-05 19:04:11,PRD_ART_02,Art Supplies,1,935.03,44.53,UPI
TXN0000767,M048,C00689,2026-02-05 19:22:03,PRD_EAR_01,Earphones,2,1299.0,2228.34,WALLET
TXN0004532,M046,C01318,2026-02-05 19:47:35,PRD_HOU_02,Household,1,703.58,33.5,UPI
TXN0006775,M048,C00381,2026-02-05 20:17:48,PRD_CHG_01,Chargers,1,1051.17,50.06,CARD
TXN0009390,M008,C01820,2026-02-05 20:48:39,PRD_SNK_02,Snacks,1,258.65,12.32,UPI
TXN0009211,M043,C00549,2026-02-05 20:50:16,PRD_SNK_01,Snacks,1,231.87,11.04,CASH
TXN0004483,M011,C02507,2026-02-05 21:01:03,PRD_ART_02,Art Supplies,1,377.15,17.96,UPI
TXN0007483,M003,C00279,2026-02-05 21:05:30,PRD_DES_01,Desserts,1,220.0,81.55,CARD
TXN0004241,M006,C02888,2026-02-05 21:27:37,PRD_CAB_02,Cables,1,659.09,31.39,UPI
TXN0005687,M003,C01536,2026-02-05 21:34:36,PRD_TEA_01,Tea,1,790.93,37.66,UPI
TXN0007906,M030,C01202,2026-02-05 22:45:13,PRD_ACC_02,Accessories,1,8812.01,419.62,CASH
TXN0008824,M022,C02408,2026-02-06 08:42:46,PRD_MEN_01,Men,1,5098.92,242.81,UPI
TXN0002159,M036,C02221,2026-02-06 08:56:33,PRD_HOU_02,Household,1,422.01,20.1,UPI
TXN0005407,M044,C00904,2026-02-06 16:09:24,PRD_KID_01,Kids,2,698.29,66.5,UPI
TXN0000233,M041,C02350,2026-02-06 16:21:58,PRD_MEA_02,Meals,1,250.0,87.68,UPI
TXN0000448,M025,C01396,2026-02-06 16:29:37,PRD_BRD_01,Bread,2,236.72,22.55,UPI
TXN0008210,M010,C02596,2026-02-06 16:42:38,PRD_SNK_02,Snacks,1,595.1,28.34,UPI
TXN0004709,M038,C03047,2026-02-06 16:57:39,PRD_CAB_01,Cables,1,1649.52,78.55,UPI
TXN0009534,M047,C02288,2026-02-06 16:57:54,PRD_LAP_02,Laptops,1,16695.0,795.0,CASH
TXN0009047,M035,C02686,2026-02-06 17:33:31,PRD_CAS_01,Cases,1,1076.66,51.27,CARD
TXN0001610,M045,C02595,2026-02-06 17:39:41,PRD_BEV_02,Beverages,4,97.03,18.5,CASH
TXN0003864,M050,C00945,2026-02-06 18:01:29,PRD_BRD_01,Bread,1,369.47,17.59,CARD
TXN0008955,M017,C03404,2026-02-06 18:07:42,PRD_NOT_02,Notebooks,2,260.0,408.76,UPI
TXN0004371,M017,C00013,2026-02-06 18:18:46,PRD_NOT_01,Notebooks,2,160.0,113.95,CARD
TXN0007492,M015,C00520,2026-02-06 18:50:00,PRD_SNK_02,Snacks,1,749.25,35.68,UPI
TXN0008984,M042,C00300,2026-02-06 19:08:45,PRD_CAK_01,Cakes,1,550.0,330.32,UPI
TXN0008325,M041,C02481,2026-02-06 19:14:02,PRD_SNK_02,Snacks,1,646.15,30.77,UPI
TXN0002281,M013,C00803,2026-02-06 19:42:55,PRD_PAS_01,Pastries,1,342.89,16.33,UPI
TXN0002601,M038,C02100,2026-02-06 19:47:42,PRD_CHG_02,Chargers,1,999.0,624.87,UPI
TXN0006053,M018,C00332,2026-02-06 20:42:05,PRD_DES_01,Desserts,1,804.8,38.32,UPI
TXN0002686,M002,C03325,2026-02-06 21:30:10,PRD_PAS_02,Pastries,2,373.02,35.52,UPI
TXN0000170,M044,C02567,2026-02-06 21:30:47,PRD_KID_01,Kids,1,3680.38,175.26,UPI
TXN0000228,M029,C01963,2026-02-06 21:33:46,PRD_NOT_02,Notebooks,1,260.0,125.02,UPI
TXN0003628,M022,C03381,2026-02-06 21:34:19,PRD_MEN_01,Men,1,2010.51,95.74,CARD
TXN0007667,M026,C00377,2026-02-06 21:51:22,PRD_DES_02,Desserts,1,585.15,27.86,UPI
TXN0006883,M003,C02895,2026-02-06 21:53:35,PRD_DES_01,Desserts,2,498.18,47.44,UPI
TXN0002825,M045,C02407,2026-02-06 21:57:33,PRD_BEV_02,Beverages,1,1710.23,81.44,UPI
TXN0009244,M039,C01600,2026-02-06 22:57:50,PRD_WEL_01,Wellness,3,927.5,132.5,WALLET
TXN0004398,M039,C00518,2026-02-07 08:58:09,PRD_WEL_02,Wellness,2,703.79,67.03,UPI
TXN0009865,M017,C03199,2026-02-07 09:50:33,PRD_ART_01,Art Supplies,2,550.94,52.48,UPI
TXN0006272,M041,C02976,2026-02-07 10:11:20,PRD_DES_02,Desserts,1,873.82,41.61,UPI
TXN0002027,M002,C03114,2026-02-07 10:28:42,PRD_SNK_01,Snacks,2,69.24,6.59,UPI
TXN0009704,M023,C01661,2026-02-07 13:14:58,PRD_SNK_02,Snacks,1,468.56,22.31,UPI
TXN0000210,M006,C01588,2026-02-07 15:01:36,PRD_CHG_01,Chargers,1,699.0,182.16,UPI
TXN0007377,M038,C03107,2026-02-07 15:30:26,PRD_CHG_02,Chargers,1,1714.96,81.66,UPI
TXN0006556,M034,C00840,2026-02-07 16:46:08,PRD_NOT_01,Notebooks,1,294.11,14.01,CARD
TXN0009811,M015,C02458,2026-02-07 18:07:53,PRD_CAK_02,Cakes,1,609.13,29.01,UPI
TXN0008191,M029,C00587,2026-02-07 18:13:49,PRD_NOT_01,Notebooks,1,305.19,14.53,UPI
TXN0003308,M050,C02760,2026-02-07 18:16:15,PRD_CAK_02,Cakes,1,1469.16,69.96,CARD
TXN0001986,M027,C00097,2026-02-07 18:16:30,PRD_ELE_01,Home Electronics,2,3907.2,372.12,WALLET
TXN0005500,M001,C00555,2026-02-07 18:26:31,PRD_HOU_02,Household,1,940.74,44.8,CARD
TXN0007227,M007,C01202,2026-02-07 18:44:58,PRD_DAI_01,Dairy,1,746.98,35.57,UPI
TXN0003228,M002,C03387,2026-02-07 18:59:41,PRD_CAK_02,Cakes,1,450.0,82.38,UPI
TXN0000383,M043,C00177,2026-02-07 19:05:15,PRD_BRD_01,Bread,1,1554.06,74.0,CARD
TXN0002334,M014,C03078,2026-02-07 19:15:37,PRD_BRD_02,Bread,1,339.74,16.18,UPI
TXN0004207,M047,C01588,2026-02-07 19:21:19,PRD_ELE_01,Home Electronics,1,11876.56,565.55,CASH
TXN0007661,M049,C02894,2026-02-07 19:24:56,PRD_COF_02,Coffee,1,280.0,64.66,CARD
TXN0002125,M017,C00700,2026-02-07 20:24:26,PRD_WRI_01,Writing,2,132.77,12.64,UPI
TXN0007407,M004,C03028,2026-02-07 20:27:26,PRD_ELE_02,Home Electronics,2,1609.25,153.26,WALLET
TXN0009305,M043,C01172,2026-02-07 20:28:20,PRD_BRD_01,Bread,1,737.92,35.14,UPI
TXN0007738,M006,C02482,2026-02-07 20:39:00,PRD_EAR_02,Earphones,1,1100.44,52.4,UPI
TXN0000028,M006,C01663,2026-02-07 20:47:24,PRD_EAR_01,Earphones,1,1584.09,75.43,CASH
TXN0006187,M044,C00700,2026-02-07 21:06:05,PRD_WOM_02,Women,1,2034.28,96.87,UPI
TXN0001970,M046,C00222,2026-02-07 21:12:19,PRD_HOU_01,Household,2,371.77,35.41,CARD
TXN0003543,M006,C01470,2026-02-07 21:19:41,PRD_CHG_02,Chargers,1,1221.17,58.15,UPI
TXN0003738,M035,C01847,2026-02-07 21:49:52,PRD_CAS_01,Cases,2,412.36,39.27,UPI
TXN0009073,M012,C02581,2026-02-07 21:59:38,PRD_ESS_02,Daily Essentials,1,451.29,21.49,CASH
TXN0001224,M020,C01480,2026-02-07 22:32:38,PRD_LAP_01,Laptops,1,15120.72,720.03,CASH
TXN0007458,M008,C00760,2026-02-07 22:51:22,PRD_DES_02,Desserts,4,180.0,395.44,CARD
TXN0009277,M034,C00433,2026-02-08 08:08:37,PRD_OFF_01,Office Supplies,2,422.9,40.27,UPI
TXN0008044,M010,C02607,2026-02-08 08:24:41,PRD_BEV_02,Beverages,2,753.25,71.74,UPI
TXN0004938,M015,C02671,2026-02-08 08:59:23,PRD_PAS_01,Pastries,3,266.35,38.05,UPI
TXN0008346,M022,C03312,2026-02-08 15:17:15,PRD_MEN_02,Men,1,1199.0,733.16,CARD
TXN0005615,M018,C03375,2026-02-08 16:06:50,PRD_BEV_01,Beverages,1,912.91,43.47,WALLET
TXN0002742,M020,C02132,2026-02-08 16:46:36,PRD_ACC_02,Accessories,1,9434.26,449.25,UPI
TXN0004523,M010,C01421,2026-02-08 16:50:01,PRD_STA_01,Staples,1,540.0,134.75,UPI
TXN0009577,M006,C00801,2026-02-08 16:59:39,PRD_EAR_02,Earphones,1,2202.71,104.89,CASH
TXN0007883,M042,C03377,2026-02-08 17:20:55,PRD_PAS_01,Pastries,2,146.93,14.0,CASH
TXN0002840,M013,C00211,2026-02-08 17:22:49,PRD_PAS_02,Pastries,1,561.88,26.76,UPI
TXN0002177,M039,C02566,2026-02-08 17:50:57,PRD_PER_01,Personal Care,1,895.88,42.66,UPI
TXN0009401,M029,C01347,2026-02-08 18:17:11,PRD_NOT_02,Notebooks,1,260.0,51.94,UPI
TXN0001669,M036,C01460,2026-02-08 18:21:30,PRD_HOU_01,Household,1,381.99,18.19,UPI
TXN0000485,M021,C00737,2026-02-08 18:27:26,PRD_ART_02,Art Supplies,1,1039.5,49.5,UPI
TXN0009256,M024,C00485,2026-02-08 18:34:39,PRD_HOU_01,Household,1,259.6,12.36,UPI
TXN0007570,M013,C02052,2026-02-08 19:01:54,PRD_PAS_02,Pastries,1,175.07,8.34,CASH
TXN0005960,M005,C00568,2026-02-08 19:11:23,PRD_ACC_01,Accessories,1,16188.68,770.89,UPI
TXN0001656,M008,C03077,2026-02-08 19:46:20,PRD_COF_02,Coffee,2,280.0,342.59,UPI
TXN0003110,M008,C01618,2026-02-08 19:50:02,PRD_COF_01,Coffee,1,504.64,24.03,UPI
TXN0001854,M038,C02357,2026-02-08 21:26:37,PRD_CAS_02,Cases,1,2198.96,104.71,UPI
TXN0003896,M011,C03444,2026-02-08 21:42:57,PRD_OFF_01,Office Supplies,1,507.74,24.18,UPI
TXN0001879,M033,C03170,2026-02-08 22:16:31,PRD_BEV_02,Beverages,1,1310.86,62.42,UPI
TXN0002183,M021,C03098,2026-02-08 22:28:11,PRD_OFF_01,Office Supplies,1,438.29,20.87,CARD
TXN0008227,M046,C00612,2026-02-09 12:00:05,PRD_HOU_02,Household,3,320.0,284.83,UPI
TXN0007788,M020,C02196,2026-02-09 12:09:28,PRD_ELE_01,Home Electronics,1,13264.02,631.62,UPI
TXN0002656,M006,C02122,2026-02-09 15:14:19,PRD_CAB_02,Cables,1,887.43,42.26,CARD
TXN0003456,M039,C02160,2026-02-09 15:19:42,PRD_MED_01,Medicine,1,1176.57,56.03,WALLET
TXN0006772,M047,C02627,2026-02-09 15:35:38,PRD_ELE_02,Home Electronics,2,1633.71,155.6,CARD
TXN0009974,M006,C01582,2026-02-09 16:57:44,PRD_CHG_01,Chargers,1,3150.0,150.0,UPI
TXN0008670,M029,C02341,2026-02-09 17:09:38,PRD_WRI_02,Writing,1,206.04,9.81,UPI
TXN0004851,M020,C00369,2026-02-09 17:11:37,PRD_LAP_01,Laptops,2,6025.92,573.9,CASH
TXN0002969,M049,C03020,2026-02-09 17:30:51,PRD_SNK_02,Snacks,1,225.0,17.55,UPI
TXN0000693,M028,C00835,2026-02-09 17:36:01,PRD_CAB_01,Cables,1,2702.24,128.68,UPI
TXN0007577,M028,C00743,2026-02-09 17:45:23,PRD_EAR_02,Earphones,1,349.0,132.05,UPI
TXN0008082,M019,C01241,2026-02-09 18:10:04,PRD_EAR_01,Earphones,1,1299.0,993.94,UPI
TXN0009912,M046,C02670,2026-02-09 18:17:23,PRD_SNK_02,Snacks,3,561.87,80.26,UPI
TXN0005804,M045,C02868,2026-02-09 18:29:09,PRD_SNK_01,Snacks,1,155.31,7.4,CASH
TXN0003480,M047,C00239,2026-02-09 18:30:32,PRD_ELE_02,Home Electronics,1,1858.95,88.52,UPI
TXN0006815,M013,C02270,2026-02-09 18:59:17,PRD_CAK_01,Cakes,1,1003.35,47.78,UPI
TXN0008981,M038,C02070,2026-02-09 18:59:29,PRD_CHG_02,Chargers,1,999.0,180.41,UPI
TXN0003043,M009,C02301,2026-02-09 19:10:25,PRD_PER_01,Personal Care,2,155.0,50.98,CASH
TXN0004382,M020,C02324,2026-02-09 19:13:35,PRD_ACC_02,Accessories,1,3989.93,190.0,UPI
TXN0001557,M042,C03070,2026-02-09 19:24:21,PRD_PAS_01,Pastries,2,118.0,11.23,CARD
TXN0001719,M047,C02515,2026-02-09 19:35:45,PRD_LAP_02,Laptops,1,4298.95,204.71,UPI
TXN0006499,M021,C00468,2026-02-09 21:48:13,PRD_WRI_01,Writing,1,945.0,45.0,UPI
TXN0000752,M019,C01815,2026-02-09 21:59:06,PRD_CHG_02,Chargers,1,1089.22,51.87,UPI
TXN0007163,M006,C02092,2026-02-10 09:33:08,PRD_EAR_01,Earphones,2,1299.0,2221.93,UPI
TXN0000408,M019,C01492,2026-02-10 11:08:11,PRD_CAS_02,Cases,1,1463.23,69.68,UPI
TXN0008370,M031,C00580,2026-02-10 11:09:27,PRD_ELE_01,Home Electronics,1,3892.23,185.34,UPI
TXN0007802,M009,C00907,2026-02-10 11:26:01,PRD_BABY_02,Baby Care,1,796.23,37.92,WALLET
TXN0005382,M008,C01943,2026-02-10 13:03:44,PRD_SNK_01,Snacks,1,236.8,11.28,CASH
TXN0007226,M002,C02593,2026-02-10 13:30:01,PRD_BRD_02,Bread,1,422.31,20.11,UPI
TXN0003635,M008,C00423,2026-02-10 15:29:44,PRD_COF_01,Coffee,1,380.0,140.75,UPI
TXN0003263,M048,C01012,2026-02-10 16:03:27,PRD_CAB_02,Cables,2,1017.78,96.93,CARD
TXN0000505,M042,C03073,2026-02-10 16:10:18,PRD_CAK_01,Cakes,1,610.22,29.06,CASH
TXN0008359,M029,C03281,2026-02-10 16:31:28,PRD_OFF_02,Office Supplies,1,310.0,129.52,UPI
TXN0003125,M024,C03190,2026-02-10 16:40:29,PRD_ESS_01,Daily Essentials,1,1298.07,61.81,CASH
TXN0009662,M010,C01668,2026-02-10 17:31:28,PRD_BEV_02,Beverages,1,577.15,27.48,UPI
TXN0003009,M002,C03048,2026-02-10 17:48:43,PRD_SNK_01,Snacks,1,84.0,4.0,UPI
TXN0001598,M036,C02289,2026-02-10 17:57:02,PRD_SNK_02,Snacks,1,1246.92,59.38,UPI
TXN0006656,M018,C01448,2026-02-10 18:10:17,PRD_SNK_01,Snacks,1,457.2,21.77,WALLET
TXN0005690,M027,C02817,2026-02-10 18:11:09,PRD_ACC_02,Accessories,1,7046.59,335.55,UPI
TXN0008903,M043,C00151,2026-02-10 18:23:09,PRD_CAK_01,Cakes,2,550.0,467.8,UPI
TXN0006912,M005,C02120,2026-02-10 18:54:09,PRD_MOB_02,Mobiles,1,15750.0,750.0,UPI
TXN0007369,M005,C00428,2026-02-10 19:16:59,PRD_LAP_01,Laptops,1,6011.24,286.25,UPI
TXN0003449,M022,C00473,2026-02-10 19:40:06,PRD_WOM_02,Women,2,1499.0,370.68,UPI
TXN0002192,M008,C01555,2026-02-10 19:42:00,PRD_COF_01,Coffee,2,380.0,439.82,UPI
TXN0000957,M046,C02541,2026-02-10 19:53:29,PRD_SNK_02,Snacks,1,893.3,42.54,CARD
TXN0007302,M050,C00874,2026-02-10 20:16:13,PRD_SNK_01,Snacks,1,671.98,32.0,CARD
TXN0001341,M035,C02279,2026-02-10 20:35:52,PRD_CAB_02,Cables,1,806.6,38.41,UPI
TXN0006774,M031,C00578,2026-02-10 21:09:53,PRD_MOB_01,Mobiles,1,6996.38,333.16,CARD
TXN0001848,M038,C03040,2026-02-10 21:35:40,PRD_CAS_02,Cases,1,2817.16,134.15,UPI
TXN0002566,M048,C00369,2026-02-11 08:34:47,PRD_CHG_01,Chargers,1,1506.66,71.75,UPI
TXN0002193,M039,C00522,2026-02-11 15:17:16,PRD_MED_02,Medicine,1,394.72,18.8,UPI
TXN0008330,M009,C03019,2026-02-11 15:30:07,PRD_MED_01,Medicine,1,2625.0,125.0,WALLET
TXN0002549,M024,C00219,2026-02-11 16:52:30,PRD_ESS_02,Daily Essentials,1,881.12,41.96,UPI
TXN0009558,M049,C01332,2026-02-11 17:19:25,PRD_DES_01,Desserts,1,613.35,29.21,UPI
TXN0000660,M050,C03376,2026-02-11 18:00:25,PRD_PAS_02,Pastries,1,586.99,27.95,CASH
TXN0004701,M019,C02380,2026-02-11 18:12:35,PRD_CHG_01,Chargers,1,3150.0,150.0,WALLET
TXN0005412,M015,C02068,2026-02-11 18:53:43,PRD_PAS_02,Pastries,2,509.96,48.57,UPI
TXN0001519,M010,C03408,2026-02-11 19:12:04,PRD_BEV_01,Beverages,1,542.64,25.84,UPI
TXN0007677,M042,C01018,2026-02-11 19:23:58,PRD_CAK_02,Cakes,1,459.21,21.87,UPI
TXN0000964,M025,C01873,2026-02-11 19:44:43,PRD_SNK_01,Snacks,1,365.04,17.38,UPI
TXN0007426,M046,C00564,2026-02-11 20:07:04,PRD_BEV_02,Beverages,1,548.93,26.14,UPI
TXN0007829,M003,C00180,2026-02-11 21:20:53,PRD_DES_01,Desserts,1,541.39,25.78,CASH
TXN0004331,M017,C02128,2026-02-11 21:29:24,PRD_WRI_02,Writing,1,745.22,35.49,WALLET
TXN0008628,M040,C01155,2026-02-11 21:59:44,PRD_TEA_01,Tea,1,543.41,25.88,CASH
TXN0006025,M038,C00808,2026-02-12 08:37:29,PRD_CAB_02,Cables,1,1179.85,56.18,UPI
TXN0007441,M046,C01681,2026-02-12 09:05:33,PRD_ESS_01,Daily Essentials,1,2100.0,100.0,CASH
TXN0000453,M030,C03459,2026-02-12 09:48:41,PRD_MOB_02,Mobiles,1,11999.0,9275.16,UPI
TXN0000076,M040,C00037,2026-02-12 11:51:54,PRD_SNK_01,Snacks,1,318.54,15.17,UPI
TXN0004546,M007,C00106,2026-02-12 12:25:55,PRD_HOU_02,Household,3,360.31,51.47,UPI
TXN0003741,M016,C03488,2026-02-12 12:46:47,PRD_CAK_01,Cakes,1,961.44,45.78,UPI
TXN0007918,M044,C00609,2026-02-12 15:53:22,PRD_MEN_02,Men,1,2178.91,103.76,UPI
TXN0006878,M031,C01781,2026-02-12 16:05:31,PRD_MOB_01,Mobiles,1,12627.55,601.31,UPI
TXN0003292,M031,C00194,2026-02-12 16:30:09,PRD_ACC_02,Accessories,1,6264.98,298.33,UPI
TXN0001628,M046,C01870,2026-02-12 16:49:37,PRD_BEV_01,Beverages,1,712.15,33.91,UPI
TXN0009407,M033,C00515,2026-02-12 17:10:36,PRD_STA_02,Staples,1,309.11,14.72,UPI
TXN0005665,M024,C03227,2026-02-12 17:35:42,PRD_SNK_01,Snacks,1,615.99,29.33,UPI
TXN0003502,M046,C00770,2026-02-12 17:45:00,PRD_SNK_02,Snacks,1,2100.0,100.0,CARD
TXN0007866,M029,C01814,2026-02-12 18:09:13,PRD_ART_01,Art Supplies,1,320.0,161.26,UPI
TXN0003749,M006,C01857,2026-02-12 18:11:33,PRD_CHG_02,Chargers,1,2419.98,115.24,UPI
TXN0005987,M018,C00218,2026-02-12 18:12:11,PRD_SNK_01,Snacks,1,1174.61,55.93,UPI
TXN0006895,M029,C02253,2026-02-12 18:33:53,PRD_NOT_02,Notebooks,1,260.0,129.5,UPI
TXN0003641,M040,C01538,2026-02-12 18:43:32,PRD_COF_01,Coffee,2,380.0,634.07,UPI
TXN0006140,M023,C03433,2026-02-12 18:52:43,PRD_SNK_02,Snacks,1,1858.5,88.5,UPI
TXN0004854,M042,C00655,2026-02-12 19:18:00,PRD_PAS_01,Pastries,1,442.06,21.05,UPI
TXN0008477,M003,C01722,2026-02-12 19:24:53,PRD_COF_02,Coffee,1,970.88,46.23,UPI
TXN0009245,M039,C01045,2026-02-12 19:34:05,PRD_MED_01,Medicine,1,558.97,26.62,CASH
TXN0004362,M040,C02184,2026-02-12 19:37:59,PRD_DES_02,Desserts,1,283.41,13.5,UPI
TXN0007225,M006,C00796,2026-02-12 19:46:43,PRD_CHG_01,Chargers,1,1373.82,65.42,UPI
TXN0002186,M050,C02431,2026-02-12 19:49:01,PRD_BRD_02,Bread,1,435.07,20.72,UPI
TXN0009121,M030,C00805,2026-02-12 19:55:24,PRD_ACC_01,Accessories,1,14900.84,709.56,UPI
TXN0001938,M026,C02663,2026-02-12 20:19:06,PRD_COF_02,Coffee,1,280.0,25.09,UPI
TXN0000268,M030,C01929,2026-02-12 20:41:29,PRD_ELE_01,Home Electronics,2,1557.22,148.31,CASH
TXN0007281,M001,C01270,2026-02-12 20:57:43,PRD_STA_02,Staples,1,1333.08,63.48,CARD
TXN0004542,M042,C01912,2026-02-12 21:04:49,PRD_SNK_01,Snacks,4,45.0,10.48,UPI
TXN0003877,M017,C01222,2026-02-12 22:13:55,PRD_OFF_02,Office Supplies,1,310.0,247.26,UPI
TXN0004816,M044,C01106,2026-02-12 22:42:19,PRD_MEN_01,Men,2,1959.34,186.61,UPI
TXN0000119,M028,C03109,2026-02-12 22:52:28,PRD_CHG_02,Chargers,2,999.0,1567.67,UPI
TXN0000982,M006,C00460,2026-02-13 13:59:50,PRD_CHG_01,Chargers,1,952.16,45.34,UPI
TXN0004703,M020,C02010,2026-02-13 14:20:12,PRD_ACC_02,Accessories,2,1932.83,184.07,UPI
TXN0009272,M029,C02642,2026-02-13 15:04:11,PRD_ART_01,Art Supplies,2,472.5,45.0,UPI
TXN0001857,M018,C00760,2026-02-13 15:20:12,PRD_SNK_02,Snacks,1,853.88,40.66,UPI
TXN0007485,M046,C00391,2026-02-13 15:28:41,PRD_BEV_01,Beverages,1,447.36,21.3,UPI
TXN0005742,M043,C01724,2026-02-13 15:38:15,PRD_CAK_02,Cakes,1,665.32,31.68,UPI
TXN0006225,M036,C00837,2026-02-13 15:45:04,PRD_STA_01,Staples,2,540.0,204.52,UPI
TXN0009397,M032,C03066,2026-02-13 16:18:12,PRD_MED_02,Medicine,1,1311.71,62.46,UPI
TXN0003031,M016,C03350,2026-02-13 16:28:29,PRD_CAK_01,Cakes,2,550.0,762.35,UPI
TXN0007784,M026,C03403,2026-02-13 16:39:22,PRD_SNK_02,Snacks,1,840.0,40.0,UPI
TXN0007286,M039,C02139,2026-02-13 17:09:30,PRD_MED_01,Medicine,3,359.16,51.32,CARD
TXN0007853,M049,C00031,2026-02-13 17:13:26,PRD_SNK_02,Snacks,1,225.0,58.44,CASH
TXN0006480,M038,C01135,2026-02-13 17:53:02,PRD_EAR_01,Earphones,1,1299.0,617.32,UPI
TXN0004745,M032,C03336,2026-02-13 18:24:57,PRD_PER_02,Personal Care,1,1050.46,50.02,UPI
TXN0008568,M001,C02994,2026-02-13 18:27:07,PRD_DAI_01,Dairy,2,945.0,90.0,UPI
TXN0001230,M045,C01208,2026-02-13 19:00:36,PRD_DAI_02,Dairy,2,172.02,16.38,UPI
TXN0001528,M013,C03075,2026-02-13 20:06:50,PRD_SNK_01,Snacks,1,497.06,23.67,UPI
TXN0007722,M026,C01082,2026-02-13 20:30:56,PRD_SNK_02,Snacks,1,289.46,13.78,UPI
TXN0007798,M042,C02172,2026-02-13 20:35:27,PRD_SNK_01,Snacks,1,940.94,44.81,UPI
TXN0001812,M025,C03029,2026-02-13 20:35:38,PRD_CAK_02,Cakes,3,450.0,984.7,UPI
TXN0003214,M015,C03211,2026-02-13 20:42:02,PRD_CAK_01,Cakes,1,550.0,301.68,UPI
TXN0007087,M040,C02931,2026-02-13 20:46:45,PRD_DES_02,Desserts,1,475.38,22.64,UPI
TXN0005831,M033,C02543,2026-02-13 21:11:13,PRD_DAI_01,Dairy,1,460.52,21.93,UPI
TXN0003643,M017,C03328,2026-02-13 21:48:50,PRD_OFF_02,Office Supplies,1,310.0,118.85,UPI
TXN0005950,M042,C00229,2026-02-14 10:55:42,PRD_BRD_01,Bread,1,1072.07,51.05,UPI
TXN0005268,M050,C02319,2026-02-14 12:34:52,PRD_BRD_02,Bread,1,205.86,9.8,UPI
TXN0009396,M046,C02222,2026-02-14 12:49:02,PRD_HOU_01,Household,2,1155.0,110.0,UPI
TXN0004393,M015,C00177,2026-02-14 13:31:45,PRD_CAK_02,Cakes,1,480.0,22.86,WALLET
TXN0003851,M010,C00651,2026-02-14 14:04:54,PRD_DAI_01,Dairy,1,795.66,37.89,UPI
TXN0001603,M045,C02236,2026-02-14 14:28:30,PRD_STA_02,Staples,1,2079.0,99.0,UPI
TXN0005207,M038,C01917,2026-02-14 15:08:01,PRD_CHG_01,Chargers,1,735.16,35.01,WALLET
TXN0007878,M014,C00321,2026-02-14 16:11:07,PRD_CAK_02,Cakes,2,450.0,240.58,UPI
TXN0009784,M016,C02014,2026-02-14 16:14:45,PRD_BRD_01,Bread,1,375.69,17.89,UPI
TXN0003467,M016,C02939,2026-02-14 16:27:55,PRD_SNK_02,Snacks,1,693.74,33.04,CASH
TXN0007740,M038,C00631,2026-02-14 17:07:18,PRD_CHG_01,Chargers,1,2211.27,105.3,UPI
TXN0003103,M009,C03024,2026-02-14 17:09:44,PRD_WEL_02,Wellness,1,1318.45,62.78,UPI
TXN0000033,M034,C01282,2026-02-14 17:20:10,PRD_OFF_01,Office Supplies,1,175.0,60.45,UPI
TXN0004987,M031,C00043,2026-02-14 17:37:10,PRD_ELE_02,Home Electronics,1,4784.82,227.85,UPI
TXN0003846,M048,C00261,2026-02-14 17:42:03,PRD_CAB_01,Cables,1,736.01,35.05,WALLET
TXN0000939,M032,C03340,2026-02-14 17:59:08,PRD_WEL_02,Wellness,1,796.16,37.91,WALLET
TXN0007571,M030,C02811,2026-02-14 18:05:22,PRD_ACC_01,Accessories,1,4036.89,192.23,UPI
TXN0007942,M006,C00217,2026-02-14 18:09:38,PRD_CAB_02,Cables,1,402.96,19.19,UPI
TXN0002589,M006,C01914,2026-02-14 18:42:31,PRD_CHG_01,Chargers,2,1192.07,113.53,UPI
TXN0007058,M036,C00191,2026-02-14 19:00:15,PRD_HOU_02,Household,1,848.52,40.41,WALLET
TXN0004138,M014,C00428,2026-02-14 19:11:29,PRD_SNK_01,Snacks,4,49.25,9.39,WALLET
TXN0000634,M003,C01713,2026-02-14 19:12:19,PRD_TEA_02,Tea,1,796.02,37.91,CARD
TXN0005160,M010,C01945,2026-02-14 19:19:14,PRD_HOU_01,Household,1,866.58,41.27,UPI
TXN0002715,M002,C02404,2026-02-14 19:56:10,PRD_SNK_02,Snacks,1,671.88,31.99,UPI
TXN0007935,M046,C01288,2026-02-14 20:06:38,PRD_HOU_01,Household,1,299.96,14.28,UPI
TXN0003984,M046,C01757,2026-02-14 20:15:13,PRD_SNK_02,Snacks,1,902.4,42.97,UPI
TXN0004522,M046,C00941,2026-02-14 21:07:45,PRD_SNK_01,Snacks,1,1159.94,55.24,UPI
TXN0002701,M038,C01523,2026-02-14 21:27:29,PRD_EAR_02,Earphones,1,902.13,42.96,UPI
TXN0003025,M008,C03478,2026-02-14 21:34:41,PRD_COF_01,Coffee,1,380.0,40.98,UPI
TXN0002944,M038,C02024,2026-02-14 21:40:21,PRD_CAS_02,Cases,1,2789.15,132.82,CARD
TXN0008785,M012,C00636,2026-02-14 21:41:37,PRD_HOU_01,Household,2,528.95,50.38,UPI
TXN0004110,M003,C03375,2026-02-14 22:24:17,PRD_DES_02,Desserts,3,180.0,199.56,CASH
TXN0006422,M002,C00850,2026-02-14 22:30:37,PRD_CAK_01,Cakes,1,550.0,53.6,UPI
TXN0005996,M003,C00567,2026-02-15 08:07:58,PRD_DES_02,Desserts,2,384.75,36.65,WALLET
TXN0000684,M026,C02278,2026-02-15 09:58:35,PRD_TEA_01,Tea,1,240.0,101.25,CARD
TXN0007968,M013,C01197,2026-02-15 10:00:02,PRD_BRD_02,Bread,1,1386.0,66.0,CASH
TXN0007909,M016,C01104,2026-02-15 13:31:05,PRD_CAK_01,Cakes,1,1350.58,64.31,UPI
TXN0009917,M026,C00879,2026-02-15 16:30:19,PRD_COF_02,Coffee,1,924.0,44.0,UPI
TXN0003548,M015,C02730,2026-02-15 16:45:36,PRD_SNK_01,Snacks,1,171.42,8.16,UPI
TXN0007871,M017,C03235,2026-02-15 17:44:59,PRD_OFF_02,Office Supplies,3,310.0,824.12,UPI
TXN0002918,M039,C01996,2026-02-15 18:02:19,PRD_WEL_01,Wellness,1,1344.74,64.04,UPI
TXN0000010,M030,C02510,2026-02-15 18:43:58,PRD_ELE_02,Home Electronics,2,1524.34,145.17,UPI
TXN0006229,M021,C02531,2026-02-15 19:15:58,PRD_OFF_01,Office Supplies,2,175.0,102.27,CARD
TXN0001652,M036,C02733,2026-02-15 19:26:45,PRD_BEV_02,Beverages,1,543.39,25.88,UPI
TXN0009596,M038,C01427,2026-02-15 19:33:08,PRD_CHG_01,Chargers,1,1194.77,56.89,UPI
TXN0004032,M046,C01548,2026-02-15 19:48:10,PRD_HOU_02,Household,2,320.0,221.22,UPI
TXN0006075,M050,C02550,2026-02-15 19:56:26,PRD_SNK_01,Snacks,3,335.28,47.91,UPI
TXN0007219,M003,C01135,2026-02-15 20:12:31,PRD_DES_02,Desserts,1,284.91,13.57,UPI
TXN0003621,M036,C01645,2026-02-15 21:19:45,PRD_BEV_01,Beverages,1,518.11,24.67,UPI
TXN0005858,M043,C00014,2026-02-15 21:41:26,PRD_PAS_02,Pastries,1,205.7,9.8,UPI
TXN0004887,M028,C03255,2026-02-15 21:48:14,PRD_CAB_01,Cables,1,299.0,111.46,CARD
TXN0002851,M042,C01869,2026-02-15 21:55:37,PRD_CAK_02,Cakes,1,518.36,24.68,UPI
TXN0006195,M031,C00356,2026-02-15 22:04:03,PRD_ACC_01,Accessories,1,9241.94,440.09,UPI
TXN0005501,M031,C02181,2026-02-16 08:12:26,PRD_MOB_02,Mobiles,1,11999.0,6299.44,UPI
TXN0004169,M030,C02136,2026-02-16 09:21:34,PRD_ACC_01,Accessories,1,3332.4,158.69,CARD
TXN0007178,M045,C00641,2026-02-16 12:30:46,PRD_DAI_02,Dairy,1,779.54,37.12,CASH
TXN0007443,M032,C00997,2026-02-16 15:26:08,PRD_WEL_01,Wellness,1,375.0,73.88,UPI
TXN0006592,M038,C03080,2026-02-16 15:52:30,PRD_EAR_02,Earphones,1,1637.16,77.96,WALLET
TXN0001972,M002,C02855,2026-02-16 16:15:38,PRD_CAK_01,Cakes,1,550.0,406.53,UPI
TXN0003078,M046,C01305,2026-02-16 16:39:11,PRD_SNK_02,Snacks,1,2100.0,100.0,CASH
TXN0008438,M045,C02506,2026-02-16 17:16:24,PRD_BEV_01,Beverages,1,1439.78,68.56,CARD
TXN0008397,M018,C02044,2026-02-16 18:14:25,PRD_SNK_02,Snacks,1,1575.0,75.0,UPI
TXN0004279,M014,C00409,2026-02-16 18:18:37,PRD_SNK_01,Snacks,1,174.21,8.3,UPI
TXN0001275,M019,C00208,2026-02-16 18:49:39,PRD_CHG_02,Chargers,1,999.0,295.43,CARD
TXN0009803,M002,C02851,2026-02-16 18:51:51,PRD_PAS_01,Pastries,1,436.02,20.76,UPI
TXN0000412,M027,C01111,2026-02-16 18:54:10,PRD_LAP_02,Laptops,1,3455.8,164.56,UPI
TXN0006888,M001,C00688,2026-02-16 19:03:27,PRD_DAI_01,Dairy,1,138.68,6.6,UPI
TXN0001249,M042,C00812,2026-02-16 19:11:55,PRD_BRD_02,Bread,1,445.0,21.19,UPI
TXN0009537,M039,C02653,2026-02-16 19:13:25,PRD_PER_01,Personal Care,2,520.3,49.55,CARD
TXN0004040,M033,C02626,2026-02-16 19:56:29,PRD_BEV_02,Beverages,1,1577.78,75.13,CASH
TXN0009431,M001,C03147,2026-02-16 20:36:31,PRD_SNK_01,Snacks,1,959.64,45.7,WALLET
TXN0001890,M020,C01662,2026-02-16 20:49:16,PRD_LAP_02,Laptops,1,6822.12,324.86,CARD
TXN0003944,M046,C00959,2026-02-16 21:37:02,PRD_BEV_01,Beverages,1,737.9,35.14,CASH
TXN0005752,M031,C00148,2026-02-16 21:40:19,PRD_MOB_02,Mobiles,1,11999.0,2965.52,UPI
TXN0001189,M001,C00410,2026-02-16 22:37:06,PRD_DAI_01,Dairy,1,369.99,17.62,WALLET
TXN0001226,M041,C02352,2026-02-17 08:28:52,PRD_MEA_02,Meals,1,1575.0,75.0,UPI
TXN0008442,M046,C02149,2026-02-17 08:42:12,PRD_SNK_01,Snacks,1,372.55,17.74,UPI
TXN0004122,M044,C03153,2026-02-17 08:51:25,PRD_WOM_02,Women,1,5073.27,241.58,UPI
TXN0003747,M010,C02445,2026-02-17 08:54:20,PRD_HOU_01,Household,1,1240.81,59.09,UPI
TXN0009541,M038,C03455,2026-02-17 09:07:01,PRD_EAR_02,Earphones,2,708.08,67.43,UPI
TXN0001445,M026,C01706,2026-02-17 09:12:16,PRD_TEA_01,Tea,1,240.0,180.0,UPI
TXN0001620,M036,C03400,2026-02-17 10:54:49,PRD_BEV_02,Beverages,1,312.99,14.9,UPI
TXN0006609,M041,C02712,2026-02-17 11:42:10,PRD_DES_01,Desserts,1,226.82,10.8,UPI
TXN0007548,M047,C00304,2026-02-17 13:18:10,PRD_ACC_02,Accessories,1,5672.52,270.12,UPI
TXN0004191,M031,C00090,2026-02-17 13:32:09,PRD_ACC_01,Accessories,1,6444.29,306.87,UPI
TXN0004850,M030,C03222,2026-02-17 13:36:11,PRD_ELE_02,Home Electronics,1,1591.49,75.79,UPI
TXN0005736,M031,C02654,2026-02-17 16:02:08,PRD_ELE_01,Home Electronics,1,3299.98,157.14,UPI
TXN0003152,M025,C00937,2026-02-17 16:03:43,PRD_BRD_02,Bread,1,472.86,22.52,UPI
TXN0000405,M016,C03037,2026-02-17 16:07:00,PRD_SNK_01,Snacks,2,207.81,19.8,UPI
TXN0001472,M009,C00125,2026-02-17 16:08:04,PRD_MED_02,Medicine,1,946.83,45.09,UPI
TXN0007812,M010,C01149,2026-02-17 16:21:45,PRD_DAI_01,Dairy,1,669.1,31.86,CARD
TXN0004459,M050,C02777,2026-02-17 16:44:35,PRD_CAK_02,Cakes,1,496.66,23.65,UPI
TXN0005940,M016,C00041,2026-02-17 17:22:18,PRD_SNK_01,Snacks,1,1260.0,60.0,UPI
TXN0007544,M032,C00113,2026-02-17 17:27:59,PRD_BABY_02,Baby Care,1,457.24,21.77,UPI
TXN0004746,M021,C00401,2026-02-17 17:40:01,PRD_NOT_01,Notebooks,1,775.93,36.95,UPI
TXN0005788,M028,C01557,2026-02-17 18:01:01,PRD_EAR_02,Earphones,1,349.0,199.0,UPI
TXN0006178,M027,C01428,2026-02-17 18:17:50,PRD_ELE_01,Home Electronics,1,2906.82,138.42,UPI
TXN0005652,M036,C00623,2026-02-17 18:24:13,PRD_DAI_02,Dairy,1,1640.84,78.14,CASH
TXN0007666,M036,C03155,2026-02-17 18:29:46,PRD_STA_01,Staples,1,1114.38,53.07,UPI
TXN0003942,M014,C00841,2026-02-17 18:54:57,PRD_CAK_02,Cakes,1,450.0,125.79,UPI
TXN0001372,M044,C02771,2026-02-17 19:00:34,PRD_KID_01,Kids,1,2288.37,108.97,UPI
TXN0003868,M004,C01746,2026-02-17 19:47:51,PRD_ACC_02,Accessories,1,3347.95,159.43,UPI
TXN0008215,M038,C02628,2026-02-17 20:24:03,PRD_CHG_01,Chargers,1,3717.0,177.0,UPI
TXN0008335,M029,C01108,2026-02-17 21:39:52,PRD_NOT_02,Notebooks,1,260.0,62.68,UPI
TXN0009954,M037,C00229,2026-02-17 21:43:01,PRD_CAB_01,Cables,3,553.64,79.1,CARD
TXN0000246,M039,C01757,2026-02-17 21:54:37,PRD_WEL_02,Wellness,1,725.75,34.56,UPI
TXN0005215,M014,C00456,2026-02-18 10:08:30,PRD_SNK_01,Snacks,1,311.59,14.84,UPI
TXN0007346,M008,C03424,2026-02-18 11:18:45,PRD_TEA_02,Tea,1,840.0,40.0,UPI
TXN0004950,M050,C03391,2026-02-18 13:57:17,PRD_SNK_01,Snacks,1,84.0,4.0,UPI
TXN0006164,M017,C01303,2026-02-18 16:53:38,PRD_OFF_02,Office Supplies,1,310.0,46.68,CASH
TXN0007215,M046,C02314,2026-02-18 17:00:15,PRD_SNK_01,Snacks,1,385.75,18.37,UPI
TXN0009828,M042,C00908,2026-02-18 17:22:01,PRD_CAK_02,Cakes,1,450.0,189.82,WALLET
TXN0003780,M018,C00586,2026-02-18 17:44:35,PRD_SNK_01,Snacks,1,431.12,20.53,UPI
TXN0006546,M018,C02975,2026-02-18 17:55:28,PRD_DES_02,Desserts,1,1179.43,56.16,UPI
TXN0003938,M008,C01048,2026-02-18 18:13:43,PRD_TEA_01,Tea,1,492.73,23.46,UPI
TXN0006711,M008,C00779,2026-02-18 18:19:56,PRD_DES_02,Desserts,1,451.24,21.49,UPI
TXN0000440,M033,C02846,2026-02-18 18:29:02,PRD_HOU_01,Household,2,232.85,22.17,WALLET
TXN0000905,M019,C02026,2026-02-18 18:33:28,PRD_CAB_02,Cables,1,999.14,47.58,UPI
TXN0003604,M036,C02015,2026-02-18 18:35:10,PRD_DAI_01,Dairy,1,950.28,45.25,UPI
TXN0007128,M044,C02545,2026-02-18 19:01:45,PRD_MEN_02,Men,1,1199.0,756.16,UPI
TXN0000897,M038,C01203,2026-02-18 19:14:26,PRD_CAS_01,Cases,1,1925.04,91.67,CASH
TXN0007769,M007,C03268,2026-02-18 19:18:17,PRD_BEV_02,Beverages,1,800.85,38.14,UPI
TXN0003992,M030,C00619,2026-02-18 19:18:46,PRD_MOB_01,Mobiles,1,11951.21,569.11,CARD
TXN0005313,M010,C00026,2026-02-18 20:26:29,PRD_HOU_02,Household,1,1364.07,64.96,UPI
TXN0002966,M045,C00707,2026-02-18 20:41:06,PRD_DAI_01,Dairy,2,330.43,31.47,UPI
TXN0006569,M042,C02508,2026-02-18 21:19:38,PRD_PAS_02,Pastries,1,478.28,22.78,UPI
TXN0006899,M025,C01211,2026-02-18 22:06:16,PRD_SNK_01,Snacks,1,882.04,42.0,CARD
TXN0003910,M006,C03000,2026-02-18 22:19:05,PRD_EAR_02,Earphones,1,486.8,23.18,UPI
TXN0007294,M023,C03457,2026-02-19 09:54:35,PRD_DES_01,Desserts,1,580.28,27.63,CASH
TXN0000864,M017,C00044,2026-02-19 10:43:39,PRD_WRI_02,Writing,1,123.06,5.86,UPI
TXN0000143,M007,C00442,2026-02-19 11:32:18,PRD_DAI_01,Dairy,1,273.01,13.0,CARD
TXN0002750,M006,C02475,2026-02-19 11:34:02,PRD_CHG_02,Chargers,1,999.0,714.31,UPI
TXN0001307,M031,C00938,2026-02-19 15:26:21,PRD_ACC_01,Accessories,1,2457.74,117.04,UPI
TXN0007902,M019,C01244,2026-02-19 15:35:09,PRD_CAS_02,Cases,1,450.0,206.52,CASH
TXN0000846,M013,C02246,2026-02-19 16:46:13,PRD_PAS_01,Pastries,4,95.0,169.59,UPI
TXN0008725,M049,C00584,2026-02-19 16:54:14,PRD_COF_02,Coffee,1,280.0,41.13,WALLET
TXN0007493,M035,C01655,2026-02-19 17:25:19,PRD_CAB_01,Cables,1,1410.95,67.19,UPI
TXN0009120,M018,C03061,2026-02-19 17:25:24,PRD_MEA_02,Meals,3,525.0,75.0,UPI
TXN0005720,M023,C00107,2026-02-19 17:29:14,PRD_MEA_01,Meals,1,912.76,43.46,UPI
TXN0003069,M036,C03137,2026-02-19 17:29:53,PRD_HOU_02,Household,1,337.57,16.07,UPI
TXN0001823,M047,C00124,2026-02-19 17:57:17,PRD_ELE_01,Home Electronics,1,3611.16,171.96,UPI
TXN0005069,M035,C01155,2026-02-19 18:01:54,PRD_CHG_02,Chargers,2,999.0,104.42,UPI
TXN0004558,M039,C01210,2026-02-19 18:42:38,PRD_WEL_01,Wellness,1,1837.75,87.51,UPI
TXN0007875,M048,C00790,2026-02-19 19:09:52,PRD_CAS_02,Cases,1,2868.77,136.61,WALLET
TXN0006720,M031,C00678,2026-02-19 19:17:08,PRD_ACC_01,Accessories,3,2023.12,289.02,UPI
TXN0005694,M017,C01830,2026-02-19 19:38:51,PRD_NOT_02,Notebooks,1,945.0,45.0,UPI
TXN0007265,M011,C02232,2026-02-19 20:01:22,PRD_WRI_01,Writing,4,90.0,228.35,WALLET
TXN0005653,M029,C03158,2026-02-19 20:26:43,PRD_WRI_02,Writing,2,131.35,12.51,CARD
TXN0006968,M043,C03280,2026-02-19 20:29:21,PRD_BRD_01,Bread,2,180.16,17.15,UPI
TXN0000546,M006,C00172,2026-02-19 20:37:13,PRD_CAS_02,Cases,1,625.53,29.79,UPI
TXN0000668,M016,C00471,2026-02-19 21:33:50,PRD_SNK_01,Snacks,1,674.68,32.13,UPI
TXN0004277,M038,C02795,2026-02-19 21:52:03,PRD_CHG_02,Chargers,1,999.0,450.4,UPI
TXN0001349,M026,C03341,2026-02-19 22:50:49,PRD_COF_01,Coffee,1,380.0,147.21,UPI
TXN0007573,M043,C00895,2026-02-20 09:49:30,PRD_SNK_02,Snacks,1,272.14,12.96,UPI
TXN0002122,M013,C02415,2026-02-20 10:07:36,PRD_BRD_01,Bread,2,175.63,16.72,WALLET
TXN0007069,M026,C02177,2026-02-20 10:33:02,PRD_COF_02,Coffee,1,372.92,17.76,UPI
TXN0005502,M038,C00905,2026-02-20 10:39:16,PRD_CAB_01,Cables,1,591.25,28.15,UPI
TXN0003397,M045,C02623,2026-02-20 11:07:52,PRD_HOU_02,Household,1,1332.0,63.43,CASH
TXN0004301,M018,C01682,2026-02-20 11:37:57,PRD_SNK_01,Snacks,1,610.42,29.07,WALLET
TXN0009422,M035,C01942,2026-02-20 13:24:22,PRD_EAR_02,Earphones,1,951.54,45.31,CASH
TXN0002289,M028,C01212,2026-02-20 15:13:22,PRD_CAB_01,Cables,1,804.29,38.3,UPI
TXN0007604,M031,C01702,2026-02-20 15:29:37,PRD_LAP_02,Laptops,2,7875.0,750.0,UPI
TXN0006636,M002,C02093,2026-02-20 16:50:27,PRD_CAK_01,Cakes,1,742.65,35.36,CARD
TXN0003522,M017,C02649,2026-02-20 16:52:11,PRD_WRI_02,Writing,1,144.04,6.86,WALLET
TXN0003673,M040,C01720,2026-02-20 17:30:07,PRD_COF_01,Coffee,1,380.0,199.89,CARD
TXN0005613,M034,C02564,2026-02-20 17:40:33,PRD_ART_02,Art Supplies,1,175.0,66.57,UPI
TXN0000700,M043,C02751,2026-02-20 17:56:35,PRD_PAS_01,Pastries,2,115.0,10.95,WALLET
TXN0005188,M017,C01761,2026-02-20 18:01:48,PRD_WRI_02,Writing,2,347.37,33.09,CASH
TXN0006056,M002,C00762,2026-02-20 18:57:51,PRD_BRD_01,Bread,1,341.65,16.27,UPI
TXN0000715,M027,C03440,2026-02-20 19:00:03,PRD_ELE_02,Home Electronics,2,1099.0,123.18,CASH
TXN0002692,M014,C00394,2026-02-20 19:06:02,PRD_CAK_01,Cakes,1,550.0,242.76,UPI
TXN0000817,M044,C00173,2026-02-20 19:14:35,PRD_KID_02,Kids,1,944.97,45.0,UPI
TXN0009095,M008,C01160,2026-02-20 19:33:16,PRD_DES_01,Desserts,2,413.98,39.42,UPI
TXN0006586,M007,C02135,2026-02-20 20:08:56,PRD_BEV_02,Beverages,1,611.01,29.1,WALLET
TXN0001223,M018,C02457,2026-02-20 20:15:38,PRD_SNK_01,Snacks,1,1254.18,59.72,CASH
TXN0003765,M013,C01056,2026-02-20 20:42:08,PRD_PAS_02,Pastries,1,316.56,15.07,UPI
TXN0005789,M014,C00352,2026-02-20 20:45:45,PRD_CAK_01,Cakes,1,550.0,354.47,CASH
TXN0008608,M018,C02454,2026-02-20 20:57:15,PRD_SNK_02,Snacks,1,426.55,20.31,WALLET
TXN0004400,M038,C00641,2026-02-20 20:59:51,PRD_CAB_01,Cables,1,971.16,46.25,UPI
TXN0005289,M009,C01159,2026-02-20 21:30:03,PRD_BABY_02,Baby Care,1,1412.01,67.24,UPI
TXN0007860,M039,C00237,2026-02-20 21:50:04,PRD_WEL_01,Wellness,1,1136.95,54.14,UPI
TXN0006765,M032,C00722,2026-02-20 21:53:20,PRD_WEL_02,Wellness,2,280.0,106.88,CASH
TXN0001147,M018,C03161,2026-02-20 22:43:58,PRD_DES_01,Desserts,1,1118.68,53.27,UPI
TXN0008677,M014,C01425,2026-02-21 08:17:53,PRD_BRD_02,Bread,2,336.23,32.03,UPI
TXN0004792,M038,C02949,2026-02-21 09:30:47,PRD_CAB_01,Cables,1,1281.8,61.04,UPI
TXN0005839,M016,C02615,2026-02-21 11:09:43,PRD_SNK_02,Snacks,1,949.2,45.2,CARD
TXN0001479,M042,C02683,2026-02-21 11:25:29,PRD_SNK_01,Snacks,1,247.91,11.81,UPI
TXN0004919,M019,C00676,2026-02-21 11:56:50,PRD_CAS_02,Cases,2,886.36,84.42,UPI
TXN0000230,M024,C01164,2026-02-21 11:57:25,PRD_HOU_01,Household,1,604.96,28.81,UPI
TXN0004666,M026,C02558,2026-02-21 12:50:28,PRD_COF_02,Coffee,2,280.0,287.05,WALLET
TXN0006863,M003,C02897,2026-02-21 12:58:19,PRD_SNK_01,Snacks,1,227.08,10.81,UPI
TXN0005868,M049,C00006,2026-02-21 13:41:11,PRD_DES_02,Desserts,1,375.18,17.87,UPI
TXN0004995,M026,C03445,2026-02-21 13:58:59,PRD_COF_01,Coffee,1,380.0,232.99,UPI
TXN0000355,M020,C02786,2026-02-21 16:00:12,PRD_MOB_02,Mobiles,1,11999.0,5512.99,UPI
TXN0007312,M004,C00366,2026-02-21 16:26:18,PRD_ACC_01,Accessories,1,2969.32,141.4,CASH
TXN0008525,M033,C01111,2026-02-21 16:35:05,PRD_STA_02,Staples,1,1361.12,64.82,UPI
TXN0002879,M038,C02688,2026-02-21 17:17:04,PRD_CAS_01,Cases,1,1272.27,60.58,CARD
TXN0006738,M004,C02375,2026-02-21 17:47:39,PRD_MOB_02,Mobiles,1,11999.0,10128.21,UPI
TXN0004902,M021,C02395,2026-02-21 17:48:39,PRD_NOT_01,Notebooks,1,1039.5,49.5,UPI
TXN0007277,M013,C00389,2026-02-21 18:06:42,PRD_BRD_02,Bread,1,376.5,17.93,UPI
TXN0002739,M005,C00825,2026-02-21 18:22:27,PRD_ACC_01,Accessories,1,3371.69,160.56,UPI
TXN0005770,M002,C01850,2026-02-21 18:24:28,PRD_SNK_02,Snacks,1,310.33,14.78,CARD
TXN0002847,M033,C03060,2026-02-21 19:02:48,PRD_SNK_01,Snacks,1,867.83,41.33,UPI
TXN0001729,M039,C02389,2026-02-21 19:04:49,PRD_BABY_02,Baby Care,1,1441.98,68.67,UPI
TXN0009925,M036,C02343,2026-02-21 19:25:09,PRD_HOU_01,Household,1,564.4,26.88,UPI
TXN0003237,M017,C01497,2026-02-21 19:27:20,PRD_ART_02,Art Supplies,2,175.0,71.99,CASH
TXN0001698,M028,C01765,2026-02-21 19:31:57,PRD_EAR_01,Earphones,1,1299.0,639.75,WALLET
TXN0000387,M044,C03117,2026-02-21 19:34:43,PRD_KID_02,Kids,1,2125.51,101.21,UPI
TXN0003045,M031,C00420,2026-02-21 20:14:39,PRD_LAP_01,Laptops,2,3089.88,294.28,UPI
TXN0006985,M007,C02211,2026-02-21 20:23:36,PRD_STA_02,Staples,1,1990.81,94.8,UPI
TXN0002407,M033,C02039,2026-02-21 20:25:24,PRD_BEV_01,Beverages,1,1058.22,50.39,UPI
TXN0008659,M013,C01230,2026-02-21 22:44:44,PRD_BRD_02,Bread,3,140.0,50.67,UPI
TXN0000898,M050,C01196,2026-02-21 22:51:06,PRD_CAK_01,Cakes,2,693.0,66.0,UPI
TXN0007996,M018,C01131,2026-02-21 22:52:51,PRD_BEV_02,Beverages,1,591.89,28.19,WALLET
TXN0003465,M015,C00178,2026-02-22 08:38:34,PRD_BRD_01,Bread,1,435.82,20.75,CARD
TXN0001859,M012,C02798,2026-02-22 10:31:19,PRD_SNK_02,Snacks,1,225.0,13.6,UPI
TXN0008619,M037,C03173,2026-02-22 13:01:55,PRD_EAR_01,Earphones,4,1299.0,4027.39,WALLET
TXN0006040,M046,C03009,2026-02-22 13:03:21,PRD_ESS_02,Daily Essentials,2,374.93,35.71,UPI
TXN0009554,M019,C01672,2026-02-22 13:43:59,PRD_CHG_01,Chargers,1,2144.07,102.1,UPI
TXN0007980,M036,C03205,2026-02-22 13:52:48,PRD_DAI_02,Dairy,1,875.03,41.67,WALLET
TXN0001573,M041,C00854,2026-02-22 14:10:56,PRD_DES_01,Desserts,1,442.33,21.06,UPI
TXN0009578,M050,C02762,2026-02-22 15:09:57,PRD_CAK_02,Cakes,1,450.0,262.37,UPI
TXN0000829,M008,C01979,2026-02-22 15:27:35,PRD_SNK_01,Snacks,1,161.94,7.71,UPI
TXN0002563,M035,C01351,2026-02-22 15:50:12,PRD_CAS_02,Cases,1,1989.34,94.73,UPI
TXN0009689,M003,C02096,2026-02-22 16:11:43,PRD_TEA_01,Tea,1,451.11,21.48,UPI
TXN0001556,M038,C03123,2026-02-22 16:44:14,PRD_CHG_02,Chargers,1,1182.2,56.3,CARD
TXN0008323,M035,C01906,2026-02-22 17:05:25,PRD_CAB_01,Cables,1,404.1,19.24,UPI
TXN0000091,M038,C03427,2026-02-22 17:43:16,PRD_CAS_02,Cases,1,1286.37,61.26,CARD
TXN0003746,M018,C03305,2026-02-22 17:44:17,PRD_MEA_01,Meals,1,222.2,10.58,UPI
TXN0009495,M037,C01072,2026-02-22 17:53:20,PRD_CHG_02,Chargers,1,2294.48,109.26,UPI
TXN0001689,M012,C03500,2026-02-22 18:19:11,PRD_HOU_01,Household,3,180.0,469.65,WALLET
TXN0001786,M001,C01310,2026-02-22 18:21:14,PRD_SNK_02,Snacks,1,225.0,11.68,UPI
TXN0006469,M042,C02355,2026-02-22 18:22:12,PRD_BRD_01,Bread,1,769.29,36.63,UPI
TXN0001893,M002,C00809,2026-02-22 18:37:03,PRD_BRD_02,Bread,1,140.0,52.0,UPI
TXN0006484,M005,C02033,2026-02-22 18:42:17,PRD_ACC_01,Accessories,1,3256.29,155.06,UPI
TXN0002792,M012,C02058,2026-02-22 18:44:00,PRD_SNK_02,Snacks,1,852.83,40.61,UPI
TXN0005177,M031,C02467,2026-02-22 19:00:12,PRD_MOB_01,Mobiles,1,6499.0,4498.42,CARD
TXN0004927,M020,C00677,2026-02-22 19:13:49,PRD_ACC_02,Accessories,1,4270.08,203.34,CARD
TXN0005811,M029,C01565,2026-02-22 19:18:49,PRD_OFF_01,Office Supplies,1,650.25,30.96,CASH
TXN0008060,M019,C03201,2026-02-22 19:31:18,PRD_CAB_02,Cables,1,1396.35,66.49,CARD
TXN0005499,M031,C02579,2026-02-22 19:32:06,PRD_ACC_01,Accessories,1,2159.46,102.83,UPI
TXN0008039,M011,C02818,2026-02-22 19:42:54,PRD_OFF_02,Office Supplies,1,1039.5,49.5,UPI
TXN0003112,M048,C03426,2026-02-22 19:56:34,PRD_CAB_01,Cables,1,1217.62,57.98,UPI
TXN0003497,M014,C02907,2026-02-22 20:04:40,PRD_PAS_02,Pastries,1,276.88,13.18,UPI
TXN0006640,M016,C02770,2026-02-22 20:09:59,PRD_SNK_01,Snacks,1,600.03,28.57,UPI
TXN0004847,M003,C02523,2026-02-22 20:22:55,PRD_SNK_02,Snacks,1,719.52,34.26,UPI
TXN0001829,M049,C02819,2026-02-22 20:36:26,PRD_TEA_01,Tea,1,246.32,11.73,CASH
TXN0002372,M029,C02221,2026-02-22 21:21:57,PRD_WRI_02,Writing,1,429.13,20.43,UPI
TXN0003049,M050,C01229,2026-02-22 21:22:52,PRD_BRD_01,Bread,4,137.3,26.14,UPI
TXN0008700,M045,C00637,2026-02-22 21:27:47,PRD_STA_02,Staples,4,245.0,658.72,UPI
TXN0008279,M043,C02466,2026-02-22 21:50:02,PRD_CAK_01,Cakes,3,550.0,744.68,UPI
TXN0007921,M010,C01763,2026-02-22 21:54:17,PRD_DAI_02,Dairy,1,281.76,13.42,WALLET
TXN0001690,M043,C01300,2026-02-22 21:57:22,PRD_CAK_01,Cakes,1,1635.48,77.88,UPI
TXN0008300,M017,C01091,2026-02-22 22:14:54,PRD_OFF_02,Office Supplies,1,310.0,63.41,UPI
TXN0008526,M016,C00756,2026-02-23 08:15:07,PRD_CAK_01,Cakes,1,636.59,30.31,CASH
TXN0008723,M030,C02865,2026-02-23 09:13:40,PRD_ELE_02,Home Electronics,1,3935.15,187.39,UPI
TXN0009574,M007,C00819,2026-02-23 09:33:42,PRD_HOU_01,Household,1,1873.14,89.2,UPI
TXN0000915,M006,C02404,2026-02-23 10:07:56,PRD_EAR_02,Earphones,1,499.2,23.77,UPI
TXN0009832,M038,C01553,2026-02-23 13:44:08,PRD_CAB_01,Cables,1,308.09,14.67,UPI
TXN0007036,M030,C02795,2026-02-23 13:48:00,PRD_MOB_02,Mobiles,1,15750.0,750.0,UPI
TXN0002308,M030,C02781,2026-02-23 14:45:24,PRD_ELE_01,Home Electronics,1,8483.11,403.96,UPI
TXN0005248,M002,C02954,2026-02-23 15:10:24,PRD_PAS_02,Pastries,1,158.7,7.56,UPI
TXN0003957,M014,C01274,2026-02-23 15:26:13,PRD_PAS_01,Pastries,2,357.92,34.09,UPI
TXN0007361,M040,C01023,2026-02-23 15:38:12,PRD_COF_02,Coffee,1,840.0,40.0,UPI
TXN0001359,M011,C03184,2026-02-23 15:46:09,PRD_OFF_01,Office Supplies,1,307.14,14.63,UPI
TXN0004757,M031,C01983,2026-02-23 16:02:08,PRD_ACC_02,Accessories,1,3604.22,171.63,CARD
TXN0004103,M008,C01421,2026-02-23 17:38:44,PRD_SNK_01,Snacks,1,199.54,9.5,UPI
TXN0008596,M042,C01687,2026-02-23 18:29:33,PRD_SNK_02,Snacks,1,468.27,22.3,UPI
TXN0001154,M045,C02126,2026-02-23 19:05:28,PRD_SNK_01,Snacks,1,481.41,22.92,UPI
TXN0006256,M036,C00267,2026-02-23 19:11:01,PRD_SNK_02,Snacks,1,1375.1,65.48,UPI
TXN0005666,M042,C01030,2026-02-23 19:12:09,PRD_PAS_01,Pastries,1,621.66,29.6,UPI
TXN0008009,M043,C02418,2026-02-23 19:12:40,PRD_SNK_02,Snacks,1,450.26,21.44,UPI
TXN0005203,M046,C00727,2026-02-23 19:19:43,PRD_BEV_01,Beverages,2,518.34,49.37,UPI
TXN0003568,M005,C00938,2026-02-23 19:55:17,PRD_MOB_02,Mobiles,1,11999.0,10121.17,UPI
TXN0003036,M050,C03029,2026-02-23 20:06:45,PRD_SNK_01,Snacks,1,1260.0,60.0,UPI
TXN0000778,M002,C03095,2026-02-23 20:19:59,PRD_BRD_02,Bread,1,389.27,18.54,UPI
TXN0000103,M029,C01346,2026-02-23 20:45:06,PRD_WRI_01,Writing,1,156.16,7.44,WALLET
TXN0008988,M026,C01036,2026-02-23 20:50:49,PRD_DES_02,Desserts,1,229.23,10.92,WALLET
TXN0005913,M014,C00491,2026-02-23 20:53:34,PRD_CAK_01,Cakes,1,1260.0,60.0,UPI
TXN0004179,M017,C02380,2026-02-23 21:30:27,PRD_WRI_02,Writing,1,165.42,7.88,CARD
TXN0005270,M021,C03014,2026-02-23 21:48:30,PRD_WRI_01,Writing,1,566.93,27.0,UPI
TXN0003611,M049,C01883,2026-02-24 08:16:53,PRD_COF_02,Coffee,1,406.14,19.34,UPI
TXN0005549,M029,C01935,2026-02-24 08:36:22,PRD_OFF_01,Office Supplies,1,761.69,36.27,UPI
TXN0003439,M009,C02616,2026-02-24 08:48:17,PRD_MED_02,Medicine,2,372.05,35.43,UPI
TXN0008246,M020,C01606,2026-02-24 11:21:01,PRD_MOB_01,Mobiles,1,6499.0,3439.71,CARD
TXN0001793,M037,C00794,2026-02-24 12:14:29,PRD_CAB_02,Cables,2,1575.0,150.0,CASH
TXN0006061,M038,C00448,2026-02-24 16:04:53,PRD_CAS_01,Cases,1,1173.88,55.9,UPI
TXN0004139,M042,C01914,2026-02-24 16:38:52,PRD_PAS_02,Pastries,1,155.6,7.41,CASH
TXN0006150,M002,C00921,2026-02-24 17:30:27,PRD_CAK_01,Cakes,1,550.0,269.9,UPI
TXN0006477,M006,C00083,2026-02-24 17:31:17,PRD_CAB_02,Cables,2,986.05,93.91,UPI
TXN0003681,M007,C02777,2026-02-24 18:03:04,PRD_BEV_01,Beverages,1,335.3,15.97,UPI
TXN0002132,M046,C02042,2026-02-24 18:27:11,PRD_ESS_02,Daily Essentials,1,418.55,19.93,UPI
TXN0003354,M047,C02282,2026-02-24 19:19:12,PRD_ACC_01,Accessories,1,4924.84,234.52,UPI
TXN0008115,M018,C03322,2026-02-24 19:39:50,PRD_SNK_02,Snacks,1,1575.0,75.0,CASH
TXN0004862,M032,C03117,2026-02-24 20:24:14,PRD_PER_01,Personal Care,1,362.68,17.27,UPI
TXN0000665,M031,C01414,2026-02-24 20:53:15,PRD_MOB_02,Mobiles,1,11999.0,3669.94,UPI
TXN0003097,M042,C01345,2026-02-24 20:53:40,PRD_SNK_01,Snacks,1,84.0,4.0,UPI
TXN0004044,M028,C02992,2026-02-24 20:59:04,PRD_CAS_02,Cases,2,450.0,191.77,CASH
TXN0009603,M013,C01517,2026-02-24 21:00:29,PRD_PAS_01,Pastries,1,208.14,9.91,UPI
TXN0009521,M026,C00252,2026-02-24 22:32:08,PRD_TEA_02,Tea,2,420.0,40.0,UPI
TXN0008549,M008,C02150,2026-02-24 22:40:22,PRD_SNK_01,Snacks,1,352.76,16.8,UPI
TXN0003147,M030,C02051,2026-02-24 22:42:37,PRD_LAP_02,Laptops,1,5305.12,252.62,UPI
TXN0003637,M016,C02653,2026-02-25 08:01:47,PRD_SNK_01,Snacks,1,1241.44,59.12,UPI
TXN0007078,M001,C00748,2026-02-25 13:10:23,PRD_BEV_02,Beverages,2,176.07,16.77,CASH
TXN0007564,M018,C02584,2026-02-25 13:13:14,PRD_BEV_01,Beverages,1,777.43,37.02,UPI
TXN0003240,M016,C02382,2026-02-25 13:39:35,PRD_SNK_02,Snacks,1,876.38,41.73,CARD
TXN0005747,M015,C02558,2026-02-25 15:32:29,PRD_BRD_01,Bread,1,411.13,19.58,UPI
TXN0003129,M026,C00048,2026-02-25 15:43:40,PRD_SNK_02,Snacks,1,225.0,73.76,UPI
TXN0004164,M050,C00680,2026-02-25 16:09:26,PRD_BRD_01,Bread,1,220.71,10.51,UPI
TXN0004965,M015,C02286,2026-02-25 16:44:23,PRD_CAK_02,Cakes,1,490.52,23.36,UPI
TXN0002639,M016,C02448,2026-02-25 17:21:53,PRD_CAK_01,Cakes,2,550.0,697.83,UPI
TXN0005956,M009,C00672,2026-02-25 17:55:49,PRD_PER_02,Personal Care,1,2020.11,96.2,CASH
TXN0000266,M032,C00323,2026-02-25 18:02:31,PRD_BABY_01,Baby Care,1,799.0,289.63,UPI
TXN0005227,M039,C01640,2026-02-25 18:57:11,PRD_MED_02,Medicine,1,1631.7,77.7,UPI
TXN0005434,M034,C02589,2026-02-25 19:48:07,PRD_ART_01,Art Supplies,2,472.5,45.0,UPI
TXN0008423,M029,C03206,2026-02-25 19:48:15,PRD_WRI_02,Writing,2,156.26,14.89,UPI
TXN0004347,M014,C01009,2026-02-25 20:03:10,PRD_CAK_01,Cakes,1,550.0,265.96,CASH
TXN0006160,M044,C00384,2026-02-25 20:18:51,PRD_KID_02,Kids,3,1750.0,250.0,UPI
TXN0007408,M019,C02278,2026-02-25 20:28:47,PRD_EAR_01,Earphones,1,1299.0,441.87,UPI
TXN0006904,M031,C00283,2026-02-25 20:33:56,PRD_LAP_02,Laptops,2,1087.23,103.55,UPI
TXN0005103,M001,C01612,2026-02-25 20:43:57,PRD_STA_01,Staples,3,540.0,1196.16,UPI
TXN0009587,M019,C03332,2026-02-25 21:43:02,PRD_EAR_02,Earphones,1,3150.0,150.0,WALLET
TXN0009381,M032,C01244,2026-02-25 21:57:11,PRD_BABY_01,Baby Care,1,1457.66,69.41,CARD
TXN0004341,M007,C03282,2026-02-25 22:13:51,PRD_HOU_02,Household,1,408.66,19.46,UPI
TXN0002416,M026,C02942,2026-02-25 22:30:53,PRD_SNK_01,Snacks,1,461.32,21.97,CASH
TXN0000903,M018,C00544,2026-02-25 22:33:18,PRD_DES_02,Desserts,1,750.19,35.72,UPI
TXN0006652,M019,C02698,2026-02-26 08:21:54,PRD_CAS_01,Cases,1,1172.38,55.83,CARD
TXN0001897,M005,C01559,2026-02-26 09:49:28,PRD_LAP_02,Laptops,1,2235.43,106.45,WALLET
TXN0007763,M011,C03282,2026-02-26 10:51:25,PRD_NOT_01,Notebooks,2,245.01,23.34,CARD
TXN0009340,M049,C00909,2026-02-26 11:28:43,PRD_SNK_02,Snacks,1,225.0,145.18,CASH
TXN0001739,M028,C03245,2026-02-26 11:51:01,PRD_CAB_01,Cables,1,299.0,57.46,UPI
TXN0008334,M033,C00049,2026-02-26 13:04:26,PRD_SNK_02,Snacks,1,1666.51,79.36,CASH
TXN0004923,M043,C01865,2026-02-26 13:39:38,PRD_CAK_01,Cakes,1,550.0,384.64,UPI
TXN0000773,M010,C01633,2026-02-26 14:30:57,PRD_DAI_02,Dairy,1,600.73,28.61,UPI
TXN0006649,M049,C00863,2026-02-26 15:06:41,PRD_SNK_01,Snacks,1,522.52,24.88,WALLET
TXN0002562,M012,C00439,2026-02-26 16:46:42,PRD_BEV_02,Beverages,1,927.03,44.14,UPI
TXN0009610,M004,C01641,2026-02-26 16:50:06,PRD_MOB_01,Mobiles,1,6499.0,4753.74,UPI
TXN0002418,M017,C02062,2026-02-26 16:56:25,PRD_OFF_02,Office Supplies,1,310.0,142.79,UPI
TXN0004630,M047,C02564,2026-02-26 17:06:16,PRD_LAP_01,Laptops,1,1716.91,81.76,UPI
TXN0002533,M029,C00114,2026-02-26 17:20:58,PRD_ART_02,Art Supplies,1,945.0,45.0,UPI
TXN0007622,M028,C00259,2026-02-26 17:32:29,PRD_EAR_01,Earphones,1,1529.98,72.86,UPI
TXN0006788,M034,C02030,2026-02-26 17:57:30,PRD_OFF_02,Office Supplies,1,613.95,29.24,UPI
TXN0000914,M021,C01781,2026-02-26 18:09:39,PRD_ART_01,Art Supplies,1,945.0,45.0,CARD
TXN0006064,M031,C01143,2026-02-26 18:12:22,PRD_ACC_02,Accessories,1,8116.2,386.49,CASH
TXN0007782,M031,C00621,2026-02-26 18:23:16,PRD_ELE_01,Home Electronics,1,12565.5,598.36,UPI
TXN0005040,M033,C00221,2026-02-26 18:48:45,PRD_HOU_02,Household,2,410.42,39.08,UPI
TXN0006405,M004,C02772,2026-02-26 18:51:34,PRD_MOB_01,Mobiles,1,11654.06,554.96,UPI
TXN0000047,M027,C00325,2026-02-26 19:09:36,PRD_ELE_02,Home Electronics,1,3222.45,153.45,UPI
TXN0008588,M040,C01560,2026-02-26 19:15:12,PRD_TEA_01,Tea,1,240.0,27.13,UPI
TXN0009540,M004,C00129,2026-02-26 19:25:19,PRD_ACC_02,Accessories,1,7267.47,346.07,CARD
TXN0002787,M007,C00419,2026-02-26 19:31:14,PRD_HOU_01,Household,1,1890.0,90.0,CASH
TXN0004753,M035,C02105,2026-02-26 19:39:57,PRD_EAR_02,Earphones,1,3150.0,150.0,UPI
TXN0003761,M002,C00674,2026-02-26 19:43:55,PRD_BRD_01,Bread,2,215.77,20.55,CARD
TXN0000259,M025,C02795,2026-02-26 20:14:40,PRD_CAK_02,Cakes,1,450.0,108.05,UPI
TXN0009322,M029,C02498,2026-02-26 20:48:49,PRD_ART_01,Art Supplies,1,320.0,133.71,WALLET
TXN0008268,M022,C02931,2026-02-26 20:55:59,PRD_WOM_02,Women,1,2596.69,123.65,UPI
TXN0007515,M018,C01859,2026-02-26 20:56:05,PRD_DES_01,Desserts,1,583.82,27.8,UPI
TXN0003813,M033,C01370,2026-02-26 21:03:30,PRD_SNK_02,Snacks,1,225.0,83.02,CARD
TXN0005972,M003,C03339,2026-02-26 22:11:24,PRD_COF_01,Coffee,1,380.0,113.73,UPI
TXN0001872,M014,C02456,2026-02-26 22:27:26,PRD_CAK_02,Cakes,2,630.0,60.0,UPI
TXN0004394,M039,C00451,2026-02-26 22:34:26,PRD_WEL_01,Wellness,1,2625.0,125.0,UPI
TXN0009434,M027,C02880,2026-02-26 22:37:56,PRD_ELE_02,Home Electronics,1,4144.55,197.36,UPI
TXN0005088,M049,C00080,2026-02-27 08:37:23,PRD_COF_01,Coffee,1,443.92,21.14,UPI
TXN0006415,M038,C02769,2026-02-27 09:47:24,PRD_CAS_02,Cases,1,621.03,29.57,WALLET
TXN0000174,M040,C01117,2026-02-27 10:58:42,PRD_TEA_01,Tea,2,240.0,275.4,CASH
TXN0009167,M045,C03074,2026-02-27 11:05:27,PRD_SNK_02,Snacks,1,1890.0,90.0,WALLET
TXN0009500,M040,C01888,2026-02-27 11:54:43,PRD_TEA_01,Tea,1,262.99,12.52,UPI
TXN0000390,M017,C02566,2026-02-27 13:03:58,PRD_OFF_02,Office Supplies,1,945.0,45.0,CASH
TXN0001858,M044,C00949,2026-02-27 13:04:50,PRD_MEN_01,Men,2,799.0,579.36,UPI
TXN0004025,M020,C00580,2026-02-27 13:09:04,PRD_LAP_02,Laptops,1,2973.5,141.6,UPI
TXN0008879,M002,C03063,2026-02-27 14:57:49,PRD_BRD_01,Bread,1,1158.28,55.16,UPI
TXN0009990,M001,C00355,2026-02-27 15:56:53,PRD_HOU_02,Household,2,432.65,41.2,UPI
TXN0005963,M012,C03143,2026-02-27 16:07:16,PRD_HOU_01,Household,1,420.59,20.03,CASH
TXN0000067,M012,C00848,2026-02-27 16:14:57,PRD_SNK_02,Snacks,1,1126.94,53.66,UPI
TXN0008331,M004,C03010,2026-02-27 16:46:01,PRD_ELE_01,Home Electronics,1,15750.0,750.0,CARD
TXN0003199,M042,C02625,2026-02-27 17:19:16,PRD_SNK_02,Snacks,1,410.18,19.53,UPI
TXN0004250,M030,C02696,2026-02-27 17:41:13,PRD_ELE_01,Home Electronics,1,15750.0,750.0,UPI
TXN0004272,M008,C01787,2026-02-27 17:45:20,PRD_COF_02,Coffee,2,280.0,391.57,UPI
TXN0000048,M013,C01865,2026-02-27 17:58:10,PRD_BRD_01,Bread,1,291.39,13.88,UPI
TXN0002643,M035,C01351,2026-02-27 18:14:01,PRD_CAB_02,Cables,1,589.88,28.09,UPI
TXN0001193,M002,C02060,2026-02-27 18:25:56,PRD_SNK_01,Snacks,3,113.6,16.23,UPI
TXN0003956,M018,C01872,2026-02-27 18:49:18,PRD_BEV_02,Beverages,1,575.02,27.38,UPI
TXN0000537,M046,C02544,2026-02-27 18:54:12,PRD_ESS_01,Daily Essentials,2,1239.0,118.0,UPI
TXN0004841,M001,C01590,2026-02-27 19:01:29,PRD_HOU_02,Household,1,340.32,16.21,WALLET
TXN0008339,M044,C00611,2026-02-27 19:10:15,PRD_KID_01,Kids,4,614.53,117.07,UPI
TXN0009673,M014,C02034,2026-02-27 19:13:46,PRD_BRD_02,Bread,1,848.6,40.41,UPI
TXN0002454,M006,C02091,2026-02-27 19:18:04,PRD_CAS_01,Cases,1,953.2,45.39,UPI
TXN0002940,M018,C00642,2026-02-27 19:28:39,PRD_SNK_02,Snacks,1,278.34,13.25,UPI
TXN0004657,M050,C00707,2026-02-27 19:30:00,PRD_BRD_01,Bread,1,490.74,23.37,CASH
TXN0003259,M029,C03240,2026-02-27 19:52:20,PRD_NOT_02,Notebooks,2,298.26,28.41,UPI
TXN0003074,M007,C03081,2026-02-27 20:16:16,PRD_SNK_01,Snacks,1,1177.72,56.08,UPI
TXN0007371,M038,C01126,2026-02-27 20:53:41,PRD_CAS_02,Cases,1,1217.82,57.99,UPI
TXN0004261,M046,C03415,2026-02-27 21:27:13,PRD_BEV_01,Beverages,1,579.37,27.59,UPI
TXN0004593,M030,C01070,2026-02-27 21:39:50,PRD_LAP_02,Laptops,1,15750.0,750.0,UPI
TXN0001888,M006,C00949,2026-02-27 22:14:44,PRD_EAR_01,Earphones,1,3150.0,150.0,WALLET
TXN0000519,M012,C00158,2026-02-28 08:10:29,PRD_BEV_02,Beverages,1,2310.0,110.0,UPI
TXN0006468,M021,C01895,2026-02-28 08:36:23,PRD_OFF_01,Office Supplies,1,326.32,15.54,UPI
TXN0005159,M018,C03356,2026-02-28 10:15:36,PRD_SNK_02,Snacks,2,560.91,53.42,UPI
TXN0009568,M038,C01503,2026-02-28 11:05:18,PRD_CAB_01,Cables,1,979.1,46.62,UPI
TXN0007214,M006,C02640,2026-02-28 15:27:06,PRD_CAB_02,Cables,1,672.18,32.01,UPI
TXN0000545,M020,C01300,2026-02-28 16:26:39,PRD_MOB_01,Mobiles,1,10692.75,509.18,CASH
TXN0000607,M003,C02734,2026-02-28 18:13:50,PRD_COF_02,Coffee,1,280.0,49.83,UPI
TXN0001454,M050,C01239,2026-02-28 18:17:18,PRD_SNK_01,Snacks,1,635.14,30.24,UPI
TXN0000630,M035,C03307,2026-02-28 18:36:47,PRD_CAB_02,Cables,1,1508.44,71.83,UPI
TXN0001433,M026,C00770,2026-02-28 18:41:37,PRD_TEA_01,Tea,1,266.88,12.71,UPI
TXN0008534,M029,C00060,2026-02-28 18:59:29,PRD_OFF_02,Office Supplies,1,873.41,41.59,UPI
TXN0006162,M026,C00558,2026-02-28 19:25:06,PRD_DES_01,Desserts,1,220.0,131.28,UPI
TXN0002041,M013,C00377,2026-02-28 19:35:55,PRD_CAK_02,Cakes,1,450.0,74.13,CARD
TXN0007270,M044,C03188,2026-02-28 19:36:04,PRD_MEN_01,Men,1,4680.92,222.9,UPI
TXN0004925,M050,C00428,2026-02-28 19:47:14,PRD_PAS_02,Pastries,1,285.89,13.61,UPI
TXN0007535,M029,C00138,2026-02-28 20:05:30,PRD_WRI_01,Writing,1,320.41,15.26,UPI
TXN0004884,M036,C02278,2026-02-28 20:38:34,PRD_BEV_02,Beverages,1,752.19,35.82,CARD
TXN0000156,M002,C03387,2026-02-28 20:42:53,PRD_CAK_01,Cakes,1,972.79,46.32,UPI
TXN0008967,M028,C01780,2026-02-28 21:06:57,PRD_CAS_02,Cases,1,450.0,89.29,UPI
TXN0000906,M029,C00935,2026-02-28 21:39:25,PRD_OFF_01,Office Supplies,1,402.29,19.16,UPI
TXN0004031,M001,C03075,2026-02-28 21:53:58,PRD_DAI_02,Dairy,1,739.47,35.21,UPI
TXN0002089,M025,C00630,2026-02-28 22:17:11,PRD_SNK_01,Snacks,2,423.2,40.3,WALLET
TXN0002457,M043,C03430,2026-02-28 22:40:33,PRD_PAS_02,Pastries,1,594.6,28.31,UPI
TXN0004442,M039,C01075,2026-02-28 22:48:46,PRD_WEL_01,Wellness,1,2317.56,110.36,CARD
TXN0001983,M050,C00098,2026-03-01 08:25:23,PRD_CAK_02,Cakes,1,450.0,138.2,UPI
TXN0003052,M045,C00741,2026-03-01 09:20:38,PRD_BEV_01,Beverages,1,218.66,10.41,UPI
TXN0002674,M035,C00340,2026-03-01 09:30:10,PRD_EAR_02,Earphones,1,2145.53,102.17,UPI
TXN0003954,M007,C00468,2026-03-01 10:07:45,PRD_HOU_01,Household,2,229.52,21.85,WALLET
TXN0002932,M031,C02930,2026-03-01 10:31:12,PRD_MOB_02,Mobiles,1,11999.0,3373.27,UPI
TXN0009617,M018,C01409,2026-03-01 11:00:21,PRD_MEA_01,Meals,1,220.0,80.08,WALLET
TXN0005734,M029,C00655,2026-03-01 12:46:21,PRD_OFF_02,Office Supplies,1,310.0,198.08,WALLET
TXN0003234,M035,C03491,2026-03-01 12:48:47,PRD_CAB_01,Cables,1,2667.05,127.0,UPI
TXN0008368,M019,C03112,2026-03-01 13:29:25,PRD_CHG_02,Chargers,1,2152.7,102.51,UPI
TXN0000896,M046,C00435,2026-03-01 14:09:03,PRD_BEV_01,Beverages,1,463.17,22.06,CARD
TXN0002161,M005,C00133,2026-03-01 14:42:37,PRD_ACC_02,Accessories,1,4264.14,203.05,CASH
TXN0009329,M034,C00120,2026-03-01 14:52:55,PRD_OFF_01,Office Supplies,3,324.53,46.35,UPI
TXN0000346,M019,C00887,2026-03-01 15:02:59,PRD_CHG_02,Chargers,1,999.0,639.77,UPI
TXN0008856,M028,C02106,2026-03-01 15:07:35,PRD_EAR_01,Earphones,4,1299.0,3775.9,UPI
TXN0000282,M014,C00403,2026-03-01 15:46:39,PRD_SNK_02,Snacks,1,1469.16,69.96,CARD
TXN0004946,M015,C01872,2026-03-01 15:53:41,PRD_CAK_01,Cakes,1,550.0,343.38,UPI
TXN0005741,M016,C02313,2026-03-01 16:12:30,PRD_SNK_02,Snacks,1,279.25,13.3,UPI
TXN0007684,M048,C00121,2026-03-01 16:14:05,PRD_EAR_01,Earphones,1,1299.0,320.55,CARD
TXN0000165,M005,C03116,2026-03-01 17:30:33,PRD_MOB_02,Mobiles,4,11999.0,40066.87,UPI
TXN0008200,M045,C03288,2026-03-01 17:33:29,PRD_BEV_01,Beverages,1,531.1,25.29,CARD
TXN0004514,M008,C01241,2026-03-01 17:51:33,PRD_DES_02,Desserts,2,180.0,70.65,CASH
TXN0009449,M037,C02212,2026-03-01 17:52:28,PRD_CAS_01,Cases,1,919.85,43.8,UPI
TXN0008067,M044,C00813,2026-03-01 17:53:48,PRD_MEN_02,Men,1,1199.0,736.49,UPI
TXN0009701,M002,C00422,2026-03-01 17:55:31,PRD_CAK_01,Cakes,1,812.82,38.71,WALLET
TXN0009270,M038,C01675,2026-03-01 17:58:52,PRD_EAR_02,Earphones,1,427.64,20.36,CASH
TXN0009412,M044,C00679,2026-03-01 18:03:46,PRD_KID_01,Kids,2,1823.83,173.69,UPI
TXN0000215,M047,C00929,2026-03-01 18:30:00,PRD_LAP_02,Laptops,2,4232.91,403.13,UPI
TXN0006884,M001,C00598,2026-03-01 18:53:50,PRD_STA_01,Staples,1,540.0,99.88,UPI
TXN0008514,M028,C03145,2026-03-01 18:55:21,PRD_CAS_02,Cases,1,663.91,31.61,UPI
TXN0004904,M030,C00542,2026-03-01 19:23:16,PRD_ACC_01,Accessories,1,6229.18,296.63,UPI
TXN0006956,M042,C01866,2026-03-01 19:35:03,PRD_BRD_02,Bread,1,697.05,33.19,UPI
TXN0006767,M016,C01261,2026-03-01 20:26:31,PRD_SNK_01,Snacks,1,360.41,17.16,UPI
TXN0003554,M014,C01622,2026-03-01 20:29:38,PRD_SNK_02,Snacks,1,1112.72,52.99,UPI
TXN0000596,M027,C02672,2026-03-01 21:30:18,PRD_ACC_01,Accessories,1,6560.07,312.38,UPI
TXN0001296,M036,C00274,2026-03-01 22:12:59,PRD_BEV_02,Beverages,2,150.74,14.36,CARD
TXN0006599,M006,C03491,2026-03-01 22:43:32,PRD_EAR_01,Earphones,1,1880.89,89.57,UPI
TXN0001901,M019,C00888,2026-03-02 08:17:36,PRD_CHG_02,Chargers,1,1128.15,53.72,UPI
TXN0007494,M037,C01876,2026-03-02 08:23:00,PRD_CAB_01,Cables,1,3339.0,159.0,UPI
TXN0005525,M008,C02565,2026-03-02 08:36:46,PRD_SNK_02,Snacks,2,225.0,386.4,UPI
TXN0001639,M004,C02311,2026-03-02 09:18:42,PRD_LAP_01,Laptops,1,4580.05,218.1,UPI
TXN0000608,M005,C02825,2026-03-02 13:01:59,PRD_ACC_02,Accessories,1,16695.0,795.0,CASH
TXN0007416,M048,C00862,2026-03-02 15:03:21,PRD_CAB_01,Cables,1,2854.82,135.94,UPI
TXN0009247,M004,C01729,2026-03-02 15:54:10,PRD_ACC_02,Accessories,2,1021.7,97.3,UPI
TXN0007266,M013,C02144,2026-03-02 16:05:11,PRD_PAS_01,Pastries,1,1335.6,63.6,CARD
TXN0006675,M007,C01292,2026-03-02 16:55:58,PRD_SNK_02,Snacks,1,670.86,31.95,UPI
TXN0000953,M026,C02985,2026-03-02 17:35:20,PRD_SNK_01,Snacks,1,294.36,14.02,WALLET
TXN0005165,M031,C01954,2026-03-02 17:39:36,PRD_ELE_02,Home Electronics,1,16695.0,795.0,UPI
TXN0008340,M033,C03282,2026-03-02 17:58:35,PRD_DAI_01,Dairy,1,1031.27,49.11,UPI
TXN0003162,M032,C00821,2026-03-02 17:59:54,PRD_BABY_02,Baby Care,1,2462.87,117.28,UPI
TXN0002448,M038,C03177,2026-03-02 18:12:11,PRD_CAB_01,Cables,1,925.66,44.08,CARD
TXN0005766,M049,C00472,2026-03-02 18:23:50,PRD_COF_02,Coffee,1,710.55,33.84,UPI
TXN0005050,M008,C01238,2026-03-02 18:33:26,PRD_TEA_01,Tea,1,240.0,121.73,CARD
TXN0001079,M036,C01821,2026-03-02 19:11:39,PRD_STA_02,Staples,1,1542.4,73.45,UPI
TXN0001584,M045,C01173,2026-03-02 19:33:17,PRD_DAI_01,Dairy,1,1841.36,87.68,UPI
TXN0005444,M009,C01137,2026-03-02 19:37:48,PRD_BABY_02,Baby Care,1,910.26,43.35,UPI
TXN0007641,M001,C02521,2026-03-02 19:42:16,PRD_HOU_01,Household,1,782.69,37.27,WALLET
TXN0005760,M026,C03440,2026-03-02 19:58:09,PRD_TEA_02,Tea,1,890.4,42.4,UPI
TXN0006288,M021,C02875,2026-03-02 20:13:48,PRD_NOT_01,Notebooks,1,900.89,42.9,CASH
TXN0006746,M035,C02553,2026-03-02 20:45:51,PRD_CHG_02,Chargers,1,999.0,165.24,UPI
TXN0001248,M019,C03461,2026-03-02 21:11:45,PRD_CAS_01,Cases,3,249.0,36.2,UPI
TXN0000365,M029,C00852,2026-03-02 21:34:37,PRD_ART_02,Art Supplies,1,175.0,87.81,UPI
TXN0001978,M042,C02324,2026-03-02 21:45:17,PRD_BRD_01,Bread,1,1078.45,51.35,UPI
TXN0002104,M002,C02022,2026-03-02 21:49:52,PRD_SNK_02,Snacks,1,300.91,14.33,UPI
TXN0003904,M025,C02624,2026-03-03 08:58:06,PRD_CAK_01,Cakes,1,574.54,27.36,UPI
TXN0003974,M035,C03240,2026-03-03 09:45:36,PRD_CHG_02,Chargers,1,2315.86,110.28,CARD
TXN0000341,M036,C01930,2026-03-03 10:56:22,PRD_DAI_01,Dairy,1,754.8,35.94,UPI
TXN0009433,M033,C00201,2026-03-03 11:05:15,PRD_SNK_02,Snacks,2,417.74,39.78,UPI
TXN0008439,M013,C01400,2026-03-03 11:19:51,PRD_CAK_01,Cakes,1,726.8,34.61,UPI
TXN0000145,M001,C00361,2026-03-03 11:40:00,PRD_SNK_02,Snacks,1,1207.95,57.52,UPI
TXN0007908,M029,C00796,2026-03-03 12:14:30,PRD_WRI_01,Writing,1,508.26,24.2,UPI
TXN0004462,M026,C03098,2026-03-03 12:30:05,PRD_DES_02,Desserts,1,340.43,16.21,UPI
TXN0002538,M019,C01776,2026-03-03 12:31:31,PRD_CAB_01,Cables,3,920.7,131.52,UPI
TXN0001286,M043,C03267,2026-03-03 13:18:44,PRD_BRD_02,Bread,1,766.46,36.5,CARD
TXN0005914,M011,C00496,2026-03-03 14:37:58,PRD_NOT_01,Notebooks,1,205.33,9.78,UPI
TXN0005276,M035,C01332,2026-03-03 15:53:44,PRD_CAS_02,Cases,1,793.89,37.8,UPI
TXN0008192,M046,C03400,2026-03-03 16:05:50,PRD_SNK_01,Snacks,1,2226.0,106.0,CASH
TXN0007596,M009,C02104,2026-03-03 17:25:47,PRD_PER_02,Personal Care,1,410.17,19.53,UPI
TXN0002647,M041,C02801,2026-03-03 17:33:17,PRD_SNK_01,Snacks,1,717.69,34.18,UPI
TXN0002625,M002,C00883,2026-03-03 17:33:26,PRD_SNK_02,Snacks,2,225.0,256.67,UPI
TXN0001813,M031,C00869,2026-03-03 18:06:58,PRD_ACC_01,Accessories,1,4819.22,229.49,UPI
TXN0000191,M016,C01630,2026-03-03 18:08:35,PRD_SNK_02,Snacks,1,225.0,91.98,UPI
TXN0009419,M027,C02286,2026-03-03 18:17:18,PRD_LAP_01,Laptops,1,5158.2,245.63,UPI
TXN0003319,M018,C00042,2026-03-03 18:28:51,PRD_MEA_02,Meals,2,250.0,248.81,UPI
TXN0000938,M013,C00322,2026-03-03 18:29:58,PRD_CAK_01,Cakes,1,1191.16,56.72,WALLET
TXN0002836,M041,C02268,2026-03-03 18:30:05,PRD_DES_02,Desserts,1,1669.5,79.5,UPI
TXN0003272,M003,C02415,2026-03-03 18:38:07,PRD_TEA_01,Tea,1,1050.67,50.03,UPI
TXN0006387,M007,C01244,2026-03-03 18:38:38,PRD_DAI_02,Dairy,1,1193.1,56.81,UPI
TXN0009205,M031,C00256,2026-03-03 18:56:50,PRD_ACC_01,Accessories,2,5117.5,487.38,UPI
TXN0006509,M030,C01737,2026-03-03 19:05:52,PRD_MOB_02,Mobiles,1,11999.0,6978.28,UPI
TXN0008424,M038,C03205,2026-03-03 19:06:14,PRD_CAS_01,Cases,1,2693.86,128.28,WALLET
TXN0008430,M041,C00453,2026-03-03 19:07:14,PRD_SNK_02,Snacks,2,335.92,31.99,UPI
TXN0008310,M039,C02287,2026-03-03 19:30:19,PRD_WEL_01,Wellness,1,782.27,37.25,CARD
TXN0001968,M029,C00632,2026-03-03 19:36:28,PRD_WRI_02,Writing,1,115.0,20.43,UPI
TXN0000307,M039,C00105,2026-03-03 19:41:08,PRD_WEL_01,Wellness,1,375.0,235.14,CARD
TXN0004184,M047,C02725,2026-03-03 19:42:30,PRD_ACC_02,Accessories,1,4041.53,192.45,UPI
TXN0009960,M033,C00443,2026-03-03 19:52:38,PRD_BEV_01,Beverages,2,765.24,72.88,UPI
TXN0008865,M019,C03280,2026-03-03 20:14:56,PRD_EAR_02,Earphones,1,722.76,34.42,UPI
TXN0001398,M046,C02558,2026-03-03 20:53:00,PRD_HOU_01,Household,1,853.66,40.65,UPI
TXN0009650,M040,C02221,2026-03-03 20:59:20,PRD_TEA_02,Tea,1,210.0,64.07,UPI
TXN0005487,M036,C01726,2026-03-03 21:10:03,PRD_BEV_01,Beverages,3,365.55,52.21,UPI
TXN0001699,M031,C02562,2026-03-03 21:45:23,PRD_MOB_02,Mobiles,1,11999.0,9339.02,UPI
TXN0001763,M009,C02259,2026-03-03 21:47:22,PRD_PER_01,Personal Care,3,358.3,51.2,UPI
TXN0003815,M005,C01566,2026-03-03 22:08:53,PRD_LAP_02,Laptops,2,8347.5,795.0,UPI
TXN0001110,M010,C01620,2026-03-03 22:19:33,PRD_DAI_01,Dairy,1,1548.88,73.76,UPI
TXN0002393,M011,C00787,2026-03-04 08:32:14,PRD_ART_02,Art Supplies,2,175.0,185.46,UPI
TXN0002862,M003,C03011,2026-03-04 08:32:59,PRD_COF_01,Coffee,1,380.0,176.1,WALLET
TXN0001886,M002,C03204,2026-03-04 10:48:42,PRD_PAS_02,Pastries,1,194.0,9.24,UPI
TXN0003719,M031,C02764,2026-03-04 12:18:11,PRD_MOB_01,Mobiles,1,6499.0,1272.79,UPI
TXN0009231,M016,C01905,2026-03-04 12:35:55,PRD_CAK_02,Cakes,2,450.0,614.17,UPI
TXN0004651,M003,C03039,2026-03-04 13:57:41,PRD_DES_01,Desserts,1,434.37,20.68,UPI
TXN0004840,M012,C02237,2026-03-04 15:03:22,PRD_ESS_02,Daily Essentials,1,358.0,17.05,UPI
TXN0002684,M008,C01379,2026-03-04 15:45:35,PRD_DES_01,Desserts,4,222.6,42.4,UPI
TXN0006923,M016,C01285,2026-03-04 15:53:19,PRD_BRD_02,Bread,1,703.38,33.49,UPI
TXN0008436,M015,C01090,2026-03-04 16:22:48,PRD_PAS_01,Pastries,2,198.08,18.86,UPI
TXN0001792,M034,C02013,2026-03-04 16:41:21,PRD_OFF_02,Office Supplies,2,310.0,332.56,UPI
TXN0001950,M019,C02331,2026-03-04 17:04:21,PRD_EAR_01,Earphones,1,1299.0,955.01,UPI
TXN0007698,M016,C02437,2026-03-04 17:09:51,PRD_SNK_02,Snacks,1,225.0,74.64,UPI
TXN0008697,M019,C03068,2026-03-04 17:50:03,PRD_CAB_01,Cables,1,1142.23,54.39,UPI
TXN0001701,M003,C02400,2026-03-04 18:20:54,PRD_DES_02,Desserts,2,180.0,100.75,CARD
TXN0008849,M003,C01001,2026-03-04 18:27:40,PRD_SNK_01,Snacks,1,1050.67,50.03,UPI
TXN0003646,M047,C01664,2026-03-04 18:36:07,PRD_ACC_02,Accessories,1,16695.0,795.0,UPI
TXN0009696,M042,C01691,2026-03-04 19:11:11,PRD_SNK_01,Snacks,1,277.35,13.21,UPI
TXN0009768,M001,C02488,2026-03-04 19:21:38,PRD_STA_02,Staples,1,374.23,17.82,UPI
TXN0008741,M024,C02866,2026-03-04 19:33:09,PRD_HOU_01,Household,1,1545.68,73.6,UPI
TXN0009459,M043,C02429,2026-03-04 19:47:23,PRD_CAK_02,Cakes,1,450.0,349.94,UPI
TXN0007848,M027,C00561,2026-03-04 19:48:37,PRD_ACC_01,Accessories,2,4749.41,452.32,CARD
TXN0004636,M026,C00528,2026-03-04 20:09:31,PRD_SNK_02,Snacks,1,367.05,17.48,UPI
TXN0002786,M036,C01632,2026-03-04 20:11:43,PRD_SNK_01,Snacks,2,188.7,17.97,UPI
TXN0006742,M027,C00547,2026-03-04 20:18:05,PRD_MOB_02,Mobiles,1,11999.0,3761.84,WALLET
TXN0009801,M049,C03436,2026-03-04 20:18:11,PRD_COF_01,Coffee,4,380.0,1285.79,UPI
TXN0000960,M050,C03230,2026-03-04 20:20:59,PRD_BRD_02,Bread,1,346.73,16.51,UPI
TXN0000882,M046,C01363,2026-03-04 20:31:06,PRD_SNK_01,Snacks,1,1790.83,85.28,UPI
TXN0000920,M001,C03497,2026-03-04 20:32:57,PRD_DAI_02,Dairy,1,1308.37,62.3,UPI
TXN0006522,M003,C02029,2026-03-04 20:35:14,PRD_COF_01,Coffee,1,487.65,23.22,UPI
TXN0002877,M030,C02696,2026-03-04 20:37:09,PRD_ACC_02,Accessories,1,3271.92,155.81,UPI
TXN0002882,M030,C03419,2026-03-04 21:13:57,PRD_ACC_01,Accessories,2,1781.03,169.62,UPI
TXN0009843,M031,C01565,2026-03-04 21:24:01,PRD_MOB_02,Mobiles,1,11999.0,6317.52,UPI
TXN0003669,M007,C01639,2026-03-04 22:11:23,PRD_HOU_01,Household,1,352.28,16.78,CARD
TXN0008502,M015,C01816,2026-03-05 08:19:10,PRD_BRD_02,Bread,1,908.52,43.26,UPI
TXN0000471,M014,C00004,2026-03-05 09:15:08,PRD_CAK_01,Cakes,1,1162.56,55.36,WALLET
TXN0006614,M041,C01045,2026-03-05 09:33:27,PRD_MEA_02,Meals,1,612.04,29.14,UPI
TXN0002855,M045,C00843,2026-03-05 11:52:08,PRD_BEV_01,Beverages,1,2003.4,95.4,UPI
TXN0007216,M029,C01225,2026-03-05 12:04:44,PRD_OFF_02,Office Supplies,1,1001.7,47.7,CARD
TXN0009780,M031,C02507,2026-03-05 13:34:51,PRD_ELE_01,Home Electronics,4,3220.34,613.4,WALLET
TXN0000486,M029,C02610,2026-03-05 13:45:54,PRD_NOT_02,Notebooks,1,917.88,43.71,UPI
TXN0001174,M037,C01177,2026-03-05 15:07:06,PRD_EAR_01,Earphones,1,1299.0,584.5,WALLET
TXN0008479,M050,C01797,2026-03-05 16:06:34,PRD_SNK_02,Snacks,1,225.0,62.83,UPI
TXN0009037,M045,C01864,2026-03-05 16:16:56,PRD_STA_01,Staples,1,2003.4,95.4,CASH
TXN0000373,M032,C03132,2026-03-05 16:27:38,PRD_BABY_02,Baby Care,1,1430.1,68.1,UPI
TXN0001410,M003,C03271,2026-03-05 16:41:25,PRD_COF_01,Coffee,2,380.0,647.48,CARD
TXN0008655,M012,C03004,2026-03-05 17:29:40,PRD_HOU_02,Household,1,861.44,41.02,CASH
TXN0003843,M007,C00906,2026-03-05 18:55:18,PRD_SNK_01,Snacks,1,250.48,11.93,UPI
TXN0007304,M031,C00786,2026-03-05 19:27:35,PRD_MOB_02,Mobiles,1,16253.23,773.96,UPI
TXN0008421,M026,C01802,2026-03-05 19:48:51,PRD_DES_01,Desserts,1,240.18,11.44,UPI
TXN0000802,M008,C01786,2026-03-05 20:04:51,PRD_SNK_02,Snacks,2,225.0,275.64,CASH
TXN0009029,M049,C01235,2026-03-05 20:07:11,PRD_TEA_01,Tea,1,241.15,11.48,UPI
TXN0000706,M031,C00065,2026-03-05 20:08:43,PRD_ACC_02,Accessories,1,9770.19,465.25,WALLET
TXN0006771,M006,C00313,2026-03-05 20:15:13,PRD_EAR_01,Earphones,2,1299.0,1965.38,UPI
TXN0001373,M032,C00445,2026-03-05 20:30:06,PRD_WEL_02,Wellness,1,311.54,14.84,UPI
TXN0002494,M043,C01991,2026-03-05 21:00:09,PRD_PAS_01,Pastries,2,788.0,75.04,UPI
TXN0006344,M048,C00060,2026-03-05 21:09:31,PRD_CAS_02,Cases,1,450.0,70.24,UPI
TXN0009851,M005,C00075,2026-03-05 21:57:55,PRD_MOB_01,Mobiles,2,6499.0,8829.8,UPI
TXN0006286,M001,C00875,2026-03-05 22:03:42,PRD_BEV_02,Beverages,1,592.7,28.22,WALLET
TXN0003515,M028,C02053,2026-03-05 22:19:56,PRD_CAS_01,Cases,1,1081.35,51.49,UPI
TXN0002328,M033,C02487,2026-03-05 22:52:02,PRD_DAI_02,Dairy,1,322.59,15.36,UPI
TXN0008933,M050,C01026,2026-03-06 08:24:32,PRD_PAS_01,Pastries,1,424.22,20.2,CARD
TXN0007880,M040,C00603,2026-03-06 11:24:54,PRD_COF_02,Coffee,1,280.0,73.74,UPI
TXN0001825,M047,C00454,2026-03-06 14:48:22,PRD_MOB_01,Mobiles,1,7427.28,353.68,CARD
TXN0000601,M002,C02245,2026-03-06 15:25:35,PRD_PAS_02,Pastries,1,821.56,39.12,WALLET
TXN0008126,M019,C00722,2026-03-06 16:00:22,PRD_CAS_01,Cases,2,1203.23,114.6,UPI
TXN0004901,M031,C01415,2026-03-06 16:02:42,PRD_ELE_02,Home Electronics,2,1099.0,304.19,CARD
TXN0000316,M044,C03074,2026-03-06 16:12:34,PRD_MEN_01,Men,1,1270.27,60.49,UPI
TXN0003003,M006,C03451,2026-03-06 16:48:46,PRD_EAR_02,Earphones,2,1669.5,159.0,UPI
TXN0008979,M036,C02321,2026-03-06 17:26:08,PRD_HOU_01,Household,1,2003.4,95.4,UPI
TXN0001725,M039,C00331,2026-03-06 17:36:33,PRD_MED_02,Medicine,1,2782.5,132.5,UPI
TXN0005208,M013,C01287,2026-03-06 17:49:18,PRD_BRD_01,Bread,2,395.93,37.7,UPI
TXN0003650,M041,C03341,2026-03-06 18:28:32,PRD_MEA_02,Meals,1,250.0,75.87,CARD
TXN0007593,M043,C03177,2026-03-06 18:59:37,PRD_BRD_01,Bread,1,1330.9,63.38,UPI
TXN0005912,M046,C02314,2026-03-06 19:12:33,PRD_HOU_02,Household,1,858.4,40.88,UPI
TXN0004726,M010,C03394,2026-03-06 19:37:02,PRD_SNK_01,Snacks,1,1081.86,51.52,UPI
TXN0000207,M010,C01159,2026-03-06 19:41:09,PRD_STA_02,Staples,2,245.0,300.27,CARD
TXN0003882,M026,C00117,2026-03-06 21:20:54,PRD_DES_01,Desserts,1,220.0,15.99,UPI
TXN0005445,M045,C01754,2026-03-06 21:38:54,PRD_HOU_02,Household,1,1570.96,74.81,UPI
TXN0004307,M046,C02481,2026-03-06 21:58:46,PRD_ESS_01,Daily Essentials,1,429.7,20.46,UPI
TXN0005627,M018,C00679,2026-03-06 22:24:32,PRD_DES_02,Desserts,1,206.01,9.81,UPI
TXN0000025,M001,C00620,2026-03-06 22:35:47,PRD_SNK_01,Snacks,1,2003.4,95.4,UPI
TXN0009056,M021,C00438,2026-03-06 22:58:15,PRD_OFF_02,Office Supplies,2,310.0,428.71,UPI
TXN0003858,M030,C03494,2026-03-07 08:49:05,PRD_ELE_01,Home Electronics,1,3454.7,164.51,UPI
TXN0000299,M003,C00704,2026-03-07 08:56:06,PRD_COF_02,Coffee,2,280.0,188.29,UPI
TXN0005403,M009,C00258,2026-03-07 08:59:07,PRD_WEL_01,Wellness,1,595.44,28.35,UPI
TXN0007332,M038,C01002,2026-03-07 11:48:44,PRD_EAR_02,Earphones,2,801.9,76.37,UPI
TXN0006947,M011,C01895,2026-03-07 12:08:45,PRD_NOT_01,Notebooks,1,160.0,25.01,UPI
TXN0002224,M004,C01661,2026-03-07 13:14:13,PRD_ACC_02,Accessories,1,2667.42,127.02,CARD
TXN0001021,M016,C03477,2026-03-07 15:16:10,PRD_SNK_01,Snacks,1,790.06,37.62,UPI
TXN0006945,M036,C01487,2026-03-07 15:49:18,PRD_HOU_02,Household,1,2203.74,104.94,UPI
TXN0000738,M040,C03468,2026-03-07 17:16:32,PRD_SNK_01,Snacks,2,181.84,17.32,CARD
TXN0009484,M050,C02838,2026-03-07 17:25:32,PRD_PAS_02,Pastries,1,380.59,18.12,UPI
TXN0006467,M036,C00500,2026-03-07 17:28:58,PRD_BEV_01,Beverages,3,359.95,51.42,UPI
TXN0007478,M027,C03397,2026-03-07 17:55:14,PRD_ELE_02,Home Electronics,1,11551.64,550.08,UPI
TXN0007621,M030,C03199,2026-03-07 18:05:24,PRD_ELE_01,Home Electronics,1,7660.34,364.78,UPI
TXN0009408,M049,C00323,2026-03-07 18:43:16,PRD_COF_02,Coffee,1,632.56,30.12,UPI
TXN0005018,M016,C02311,2026-03-07 18:58:46,PRD_PAS_01,Pastries,1,361.96,17.24,UPI
TXN0009446,M006,C01908,2026-03-07 19:19:07,PRD_CHG_02,Chargers,1,999.0,413.09,UPI
TXN0008867,M008,C03124,2026-03-07 19:20:19,PRD_SNK_01,Snacks,1,546.6,26.03,UPI
TXN0007974,M022,C02070,2026-03-07 19:27:20,PRD_WOM_02,Women,3,1499.0,3755.61,WALLET
TXN0000542,M042,C00308,2026-03-07 19:32:26,PRD_PAS_01,Pastries,1,309.41,14.73,UPI
TXN0001199,M040,C01004,2026-03-07 19:40:37,PRD_COF_02,Coffee,1,555.92,26.47,UPI
TXN0003418,M046,C02155,2026-03-07 20:01:41,PRD_HOU_01,Household,1,898.71,42.8,WALLET
TXN0004104,M029,C03444,2026-03-07 20:03:30,PRD_NOT_02,Notebooks,1,375.25,17.87,UPI
TXN0000361,M020,C02719,2026-03-07 20:36:29,PRD_LAP_01,Laptops,1,7693.93,366.38,UPI
TXN0000994,M013,C00785,2026-03-07 21:41:01,PRD_PAS_02,Pastries,1,1013.6,48.27,UPI
TXN0005649,M028,C01576,2026-03-07 21:47:58,PRD_CHG_01,Chargers,1,1183.37,56.35,UPI
TXN0003654,M039,C01252,2026-03-08 08:16:09,PRD_MED_02,Medicine,1,1303.1,62.05,UPI
TXN0003999,M018,C00573,2026-03-08 08:26:17,PRD_BEV_01,Beverages,1,555.49,26.45,UPI
TXN0001988,M008,C01631,2026-03-08 10:44:24,PRD_SNK_02,Snacks,1,225.0,64.87,UPI
TXN0003295,M044,C01648,2026-03-08 11:48:27,PRD_ACC_01,Accessories,1,4487.51,213.69,UPI
TXN0002876,M043,C02049,2026-03-08 12:14:21,PRD_CAK_02,Cakes,1,450.0,362.0,UPI
TXN0007246,M015,C01196,2026-03-08 12:25:39,PRD_SNK_01,Snacks,1,278.31,13.25,UPI
TXN0001449,M043,C00477,2026-03-08 13:21:29,PRD_CAK_02,Cakes,1,758.57,36.12,UPI
TXN0005794,M045,C00181,2026-03-08 14:30:01,PRD_SNK_01,Snacks,2,954.4,90.9,UPI
TXN0004653,M004,C00491,2026-03-08 16:39:53,PRD_LAP_02,Laptops,1,16218.44,772.31,CASH
TXN0009770,M029,C00299,2026-03-08 16:50:46,PRD_ART_01,Art Supplies,1,1039.5,49.5,UPI
TXN0002888,M039,C00546,2026-03-08 17:18:52,PRD_MED_02,Medicine,1,580.69,27.65,UPI
TXN0003283,M013,C01863,2026-03-08 17:24:54,PRD_SNK_01,Snacks,1,831.81,39.61,UPI
TXN0008053,M029,C03011,2026-03-08 17:27:30,PRD_WRI_02,Writing,1,474.05,22.57,UPI
TXN0009787,M032,C00211,2026-03-08 17:38:01,PRD_BABY_01,Baby Care,2,799.0,374.37,WALLET
TXN0008917,M006,C01412,2026-03-08 17:43:25,PRD_CAS_02,Cases,2,500.86,47.7,CARD
TXN0009642,M013,C02539,2026-03-08 17:47:22,PRD_PAS_01,Pastries,1,515.43,24.54,UPI
TXN0008602,M050,C02223,2026-03-08 18:01:01,PRD_PAS_02,Pastries,1,1386.0,66.0,UPI
TXN0009988,M016,C02756,2026-03-08 18:03:38,PRD_PAS_01,Pastries,1,445.0,21.19,UPI
TXN0009611,M030,C01426,2026-03-08 18:33:06,PRD_ELE_02,Home Electronics,1,4704.27,224.01,CASH
TXN0005157,M015,C00722,2026-03-08 18:51:33,PRD_SNK_01,Snacks,1,776.77,36.99,UPI
TXN0005423,M031,C02994,2026-03-08 18:52:42,PRD_ACC_02,Accessories,1,6182.35,294.4,UPI
TXN0003590,M044,C02921,2026-03-08 18:59:15,PRD_ACC_01,Accessories,1,644.64,30.7,UPI
TXN0001707,M049,C01336,2026-03-08 19:05:53,PRD_DES_02,Desserts,1,198.36,9.45,UPI
TXN0005601,M045,C01043,2026-03-08 19:14:33,PRD_BEV_01,Beverages,1,815.86,38.85,UPI
TXN0003092,M017,C02521,2026-03-08 19:35:25,PRD_ART_02,Art Supplies,1,353.39,16.83,UPI
TXN0000059,M016,C02018,2026-03-08 19:56:06,PRD_PAS_01,Pastries,1,483.88,23.04,UPI
TXN0006055,M021,C02692,2026-03-08 20:07:43,PRD_OFF_02,Office Supplies,1,310.0,226.11,CARD
TXN0008381,M014,C02171,2026-03-08 20:14:28,PRD_SNK_01,Snacks,1,238.06,11.34,UPI
TXN0006066,M044,C01645,2026-03-08 21:56:05,PRD_MEN_02,Men,1,3716.16,176.96,UPI
TXN0002377,M035,C01168,2026-03-08 22:00:36,PRD_EAR_01,Earphones,1,1299.0,433.63,UPI
TXN0003657,M043,C02829,2026-03-08 22:29:14,PRD_BRD_02,Bread,1,240.38,11.45,UPI
TXN0004805,M014,C00788,2026-03-08 22:30:05,PRD_BRD_01,Bread,1,1386.0,66.0,UPI
TXN0005271,M020,C01246,2026-03-08 22:58:25,PRD_MOB_02,Mobiles,1,11999.0,7447.77,UPI
TXN0004843,M016,C00045,2026-03-09 08:24:22,PRD_PAS_01,Pastries,1,1260.0,60.0,CARD
TXN0008222,M032,C01389,2026-03-09 12:10:52,PRD_WEL_02,Wellness,1,1061.48,50.55,UPI
TXN0006700,M029,C00531,2026-03-09 13:19:24,PRD_OFF_01,Office Supplies,2,175.0,66.59,CARD
TXN0005634,M012,C03120,2026-03-09 15:20:02,PRD_SNK_02,Snacks,1,1945.23,92.63,UPI
TXN0009709,M036,C02344,2026-03-09 15:57:15,PRD_HOU_01,Household,2,180.0,204.9,UPI
TXN0001929,M044,C02544,2026-03-09 16:34:00,PRD_WOM_02,Women,1,5250.0,250.0,UPI
TXN0001054,M011,C02561,2026-03-09 16:47:47,PRD_WRI_01,Writing,1,717.22,34.15,CARD
TXN0002547,M022,C00962,2026-03-09 18:36:58,PRD_MEN_02,Men,1,1199.0,391.51,UPI
TXN0007650,M035,C03045,2026-03-09 18:47:02,PRD_CHG_01,Chargers,1,1777.48,84.64,UPI
TXN0007595,M021,C03495,2026-03-09 18:50:50,PRD_WRI_02,Writing,1,394.89,18.8,UPI
TXN0002749,M013,C03085,2026-03-09 19:08:54,PRD_SNK_01,Snacks,1,775.49,36.93,CASH
TXN0004497,M047,C02265,2026-03-09 19:22:20,PRD_ACC_02,Accessories,1,5238.15,249.44,UPI
TXN0002353,M009,C00671,2026-03-09 19:28:02,PRD_BABY_01,Baby Care,1,799.0,70.5,WALLET
TXN0001293,M029,C01111,2026-03-09 19:56:24,PRD_WRI_02,Writing,1,206.25,9.82,UPI
TXN0006043,M023,C02333,2026-03-09 20:10:39,PRD_DES_01,Desserts,1,1220.48,58.12,UPI
TXN0004302,M009,C01804,2026-03-09 20:13:29,PRD_WEL_02,Wellness,1,1399.16,66.63,WALLET
TXN0007476,M050,C00115,2026-03-09 20:24:17,PRD_SNK_01,Snacks,1,816.49,38.88,UPI
TXN0001547,M031,C02916,2026-03-09 21:32:20,PRD_ELE_02,Home Electronics,1,5651.26,269.11,UPI
TXN0008054,M028,C00974,2026-03-09 21:43:38,PRD_CAB_01,Cables,1,615.6,29.31,UPI
TXN0005543,M046,C03010,2026-03-09 22:32:17,PRD_ESS_02,Daily Essentials,1,333.98,15.9,UPI
TXN0005082,M003,C02825,2026-03-09 22:57:38,PRD_TEA_01,Tea,1,474.08,22.58,UPI
TXN0008536,M014,C03034,2026-03-09 22:58:09,PRD_SNK_02,Snacks,1,628.71,29.94,CASH
TXN0005786,M049,C02366,2026-03-10 08:03:36,PRD_TEA_01,Tea,1,731.49,34.83,WALLET
TXN0004231,M036,C01027,2026-03-10 08:09:06,PRD_DAI_02,Dairy,1,891.52,42.45,CARD
TXN0004650,M001,C00269,2026-03-10 08:41:57,PRD_DAI_01,Dairy,1,99.27,4.73,CARD
TXN0004432,M039,C01788,2026-03-10 08:42:45,PRD_PER_02,Personal Care,1,815.4,38.83,UPI
TXN0003794,M034,C02797,2026-03-10 08:56:03,PRD_NOT_01,Notebooks,1,160.0,36.9,UPI
TXN0000705,M013,C02183,2026-03-10 11:50:01,PRD_BRD_02,Bread,2,142.31,13.56,CARD
TXN0007774,M049,C01529,2026-03-10 12:06:36,PRD_TEA_01,Tea,2,240.0,274.12,CASH
TXN0005643,M031,C00018,2026-03-10 12:11:06,PRD_MOB_02,Mobiles,1,11999.0,10282.05,UPI
TXN0004053,M050,C03171,2026-03-10 13:39:57,PRD_SNK_01,Snacks,1,374.81,17.85,UPI
TXN0006349,M029,C01868,2026-03-10 15:22:11,PRD_OFF_02,Office Supplies,1,936.31,44.59,CASH
TXN0000201,M033,C02466,2026-03-10 16:14:54,PRD_DAI_01,Dairy,2,384.49,36.62,UPI
TXN0000451,M026,C01116,2026-03-10 16:36:23,PRD_SNK_02,Snacks,1,225.0,34.46,UPI
TXN0008250,M032,C01111,2026-03-10 18:03:01,PRD_MED_01,Medicine,1,394.85,18.8,CARD
TXN0000431,M011,C01278,2026-03-10 18:10:12,PRD_OFF_02,Office Supplies,1,310.0,110.28,WALLET
TXN0004057,M006,C02092,2026-03-10 18:40:14,PRD_CAB_01,Cables,1,1358.08,64.67,UPI
TXN0000871,M021,C02438,2026-03-10 18:42:54,PRD_OFF_02,Office Supplies,1,464.42,22.12,CASH
TXN0005923,M005,C01815,2026-03-10 18:48:02,PRD_LAP_01,Laptops,2,1105.47,105.29,UPI
TXN0007037,M022,C03429,2026-03-10 18:48:39,PRD_MEN_02,Men,2,1199.0,543.57,UPI
TXN0004610,M046,C03386,2026-03-10 19:42:25,PRD_SNK_01,Snacks,1,461.98,22.0,UPI
TXN0007566,M002,C01026,2026-03-10 19:42:50,PRD_PAS_02,Pastries,1,607.56,28.93,UPI
TXN0006987,M030,C01580,2026-03-10 19:47:49,PRD_ELE_01,Home Electronics,1,4403.88,209.71,UPI
TXN0001099,M033,C02626,2026-03-10 20:04:58,PRD_SNK_02,Snacks,1,1059.6,50.46,UPI
TXN0008411,M011,C01833,2026-03-10 20:12:10,PRD_OFF_01,Office Supplies,1,193.43,9.21,CARD
TXN0001846,M016,C01678,2026-03-10 20:48:28,PRD_PAS_02,Pastries,1,1260.0,60.0,CARD
TXN0007633,M002,C02251,2026-03-10 21:01:12,PRD_CAK_01,Cakes,2,550.0,799.05,UPI
TXN0004445,M029,C00938,2026-03-10 21:32:20,PRD_OFF_02,Office Supplies,3,310.0,556.84,UPI
TXN0004358,M040,C02787,2026-03-10 22:27:52,PRD_DES_01,Desserts,1,220.0,26.93,UPI
TXN0006147,M011,C00447,2026-03-10 22:50:21,PRD_NOT_02,Notebooks,1,359.91,17.14,UPI
TXN0007472,M015,C00386,2026-03-11 08:15:24,PRD_CAK_01,Cakes,1,550.0,402.96,UPI
TXN0006414,M026,C02317,2026-03-11 09:10:25,PRD_COF_02,Coffee,1,455.23,21.68,UPI
TXN0009339,M007,C00070,2026-03-11 09:38:23,PRD_DAI_01,Dairy,1,1219.28,58.06,UPI
TXN0004349,M002,C00077,2026-03-11 10:30:57,PRD_BRD_02,Bread,1,140.0,17.29,UPI
TXN0009645,M004,C00083,2026-03-11 10:33:30,PRD_ELE_01,Home Electronics,1,7356.52,350.31,UPI
TXN0008312,M020,C03184,2026-03-11 11:08:55,PRD_ELE_02,Home Electronics,2,1671.84,159.22,CARD
TXN0001966,M018,C00173,2026-03-11 11:10:44,PRD_MEA_01,Meals,1,515.81,24.56,UPI
TXN0009165,M004,C02658,2026-03-11 12:45:36,PRD_ACC_02,Accessories,1,2266.74,107.94,UPI
TXN0000267,M006,C02384,2026-03-11 15:09:43,PRD_CAB_01,Cables,1,1155.38,55.02,UPI
TXN0006600,M021,C01170,2026-03-11 15:27:36,PRD_NOT_02,Notebooks,3,260.0,671.36,UPI
TXN0005933,M029,C01994,2026-03-11 16:51:02,PRD_NOT_01,Notebooks,1,183.07,8.72,UPI
TXN0003114,M017,C00755,2026-03-11 17:16:58,PRD_ART_02,Art Supplies,1,175.0,64.76,WALLET
TXN0008704,M008,C02783,2026-03-11 17:19:07,PRD_TEA_01,Tea,1,240.0,44.67,CARD
TXN0005843,M014,C02826,2026-03-11 17:59:50,PRD_PAS_02,Pastries,1,260.45,12.4,UPI
TXN0005003,M010,C01359,2026-03-11 18:05:58,PRD_HOU_01,Household,4,180.0,432.38,UPI
TXN0006315,M029,C02597,2026-03-11 18:19:00,PRD_NOT_02,Notebooks,1,811.23,38.63,UPI
TXN0003716,M035,C01830,2026-03-11 19:09:27,PRD_CHG_01,Chargers,2,699.0,790.96,UPI
TXN0000734,M018,C02518,2026-03-11 19:40:40,PRD_BEV_02,Beverages,1,385.61,18.36,UPI
TXN0001169,M016,C02295,2026-03-11 19:46:23,PRD_BRD_01,Bread,1,335.33,15.97,UPI
TXN0002209,M006,C02550,2026-03-11 20:00:44,PRD_CHG_02,Chargers,1,1681.02,80.05,UPI
TXN0009295,M049,C01779,2026-03-11 20:14:21,PRD_TEA_01,Tea,1,707.61,33.7,UPI
TXN0002529,M038,C01378,2026-03-11 20:21:26,PRD_EAR_02,Earphones,1,1524.03,72.57,UPI
TXN0009382,M029,C00390,2026-03-11 20:49:45,PRD_WRI_01,Writing,1,535.66,25.51,UPI
TXN0001704,M046,C00755,2026-03-11 20:56:37,PRD_SNK_02,Snacks,1,540.12,25.72,UPI
TXN0003781,M034,C01624,2026-03-11 20:59:28,PRD_OFF_01,Office Supplies,2,366.68,34.93,CARD
TXN0009931,M008,C02129,2026-03-11 21:03:48,PRD_DES_02,Desserts,3,180.0,199.14,UPI
TXN0003331,M040,C00366,2026-03-11 21:26:49,PRD_TEA_01,Tea,1,240.0,177.31,UPI
TXN0006514,M041,C02643,2026-03-11 21:51:07,PRD_SNK_02,Snacks,1,1575.0,75.0,WALLET
TXN0008930,M043,C00447,2026-03-11 22:18:12,PRD_PAS_01,Pastries,1,168.04,8.0,CARD
TXN0001452,M041,C02546,2026-03-12 09:06:39,PRD_MEA_02,Meals,1,893.09,42.53,UPI
TXN0009890,M047,C01750,2026-03-12 10:21:12,PRD_LAP_01,Laptops,2,5244.06,499.43,UPI
TXN0005735,M013,C00317,2026-03-12 10:57:25,PRD_PAS_02,Pastries,1,371.7,17.7,UPI
TXN0000942,M019,C00093,2026-03-12 13:06:45,PRD_CAB_01,Cables,1,1311.65,62.46,UPI
TXN0008765,M002,C00273,2026-03-12 13:07:20,PRD_CAK_02,Cakes,1,964.93,45.95,WALLET
TXN0006265,M010,C00309,2026-03-12 13:56:24,PRD_STA_01,Staples,1,540.0,200.5,UPI
TXN0004354,M043,C00096,2026-03-12 15:39:23,PRD_BRD_02,Bread,1,353.2,16.82,UPI
TXN0001638,M010,C00674,2026-03-12 16:07:07,PRD_SNK_01,Snacks,1,1532.58,72.98,CARD
TXN0003634,M047,C02546,2026-03-12 16:12:56,PRD_ACC_02,Accessories,2,7187.41,684.51,UPI
TXN0003204,M026,C00912,2026-03-12 16:35:51,PRD_SNK_01,Snacks,4,52.15,9.93,WALLET
TXN0002534,M005,C02522,2026-03-12 16:50:35,PRD_ACC_02,Accessories,1,8518.66,405.65,UPI
TXN0003390,M046,C01407,2026-03-12 17:29:07,PRD_ESS_01,Daily Essentials,1,478.43,22.78,UPI
TXN0005772,M006,C03051,2026-03-12 18:09:18,PRD_EAR_02,Earphones,1,1560.83,74.33,UPI
TXN0005530,M015,C03481,2026-03-12 18:23:46,PRD_PAS_01,Pastries,1,377.48,17.98,WALLET
TXN0004173,M030,C01203,2026-03-12 18:40:12,PRD_LAP_02,Laptops,1,3116.7,148.41,UPI
TXN0003972,M030,C00506,2026-03-12 18:51:48,PRD_MOB_01,Mobiles,2,6499.0,7909.98,UPI
TXN0009131,M010,C02709,2026-03-12 18:54:34,PRD_BEV_02,Beverages,1,609.28,29.01,CARD
TXN0000789,M050,C03069,2026-03-12 19:12:04,PRD_BRD_01,Bread,1,301.98,14.38,CARD
TXN0003440,M049,C01064,2026-03-12 19:25:15,PRD_DES_02,Desserts,1,266.93,12.71,UPI
TXN0007977,M008,C00765,2026-03-12 19:34:20,PRD_COF_01,Coffee,1,380.0,84.35,UPI
TXN0006704,M031,C00882,2026-03-12 19:56:40,PRD_ELE_02,Home Electronics,1,1099.0,67.53,UPI
TXN0001492,M001,C01161,2026-03-12 19:57:16,PRD_BEV_01,Beverages,1,1422.09,67.72,UPI
TXN0009713,M024,C01522,2026-03-12 20:11:39,PRD_HOU_02,Household,1,983.46,46.83,UPI
TXN0006065,M031,C01854,2026-03-12 20:19:00,PRD_ACC_01,Accessories,1,6191.03,294.81,UPI
TXN0008470,M004,C00830,2026-03-12 20:53:20,PRD_ELE_02,Home Electronics,1,2315.14,110.24,UPI
TXN0006049,M021,C02488,2026-03-12 21:16:54,PRD_OFF_01,Office Supplies,1,341.82,16.28,UPI
TXN0007746,M002,C03246,2026-03-12 22:51:34,PRD_PAS_02,Pastries,1,344.24,16.39,CASH
TXN0003471,M050,C01706,2026-03-13 10:46:20,PRD_BRD_01,Bread,1,1260.0,60.0,CASH
TXN0005513,M036,C01027,2026-03-13 11:00:45,PRD_HOU_02,Household,1,320.0,70.95,CARD
TXN0002884,M004,C00237,2026-03-13 11:05:18,PRD_LAP_01,Laptops,2,2158.61,205.59,UPI
TXN0009608,M050,C01364,2026-03-13 11:32:56,PRD_SNK_02,Snacks,1,225.0,39.48,UPI
TXN0007010,M016,C00295,2026-03-13 14:38:05,PRD_BRD_01,Bread,1,213.86,10.18,UPI
TXN0003088,M040,C02691,2026-03-13 15:06:41,PRD_TEA_02,Tea,1,774.84,36.9,CARD
TXN0006217,M046,C01220,2026-03-13 15:10:58,PRD_HOU_01,Household,1,922.38,43.92,UPI
TXN0007019,M005,C00485,2026-03-13 15:25:31,PRD_LAP_02,Laptops,1,3756.75,178.89,CARD
TXN0005280,M029,C01170,2026-03-13 16:43:24,PRD_OFF_01,Office Supplies,1,203.42,9.69,UPI
TXN0008109,M031,C00510,2026-03-13 17:17:47,PRD_ELE_02,Home Electronics,1,8911.07,424.34,UPI
TXN0008266,M034,C00237,2026-03-13 17:47:42,PRD_WRI_01,Writing,1,328.03,15.62,UPI
TXN0001175,M019,C00746,2026-03-13 17:54:29,PRD_CHG_02,Chargers,1,999.0,136.52,UPI
TXN0009656,M008,C01562,2026-03-13 18:01:36,PRD_TEA_01,Tea,1,462.7,22.03,WALLET
TXN0006212,M021,C00620,2026-03-13 18:32:12,PRD_ART_02,Art Supplies,2,193.8,18.46,UPI
TXN0007568,M020,C01868,2026-03-13 19:14:37,PRD_LAP_01,Laptops,1,2687.62,127.98,UPI
TXN0007272,M019,C00452,2026-03-13 19:36:25,PRD_CAB_02,Cables,1,3150.0,150.0,UPI
TXN0008137,M004,C01549,2026-03-13 19:48:08,PRD_LAP_01,Laptops,1,1840.21,87.63,UPI
TXN0003605,M039,C00963,2026-03-13 19:49:22,PRD_PER_02,Personal Care,1,1620.37,77.16,UPI
TXN0006416,M046,C01768,2026-03-13 19:56:54,PRD_BEV_01,Beverages,1,505.58,24.08,WALLET
TXN0008023,M010,C00456,2026-03-13 20:31:40,PRD_BEV_02,Beverages,1,676.87,32.23,CARD
TXN0009530,M044,C02339,2026-03-13 20:51:47,PRD_MEN_01,Men,1,1311.95,62.47,UPI
TXN0009533,M003,C03455,2026-03-13 20:58:09,PRD_SNK_02,Snacks,1,225.0,134.31,UPI
TXN0003556,M038,C02787,2026-03-13 21:03:08,PRD_CAB_01,Cables,1,2594.5,123.55,UPI
TXN0004744,M021,C02688,2026-03-13 21:12:36,PRD_ART_02,Art Supplies,1,945.0,45.0,UPI
TXN0000511,M005,C02426,2026-03-13 21:14:03,PRD_MOB_01,Mobiles,1,6499.0,2805.41,UPI
TXN0009296,M003,C01548,2026-03-13 21:17:06,PRD_DES_02,Desserts,1,366.59,17.46,CARD
TXN0006747,M029,C00857,2026-03-13 21:18:41,PRD_WRI_01,Writing,1,90.0,8.81,UPI
TXN0001826,M048,C00530,2026-03-13 21:19:29,PRD_CHG_02,Chargers,2,999.0,1595.95,UPI
TXN0003770,M047,C02799,2026-03-13 21:44:00,PRD_ELE_01,Home Electronics,1,10690.6,509.08,UPI
TXN0001068,M045,C01559,2026-03-13 22:18:27,PRD_SNK_02,Snacks,1,985.09,46.91,WALLET
TXN0006822,M037,C00753,2026-03-13 22:26:31,PRD_EAR_01,Earphones,1,2446.5,116.5,UPI
TXN0007705,M009,C00651,2026-03-14 09:10:43,PRD_PER_02,Personal Care,1,1909.98,90.95,WALLET
TXN0007050,M017,C02496,2026-03-14 09:13:01,PRD_NOT_01,Notebooks,4,259.88,49.52,CARD
TXN0002474,M048,C02534,2026-03-14 12:28:40,PRD_CAS_02,Cases,1,852.98,40.62,UPI
TXN0008327,M004,C00072,2026-03-14 13:34:48,PRD_ELE_01,Home Electronics,1,10734.75,511.18,UPI
TXN0006813,M029,C01892,2026-03-14 13:53:08,PRD_NOT_02,Notebooks,1,260.0,12.61,UPI
TXN0009964,M008,C02191,2026-03-14 15:10:56,PRD_SNK_01,Snacks,4,146.12,27.83,UPI
TXN0003561,M005,C03311,2026-03-14 15:16:23,PRD_MOB_02,Mobiles,1,11999.0,8376.92,UPI
TXN0005993,M006,C00259,2026-03-14 16:20:27,PRD_CHG_01,Chargers,1,699.0,36.63,UPI
TXN0005375,M013,C02900,2026-03-14 16:54:36,PRD_CAK_02,Cakes,1,1386.0,66.0,UPI
TXN0008157,M030,C03138,2026-03-14 17:31:22,PRD_ACC_01,Accessories,1,14028.28,668.01,UPI
TXN0009092,M050,C01496,2026-03-14 17:32:14,PRD_BRD_02,Bread,1,522.14,24.86,CARD
TXN0001113,M020,C01409,2026-03-14 18:19:00,PRD_LAP_01,Laptops,1,3279.12,156.15,UPI
TXN0007204,M014,C02977,2026-03-14 19:01:06,PRD_SNK_02,Snacks,1,257.47,12.26,UPI
TXN0005941,M045,C00514,2026-03-14 19:17:52,PRD_SNK_01,Snacks,1,100.03,4.76,UPI
TXN0004276,M041,C02563,2026-03-14 19:30:35,PRD_SNK_02,Snacks,1,586.19,27.91,CARD
TXN0009035,M020,C01527,2026-03-14 20:15:06,PRD_ACC_01,Accessories,1,9346.47,445.07,UPI
TXN0002516,M036,C00731,2026-03-14 20:21:43,PRD_DAI_02,Dairy,1,788.55,37.55,UPI
TXN0009098,M016,C02208,2026-03-14 20:45:49,PRD_PAS_01,Pastries,1,515.24,24.54,CARD
TXN0001413,M038,C02521,2026-03-14 21:36:56,PRD_CAB_02,Cables,1,3324.54,158.31,UPI
TXN0008400,M006,C01901,2026-03-14 22:57:49,PRD_CAS_01,Cases,4,269.37,51.29,WALLET
TXN0004392,M021,C00813,2026-03-15 08:50:02,PRD_NOT_02,Notebooks,1,260.0,81.55,UPI
TXN0002460,M001,C03463,2026-03-15 13:21:43,PRD_HOU_01,Household,1,618.0,29.43,UPI
TXN0009148,M046,C03023,2026-03-15 13:30:58,PRD_ESS_02,Daily Essentials,2,345.47,32.9,CARD
TXN0005153,M037,C02267,2026-03-15 14:54:55,PRD_CHG_01,Chargers,1,1975.85,94.09,CASH
TXN0004456,M035,C03182,2026-03-15 15:09:08,PRD_CAS_02,Cases,1,910.72,43.37,WALLET
TXN0005122,M026,C02225,2026-03-15 15:46:32,PRD_DES_01,Desserts,1,220.0,26.23,UPI
TXN0000891,M008,C00117,2026-03-15 15:53:22,PRD_SNK_02,Snacks,1,225.0,66.12,UPI
TXN0006112,M020,C00352,2026-03-15 17:39:45,PRD_ELE_01,Home Electronics,1,9572.09,455.81,UPI
TXN0007900,M012,C03180,2026-03-15 17:50:02,PRD_ESS_02,Daily Essentials,1,704.06,33.53,UPI
TXN0001222,M021,C02108,2026-03-15 17:54:11,PRD_NOT_01,Notebooks,1,495.02,23.57,UPI
TXN0004635,M047,C02636,2026-03-15 18:20:26,PRD_ELE_02,Home Electronics,2,3020.8,287.69,UPI
TXN0007891,M012,C00309,2026-03-15 18:26:41,PRD_SNK_01,Snacks,1,433.9,20.66,UPI
TXN0002487,M042,C01623,2026-03-15 18:29:57,PRD_BRD_02,Bread,1,957.08,45.58,UPI
TXN0009345,M011,C02659,2026-03-15 19:03:07,PRD_NOT_01,Notebooks,2,160.0,60.04,UPI
TXN0000085,M026,C01850,2026-03-15 20:01:37,PRD_COF_02,Coffee,1,924.0,44.0,UPI
TXN0003511,M003,C02631,2026-03-15 20:09:46,PRD_DES_01,Desserts,2,220.0,93.27,UPI
TXN0007365,M001,C02785,2026-03-15 20:23:23,PRD_SNK_02,Snacks,1,1015.96,48.38,WALLET
TXN0002242,M013,C03472,2026-03-15 21:18:11,PRD_SNK_01,Snacks,1,1386.0,66.0,UPI
TXN0002252,M045,C00731,2026-03-15 21:22:20,PRD_SNK_02,Snacks,1,436.11,20.77,CARD
TXN0007885,M030,C01862,2026-03-15 21:23:16,PRD_ACC_01,Accessories,1,3776.49,179.83,UPI
TXN0003168,M029,C00274,2026-03-15 21:58:31,PRD_WRI_02,Writing,1,527.87,25.14,UPI
TXN0001648,M032,C03168,2026-03-15 22:09:38,PRD_WEL_01,Wellness,2,1076.34,102.51,UPI
TXN0005517,M041,C01496,2026-03-15 22:30:23,PRD_SNK_02,Snacks,4,225.0,768.0,WALLET
TXN0003949,M008,C00843,2026-03-15 22:33:11,PRD_COF_01,Coffee,1,493.43,23.5,UPI
TXN0008108,M046,C03241,2026-03-15 22:48:25,PRD_HOU_02,Household,1,523.31,24.92,UPI
TXN0004890,M009,C02329,2026-03-16 08:14:39,PRD_MED_01,Medicine,1,2625.0,125.0,UPI
TXN0000211,M031,C02081,2026-03-16 08:22:38,PRD_ACC_02,Accessories,2,4670.12,444.78,UPI
TXN0000781,M033,C02950,2026-03-16 08:31:39,PRD_DAI_01,Dairy,1,1389.34,66.16,UPI
TXN0000343,M047,C03037,2026-03-16 09:49:15,PRD_LAP_02,Laptops,2,1800.25,171.45,UPI
TXN0008921,M003,C01643,2026-03-16 10:51:56,PRD_SNK_01,Snacks,1,228.29,10.87,UPI
TXN0009246,M046,C01611,2026-03-16 11:07:41,PRD_HOU_02,Household,1,946.61,45.08,UPI
TXN0006554,M002,C02236,2026-03-16 11:15:39,PRD_CAK_01,Cakes,1,627.34,29.87,CASH
TXN0007166,M018,C01380,2026-03-16 11:24:47,PRD_SNK_02,Snacks,1,776.73,36.99,UPI
TXN0008919,M031,C00348,2026-03-16 14:02:40,PRD_MOB_01,Mobiles,1,6499.0,1359.6,UPI
TXN0002187,M004,C02989,2026-03-16 14:29:08,PRD_ELE_02,Home Electronics,3,1099.0,852.88,UPI
TXN0001473,M008,C01458,2026-03-16 14:59:58,PRD_DES_01,Desserts,1,238.1,11.34,CARD
TXN0003185,M003,C02868,2026-03-16 15:05:41,PRD_TEA_02,Tea,1,210.0,76.78,UPI
TXN0002649,M003,C00550,2026-03-16 15:40:55,PRD_DES_01,Desserts,1,220.0,16.18,UPI
TXN0001538,M040,C00051,2026-03-16 15:48:03,PRD_SNK_02,Snacks,1,372.77,17.75,UPI
TXN0001262,M036,C00450,2026-03-16 15:50:21,PRD_DAI_01,Dairy,1,253.97,12.09,UPI
TXN0004084,M022,C01220,2026-03-16 16:21:56,PRD_MEN_02,Men,2,1420.46,135.28,UPI
TXN0007750,M028,C00454,2026-03-16 16:48:39,PRD_CHG_01,Chargers,4,699.0,1928.5,UPI
TXN0009968,M007,C02777,2026-03-16 17:42:46,PRD_HOU_02,Household,1,486.51,23.17,UPI
TXN0001312,M011,C00830,2026-03-16 18:46:45,PRD_OFF_01,Office Supplies,1,215.8,10.28,UPI
TXN0007495,M044,C00717,2026-03-16 19:40:23,PRD_KID_02,Kids,1,5250.0,250.0,WALLET
TXN0000603,M003,C00896,2026-03-16 19:40:44,PRD_TEA_01,Tea,2,240.0,293.61,UPI
TXN0006264,M049,C02648,2026-03-16 20:48:45,PRD_SNK_02,Snacks,1,566.54,26.98,CARD
TXN0006013,M009,C02421,2026-03-16 21:32:23,PRD_WEL_01,Wellness,1,505.6,24.08,UPI
TXN0002515,M009,C00598,2026-03-16 21:40:20,PRD_WEL_02,Wellness,3,583.13,83.31,CARD
TXN0009806,M003,C03446,2026-03-16 22:37:45,PRD_SNK_01,Snacks,2,207.65,19.77,UPI
TXN0000407,M036,C03414,2026-03-16 22:56:35,PRD_HOU_02,Household,1,962.99,45.86,UPI
TXN0009117,M026,C01466,2026-03-17 09:42:42,PRD_DES_01,Desserts,1,220.0,29.34,UPI
TXN0002275,M029,C01706,2026-03-17 11:28:28,PRD_NOT_02,Notebooks,1,260.0,28.23,UPI
TXN0006353,M021,C03482,2026-03-17 12:08:34,PRD_OFF_01,Office Supplies,1,251.61,11.98,CASH
TXN0009887,M026,C03031,2026-03-17 13:07:17,PRD_COF_02,Coffee,1,280.0,14.67,UPI
TXN0006088,M018,C01829,2026-03-17 15:13:51,PRD_SNK_01,Snacks,1,217.12,10.34,UPI
TXN0000688,M050,C00957,2026-03-17 16:12:42,PRD_CAK_02,Cakes,1,450.0,197.76,UPI
TXN0005834,M034,C01966,2026-03-17 16:52:14,PRD_NOT_01,Notebooks,1,945.0,45.0,CASH
TXN0002713,M013,C02761,2026-03-17 17:23:51,PRD_SNK_02,Snacks,1,408.41,19.45,UPI
TXN0003275,M033,C01470,2026-03-17 17:35:14,PRD_STA_01,Staples,1,540.0,286.05,WALLET
TXN0004388,M045,C03408,2026-03-17 17:41:14,PRD_DAI_02,Dairy,2,544.63,51.87,CASH
TXN0000935,M036,C03077,2026-03-17 17:46:37,PRD_SNK_01,Snacks,1,649.26,30.92,UPI
TXN0004859,M008,C02225,2026-03-17 18:02:26,PRD_COF_02,Coffee,2,280.0,176.48,UPI
TXN0007545,M027,C00586,2026-03-17 18:22:41,PRD_ELE_01,Home Electronics,1,18585.0,885.0,UPI
TXN0000443,M003,C00020,2026-03-17 18:37:16,PRD_COF_02,Coffee,1,280.0,209.2,CARD
TXN0005308,M034,C03089,2026-03-17 19:13:51,PRD_NOT_01,Notebooks,2,220.41,20.99,CASH
TXN0009590,M001,C00242,2026-03-17 19:25:16,PRD_BEV_02,Beverages,1,1208.17,57.53,UPI
TXN0004910,M031,C02222,2026-03-17 19:43:41,PRD_LAP_01,Laptops,1,5996.75,285.56,UPI
TXN0002981,M035,C02983,2026-03-17 19:50:12,PRD_CAS_02,Cases,1,3150.0,150.0,UPI
TXN0001597,M011,C00078,2026-03-17 19:53:55,PRD_NOT_01,Notebooks,1,160.0,72.41,UPI
TXN0007543,M018,C01811,2026-03-17 20:13:06,PRD_MEA_02,Meals,1,1575.0,75.0,WALLET
TXN0004274,M007,C02800,2026-03-17 20:19:48,PRD_STA_01,Staples,1,540.0,161.07,UPI
TXN0006559,M043,C00422,2026-03-17 20:19:56,PRD_CAK_02,Cakes,1,1486.8,70.8,WALLET
TXN0005300,M047,C02061,2026-03-17 20:20:43,PRD_LAP_01,Laptops,1,7359.74,350.46,UPI
TXN0009010,M002,C00839,2026-03-17 20:50:24,PRD_PAS_02,Pastries,1,688.72,32.8,UPI
TXN0000306,M047,C01192,2026-03-17 20:51:48,PRD_ACC_01,Accessories,1,4095.22,195.01,UPI
TXN0002315,M039,C00862,2026-03-17 21:07:31,PRD_BABY_02,Baby Care,1,530.97,25.28,CASH
TXN0003374,M019,C02604,2026-03-17 21:33:33,PRD_CHG_01,Chargers,1,699.0,260.39,UPI
TXN0006942,M037,C02730,2026-03-17 21:37:36,PRD_EAR_02,Earphones,1,3717.0,177.0,UPI
TXN0003706,M025,C03443,2026-03-17 21:38:27,PRD_BRD_01,Bread,1,1125.15,53.58,CASH
TXN0008221,M026,C03019,2026-03-17 21:43:50,PRD_TEA_02,Tea,1,210.0,106.82,UPI
TXN0002479,M039,C02808,2026-03-18 11:12:57,PRD_WEL_01,Wellness,1,375.0,146.51,WALLET
TXN0004818,M030,C00785,2026-03-18 12:04:59,PRD_LAP_02,Laptops,1,2584.85,123.09,UPI
TXN0006098,M029,C03107,2026-03-18 13:23:39,PRD_NOT_01,Notebooks,1,755.97,36.0,UPI
TXN0000918,M033,C02170,2026-03-18 14:07:07,PRD_DAI_02,Dairy,4,122.76,23.37,CASH
TXN0003823,M004,C03382,2026-03-18 15:03:35,PRD_ELE_01,Home Electronics,2,3382.57,322.15,UPI
TXN0008362,M047,C02576,2026-03-18 15:58:03,PRD_ELE_02,Home Electronics,1,3202.23,152.49,UPI
TXN0003461,M041,C02886,2026-03-18 16:27:30,PRD_SNK_01,Snacks,1,1420.47,67.64,CARD
TXN0004926,M011,C01167,2026-03-18 16:27:34,PRD_OFF_02,Office Supplies,1,342.09,16.29,UPI
TXN0006145,M002,C01793,2026-03-18 16:28:38,PRD_PAS_01,Pastries,2,147.58,14.06,CASH
TXN0000584,M021,C01908,2026-03-18 16:30:44,PRD_ART_02,Art Supplies,2,175.0,172.42,CASH
TXN0008025,M005,C03178,2026-03-18 17:10:51,PRD_ACC_01,Accessories,1,2266.08,107.91,UPI
TXN0002756,M008,C01791,2026-03-18 17:25:57,PRD_SNK_02,Snacks,1,478.03,22.76,UPI
TXN0008916,M005,C00986,2026-03-18 17:56:45,PRD_ELE_01,Home Electronics,1,12536.25,596.96,UPI
TXN0009604,M031,C03010,2026-03-18 18:02:35,PRD_MOB_02,Mobiles,2,11999.0,16452.9,UPI
TXN0006567,M003,C03500,2026-03-18 18:37:49,PRD_COF_01,Coffee,2,380.0,565.48,UPI
TXN0008710,M019,C00825,2026-03-18 18:45:41,PRD_EAR_02,Earphones,1,587.72,27.99,UPI
TXN0000138,M016,C02936,2026-03-18 18:48:50,PRD_CAK_01,Cakes,1,550.0,208.84,WALLET
TXN0003404,M043,C00265,2026-03-18 19:48:30,PRD_BRD_02,Bread,1,504.93,24.04,UPI
TXN0006063,M013,C02864,2026-03-18 20:10:21,PRD_PAS_01,Pastries,1,838.05,39.91,UPI
TXN0000460,M046,C01700,2026-03-18 20:27:35,PRD_ESS_02,Daily Essentials,2,327.25,31.17,UPI
TXN0002745,M002,C03142,2026-03-18 20:28:47,PRD_BRD_01,Bread,1,1260.0,60.0,UPI
TXN0001144,M026,C03419,2026-03-18 20:57:37,PRD_SNK_02,Snacks,1,802.64,38.22,CARD
TXN0008343,M026,C02168,2026-03-18 21:15:34,PRD_COF_01,Coffee,1,380.0,319.64,UPI
TXN0004247,M006,C01265,2026-03-18 22:33:35,PRD_CAS_02,Cases,1,1495.14,71.2,UPI
TXN0009074,M015,C02267,2026-03-19 08:32:26,PRD_SNK_01,Snacks,2,614.2,58.5,UPI
TXN0003617,M009,C02491,2026-03-19 09:07:47,PRD_PER_02,Personal Care,1,1241.16,59.1,UPI
TXN0008705,M048,C02676,2026-03-19 09:22:40,PRD_CAS_01,Cases,2,1575.0,150.0,UPI
TXN0005732,M030,C00341,2026-03-19 09:31:21,PRD_ACC_02,Accessories,1,4107.63,195.6,WALLET
TXN0006421,M044,C03343,2026-03-19 09:51:28,PRD_KID_01,Kids,1,5250.0,250.0,UPI
TXN0000946,M045,C00535,2026-03-19 09:52:49,PRD_BEV_02,Beverages,1,441.93,21.04,UPI
TXN0002431,M036,C02660,2026-03-19 10:30:41,PRD_BEV_01,Beverages,1,1890.0,90.0,UPI
TXN0005062,M001,C00121,2026-03-19 11:20:55,PRD_HOU_02,Household,1,320.0,48.57,UPI
TXN0009728,M018,C01439,2026-03-19 11:59:24,PRD_DES_01,Desserts,1,220.0,100.0,UPI
TXN0005441,M013,C01489,2026-03-19 12:28:36,PRD_PAS_02,Pastries,1,670.98,31.95,UPI
TXN0002260,M002,C02858,2026-03-19 13:47:24,PRD_CAK_01,Cakes,1,1037.14,49.39,UPI
TXN0000433,M026,C00790,2026-03-19 15:40:09,PRD_COF_02,Coffee,1,280.0,125.28,UPI
TXN0004463,M046,C01570,2026-03-19 15:53:39,PRD_SNK_01,Snacks,1,489.5,23.31,UPI
TXN0004869,M017,C00124,2026-03-19 15:54:31,PRD_OFF_02,Office Supplies,2,310.0,514.26,UPI
TXN0000834,M026,C01615,2026-03-19 16:47:28,PRD_DES_01,Desserts,2,220.0,352.36,UPI
TXN0005411,M038,C01666,2026-03-19 17:01:37,PRD_EAR_02,Earphones,1,736.87,35.09,CARD
TXN0000284,M005,C01059,2026-03-19 17:58:24,PRD_ACC_01,Accessories,1,3098.29,147.54,UPI
TXN0006663,M037,C02684,2026-03-19 18:08:48,PRD_CHG_02,Chargers,1,2040.29,97.16,CASH
TXN0005616,M037,C01022,2026-03-19 18:11:20,PRD_CAS_01,Cases,4,771.32,146.91,UPI
TXN0000987,M020,C00990,2026-03-19 18:35:37,PRD_MOB_02,Mobiles,1,11999.0,6203.3,UPI
TXN0000419,M050,C00570,2026-03-19 18:37:44,PRD_BRD_01,Bread,1,1260.0,60.0,CARD
TXN0009814,M039,C02816,2026-03-19 19:43:18,PRD_WEL_02,Wellness,1,470.1,22.39,UPI
TXN0007549,M019,C02802,2026-03-19 19:44:52,PRD_CHG_01,Chargers,2,699.0,196.06,UPI
TXN0009105,M019,C02978,2026-03-19 19:51:02,PRD_CHG_02,Chargers,1,2402.23,114.39,CARD
TXN0003096,M014,C00651,2026-03-19 19:53:35,PRD_BRD_01,Bread,1,221.0,10.52,CASH
TXN0009592,M013,C00234,2026-03-19 20:03:04,PRD_BRD_02,Bread,1,1260.0,60.0,UPI
TXN0005806,M050,C02650,2026-03-19 20:06:07,PRD_CAK_01,Cakes,1,550.0,61.57,CARD
TXN0009470,M026,C00133,2026-03-19 20:19:06,PRD_COF_02,Coffee,2,280.0,240.01,UPI
TXN0004710,M016,C01332,2026-03-19 20:20:51,PRD_CAK_01,Cakes,1,550.0,311.45,UPI
TXN0006924,M026,C03140,2026-03-19 20:43:55,PRD_TEA_02,Tea,1,443.11,21.1,UPI
TXN0001636,M016,C01232,2026-03-19 21:18:11,PRD_CAK_01,Cakes,1,550.0,144.13,UPI
TXN0009323,M028,C00048,2026-03-19 21:30:26,PRD_CAS_02,Cases,1,952.57,45.36,UPI
TXN0000107,M020,C02093,2026-03-19 21:45:45,PRD_ACC_01,Accessories,1,6243.93,297.33,CARD
TXN0003274,M036,C00330,2026-03-19 21:55:14,PRD_BEV_02,Beverages,1,457.4,21.78,CARD
TXN0008748,M001,C00180,2026-03-19 22:08:44,PRD_HOU_01,Household,3,336.0,48.0,CARD
TXN0004203,M038,C00210,2026-03-20 08:08:04,PRD_EAR_02,Earphones,1,1099.3,52.35,CARD
TXN0004645,M036,C02266,2026-03-20 08:52:16,PRD_SNK_01,Snacks,1,826.77,39.37,UPI
TXN0001221,M031,C02436,2026-03-20 09:03:10,PRD_ACC_02,Accessories,1,6814.01,324.48,UPI
TXN0000652,M031,C00783,2026-03-20 10:04:10,PRD_LAP_01,Laptops,1,6108.95,290.9,UPI
TXN0001831,M049,C02291,2026-03-20 12:45:13,PRD_TEA_02,Tea,1,210.0,121.11,UPI
TXN0007955,M050,C01352,2026-03-20 15:25:14,PRD_PAS_01,Pastries,1,164.57,7.84,UPI
TXN0007818,M035,C00184,2026-03-20 15:27:18,PRD_CAB_02,Cables,1,928.47,44.21,UPI
TXN0000052,M021,C00706,2026-03-20 16:16:19,PRD_NOT_01,Notebooks,1,160.0,72.66,UPI
TXN0001558,M038,C02770,2026-03-20 17:28:30,PRD_CAB_02,Cables,1,1534.96,73.09,UPI
TXN0006909,M006,C00520,2026-03-20 17:53:11,PRD_CHG_01,Chargers,1,1663.85,79.23,WALLET
TXN0009901,M006,C02124,2026-03-20 18:37:03,PRD_CHG_02,Chargers,1,999.0,123.35,UPI
TXN0006375,M030,C03317,2026-03-20 18:50:37,PRD_ELE_01,Home Electronics,1,3122.28,148.68,UPI
TXN0002727,M021,C01292,2026-03-20 19:09:55,PRD_ART_02,Art Supplies,2,175.0,294.06,UPI
TXN0002946,M001,C02882,2026-03-20 19:20:17,PRD_HOU_01,Household,1,1890.0,90.0,CASH
TXN0007723,M014,C02344,2026-03-20 19:57:27,PRD_CAK_02,Cakes,1,450.0,222.58,UPI
TXN0003207,M014,C00240,2026-03-20 20:06:36,PRD_PAS_01,Pastries,1,416.27,19.82,UPI
TXN0001306,M047,C02823,2026-03-20 20:16:21,PRD_MOB_02,Mobiles,1,11999.0,6728.56,WALLET
TXN0009667,M006,C00585,2026-03-20 20:36:22,PRD_CAB_01,Cables,1,299.0,46.36,UPI
TXN0004711,M043,C00504,2026-03-20 20:44:53,PRD_BRD_02,Bread,1,548.14,26.1,UPI
TXN0005642,M017,C00464,2026-03-20 20:54:04,PRD_OFF_01,Office Supplies,1,254.29,12.11,WALLET
TXN0004986,M008,C01172,2026-03-20 21:03:14,PRD_DES_02,Desserts,1,605.69,28.84,UPI
TXN0003099,M036,C02331,2026-03-20 21:04:05,PRD_DAI_01,Dairy,1,894.73,42.61,UPI
TXN0003091,M038,C01194,2026-03-20 21:09:45,PRD_CHG_02,Chargers,1,3717.0,177.0,UPI
TXN0003806,M028,C01556,2026-03-20 21:12:01,PRD_CAS_01,Cases,1,466.09,22.19,UPI
TXN0007992,M030,C01712,2026-03-20 21:12:03,PRD_ELE_02,Home Electronics,1,4337.94,206.57,UPI
TXN0007618,M042,C00165,2026-03-20 21:39:25,PRD_PAS_01,Pastries,2,143.49,13.67,UPI
TXN0008605,M018,C02990,2026-03-21 10:21:19,PRD_DES_02,Desserts,1,1368.78,65.18,CASH
TXN0000798,M031,C03427,2026-03-21 11:33:21,PRD_MOB_01,Mobiles,1,6499.0,2488.62,UPI
TXN0004024,M021,C02148,2026-03-21 17:03:09,PRD_ART_02,Art Supplies,1,284.24,13.54,UPI
TXN0004640,M021,C00145,2026-03-21 17:05:32,PRD_NOT_01,Notebooks,1,437.45,20.83,UPI
TXN0002426,M029,C00175,2026-03-21 17:30:21,PRD_NOT_02,Notebooks,2,260.0,216.23,UPI
TXN0003419,M011,C03482,2026-03-21 18:14:00,PRD_WRI_01,Writing,1,470.48,22.4,UPI
TXN0001939,M004,C01634,2026-03-21 18:20:43,PRD_ELE_02,Home Electronics,1,1508.26,71.82,UPI
TXN0001070,M045,C00136,2026-03-21 18:45:59,PRD_SNK_01,Snacks,2,462.38,44.03,UPI
TXN0002623,M009,C02205,2026-03-21 19:07:42,PRD_PER_02,Personal Care,1,890.42,42.4,CARD
TXN0006611,M049,C03412,2026-03-21 19:10:58,PRD_DES_01,Desserts,1,344.8,16.42,UPI
TXN0006067,M006,C03500,2026-03-21 19:13:33,PRD_EAR_02,Earphones,1,1938.96,92.33,UPI
TXN0002028,M039,C00742,2026-03-21 19:33:06,PRD_PER_01,Personal Care,1,3407.25,162.25,CARD
TXN0007538,M033,C03240,2026-03-21 20:12:17,PRD_BEV_02,Beverages,1,1185.66,56.46,WALLET
TXN0007516,M002,C02002,2026-03-21 20:19:10,PRD_SNK_01,Snacks,1,975.05,46.43,WALLET
TXN0000569,M016,C01473,2026-03-21 20:27:00,PRD_BRD_02,Bread,1,713.57,33.98,UPI
TXN0009400,M004,C00775,2026-03-21 20:37:47,PRD_ELE_01,Home Electronics,1,10764.37,512.59,UPI
TXN0005347,M003,C01723,2026-03-21 22:54:50,PRD_SNK_02,Snacks,1,225.0,45.31,UPI
TXN0008378,M008,C00688,2026-03-22 08:14:16,PRD_COF_01,Coffee,1,787.73,37.51,UPI
TXN0007855,M022,C03273,2026-03-22 08:43:58,PRD_MEN_02,Men,1,1199.0,66.66,UPI
TXN0002465,M019,C00918,2026-03-22 13:08:30,PRD_CHG_01,Chargers,1,1806.41,86.02,UPI
TXN0009373,M005,C02225,2026-03-22 14:47:38,PRD_MOB_02,Mobiles,1,11999.0,8412.92,UPI
TXN0004779,M045,C01870,2026-03-22 15:15:12,PRD_BEV_01,Beverages,2,112.47,10.71,UPI
TXN0004775,M041,C00573,2026-03-22 16:12:16,PRD_BEV_02,Beverages,1,319.79,15.23,UPI
TXN0001211,M044,C00384,2026-03-22 16:46:14,PRD_WOM_01,Women,1,1119.52,53.31,WALLET
TXN0005533,M041,C01589,2026-03-22 16:59:21,PRD_DES_02,Desserts,1,180.0,24.15,UPI
TXN0007787,M006,C01927,2026-03-22 17:13:27,PRD_CHG_01,Chargers,1,699.0,71.72,UPI
TXN0006670,M032,C03240,2026-03-22 17:14:42,PRD_MED_02,Medicine,1,1189.38,56.64,UPI
TXN0005965,M038,C03413,2026-03-22 17:15:51,PRD_CHG_01,Chargers,2,699.0,1042.33,UPI
TXN0008022,M013,C01955,2026-03-22 17:16:30,PRD_CAK_02,Cakes,1,1117.31,53.21,UPI
TXN0004596,M022,C02642,2026-03-22 17:22:19,PRD_ACC_01,Accessories,1,4414.4,210.21,UPI
TXN0009344,M029,C01978,2026-03-22 17:42:31,PRD_ART_02,Art Supplies,4,175.0,193.27,CASH
TXN0003349,M020,C00873,2026-03-22 18:01:59,PRD_MOB_01,Mobiles,1,6499.0,1363.34,UPI
TXN0001128,M006,C01444,2026-03-22 18:25:49,PRD_CAB_02,Cables,2,396.81,37.8,UPI
TXN0007623,M033,C02454,2026-03-22 18:29:10,PRD_STA_01,Staples,1,540.0,150.64,UPI
TXN0009082,M032,C01780,2026-03-22 18:45:17,PRD_PER_02,Personal Care,1,807.09,38.43,UPI
TXN0004378,M031,C01892,2026-03-22 18:56:50,PRD_LAP_01,Laptops,2,8662.5,825.0,UPI
TXN0001869,M003,C01005,2026-03-22 19:20:40,PRD_DES_02,Desserts,1,257.3,12.25,UPI
TXN0003442,M044,C00585,2026-03-22 19:23:48,PRD_MEN_01,Men,1,1604.95,76.43,CASH
TXN0005511,M034,C02703,2026-03-22 19:27:33,PRD_WRI_02,Writing,1,408.82,19.47,CARD
TXN0007066,M028,C00526,2026-03-22 19:31:45,PRD_CAS_01,Cases,1,428.93,20.43,CARD
TXN0009393,M018,C02399,2026-03-22 19:58:07,PRD_DES_02,Desserts,1,444.85,21.18,UPI
TXN0009133,M046,C01952,2026-03-22 20:15:43,PRD_BEV_01,Beverages,1,2725.8,129.8,WALLET
TXN0005758,M040,C01487,2026-03-22 20:23:19,PRD_TEA_02,Tea,1,210.0,74.08,UPI
TXN0009775,M046,C03300,2026-03-22 20:32:44,PRD_SNK_01,Snacks,1,888.48,42.31,UPI
TXN0005173,M012,C00342,2026-03-22 21:56:20,PRD_ESS_02,Daily Essentials,1,1109.09,52.81,CARD
TXN0002198,M019,C00903,2026-03-22 22:11:35,PRD_CAB_01,Cables,1,599.46,28.55,UPI
TXN0007953,M012,C00296,2026-03-22 22:20:15,PRD_SNK_02,Snacks,1,807.04,38.43,UPI
TXN0002115,M028,C02564,2026-03-23 08:11:48,PRD_CAS_01,Cases,1,513.95,24.47,UPI
TXN0004131,M003,C03445,2026-03-23 08:17:54,PRD_COF_02,Coffee,1,280.0,73.02,UPI
TXN0000464,M009,C00964,2026-03-23 12:18:59,PRD_PER_01,Personal Care,1,2417.86,115.14,UPI
TXN0001310,M010,C00075,2026-03-23 13:54:56,PRD_BEV_02,Beverages,1,1247.36,59.4,UPI
TXN0001104,M047,C02892,2026-03-23 15:57:02,PRD_ELE_01,Home Electronics,1,15483.64,737.32,UPI
TXN0005489,M033,C00429,2026-03-23 16:02:56,PRD_BEV_02,Beverages,1,728.23,34.68,UPI
TXN0000602,M013,C00790,2026-03-23 16:15:19,PRD_BRD_01,Bread,1,1260.0,60.0,UPI
TXN0007678,M017,C02534,2026-03-23 17:48:35,PRD_ART_02,Art Supplies,4,229.62,43.72,UPI
TXN0008900,M037,C01939,2026-03-23 17:49:18,PRD_CAS_01,Cases,2,1233.41,117.46,UPI
TXN0006545,M044,C02187,2026-03-23 18:14:44,PRD_KID_02,Kids,1,5250.0,250.0,UPI
TXN0000016,M025,C00997,2026-03-23 18:18:35,PRD_PAS_01,Pastries,3,152.39,21.78,UPI
TXN0006606,M042,C02772,2026-03-23 18:54:20,PRD_CAK_02,Cakes,2,450.0,493.27,UPI
TXN0003759,M024,C01634,2026-03-23 18:59:36,PRD_BEV_01,Beverages,1,541.57,25.79,UPI
TXN0000704,M045,C01286,2026-03-23 19:18:42,PRD_SNK_02,Snacks,1,269.12,12.82,CASH
TXN0001266,M047,C01232,2026-03-23 20:56:19,PRD_LAP_01,Laptops,1,2078.34,98.97,CARD
TXN0004167,M003,C00125,2026-03-23 20:56:28,PRD_COF_02,Coffee,1,407.17,19.39,UPI
TXN0004781,M029,C03380,2026-03-23 22:05:42,PRD_WRI_01,Writing,1,565.52,26.93,UPI
TXN0007454,M001,C01455,2026-03-24 08:58:22,PRD_HOU_02,Household,1,320.0,42.08,UPI
TXN0004736,M026,C02751,2026-03-24 09:24:15,PRD_SNK_01,Snacks,1,819.9,39.04,UPI
TXN0006420,M013,C03023,2026-03-24 14:44:27,PRD_PAS_02,Pastries,3,110.0,44.55,UPI
TXN0000992,M006,C00064,2026-03-24 15:00:11,PRD_EAR_01,Earphones,1,1299.0,850.54,UPI
TXN0007625,M042,C03373,2026-03-24 15:11:11,PRD_PAS_02,Pastries,1,1260.0,60.0,UPI
TXN0000064,M038,C00483,2026-03-24 15:14:50,PRD_CAS_01,Cases,1,808.29,38.49,CASH
TXN0002363,M042,C02076,2026-03-24 15:53:46,PRD_CAK_02,Cakes,1,791.16,37.67,UPI
TXN0003299,M019,C00972,2026-03-24 17:03:09,PRD_EAR_01,Earphones,2,1299.0,1937.33,WALLET
TXN0008756,M037,C00467,2026-03-24 17:37:01,PRD_EAR_02,Earphones,1,769.54,36.64,UPI
TXN0000374,M018,C02671,2026-03-24 17:38:40,PRD_BEV_01,Beverages,1,1575.0,75.0,CARD
TXN0008683,M040,C02582,2026-03-24 17:38:59,PRD_TEA_02,Tea,1,210.0,96.28,UPI
TXN0007685,M002,C03035,2026-03-24 18:23:54,PRD_CAK_01,Cakes,1,825.66,39.32,WALLET
TXN0002268,M018,C01296,2026-03-24 18:59:49,PRD_SNK_02,Snacks,1,225.0,105.0,UPI
TXN0004015,M041,C01093,2026-03-24 19:42:20,PRD_BEV_01,Beverages,2,375.24,35.73,CARD
TXN0006835,M046,C00431,2026-03-24 19:45:13,PRD_BEV_02,Beverages,1,430.33,20.49,UPI
TXN0003380,M037,C02398,2026-03-24 19:52:54,PRD_CAS_01,Cases,1,2362.01,112.48,UPI
TXN0008112,M047,C01809,2026-03-24 20:02:17,PRD_LAP_02,Laptops,1,4623.16,220.15,UPI
TXN0003627,M026,C01088,2026-03-24 20:05:28,PRD_SNK_01,Snacks,1,111.56,5.31,UPI
TXN0003020,M043,C01196,2026-03-24 20:13:18,PRD_PAS_02,Pastries,1,416.93,19.85,UPI
TXN0006562,M047,C02506,2026-03-24 20:16:26,PRD_LAP_01,Laptops,1,1722.71,82.03,CARD
TXN0003532,M007,C01344,2026-03-24 20:21:22,PRD_HOU_02,Household,1,384.33,18.3,UPI
TXN0003869,M016,C03342,2026-03-24 20:28:04,PRD_PAS_01,Pastries,1,548.95,26.14,UPI
TXN0004081,M038,C01040,2026-03-24 20:41:27,PRD_CHG_02,Chargers,2,999.0,1256.65,UPI
TXN0002764,M005,C01408,2026-03-24 20:41:35,PRD_MOB_01,Mobiles,1,6499.0,2212.23,WALLET
TXN0009527,M041,C00236,2026-03-24 20:48:31,PRD_BEV_02,Beverages,1,672.83,32.04,UPI
TXN0005920,M028,C00933,2026-03-24 20:56:07,PRD_CHG_01,Chargers,1,699.0,190.15,UPI
TXN0009646,M018,C00817,2026-03-24 21:00:37,PRD_SNK_02,Snacks,1,750.62,35.74,WALLET
TXN0006974,M012,C01213,2026-03-24 21:36:47,PRD_SNK_01,Snacks,1,1573.98,74.95,UPI
TXN0000779,M025,C02689,2026-03-24 22:06:45,PRD_BRD_02,Bread,1,226.18,10.77,CARD
TXN0000158,M012,C00537,2026-03-24 22:37:28,PRD_BEV_01,Beverages,1,819.76,39.04,UPI
TXN0009573,M021,C00144,2026-03-24 22:41:28,PRD_ART_02,Art Supplies,1,175.0,104.14,UPI
TXN0007104,M009,C03232,2026-03-25 08:58:04,PRD_WEL_01,Wellness,1,498.47,23.74,UPI
TXN0008615,M033,C01451,2026-03-25 11:52:45,PRD_SNK_02,Snacks,1,225.0,96.92,WALLET
TXN0002483,M011,C01494,2026-03-25 12:51:39,PRD_ART_01,Art Supplies,1,320.0,243.59,UPI
TXN0003672,M033,C03467,2026-03-25 14:37:03,PRD_DAI_02,Dairy,1,660.58,31.46,UPI
TXN0003351,M021,C00995,2026-03-25 15:05:06,PRD_OFF_01,Office Supplies,1,207.56,9.88,UPI
TXN0005680,M026,C00568,2026-03-25 15:05:59,PRD_SNK_02,Snacks,1,840.0,40.0,UPI
TXN0007021,M037,C00292,2026-03-25 15:30:54,PRD_CHG_01,Chargers,1,3150.0,150.0,UPI
TXN0005323,M017,C03189,2026-03-25 15:42:09,PRD_ART_02,Art Supplies,2,185.61,17.67,UPI
TXN0008102,M036,C01683,2026-03-25 16:16:42,PRD_BEV_01,Beverages,1,1046.54,49.84,UPI
TXN0008510,M005,C00694,2026-03-25 16:21:06,PRD_MOB_02,Mobiles,1,11999.0,6517.7,UPI
TXN0005555,M018,C00502,2026-03-25 16:33:27,PRD_SNK_01,Snacks,1,1575.0,75.0,UPI
TXN0004539,M004,C02034,2026-03-25 17:27:28,PRD_ELE_02,Home Electronics,1,15750.0,750.0,WALLET
TXN0000015,M004,C00099,2026-03-25 17:58:13,PRD_LAP_01,Laptops,1,1696.36,80.78,UPI
TXN0002615,M029,C01386,2026-03-25 18:16:11,PRD_NOT_02,Notebooks,2,260.0,315.13,UPI
TXN0004422,M050,C02854,2026-03-25 18:23:37,PRD_CAK_01,Cakes,1,930.16,44.29,UPI
TXN0002246,M023,C01260,2026-03-25 18:30:14,PRD_DES_02,Desserts,1,1858.5,88.5,UPI
TXN0002147,M031,C03000,2026-03-25 18:30:23,PRD_LAP_01,Laptops,1,13267.98,631.81,UPI
TXN0008333,M046,C03170,2026-03-25 19:03:29,PRD_ESS_02,Daily Essentials,1,472.74,22.51,UPI
TXN0005067,M035,C02299,2026-03-25 19:30:00,PRD_CAS_01,Cases,2,482.63,45.97,UPI
TXN0009506,M040,C02401,2026-03-25 19:40:55,PRD_SNK_02,Snacks,1,225.0,70.76,UPI
TXN0002340,M011,C02401,2026-03-25 19:51:35,PRD_OFF_01,Office Supplies,1,175.0,22.83,UPI
TXN0005030,M003,C03123,2026-03-25 19:58:35,PRD_TEA_02,Tea,1,210.0,37.74,UPI
TXN0005039,M020,C00236,2026-03-25 20:07:55,PRD_ELE_01,Home Electronics,1,18585.0,885.0,WALLET
TXN0003344,M016,C00040,2026-03-25 20:11:53,PRD_BRD_02,Bread,1,1260.0,60.0,UPI
TXN0006379,M045,C01501,2026-03-25 20:54:19,PRD_HOU_01,Household,1,382.78,18.23,UPI
TXN0010000,M008,C00879,2026-03-25 20:55:55,PRD_SNK_02,Snacks,1,389.22,18.53,UPI
TXN0000703,M011,C01904,2026-03-25 21:06:26,PRD_NOT_01,Notebooks,1,464.87,22.14,UPI
TXN0001647,M039,C03266,2026-03-25 21:07:07,PRD_WEL_02,Wellness,1,2032.9,96.8,UPI
TXN0005981,M049,C01205,2026-03-26 09:05:50,PRD_COF_01,Coffee,1,380.0,178.58,CARD
TXN0006176,M010,C02734,2026-03-26 10:25:32,PRD_STA_02,Staples,1,245.0,63.39,UPI
TXN0004125,M041,C01361,2026-03-26 11:58:21,PRD_SNK_01,Snacks,2,138.41,13.18,UPI
TXN0007053,M049,C02836,2026-03-26 12:55:44,PRD_TEA_02,Tea,1,261.58,12.46,UPI
TXN0000173,M042,C00883,2026-03-26 14:16:54,PRD_SNK_01,Snacks,1,334.36,15.92,UPI
TXN0004731,M048,C02707,2026-03-26 14:36:50,PRD_EAR_02,Earphones,2,1116.37,106.33,UPI
TXN0008001,M017,C01281,2026-03-26 15:47:23,PRD_ART_01,Art Supplies,1,395.5,18.83,UPI
TXN0001808,M040,C00103,2026-03-26 16:14:45,PRD_COF_02,Coffee,1,840.0,40.0,UPI
TXN0002641,M048,C01638,2026-03-26 16:22:34,PRD_EAR_01,Earphones,1,1299.0,343.75,CASH
TXN0007452,M046,C03482,2026-03-26 17:01:29,PRD_HOU_02,Household,1,428.45,20.4,UPI
TXN0001668,M010,C02133,2026-03-26 17:03:18,PRD_SNK_01,Snacks,1,695.19,33.1,UPI
TXN0003679,M008,C03008,2026-03-26 17:37:23,PRD_COF_02,Coffee,2,280.0,85.82,UPI
TXN0002765,M006,C02873,2026-03-26 17:55:58,PRD_CAS_01,Cases,1,2700.5,128.6,CARD
TXN0000454,M044,C01664,2026-03-26 18:05:18,PRD_MEN_02,Men,1,4287.01,204.14,UPI
TXN0004157,M017,C02900,2026-03-26 18:07:14,PRD_WRI_01,Writing,1,528.54,25.17,UPI
TXN0001470,M043,C02488,2026-03-26 18:39:24,PRD_SNK_02,Snacks,1,609.31,29.01,CARD
TXN0009955,M036,C02762,2026-03-26 18:59:47,PRD_SNK_01,Snacks,1,1338.66,63.75,UPI
TXN0009210,M033,C00759,2026-03-26 19:18:49,PRD_DAI_02,Dairy,1,268.17,12.77,WALLET
TXN0009286,M017,C03432,2026-03-26 19:45:22,PRD_NOT_01,Notebooks,1,160.0,51.56,UPI
TXN0005904,M046,C02887,2026-03-26 20:38:44,PRD_BEV_02,Beverages,1,649.97,30.95,CASH
TXN0000618,M045,C01646,2026-03-26 20:42:17,PRD_STA_01,Staples,1,802.78,38.23,UPI
TXN0007385,M030,C02877,2026-03-26 20:48:10,PRD_ACC_02,Accessories,1,3792.48,180.59,WALLET
TXN0009760,M011,C01447,2026-03-26 21:06:41,PRD_WRI_01,Writing,1,410.32,19.54,WALLET
TXN0005936,M032,C01530,2026-03-26 21:22:13,PRD_PER_02,Personal Care,1,1716.33,81.73,UPI
TXN0002672,M032,C01336,2026-03-26 21:31:36,PRD_BABY_01,Baby Care,1,1461.5,69.6,UPI
TXN0008589,M036,C00923,2026-03-26 21:55:33,PRD_DAI_02,Dairy,1,820.0,39.05,UPI
TXN0008735,M010,C00670,2026-03-26 22:25:24,PRD_HOU_01,Household,1,285.52,13.6,UPI
TXN0000565,M028,C01365,2026-03-26 22:27:12,PRD_CAB_02,Cables,1,1315.31,62.63,CARD
TXN0002001,M018,C01681,2026-03-26 22:28:35,PRD_SNK_01,Snacks,1,441.22,21.01,CASH
TXN0004343,M034,C01063,2026-03-26 22:36:56,PRD_OFF_02,Office Supplies,1,812.82,38.71,UPI
TXN0000963,M039,C00621,2026-03-27 08:02:05,PRD_BABY_01,Baby Care,1,799.0,498.09,UPI
TXN0001506,M025,C01831,2026-03-27 08:06:07,PRD_PAS_02,Pastries,1,1260.0,60.0,CARD
TXN0002513,M010,C03032,2026-03-27 13:32:10,PRD_HOU_01,Household,1,864.31,41.16,UPI
TXN0006528,M034,C02225,2026-03-27 13:41:23,PRD_NOT_02,Notebooks,1,260.0,122.34,UPI
TXN0007976,M009,C00598,2026-03-27 13:52:03,PRD_PER_01,Personal Care,2,1116.63,106.34,UPI
TXN0000513,M036,C01357,2026-03-27 15:10:34,PRD_STA_02,Staples,2,245.0,37.06,UPI
TXN0004787,M024,C00160,2026-03-27 17:01:52,PRD_ESS_01,Daily Essentials,1,338.78,16.13,CARD
TXN0009693,M001,C00656,2026-03-27 17:03:42,PRD_BEV_02,Beverages,1,688.95,32.81,UPI
TXN0003940,M006,C01518,2026-03-27 17:28:52,PRD_CAS_01,Cases,1,1913.01,91.1,UPI
TXN0001244,M009,C01025,2026-03-27 17:50:20,PRD_BABY_02,Baby Care,4,656.25,125.0,CARD
TXN0007932,M029,C02540,2026-03-27 17:55:22,PRD_WRI_01,Writing,1,300.29,14.3,UPI
TXN0002405,M032,C00763,2026-03-27 17:55:31,PRD_BABY_02,Baby Care,1,948.44,45.16,CASH
TXN0002912,M031,C00001,2026-03-27 18:55:06,PRD_ACC_01,Accessories,1,8751.42,416.73,UPI
TXN0004185,M032,C00663,2026-03-27 19:01:37,PRD_BABY_02,Baby Care,1,565.7,26.94,UPI
TXN0003911,M019,C01692,2026-03-27 19:13:13,PRD_CAS_01,Cases,1,2634.12,125.43,UPI
TXN0005861,M018,C00283,2026-03-27 19:18:50,PRD_MEA_02,Meals,1,391.2,18.63,UPI
TXN0001000,M021,C03178,2026-03-27 19:33:07,PRD_NOT_01,Notebooks,1,160.0,74.04,UPI
TXN0002783,M003,C02415,2026-03-27 19:41:54,PRD_DES_02,Desserts,1,693.37,33.02,UPI
TXN0002996,M008,C00997,2026-03-27 19:52:47,PRD_DES_01,Desserts,2,220.0,305.04,UPI
TXN0005336,M035,C01308,2026-03-27 20:09:04,PRD_CAB_02,Cables,1,1407.82,67.04,UPI
TXN0007928,M046,C01520,2026-03-27 20:32:31,PRD_HOU_01,Household,1,2415.59,115.03,UPI
TXN0007896,M009,C01142,2026-03-27 20:53:09,PRD_WEL_02,Wellness,1,2003.78,95.42,UPI
TXN0009119,M013,C00197,2026-03-28 11:21:42,PRD_CAK_01,Cakes,1,1344.92,64.04,UPI
TXN0006674,M029,C00741,2026-03-28 13:10:03,PRD_NOT_02,Notebooks,2,260.0,313.02,UPI
TXN0001176,M010,C02349,2026-03-28 14:23:43,PRD_STA_01,Staples,1,1576.04,75.05,UPI
TXN0001143,M050,C03305,2026-03-28 14:29:51,PRD_PAS_02,Pastries,1,1386.0,66.0,UPI
TXN0004374,M044,C03048,2026-03-28 15:00:54,PRD_MEN_01,Men,2,799.0,826.81,CARD
TXN0008351,M011,C02404,2026-03-28 15:21:15,PRD_OFF_02,Office Supplies,1,381.82,18.18,UPI
TXN0002824,M049,C03236,2026-03-28 15:54:23,PRD_COF_01,Coffee,1,924.0,44.0,UPI
TXN0006373,M024,C02236,2026-03-28 16:09:48,PRD_HOU_02,Household,1,853.64,40.65,UPI
TXN0009328,M041,C00531,2026-03-28 16:14:16,PRD_MEA_01,Meals,1,368.41,17.54,CASH
TXN0005763,M007,C02185,2026-03-28 16:19:14,PRD_BEV_02,Beverages,1,1069.62,50.93,UPI
TXN0008072,M031,C01404,2026-03-28 16:25:42,PRD_MOB_01,Mobiles,1,17325.0,825.0,WALLET
TXN0004293,M001,C02537,2026-03-28 16:35:09,PRD_BEV_02,Beverages,2,449.08,42.76,UPI
TXN0001044,M042,C03362,2026-03-28 16:39:37,PRD_SNK_01,Snacks,1,359.21,17.11,CARD
TXN0006877,M046,C03283,2026-03-28 16:50:21,PRD_BEV_02,Beverages,2,533.88,50.84,UPI
TXN0008275,M041,C00820,2026-03-28 17:22:43,PRD_BEV_01,Beverages,1,525.21,25.01,UPI
TXN0005706,M035,C00191,2026-03-28 17:41:32,PRD_CAS_02,Cases,1,3026.05,144.1,UPI
TXN0001109,M035,C01948,2026-03-28 17:54:16,PRD_EAR_01,Earphones,2,1732.5,165.0,CARD
TXN0000488,M049,C03113,2026-03-28 18:22:56,PRD_SNK_02,Snacks,1,376.06,17.91,CARD
TXN0006622,M031,C02037,2026-03-28 18:32:46,PRD_MOB_01,Mobiles,1,6499.0,2597.23,UPI
TXN0003211,M017,C00302,2026-03-28 18:43:32,PRD_OFF_02,Office Supplies,1,1039.5,49.5,UPI
TXN0005259,M009,C02694,2026-03-28 20:11:56,PRD_MED_01,Medicine,1,889.46,42.36,UPI
TXN0001112,M010,C00213,2026-03-28 20:17:32,PRD_BEV_02,Beverages,2,367.97,35.04,CARD
TXN0004873,M024,C00574,2026-03-28 20:18:32,PRD_SNK_01,Snacks,1,292.45,13.93,UPI
TXN0000328,M036,C00701,2026-03-28 21:01:36,PRD_DAI_02,Dairy,1,1917.96,91.33,UPI
TXN0001982,M036,C01432,2026-03-28 21:18:45,PRD_BEV_01,Beverages,1,276.01,13.14,UPI
TXN0007581,M026,C01345,2026-03-28 21:50:47,PRD_TEA_02,Tea,1,395.48,18.83,CARD
TXN0007912,M021,C00370,2026-03-28 22:37:33,PRD_NOT_01,Notebooks,1,248.96,11.86,UPI
TXN0004180,M001,C02356,2026-03-28 22:52:07,PRD_HOU_02,Household,1,1629.9,77.61,UPI
TXN0001925,M017,C01905,2026-03-29 08:22:41,PRD_WRI_01,Writing,1,135.5,6.45,CARD
TXN0006104,M023,C02363,2026-03-29 09:41:15,PRD_SNK_02,Snacks,1,1472.48,70.12,CARD
TXN0002316,M050,C02051,2026-03-29 09:49:05,PRD_PAS_01,Pastries,1,274.96,13.09,UPI
TXN0008720,M040,C00967,2026-03-29 11:52:23,PRD_SNK_02,Snacks,1,393.28,18.73,UPI
TXN0008989,M025,C03153,2026-03-29 12:28:58,PRD_SNK_01,Snacks,1,381.28,18.16,UPI
TXN0004837,M008,C00055,2026-03-29 14:35:57,PRD_TEA_02,Tea,1,813.36,38.73,UPI
TXN0004655,M033,C03305,2026-03-29 14:37:44,PRD_SNK_01,Snacks,1,393.48,18.74,UPI
TXN0004489,M024,C02684,2026-03-29 16:44:17,PRD_SNK_02,Snacks,1,1111.71,52.94,CARD
TXN0005961,M041,C00568,2026-03-29 17:56:54,PRD_MEA_01,Meals,1,616.63,29.36,UPI
TXN0001497,M027,C01951,2026-03-29 18:18:01,PRD_LAP_02,Laptops,1,19987.47,951.78,UPI
TXN0005428,M017,C01728,2026-03-29 18:21:15,PRD_OFF_01,Office Supplies,2,519.75,49.5,UPI
TXN0003932,M015,C03267,2026-03-29 18:41:58,PRD_CAK_02,Cakes,1,530.93,25.28,UPI
TXN0002126,M028,C01907,2026-03-29 19:07:02,PRD_EAR_01,Earphones,1,1299.0,161.63,CASH
TXN0007384,M031,C03154,2026-03-29 19:16:51,PRD_MOB_02,Mobiles,4,11999.0,41056.89,UPI
TXN0005589,M035,C00436,2026-03-29 19:26:41,PRD_CAB_01,Cables,1,835.32,39.78,UPI
TXN0003033,M003,C03134,2026-03-29 19:34:01,PRD_COF_02,Coffee,2,280.0,359.0,CASH
TXN0008844,M046,C02806,2026-03-29 19:38:14,PRD_SNK_01,Snacks,1,492.57,23.46,UPI
TXN0006617,M018,C01839,2026-03-29 19:52:52,PRD_BEV_02,Beverages,1,968.61,46.12,UPI
TXN0004521,M050,C00377,2026-03-29 19:54:12,PRD_PAS_01,Pastries,1,519.27,24.73,UPI
TXN0004212,M001,C00459,2026-03-29 20:04:07,PRD_STA_02,Staples,1,2079.0,99.0,UPI
TXN0006142,M003,C02122,2026-03-29 20:08:38,PRD_SNK_01,Snacks,1,661.08,31.48,UPI
TXN0003779,M028,C00664,2026-03-29 20:11:13,PRD_CAB_02,Cables,1,1107.73,52.75,UPI
TXN0008747,M045,C02100,2026-03-29 20:15:41,PRD_HOU_01,Household,1,240.24,11.44,UPI
TXN0002352,M007,C00312,2026-03-29 20:29:42,PRD_STA_02,Staples,4,245.0,574.07,UPI
TXN0003735,M004,C02814,2026-03-29 20:55:04,PRD_LAP_01,Laptops,1,1591.86,75.8,WALLET
TXN0006255,M023,C02464,2026-03-29 21:28:59,PRD_DES_02,Desserts,1,1563.07,74.43,UPI
TXN0002236,M043,C00269,2026-03-29 22:40:12,PRD_PAS_01,Pastries,2,693.0,66.0,CASH
TXN0004454,M026,C01541,2026-03-30 10:09:02,PRD_COF_02,Coffee,1,284.31,13.54,UPI
TXN0007959,M029,C01113,2026-03-30 10:19:27,PRD_WRI_01,Writing,1,260.21,12.39,WALLET
TXN0003725,M014,C01933,2026-03-30 11:40:53,PRD_SNK_02,Snacks,1,286.9,13.66,UPI
TXN0002993,M035,C00128,2026-03-30 12:59:57,PRD_CAB_01,Cables,1,1288.64,61.36,UPI
TXN0005979,M043,C02489,2026-03-30 13:16:39,PRD_SNK_02,Snacks,1,328.91,15.66,UPI
TXN0003852,M003,C03345,2026-03-30 13:35:07,PRD_SNK_01,Snacks,1,478.1,22.77,UPI
TXN0007975,M047,C00531,2026-03-30 17:00:04,PRD_ACC_02,Accessories,1,9405.12,447.86,UPI
TXN0000092,M006,C00730,2026-03-30 17:07:05,PRD_CAB_01,Cables,1,347.96,16.57,UPI
TXN0005318,M042,C03122,2026-03-30 17:38:53,PRD_PAS_02,Pastries,1,609.33,29.02,UPI
TXN0007520,M036,C01663,2026-03-30 18:16:48,PRD_DAI_01,Dairy,1,1890.0,90.0,UPI
TXN0006011,M013,C02438,2026-03-30 18:20:58,PRD_CAK_02,Cakes,1,782.51,37.26,CARD
TXN0009880,M015,C02694,2026-03-30 18:41:18,PRD_CAK_01,Cakes,1,550.0,247.99,UPI
TXN0003824,M045,C01667,2026-03-30 18:42:34,PRD_BEV_02,Beverages,1,596.93,28.43,CASH
TXN0004622,M022,C03094,2026-03-30 19:43:19,PRD_WOM_01,Women,1,3143.95,149.71,CARD
TXN0006805,M049,C03484,2026-03-30 19:58:42,PRD_COF_02,Coffee,1,743.41,35.4,UPI
TXN0009226,M040,C02267,2026-03-30 20:08:49,PRD_DES_01,Desserts,1,220.0,60.74,UPI
TXN0000681,M007,C01741,2026-03-30 20:13:46,PRD_STA_02,Staples,2,257.16,24.5,CASH
TXN0004407,M016,C00018,2026-03-30 20:29:35,PRD_SNK_01,Snacks,1,309.9,14.76,UPI
TXN0004928,M029,C00004,2026-03-30 20:33:37,PRD_ART_02,Art Supplies,1,285.44,13.59,UPI
TXN0003158,M014,C00143,2026-03-30 21:21:16,PRD_CAK_01,Cakes,1,550.0,470.0,CARD
TXN0001618,M002,C02239,2026-03-30 21:27:08,PRD_CAK_02,Cakes,1,450.0,117.71,UPI
TXN0005584,M003,C03023,2026-03-30 21:50:52,PRD_TEA_01,Tea,2,240.0,251.4,UPI
TXN0004201,M029,C01999,2026-03-31 08:04:15,PRD_OFF_02,Office Supplies,2,310.0,531.07,UPI
TXN0007468,M042,C00798,2026-03-31 08:41:20,PRD_PAS_01,Pastries,2,95.0,70.75,UPI
TXN0008032,M045,C00820,2026-03-31 08:58:22,PRD_HOU_02,Household,1,1173.54,55.88,UPI
TXN0005447,M001,C02857,2026-03-31 10:17:20,PRD_BEV_01,Beverages,1,672.88,32.04,UPI
TXN0000157,M008,C02764,2026-03-31 12:34:39,PRD_SNK_02,Snacks,1,476.81,22.71,UPI
TXN0007439,M021,C02533,2026-03-31 12:52:58,PRD_NOT_01,Notebooks,1,165.55,7.88,CASH
TXN0008481,M020,C03335,2026-03-31 12:57:37,PRD_ELE_02,Home Electronics,1,3838.54,182.79,UPI
TXN0004391,M015,C01725,2026-03-31 15:58:58,PRD_CAK_01,Cakes,1,767.0,36.52,UPI
TXN0007594,M039,C03064,2026-03-31 16:22:29,PRD_PER_02,Personal Care,1,2625.0,125.0,UPI
TXN0008139,M047,C02947,2026-03-31 17:10:18,PRD_ELE_01,Home Electronics,2,6699.35,638.04,UPI
TXN0002102,M036,C01350,2026-03-31 17:13:18,PRD_STA_02,Staples,1,438.65,20.89,CARD
TXN0005572,M006,C02068,2026-03-31 17:25:12,PRD_CHG_01,Chargers,1,931.56,44.36,UPI
TXN0002428,M033,C02288,2026-03-31 17:32:20,PRD_BEV_02,Beverages,2,827.77,78.83,UPI
TXN0000364,M029,C03203,2026-03-31 17:46:52,PRD_WRI_01,Writing,1,786.57,37.46,UPI
TXN0005833,M003,C02065,2026-03-31 17:57:25,PRD_TEA_02,Tea,1,433.77,20.66,CARD
TXN0003649,M042,C00819,2026-03-31 18:01:54,PRD_BRD_01,Bread,1,301.13,14.34,UPI
TXN0007428,M015,C00019,2026-03-31 18:10:13,PRD_SNK_02,Snacks,1,279.55,13.31,WALLET
TXN0009319,M015,C03374,2026-03-31 18:18:22,PRD_SNK_01,Snacks,1,799.58,38.08,UPI
TXN0006247,M003,C02653,2026-03-31 18:26:28,PRD_DES_02,Desserts,1,392.99,18.71,CARD
TXN0002397,M029,C01277,2026-03-31 18:28:45,PRD_OFF_01,Office Supplies,1,306.19,14.58,UPI
TXN0004766,M011,C02231,2026-03-31 18:46:39,PRD_ART_02,Art Supplies,1,175.0,47.09,UPI
TXN0004284,M045,C01984,2026-03-31 19:13:41,PRD_BEV_01,Beverages,1,233.37,11.11,UPI
TXN0000556,M003,C01417,2026-03-31 19:22:24,PRD_SNK_02,Snacks,1,225.0,73.5,CASH
TXN0004858,M016,C00775,2026-03-31 19:41:40,PRD_SNK_01,Snacks,1,227.38,10.83,WALLET
TXN0007235,M033,C03248,2026-03-31 19:57:19,PRD_HOU_02,Household,1,320.0,76.65,UPI
TXN0003065,M015,C02411,2026-03-31 20:04:35,PRD_CAK_01,Cakes,1,823.62,39.22,UPI
TXN0003108,M027,C01049,2026-03-31 20:09:12,PRD_ACC_02,Accessories,1,18585.0,885.0,CASH
TXN0003294,M003,C00077,2026-03-31 20:17:49,PRD_COF_01,Coffee,1,991.2,47.2,CARD
TXN0005317,M042,C02546,2026-03-31 20:37:42,PRD_CAK_02,Cakes,1,929.19,44.25,UPI
TXN0003101,M042,C02492,2026-03-31 20:45:27,PRD_CAK_01,Cakes,1,550.0,291.71,UPI
TXN0004871,M011,C00134,2026-03-31 20:57:00,PRD_WRI_02,Writing,1,365.44,17.4,UPI
TXN0003909,M029,C01634,2026-03-31 20:57:29,PRD_NOT_01,Notebooks,1,160.0,15.47,UPI
TXN0009234,M031,C01534,2026-03-31 21:36:42,PRD_MOB_02,Mobiles,1,11999.0,5333.88,CASH
TXN0004795,M020,C01796,2026-03-31 21:41:12,PRD_ELE_01,Home Electronics,1,4110.95,195.76,WALLET
TXN0001450,M005,C02280,2026-03-31 21:55:56,PRD_LAP_02,Laptops,1,5468.44,260.4,CARD
TXN0001184,M003,C02449,2026-03-31 22:19:45,PRD_SNK_01,Snacks,1,189.84,9.04,UPI
TXN0000572,M038,C02380,2026-03-31 22:26:10,PRD_EAR_02,Earphones,1,729.1,34.72,UPI
TXN0003551,M045,C00275,2026-04-01 08:24:37,PRD_SNK_01,Snacks,1,475.27,22.63,UPI
TXN0007430,M035,C00612,2026-04-01 09:44:50,PRD_CAB_02,Cables,1,1218.46,58.02,WALLET
TXN0000386,M003,C01117,2026-04-01 10:12:54,PRD_SNK_01,Snacks,1,576.76,27.46,UPI
TXN0007525,M036,C02873,2026-04-01 13:05:33,PRD_BEV_02,Beverages,1,875.5,41.69,WALLET
TXN0006048,M019,C00460,2026-04-01 13:14:55,PRD_CAB_01,Cables,2,299.0,124.65,UPI
TXN0009735,M026,C02367,2026-04-01 15:27:29,PRD_DES_02,Desserts,2,180.0,196.01,UPI
TXN0008073,M010,C00589,2026-04-01 15:32:42,PRD_HOU_01,Household,2,600.61,57.2,CARD
TXN0003501,M029,C01308,2026-04-01 16:00:25,PRD_ART_02,Art Supplies,1,484.69,23.08,UPI
TXN0000810,M039,C00707,2026-04-01 16:12:26,PRD_BABY_01,Baby Care,1,2782.5,132.5,WALLET
TXN0001927,M001,C01322,2026-04-01 16:53:30,PRD_DAI_02,Dairy,1,719.58,34.27,UPI
TXN0000979,M044,C00334,2026-04-01 17:07:59,PRD_WOM_01,Women,1,2427.59,115.6,UPI
TXN0002164,M010,C00369,2026-04-01 17:25:39,PRD_BEV_02,Beverages,1,205.54,9.79,CARD
TXN0003500,M034,C00518,2026-04-01 17:30:38,PRD_NOT_01,Notebooks,1,263.66,12.56,UPI
TXN0000077,M049,C01519,2026-04-01 17:37:51,PRD_DES_02,Desserts,1,524.55,24.98,UPI
TXN0003870,M012,C01472,2026-04-01 17:40:29,PRD_BEV_01,Beverages,1,554.39,26.4,WALLET
TXN0004780,M036,C00940,2026-04-01 18:27:16,PRD_BEV_02,Beverages,2,692.24,65.93,UPI
TXN0007558,M022,C00398,2026-04-01 18:28:13,PRD_KID_01,Kids,1,1267.42,60.35,UPI
TXN0006410,M022,C02934,2026-04-01 18:30:44,PRD_WOM_02,Women,1,1730.33,82.4,UPI
TXN0006282,M049,C01762,2026-04-01 18:32:37,PRD_COF_01,Coffee,1,380.0,71.22,UPI
TXN0005443,M007,C02557,2026-04-01 18:55:17,PRD_STA_02,Staples,1,770.22,36.68,UPI
TXN0004206,M005,C02102,2026-04-01 19:12:58,PRD_ACC_01,Accessories,2,1539.02,146.57,CASH
TXN0007029,M029,C02356,2026-04-01 20:16:57,PRD_OFF_02,Office Supplies,1,310.0,84.35,WALLET
TXN0003022,M038,C02088,2026-04-01 20:17:39,PRD_CAS_01,Cases,2,249.0,160.47,UPI
TXN0001134,M028,C02865,2026-04-01 20:20:56,PRD_CAS_02,Cases,1,1111.87,52.95,WALLET
TXN0006778,M036,C00928,2026-04-01 20:31:15,PRD_BEV_01,Beverages,1,1074.56,51.17,UPI
TXN0007224,M013,C01202,2026-04-01 21:27:12,PRD_PAS_02,Pastries,1,336.46,16.02,UPI
TXN0002586,M049,C01457,2026-04-01 22:10:01,PRD_SNK_01,Snacks,1,239.25,11.39,UPI
TXN0000916,M004,C00914,2026-04-01 22:28:59,PRD_MOB_02,Mobiles,1,11999.0,6254.19,CASH
TXN0005439,M008,C03124,2026-04-01 22:52:19,PRD_DES_01,Desserts,1,220.0,130.1,UPI
TXN0005595,M005,C01288,2026-04-02 08:22:40,PRD_LAP_02,Laptops,4,2028.83,386.44,UPI
TXN0002427,M026,C00205,2026-04-02 12:43:19,PRD_TEA_01,Tea,1,240.0,47.07,UPI
TXN0008871,M047,C01871,2026-04-02 13:08:47,PRD_ACC_02,Accessories,2,2788.35,265.56,UPI
TXN0007833,M013,C00404,2026-04-02 14:44:34,PRD_BRD_01,Bread,1,391.38,18.64,UPI
TXN0007602,M006,C00609,2026-04-02 15:20:12,PRD_EAR_02,Earphones,4,429.62,81.82,UPI
TXN0007321,M033,C00716,2026-04-02 15:36:13,PRD_DAI_01,Dairy,1,1550.19,73.82,UPI
TXN0007965,M005,C02522,2026-04-02 15:39:11,PRD_ELE_02,Home Electronics,1,7383.15,351.58,UPI
TXN0009155,M047,C02696,2026-04-02 15:49:49,PRD_ACC_01,Accessories,1,6363.75,303.04,UPI
TXN0003895,M037,C00171,2026-04-02 15:52:25,PRD_CHG_02,Chargers,1,1265.73,60.27,UPI
TXN0009261,M027,C01377,2026-04-02 15:55:58,PRD_ELE_01,Home Electronics,2,899.0,362.75,UPI
TXN0002049,M007,C00435,2026-04-02 16:37:46,PRD_DAI_02,Dairy,1,1090.34,51.92,UPI
TXN0001237,M018,C01623,2026-04-02 16:44:26,PRD_SNK_01,Snacks,1,640.44,30.5,UPI
TXN0005435,M007,C01108,2026-04-02 16:52:59,PRD_BEV_02,Beverages,1,405.93,19.33,WALLET
TXN0007315,M046,C02870,2026-04-02 17:38:11,PRD_HOU_01,Household,1,955.94,45.52,UPI
TXN0001285,M036,C02515,2026-04-02 18:03:40,PRD_BEV_02,Beverages,1,1709.96,81.43,UPI
TXN0009078,M022,C03069,2026-04-02 18:15:16,PRD_ACC_01,Accessories,1,1310.99,62.43,CASH
TXN0009873,M008,C02377,2026-04-02 18:23:27,PRD_SNK_02,Snacks,1,225.0,45.46,WALLET
TXN0002396,M008,C01437,2026-04-02 18:25:45,PRD_COF_01,Coffee,1,653.07,31.1,UPI
TXN0005178,M037,C01602,2026-04-02 18:51:49,PRD_CAS_02,Cases,1,890.9,42.42,UPI
TXN0000893,M044,C01045,2026-04-02 19:10:19,PRD_WOM_01,Women,2,827.13,78.77,CARD
TXN0009838,M007,C00364,2026-04-02 19:14:12,PRD_SNK_02,Snacks,1,585.66,27.89,UPI
TXN0005093,M002,C01148,2026-04-02 19:20:58,PRD_BRD_01,Bread,1,628.08,29.91,UPI
TXN0001051,M038,C00554,2026-04-02 19:35:57,PRD_CHG_02,Chargers,1,1434.59,68.31,CARD
TXN0005140,M018,C02719,2026-04-02 19:36:47,PRD_MEA_01,Meals,1,940.35,44.78,CASH
TXN0006494,M012,C01253,2026-04-02 19:44:52,PRD_SNK_02,Snacks,1,1191.24,56.73,UPI
TXN0001321,M029,C01990,2026-04-02 19:52:05,PRD_ART_01,Art Supplies,1,528.69,25.18,UPI
TXN0001684,M020,C00727,2026-04-02 19:52:44,PRD_LAP_02,Laptops,1,13001.6,619.12,UPI
TXN0005611,M048,C00030,2026-04-02 19:57:26,PRD_EAR_01,Earphones,1,1299.0,1126.87,UPI
TXN0000164,M027,C02003,2026-04-02 20:23:05,PRD_MOB_02,Mobiles,1,11999.0,9310.82,UPI
TXN0004236,M012,C01839,2026-04-02 20:28:57,PRD_BEV_01,Beverages,4,110.0,151.05,UPI
TXN0003810,M026,C01153,2026-04-02 20:36:57,PRD_DES_02,Desserts,1,206.23,9.82,UPI
TXN0003446,M039,C02643,2026-04-02 20:58:32,PRD_BABY_01,Baby Care,1,1490.49,70.98,UPI
TXN0007124,M040,C02624,2026-04-02 21:22:44,PRD_TEA_02,Tea,1,890.4,42.4,UPI
TXN0001045,M005,C02448,2026-04-02 21:56:26,PRD_LAP_01,Laptops,1,4808.29,228.97,UPI
TXN0004784,M035,C03179,2026-04-02 22:23:51,PRD_CAB_02,Cables,1,2129.6,101.41,UPI
TXN0002568,M045,C02792,2026-04-02 22:41:08,PRD_BEV_01,Beverages,1,718.16,34.2,UPI
TXN0008517,M050,C02315,2026-04-02 22:48:17,PRD_BRD_02,Bread,1,287.19,13.68,UPI
TXN0001683,M022,C02921,2026-04-03 09:10:13,PRD_MEN_01,Men,1,2248.11,107.05,UPI
TXN0005646,M041,C02615,2026-04-03 10:27:48,PRD_BEV_02,Beverages,1,393.76,18.75,UPI
TXN0007177,M034,C01827,2026-04-03 11:07:17,PRD_WRI_01,Writing,2,90.0,20.54,UPI
TXN0005640,M024,C02515,2026-04-03 12:02:03,PRD_BEV_02,Beverages,1,750.52,35.74,UPI
TXN0002025,M005,C03286,2026-04-03 12:43:33,PRD_ACC_01,Accessories,1,2686.46,127.93,UPI
TXN0002043,M021,C01490,2026-04-03 15:12:01,PRD_NOT_02,Notebooks,1,260.0,57.72,CARD
TXN0002442,M002,C00519,2026-04-03 15:53:14,PRD_BRD_01,Bread,2,100.54,9.58,UPI
TXN0005409,M017,C03043,2026-04-03 16:08:07,PRD_WRI_02,Writing,1,171.53,8.17,CARD
TXN0005034,M023,C03091,2026-04-03 16:47:59,PRD_MEA_01,Meals,1,532.63,25.36,CASH
TXN0001784,M042,C00551,2026-04-03 17:21:52,PRD_CAK_02,Cakes,1,450.0,96.96,UPI
TXN0001261,M002,C03494,2026-04-03 17:23:14,PRD_BRD_01,Bread,1,683.25,32.54,UPI
TXN0007949,M022,C03163,2026-04-03 17:26:39,PRD_MEN_02,Men,1,3525.6,167.89,UPI
TXN0007380,M028,C03404,2026-04-03 17:35:18,PRD_CAB_01,Cables,4,467.29,89.0,CARD
TXN0004989,M047,C01551,2026-04-03 17:36:51,PRD_LAP_02,Laptops,1,2270.84,108.14,UPI
TXN0001242,M010,C01284,2026-04-03 17:47:08,PRD_SNK_01,Snacks,1,483.46,23.02,CARD
TXN0002620,M018,C01493,2026-04-03 17:59:35,PRD_DES_02,Desserts,1,252.56,12.03,UPI
TXN0003014,M040,C00239,2026-04-03 18:13:35,PRD_COF_01,Coffee,2,380.0,664.49,UPI
TXN0005414,M018,C03357,2026-04-03 18:36:17,PRD_SNK_02,Snacks,2,225.0,322.8,UPI
TXN0005803,M042,C01214,2026-04-03 18:47:34,PRD_SNK_01,Snacks,1,705.84,33.61,UPI
TXN0000227,M008,C01894,2026-04-03 18:56:54,PRD_TEA_02,Tea,1,726.38,34.59,UPI
TXN0000894,M002,C02867,2026-04-03 19:15:04,PRD_CAK_01,Cakes,1,550.0,81.53,UPI
TXN0004426,M003,C02023,2026-04-03 19:33:57,PRD_SNK_02,Snacks,1,344.19,16.39,UPI
TXN0004194,M044,C02728,2026-04-03 19:39:21,PRD_MEN_01,Men,2,799.0,663.6,UPI
TXN0000761,M018,C01124,2026-04-03 19:48:08,PRD_MEA_02,Meals,1,250.0,64.53,WALLET
TXN0009487,M036,C03486,2026-04-03 20:28:55,PRD_SNK_01,Snacks,1,262.07,12.48,UPI
TXN0008695,M046,C03032,2026-04-03 20:30:06,PRD_BEV_02,Beverages,1,503.4,23.97,CARD
TXN0006018,M005,C02995,2026-04-03 21:20:02,PRD_LAP_01,Laptops,1,4473.86,213.04,UPI
TXN0004529,M006,C03336,2026-04-03 21:21:07,PRD_CHG_02,Chargers,2,1324.13,126.11,UPI
TXN0004012,M026,C00543,2026-04-03 21:50:22,PRD_SNK_01,Snacks,1,173.06,8.24,UPI
TXN0006348,M050,C02263,2026-04-03 21:55:54,PRD_CAK_02,Cakes,1,534.2,25.44,UPI
TXN0009957,M011,C01256,2026-04-04 08:45:41,PRD_WRI_01,Writing,1,276.12,13.15,UPI
TXN0003752,M001,C00528,2026-04-04 09:31:41,PRD_BEV_02,Beverages,2,137.32,13.08,UPI
TXN0003712,M035,C02695,2026-04-04 10:01:32,PRD_CAS_01,Cases,1,2505.39,119.3,UPI
TXN0002752,M014,C01834,2026-04-04 10:48:36,PRD_PAS_02,Pastries,2,239.18,22.78,UPI
TXN0001212,M009,C01714,2026-04-04 11:22:55,PRD_WEL_01,Wellness,1,1524.96,72.62,CARD
TXN0008845,M028,C00282,2026-04-04 15:17:16,PRD_CAB_02,Cables,1,3233.62,153.98,UPI
TXN0001824,M001,C00128,2026-04-04 15:19:12,PRD_BEV_01,Beverages,1,732.99,34.9,UPI
TXN0000185,M006,C00724,2026-04-04 16:05:26,PRD_EAR_02,Earphones,1,3672.9,174.9,CARD
TXN0003366,M030,C02806,2026-04-04 16:25:26,PRD_MOB_01,Mobiles,1,6499.0,2265.76,UPI
TXN0009856,M014,C00256,2026-04-04 16:38:02,PRD_CAK_02,Cakes,1,450.0,155.52,UPI
TXN0000578,M007,C00801,2026-04-04 16:45:44,PRD_BEV_01,Beverages,1,774.87,36.9,UPI
TXN0004534,M029,C01936,2026-04-04 17:18:17,PRD_NOT_02,Notebooks,1,385.46,18.36,CASH
TXN0008872,M043,C02783,2026-04-04 17:25:03,PRD_SNK_01,Snacks,1,1179.42,56.16,UPI
TXN0007864,M034,C01451,2026-04-04 17:53:32,PRD_OFF_02,Office Supplies,1,310.0,78.36,UPI
TXN0003787,M025,C01363,2026-04-04 17:55:56,PRD_PAS_01,Pastries,1,368.57,17.55,UPI
TXN0002823,M041,C01011,2026-04-04 18:05:48,PRD_DES_02,Desserts,1,1250.74,59.56,UPI
TXN0000828,M012,C01770,2026-04-04 18:28:43,PRD_SNK_01,Snacks,2,366.36,34.89,UPI
TXN0000040,M029,C02967,2026-04-04 18:36:27,PRD_ART_02,Art Supplies,3,268.6,38.36,UPI
TXN0002464,M022,C02197,2026-04-04 18:45:27,PRD_MEN_01,Men,1,799.0,415.67,CASH
TXN0002799,M035,C00747,2026-04-04 18:50:37,PRD_EAR_02,Earphones,1,3672.9,174.9,UPI
TXN0003281,M042,C00855,2026-04-04 19:32:19,PRD_PAS_01,Pastries,1,97.94,4.66,UPI
TXN0000287,M033,C00452,2026-04-04 19:58:10,PRD_BEV_02,Beverages,1,849.8,40.47,UPI
TXN0008753,M036,C02738,2026-04-04 20:04:22,PRD_HOU_01,Household,2,1101.87,104.94,CASH
TXN0000874,M050,C02494,2026-04-04 20:14:26,PRD_BRD_02,Bread,1,535.35,25.49,UPI
TXN0007807,M029,C00540,2026-04-04 20:24:56,PRD_NOT_01,Notebooks,1,461.19,21.96,WALLET
TXN0001459,M013,C01855,2026-04-04 20:43:30,PRD_SNK_02,Snacks,1,722.2,34.39,UPI
TXN0006190,M036,C02817,2026-04-04 20:45:32,PRD_SNK_01,Snacks,1,497.27,23.68,UPI
TXN0003688,M029,C02569,2026-04-04 21:00:01,PRD_OFF_02,Office Supplies,2,310.0,502.89,WALLET
TXN0002722,M011,C02728,2026-04-04 21:00:32,PRD_WRI_01,Writing,1,279.69,13.32,UPI
TXN0007637,M047,C00066,2026-04-04 21:33:23,PRD_ACC_02,Accessories,1,3490.17,166.2,UPI
TXN0004092,M035,C01909,2026-04-04 21:43:59,PRD_CAS_01,Cases,1,3672.9,174.9,UPI
TXN0006930,M006,C01701,2026-04-04 21:51:51,PRD_CHG_02,Chargers,2,1690.06,160.95,UPI
TXN0009364,M049,C02740,2026-04-04 22:13:02,PRD_SNK_01,Snacks,1,288.46,13.74,WALLET
TXN0001115,M006,C01948,2026-04-04 22:20:48,PRD_CHG_02,Chargers,2,1193.87,113.71,CASH
TXN0003164,M004,C01791,2026-04-05 08:27:35,PRD_LAP_01,Laptops,2,1439.65,137.1,UPI
TXN0007657,M015,C03379,2026-04-05 08:36:22,PRD_PAS_02,Pastries,1,599.09,28.53,UPI
TXN0005004,M046,C03006,2026-04-05 09:09:55,PRD_HOU_01,Household,2,497.83,47.41,UPI
TXN0000508,M002,C00207,2026-04-05 12:28:21,PRD_PAS_02,Pastries,1,136.22,6.49,UPI
TXN0002754,M028,C02929,2026-04-05 13:33:49,PRD_CHG_01,Chargers,1,1247.57,59.41,CASH
TXN0004160,M046,C02205,2026-04-05 15:53:48,PRD_SNK_02,Snacks,1,225.0,87.74,UPI
TXN0001803,M036,C01209,2026-04-05 16:15:06,PRD_STA_01,Staples,1,540.0,327.27,UPI
TXN0002305,M039,C01170,2026-04-05 16:42:42,PRD_BABY_02,Baby Care,1,1756.78,83.66,CASH
TXN0009737,M026,C01613,2026-04-05 16:43:43,PRD_TEA_01,Tea,1,240.0,81.17,CASH
TXN0007804,M001,C00968,2026-04-05 17:53:24,PRD_DAI_02,Dairy,1,793.39,37.78,CARD
TXN0002247,M016,C01929,2026-04-05 17:58:51,PRD_CAK_01,Cakes,1,550.0,104.56,UPI
TXN0006745,M029,C01091,2026-04-05 18:10:17,PRD_NOT_02,Notebooks,1,919.33,43.78,WALLET
TXN0004067,M037,C00764,2026-04-05 18:11:05,PRD_EAR_01,Earphones,1,1299.0,659.06,UPI
TXN0009624,M043,C03444,2026-04-05 18:31:33,PRD_PAS_02,Pastries,1,958.3,45.63,UPI
TXN0007274,M050,C02896,2026-04-05 18:35:19,PRD_PAS_01,Pastries,4,203.16,38.68,UPI
TXN0007158,M007,C03054,2026-04-05 18:38:33,PRD_HOU_02,Household,2,597.09,56.86,UPI
TXN0008174,M001,C00054,2026-04-05 18:43:17,PRD_HOU_01,Household,1,948.99,45.19,UPI
TXN0002341,M038,C01927,2026-04-05 18:47:15,PRD_CAS_02,Cases,1,1932.59,92.03,UPI
TXN0005785,M006,C01697,2026-04-05 19:04:55,PRD_EAR_01,Earphones,1,1679.95,80.0,UPI
TXN0000401,M018,C03266,2026-04-05 19:41:42,PRD_SNK_02,Snacks,1,1119.45,53.31,UPI
TXN0002119,M013,C01271,2026-04-05 19:56:31,PRD_BRD_01,Bread,1,250.76,11.94,UPI
TXN0004022,M002,C02332,2026-04-05 19:58:26,PRD_CAK_02,Cakes,1,450.0,134.4,UPI
TXN0001906,M001,C02577,2026-04-05 20:19:16,PRD_SNK_01,Snacks,1,1746.65,83.17,UPI
TXN0001524,M046,C03207,2026-04-05 20:20:25,PRD_BEV_02,Beverages,1,1060.99,50.52,CASH
TXN0000105,M005,C01204,2026-04-05 20:35:11,PRD_LAP_01,Laptops,1,6539.01,311.38,CASH
TXN0006707,M031,C02441,2026-04-05 21:01:22,PRD_ELE_02,Home Electronics,1,18364.5,874.5,UPI
TXN0009388,M013,C00107,2026-04-05 21:14:00,PRD_PAS_01,Pastries,2,398.78,37.97,UPI
TXN0007317,M042,C01892,2026-04-05 21:19:56,PRD_BRD_02,Bread,1,359.12,17.1,UPI
TXN0001657,M041,C02382,2026-04-05 21:39:17,PRD_BEV_01,Beverages,1,1657.7,78.94,UPI
TXN0001974,M006,C00373,2026-04-05 21:40:22,PRD_CAB_02,Cables,1,2816.17,134.1,UPI
TXN0000831,M046,C02685,2026-04-05 21:49:08,PRD_HOU_01,Household,1,496.14,23.63,UPI
TXN0005184,M008,C03156,2026-04-05 21:56:18,PRD_SNK_02,Snacks,1,322.01,15.33,UPI
TXN0006735,M005,C01020,2026-04-05 22:48:23,PRD_MOB_01,Mobiles,1,6499.0,824.4,UPI
TXN0006085,M044,C03039,2026-04-06 10:45:48,PRD_KID_02,Kids,1,1662.84,79.18,UPI
TXN0007983,M044,C00754,2026-04-06 11:58:32,PRD_ACC_01,Accessories,1,2208.29,105.16,UPI
TXN0006728,M036,C00550,2026-04-06 13:39:37,PRD_STA_02,Staples,1,924.61,44.03,UPI
TXN0007298,M014,C02007,2026-04-06 14:32:20,PRD_BRD_01,Bread,1,439.72,20.94,UPI
TXN0002188,M018,C03148,2026-04-06 14:55:34,PRD_DES_02,Desserts,1,472.11,22.48,UPI
TXN0007500,M020,C01211,2026-04-06 15:00:40,PRD_LAP_01,Laptops,1,14747.53,702.26,UPI
TXN0008948,M034,C00426,2026-04-06 15:09:47,PRD_OFF_02,Office Supplies,2,310.0,214.22,UPI
TXN0002541,M042,C03231,2026-04-06 15:12:43,PRD_PAS_01,Pastries,1,145.29,6.92,UPI
TXN0003648,M035,C02245,2026-04-06 15:17:42,PRD_CAS_02,Cases,1,3339.0,159.0,CASH
TXN0004058,M036,C00382,2026-04-06 15:18:31,PRD_DAI_01,Dairy,2,228.76,21.78,UPI
TXN0001336,M039,C02448,2026-04-06 15:29:05,PRD_PER_02,Personal Care,1,2616.43,124.59,WALLET
TXN0005399,M035,C03115,2026-04-06 15:46:26,PRD_CHG_01,Chargers,1,699.0,329.49,UPI
TXN0008994,M031,C01926,2026-04-06 17:00:12,PRD_LAP_02,Laptops,1,3517.95,167.52,CARD
TXN0007254,M021,C00393,2026-04-06 17:43:37,PRD_ART_01,Art Supplies,1,544.81,25.94,UPI
TXN0008465,M032,C01369,2026-04-06 17:44:17,PRD_BABY_02,Baby Care,1,2782.5,132.5,WALLET
TXN0005311,M004,C00058,2026-04-06 18:03:51,PRD_MOB_01,Mobiles,2,6499.0,1034.68,WALLET
TXN0005939,M019,C01472,2026-04-06 18:13:25,PRD_EAR_02,Earphones,3,466.4,66.62,CARD
TXN0008143,M009,C00585,2026-04-06 18:17:45,PRD_PER_01,Personal Care,1,2360.86,112.42,UPI
TXN0008463,M021,C03092,2026-04-06 18:30:05,PRD_OFF_02,Office Supplies,1,1001.7,47.7,UPI
TXN0009857,M001,C00806,2026-04-06 18:39:56,PRD_SNK_01,Snacks,1,1289.88,61.42,UPI
TXN0004251,M008,C02650,2026-04-06 18:51:05,PRD_COF_02,Coffee,1,280.0,135.83,UPI
TXN0002811,M024,C00058,2026-04-06 18:59:38,PRD_BEV_01,Beverages,1,329.58,15.69,UPI
TXN0006334,M026,C02431,2026-04-06 19:00:51,PRD_DES_02,Desserts,1,180.0,51.89,UPI
TXN0005109,M019,C02231,2026-04-06 19:03:33,PRD_CAS_01,Cases,1,783.06,37.29,UPI
TXN0003141,M011,C01979,2026-04-06 19:14:10,PRD_ART_02,Art Supplies,1,193.63,9.22,UPI
TXN0001057,M006,C01462,2026-04-06 19:33:19,PRD_CAB_01,Cables,1,515.51,24.55,UPI
TXN0002899,M029,C02031,2026-04-06 19:39:00,PRD_NOT_02,Notebooks,1,1001.7,47.7,UPI
TXN0003441,M042,C01645,2026-04-06 19:41:54,PRD_CAK_01,Cakes,1,550.0,419.34,UPI
TXN0007459,M040,C01847,2026-04-06 20:14:37,PRD_TEA_02,Tea,2,445.2,42.4,CASH
TXN0007192,M045,C01769,2026-04-06 20:26:32,PRD_SNK_01,Snacks,1,633.09,30.15,UPI
TXN0007085,M031,C00558,2026-04-06 20:38:06,PRD_MOB_02,Mobiles,1,11999.0,9870.2,UPI
TXN0006920,M049,C01365,2026-04-06 20:43:58,PRD_TEA_01,Tea,1,611.02,29.1,CARD
TXN0002974,M013,C02551,2026-04-06 20:46:36,PRD_PAS_02,Pastries,1,528.35,25.16,UPI
TXN0005267,M019,C01135,2026-04-06 20:55:23,PRD_EAR_01,Earphones,3,1299.0,717.0,UPI
TXN0004244,M007,C00875,2026-04-06 21:13:39,PRD_BEV_02,Beverages,2,173.29,16.5,CARD
TXN0002191,M014,C01138,2026-04-06 21:39:41,PRD_PAS_01,Pastries,1,1258.15,59.91,UPI
TXN0007519,M036,C02783,2026-04-06 22:03:09,PRD_HOU_02,Household,1,1242.77,59.18,UPI
TXN0004564,M044,C02830,2026-04-07 12:22:09,PRD_WOM_01,Women,1,5565.0,265.0,UPI
TXN0008882,M006,C02795,2026-04-07 12:57:28,PRD_CAS_02,Cases,1,667.0,31.76,UPI
TXN0003763,M044,C00256,2026-04-07 13:44:01,PRD_WOM_01,Women,1,1147.95,54.66,UPI
TXN0000621,M026,C02416,2026-04-07 14:06:12,PRD_COF_02,Coffee,1,280.0,38.54,UPI
TXN0007147,M046,C01532,2026-04-07 15:33:33,PRD_SNK_01,Snacks,1,853.46,40.64,UPI
TXN0001947,M022,C02569,2026-04-07 15:37:17,PRD_WOM_02,Women,1,2305.35,109.78,UPI
TXN0000394,M001,C03021,2026-04-07 15:54:07,PRD_STA_01,Staples,1,540.0,86.25,UPI
TXN0003424,M006,C01091,2026-04-07 16:21:57,PRD_EAR_02,Earphones,1,1229.46,58.55,UPI
TXN0006598,M020,C03348,2026-04-07 16:33:04,PRD_ELE_01,Home Electronics,1,4433.9,211.14,UPI
TXN0006479,M008,C01698,2026-04-07 17:40:20,PRD_TEA_02,Tea,1,456.31,21.73,UPI
TXN0001592,M017,C01377,2026-04-07 18:34:22,PRD_OFF_01,Office Supplies,1,470.41,22.4,CARD
TXN0001406,M015,C03027,2026-04-07 18:43:34,PRD_BRD_02,Bread,1,835.93,39.81,UPI
TXN0000664,M041,C03074,2026-04-07 18:48:58,PRD_MEA_01,Meals,1,990.08,47.15,UPI
TXN0000531,M017,C02297,2026-04-07 19:28:22,PRD_OFF_02,Office Supplies,1,772.57,36.79,UPI
TXN0000212,M005,C03189,2026-04-07 19:54:29,PRD_ACC_01,Accessories,2,3966.7,377.79,UPI
TXN0009621,M041,C03367,2026-04-07 20:05:44,PRD_DES_02,Desserts,2,278.43,26.52,CARD
TXN0003054,M001,C02914,2026-04-07 20:18:51,PRD_BEV_01,Beverages,1,921.06,43.86,CARD
TXN0008797,M038,C02871,2026-04-07 20:20:43,PRD_CHG_02,Chargers,1,999.0,235.64,UPI
TXN0007253,M049,C01910,2026-04-07 20:42:03,PRD_DES_01,Desserts,1,512.89,24.42,UPI
TXN0005028,M024,C00913,2026-04-07 21:31:55,PRD_ESS_02,Daily Essentials,1,1325.18,63.1,UPI
TXN0009428,M032,C00195,2026-04-07 21:51:57,PRD_BABY_01,Baby Care,1,799.0,238.28,UPI
TXN0001361,M003,C01540,2026-04-07 22:12:28,PRD_TEA_02,Tea,1,247.31,11.78,UPI
TXN0002809,M045,C01958,2026-04-07 22:20:33,PRD_DAI_01,Dairy,1,290.0,13.81,UPI
TXN0009930,M044,C02861,2026-04-08 08:32:11,PRD_KID_02,Kids,1,3808.52,181.36,UPI
TXN0000479,M037,C01574,2026-04-08 08:46:01,PRD_EAR_01,Earphones,1,3150.0,150.0,UPI
TXN0004647,M019,C03365,2026-04-08 10:24:01,PRD_EAR_02,Earphones,1,1923.62,91.6,UPI
TXN0003146,M049,C02574,2026-04-08 10:32:26,PRD_DES_01,Desserts,1,421.04,20.05,UPI
TXN0004660,M049,C02651,2026-04-08 10:47:22,PRD_TEA_02,Tea,1,210.0,35.34,CASH
TXN0008390,M019,C01462,2026-04-08 12:12:51,PRD_CAS_01,Cases,1,2683.54,127.79,UPI
TXN0000329,M008,C00218,2026-04-08 12:31:03,PRD_COF_02,Coffee,1,777.83,37.04,UPI
TXN0002425,M015,C01494,2026-04-08 13:08:24,PRD_BRD_01,Bread,1,621.95,29.62,UPI
TXN0007950,M050,C01056,2026-04-08 13:18:29,PRD_SNK_02,Snacks,1,1260.0,60.0,CASH
TXN0003314,M001,C02780,2026-04-08 15:24:21,PRD_SNK_01,Snacks,1,988.07,47.05,UPI
TXN0009168,M036,C02027,2026-04-08 15:24:35,PRD_SNK_02,Snacks,2,225.0,72.27,UPI
TXN0001818,M020,C03394,2026-04-08 15:37:47,PRD_MOB_01,Mobiles,1,6499.0,2518.38,WALLET
TXN0003189,M031,C02229,2026-04-08 15:42:07,PRD_MOB_02,Mobiles,1,11999.0,6455.1,UPI
TXN0007905,M030,C00720,2026-04-08 16:53:07,PRD_ELE_01,Home Electronics,1,5084.59,242.12,WALLET
TXN0002250,M018,C01586,2026-04-08 17:07:56,PRD_DES_02,Desserts,2,647.03,61.63,UPI
TXN0004881,M021,C01055,2026-04-08 17:41:58,PRD_NOT_01,Notebooks,1,160.0,39.14,UPI
TXN0002067,M029,C01607,2026-04-08 18:11:03,PRD_WRI_02,Writing,2,115.0,142.81,UPI
TXN0001122,M031,C00871,2026-04-08 18:23:03,PRD_ACC_01,Accessories,1,15750.0,750.0,CARD
TXN0006864,M001,C02808,2026-04-08 18:41:06,PRD_HOU_02,Household,1,646.36,30.78,UPI
TXN0004245,M021,C02672,2026-04-08 19:17:50,PRD_NOT_01,Notebooks,1,160.0,44.14,CASH
TXN0005355,M050,C01469,2026-04-08 19:23:21,PRD_SNK_02,Snacks,1,430.66,20.51,UPI
TXN0009982,M016,C03486,2026-04-08 20:00:09,PRD_BRD_01,Bread,1,348.94,16.62,WALLET
TXN0004248,M027,C02637,2026-04-08 20:04:23,PRD_LAP_02,Laptops,1,2099.16,99.96,CASH
TXN0000627,M016,C02843,2026-04-08 20:25:24,PRD_PAS_01,Pastries,1,95.0,15.0,UPI
TXN0006155,M003,C00598,2026-04-08 20:33:17,PRD_DES_02,Desserts,2,180.0,163.33,CARD
TXN0006535,M021,C02360,2026-04-08 20:58:21,PRD_ART_01,Art Supplies,1,321.86,15.33,UPI
TXN0005390,M005,C00860,2026-04-08 21:22:14,PRD_ACC_02,Accessories,1,3991.7,190.08,UPI
TXN0000997,M005,C02568,2026-04-08 22:23:19,PRD_LAP_01,Laptops,1,2910.39,138.59,UPI
TXN0006304,M024,C01644,2026-04-08 22:40:57,PRD_SNK_02,Snacks,2,225.0,133.04,CASH
TXN0006687,M014,C02232,2026-04-09 09:21:15,PRD_CAK_01,Cakes,2,550.0,374.75,UPI
TXN0005947,M003,C00669,2026-04-09 10:03:28,PRD_SNK_02,Snacks,1,620.39,29.54,CARD
TXN0003470,M002,C03302,2026-04-09 10:42:30,PRD_CAK_01,Cakes,3,550.0,1030.09,UPI
TXN0008320,M045,C02064,2026-04-09 12:34:50,PRD_BEV_02,Beverages,2,231.21,22.02,UPI
TXN0001708,M022,C01749,2026-04-09 12:57:55,PRD_ACC_01,Accessories,2,499.0,465.25,UPI
TXN0007009,M020,C00712,2026-04-09 13:20:05,PRD_MOB_02,Mobiles,2,11999.0,15277.33,UPI
TXN0008966,M034,C00691,2026-04-09 15:00:02,PRD_OFF_01,Office Supplies,1,208.2,9.91,UPI
TXN0009979,M042,C00248,2026-04-09 15:44:45,PRD_BRD_02,Bread,1,304.71,14.51,WALLET
TXN0002748,M001,C00917,2026-04-09 16:44:26,PRD_HOU_01,Household,1,1416.29,67.44,UPI
TXN0004386,M030,C00446,2026-04-09 16:53:28,PRD_ELE_02,Home Electronics,1,6025.87,286.95,CASH
TXN0000423,M004,C00366,2026-04-09 17:06:20,PRD_ACC_01,Accessories,1,3948.95,188.05,CARD
TXN0009204,M003,C01374,2026-04-09 17:07:10,PRD_TEA_02,Tea,1,489.72,23.32,UPI
TXN0001471,M035,C00546,2026-04-09 17:29:43,PRD_EAR_01,Earphones,3,1299.0,3228.29,UPI
TXN0000473,M032,C00199,2026-04-09 17:40:11,PRD_WEL_02,Wellness,1,2625.0,125.0,WALLET
TXN0008801,M024,C01623,2026-04-09 18:04:54,PRD_BEV_01,Beverages,4,234.92,44.73,UPI
TXN0004308,M043,C03038,2026-04-09 18:17:51,PRD_PAS_02,Pastries,1,1486.8,70.8,UPI
TXN0004474,M016,C02678,2026-04-09 18:19:13,PRD_SNK_01,Snacks,1,1102.89,52.52,UPI
TXN0006277,M010,C00124,2026-04-09 18:20:35,PRD_HOU_02,Household,1,361.21,17.2,UPI
TXN0000850,M016,C01619,2026-04-09 18:36:12,PRD_CAK_01,Cakes,1,550.0,293.6,UPI
TXN0002518,M029,C02344,2026-04-09 18:55:20,PRD_WRI_02,Writing,1,316.14,15.05,UPI
TXN0007259,M003,C03358,2026-04-09 19:33:03,PRD_COF_01,Coffee,1,380.0,228.88,UPI
TXN0008077,M050,C03429,2026-04-09 19:46:52,PRD_SNK_02,Snacks,1,225.0,90.25,UPI
TXN0009607,M018,C01640,2026-04-09 20:07:48,PRD_MEA_01,Meals,1,1067.65,50.84,WALLET
TXN0000651,M044,C01081,2026-04-09 20:36:15,PRD_MEN_02,Men,1,4690.99,223.38,UPI
TXN0001637,M008,C02440,2026-04-09 20:41:15,PRD_SNK_01,Snacks,2,279.93,26.66,UPI
TXN0009184,M017,C03209,2026-04-09 21:07:39,PRD_ART_02,Art Supplies,1,945.0,45.0,CARD
TXN0001737,M050,C01094,2026-04-09 21:17:40,PRD_BRD_01,Bread,1,270.89,12.9,UPI
TXN0003826,M021,C00863,2026-04-09 21:21:45,PRD_WRI_02,Writing,1,115.0,6.8,UPI
TXN0008501,M003,C01717,2026-04-09 21:45:04,PRD_SNK_01,Snacks,4,247.8,47.2,UPI
TXN0001219,M029,C01526,2026-04-10 08:23:57,PRD_OFF_02,Office Supplies,1,310.0,31.74,UPI
TXN0005942,M025,C01018,2026-04-10 08:26:52,PRD_CAK_01,Cakes,1,1260.0,60.0,UPI
TXN0008657,M007,C02886,2026-04-10 09:12:27,PRD_DAI_02,Dairy,1,779.4,37.11,CASH
TXN0001680,M035,C02862,2026-04-10 12:42:51,PRD_CAS_01,Cases,1,665.74,31.7,CASH
TXN0009383,M009,C02854,2026-04-10 13:13:19,PRD_BABY_02,Baby Care,1,943.72,44.94,UPI
TXN0008524,M023,C00172,2026-04-10 14:26:15,PRD_DES_01,Desserts,1,1575.0,75.0,UPI
TXN0003801,M029,C00869,2026-04-10 14:26:52,PRD_WRI_02,Writing,1,445.95,21.24,WALLET
TXN0005491,M011,C00352,2026-04-10 15:09:32,PRD_WRI_01,Writing,1,303.27,14.44,UPI
TXN0001083,M025,C00462,2026-04-10 16:17:29,PRD_PAS_02,Pastries,1,274.32,13.06,UPI
TXN0003438,M046,C02451,2026-04-10 16:49:51,PRD_HOU_01,Household,4,180.0,40.17,CASH
TXN0005152,M029,C01327,2026-04-10 16:52:18,PRD_WRI_02,Writing,1,300.38,14.3,UPI
TXN0004441,M034,C01180,2026-04-10 18:05:44,PRD_OFF_01,Office Supplies,1,525.26,25.01,WALLET
TXN0006658,M031,C00511,2026-04-10 18:14:22,PRD_LAP_02,Laptops,1,10912.17,519.63,UPI
TXN0008193,M045,C03112,2026-04-10 18:17:46,PRD_HOU_01,Household,1,1890.0,90.0,UPI
TXN0005367,M034,C02030,2026-04-10 18:39:18,PRD_ART_02,Art Supplies,1,294.69,14.03,UPI
TXN0006156,M039,C01394,2026-04-10 18:39:34,PRD_PER_01,Personal Care,1,297.97,14.19,UPI
TXN0005442,M034,C03047,2026-04-10 18:56:31,PRD_OFF_02,Office Supplies,1,310.0,37.66,CARD
TXN0004852,M024,C01853,2026-04-10 19:00:10,PRD_BEV_01,Beverages,1,820.73,39.08,UPI
TXN0000769,M005,C01661,2026-04-10 19:25:38,PRD_ACC_02,Accessories,1,7870.67,374.79,CASH
TXN0005711,M005,C02309,2026-04-10 19:59:23,PRD_ACC_01,Accessories,1,4470.41,212.88,UPI
TXN0009274,M040,C02310,2026-04-10 20:07:16,PRD_SNK_02,Snacks,2,346.1,32.97,UPI
TXN0004351,M033,C01385,2026-04-10 21:13:36,PRD_HOU_01,Household,1,400.09,19.05,UPI
TXN0002127,M039,C03187,2026-04-10 21:33:52,PRD_MED_02,Medicine,1,2226.51,106.02,UPI
TXN0005658,M024,C02879,2026-04-10 22:44:36,PRD_ESS_01,Daily Essentials,1,507.19,24.15,UPI
TXN0009680,M011,C02637,2026-04-11 08:23:22,PRD_NOT_02,Notebooks,1,457.84,21.8,UPI
TXN0006168,M046,C03456,2026-04-11 08:58:26,PRD_BEV_01,Beverages,2,712.43,67.86,CASH
TXN0007837,M013,C01434,2026-04-11 09:52:54,PRD_SNK_02,Snacks,1,1386.0,66.0,UPI
TXN0000129,M013,C01285,2026-04-11 15:00:50,PRD_SNK_01,Snacks,1,291.72,13.89,UPI
TXN0003993,M045,C00233,2026-04-11 16:07:38,PRD_STA_02,Staples,1,1891.23,90.06,UPI
TXN0005799,M015,C02522,2026-04-11 17:02:44,PRD_CAK_01,Cakes,1,550.0,438.61,UPI
TXN0004693,M026,C02962,2026-04-11 17:09:29,PRD_COF_02,Coffee,2,280.0,210.0,UPI
TXN0004563,M023,C01693,2026-04-11 17:11:36,PRD_SNK_01,Snacks,1,1101.03,52.43,UPI
TXN0005988,M013,C00510,2026-04-11 17:14:50,PRD_PAS_02,Pastries,1,601.37,28.64,CARD
TXN0007169,M007,C00634,2026-04-11 17:37:36,PRD_BEV_01,Beverages,1,1203.24,57.3,UPI
TXN0001553,M021,C00748,2026-04-11 17:53:52,PRD_OFF_02,Office Supplies,1,921.45,43.88,UPI
TXN0008361,M043,C01030,2026-04-11 18:16:34,PRD_CAK_01,Cakes,1,738.64,35.17,UPI
TXN0004821,M041,C02923,2026-04-11 19:12:48,PRD_BEV_02,Beverages,1,652.45,31.07,UPI
TXN0003371,M042,C02113,2026-04-11 19:56:13,PRD_SNK_01,Snacks,1,161.04,7.67,CASH
TXN0004148,M042,C01493,2026-04-11 19:57:31,PRD_CAK_02,Cakes,1,450.0,279.97,UPI
TXN0006590,M032,C01751,2026-04-11 20:28:21,PRD_WEL_01,Wellness,1,1123.99,53.52,UPI
TXN0006935,M020,C02332,2026-04-11 20:38:58,PRD_LAP_02,Laptops,1,11335.33,539.78,UPI
TXN0008290,M004,C03276,2026-04-11 20:53:13,PRD_ACC_01,Accessories,2,3540.58,337.2,UPI
TXN0008152,M020,C00588,2026-04-11 21:28:31,PRD_ELE_02,Home Electronics,1,4057.38,193.21,WALLET
TXN0007108,M009,C02933,2026-04-11 21:35:49,PRD_PER_01,Personal Care,1,3169.61,150.93,CASH
TXN0006099,M007,C02008,2026-04-11 22:23:37,PRD_HOU_02,Household,1,633.32,30.16,UPI
TXN0000377,M046,C02681,2026-04-11 22:51:44,PRD_SNK_01,Snacks,2,755.02,71.9,UPI
TXN0004971,M029,C00923,2026-04-12 09:40:58,PRD_ART_02,Art Supplies,1,502.52,23.93,UPI
TXN0009096,M050,C01465,2026-04-12 09:52:05,PRD_BRD_01,Bread,1,704.92,33.57,UPI
TXN0007985,M031,C00656,2026-04-12 10:36:44,PRD_ACC_02,Accessories,1,3899.62,185.7,UPI
TXN0003848,M027,C00689,2026-04-12 10:59:06,PRD_MOB_01,Mobiles,1,6499.0,4366.92,WALLET
TXN0003607,M046,C02407,2026-04-12 11:21:36,PRD_ESS_02,Daily Essentials,1,846.67,40.32,CASH
TXN0006796,M038,C00754,2026-04-12 15:02:02,PRD_CAB_01,Cables,1,817.78,38.94,CASH
TXN0005994,M045,C01757,2026-04-12 15:29:59,PRD_SNK_02,Snacks,1,277.49,13.21,CARD
TXN0008425,M034,C03313,2026-04-12 16:05:09,PRD_OFF_01,Office Supplies,2,175.0,225.15,UPI
TXN0008272,M029,C03145,2026-04-12 17:04:47,PRD_OFF_02,Office Supplies,1,775.05,36.91,UPI
TXN0002595,M029,C01787,2026-04-12 17:14:31,PRD_WRI_01,Writing,1,1039.5,49.5,UPI
TXN0009677,M031,C01784,2026-04-12 17:17:51,PRD_ELE_02,Home Electronics,1,12541.71,597.22,UPI
TXN0005359,M018,C03148,2026-04-12 17:27:26,PRD_DES_01,Desserts,2,733.39,69.85,CASH
TXN0003632,M013,C01134,2026-04-12 18:09:17,PRD_SNK_02,Snacks,2,272.48,25.95,UPI
TXN0005507,M008,C02476,2026-04-12 18:12:23,PRD_SNK_01,Snacks,1,304.71,14.51,UPI
TXN0000078,M026,C01631,2026-04-12 19:05:11,PRD_SNK_02,Snacks,1,403.09,19.19,UPI
TXN0005877,M006,C00043,2026-04-12 19:06:02,PRD_CAB_01,Cables,1,2362.93,112.52,UPI
TXN0006900,M005,C01773,2026-04-12 19:21:29,PRD_MOB_02,Mobiles,2,11999.0,16881.12,WALLET
TXN0000474,M050,C00049,2026-04-12 19:27:06,PRD_BRD_01,Bread,1,1386.0,66.0,UPI
TXN0007565,M018,C03450,2026-04-12 19:49:57,PRD_BEV_02,Beverages,1,1120.22,53.34,CARD
TXN0005150,M018,C01046,2026-04-12 20:50:13,PRD_MEA_01,Meals,1,828.91,39.47,UPI
TXN0005381,M018,C00675,2026-04-12 20:56:14,PRD_DES_02,Desserts,2,866.25,82.5,CARD
TXN0002622,M010,C02172,2026-04-12 21:20:20,PRD_HOU_01,Household,2,359.54,34.24,UPI
TXN0004050,M040,C03061,2026-04-12 21:37:54,PRD_TEA_02,Tea,3,210.0,282.89,UPI
TXN0008223,M006,C00958,2026-04-12 22:29:58,PRD_CAB_01,Cables,1,1006.11,47.91,CARD
TXN0000633,M047,C00654,2026-04-13 10:05:46,PRD_ELE_02,Home Electronics,1,4296.49,204.59,CASH
TXN0007051,M001,C00838,2026-04-13 10:47:41,PRD_DAI_01,Dairy,2,377.09,35.92,UPI
TXN0009488,M032,C01382,2026-04-13 10:52:33,PRD_WEL_02,Wellness,1,1645.38,78.35,CARD
TXN0003537,M046,C01065,2026-04-13 11:29:26,PRD_SNK_01,Snacks,1,518.42,24.69,UPI
TXN0004509,M013,C00407,2026-04-13 13:02:51,PRD_SNK_02,Snacks,4,315.0,60.0,CASH
TXN0004628,M018,C00203,2026-04-13 15:31:45,PRD_SNK_01,Snacks,1,1575.0,75.0,UPI
TXN0007557,M034,C03082,2026-04-13 17:33:27,PRD_ART_02,Art Supplies,1,781.48,37.21,UPI
TXN0005984,M018,C00838,2026-04-13 18:03:57,PRD_SNK_01,Snacks,1,1375.31,65.49,UPI
TXN0002219,M015,C02473,2026-04-13 18:08:09,PRD_PAS_02,Pastries,1,605.22,28.82,UPI
TXN0009150,M031,C00110,2026-04-13 18:14:43,PRD_ELE_01,Home Electronics,1,9733.65,463.51,UPI
TXN0005750,M008,C03472,2026-04-13 18:15:25,PRD_TEA_02,Tea,1,210.0,26.12,UPI
TXN0001748,M050,C02074,2026-04-13 18:28:51,PRD_CAK_01,Cakes,1,986.75,46.99,UPI
TXN0004488,M035,C02817,2026-04-13 18:33:25,PRD_CAB_02,Cables,2,561.04,53.43,WALLET
TXN0008088,M034,C00088,2026-04-13 18:39:55,PRD_ART_01,Art Supplies,1,435.34,20.73,UPI
TXN0008017,M013,C01666,2026-04-13 18:55:14,PRD_PAS_02,Pastries,1,522.47,24.88,UPI
TXN0008661,M011,C00047,2026-04-13 19:21:09,PRD_WRI_01,Writing,1,125.39,5.97,UPI
TXN0007232,M036,C00017,2026-04-13 19:33:01,PRD_BEV_02,Beverages,1,555.8,26.47,UPI
TXN0009021,M037,C00257,2026-04-13 19:42:53,PRD_CHG_01,Chargers,1,1199.27,57.11,UPI
TXN0000461,M032,C00474,2026-04-13 19:44:38,PRD_BABY_02,Baby Care,1,2494.25,118.77,CASH
TXN0002276,M030,C01562,2026-04-13 20:28:30,PRD_ELE_01,Home Electronics,1,3339.44,159.02,WALLET
TXN0003495,M049,C01128,2026-04-13 20:31:13,PRD_DES_02,Desserts,1,180.0,86.89,CASH
TXN0004826,M011,C02506,2026-04-13 20:37:41,PRD_OFF_01,Office Supplies,1,321.8,15.32,UPI
TXN0002650,M039,C02396,2026-04-13 20:51:44,PRD_MED_02,Medicine,2,1285.11,122.39,UPI
TXN0008859,M043,C03309,2026-04-13 21:14:29,PRD_CAK_01,Cakes,1,581.9,27.71,UPI
TXN0002874,M050,C02905,2026-04-13 21:16:09,PRD_SNK_02,Snacks,1,225.0,110.37,CARD
TXN0008097,M040,C01609,2026-04-13 22:11:49,PRD_SNK_01,Snacks,3,64.46,9.2,UPI
TXN0004435,M036,C00112,2026-04-14 09:35:30,PRD_BEV_02,Beverages,1,671.09,31.96,UPI
TXN0004545,M014,C01961,2026-04-14 09:45:10,PRD_CAK_01,Cakes,1,566.87,26.99,UPI
TXN0007998,M036,C00492,2026-04-14 11:12:17,PRD_HOU_02,Household,1,1733.85,82.56,UPI
TXN0004051,M029,C00101,2026-04-14 15:06:20,PRD_ART_01,Art Supplies,1,336.42,16.02,CARD
TXN0009914,M027,C01099,2026-04-14 15:11:39,PRD_LAP_02,Laptops,1,15729.83,749.04,UPI
TXN0003466,M042,C01194,2026-04-14 16:14:06,PRD_BRD_01,Bread,1,428.44,20.4,UPI
TXN0006797,M041,C01871,2026-04-14 16:57:10,PRD_MEA_02,Meals,1,1149.77,54.75,UPI
TXN0000444,M018,C02769,2026-04-14 17:09:36,PRD_SNK_01,Snacks,1,270.85,12.9,UPI
TXN0000640,M046,C03191,2026-04-14 17:32:39,PRD_BEV_02,Beverages,1,308.5,14.69,UPI
TXN0001731,M050,C02319,2026-04-14 17:59:50,PRD_CAK_01,Cakes,1,550.0,190.98,WALLET
TXN0000335,M032,C03100,2026-04-14 18:01:13,PRD_BABY_02,Baby Care,1,571.94,27.24,UPI
TXN0000677,M016,C01461,2026-04-14 18:43:51,PRD_BRD_01,Bread,1,407.26,19.39,CARD
TXN0001480,M012,C00931,2026-04-14 19:22:19,PRD_BEV_02,Beverages,1,192.76,9.18,UPI
TXN0009071,M007,C00440,2026-04-14 19:27:30,PRD_HOU_01,Household,1,674.99,32.14,UPI
TXN0007091,M003,C00969,2026-04-14 19:49:28,PRD_DES_02,Desserts,1,262.04,12.48,CASH
TXN0007857,M046,C01263,2026-04-14 19:56:50,PRD_ESS_01,Daily Essentials,1,762.44,36.31,UPI
TXN0001491,M010,C00371,2026-04-14 20:50:15,PRD_DAI_02,Dairy,2,448.83,42.74,UPI
TXN0009238,M032,C01958,2026-04-14 20:56:25,PRD_WEL_01,Wellness,1,1108.23,52.77,UPI
TXN0005655,M004,C00022,2026-04-14 20:59:48,PRD_MOB_02,Mobiles,1,15750.0,750.0,UPI
TXN0008121,M008,C01024,2026-04-14 21:06:38,PRD_TEA_01,Tea,1,240.0,61.08,UPI
TXN0004109,M039,C03495,2026-04-14 21:06:58,PRD_PER_02,Personal Care,1,716.49,34.12,UPI
TXN0004324,M029,C00705,2026-04-14 22:22:43,PRD_OFF_01,Office Supplies,1,309.68,14.75,CARD
TXN0004838,M025,C02232,2026-04-14 22:36:33,PRD_PAS_02,Pastries,1,1054.38,50.21,UPI
TXN0009876,M037,C00474,2026-04-14 22:47:48,PRD_CAS_01,Cases,1,533.86,25.42,UPI
TXN0008987,M018,C01677,2026-04-15 08:11:25,PRD_MEA_02,Meals,3,250.0,630.0,UPI
TXN0000772,M014,C01884,2026-04-15 14:51:17,PRD_CAK_01,Cakes,1,550.0,317.89,CARD
TXN0000495,M002,C00695,2026-04-15 16:56:41,PRD_PAS_02,Pastries,1,486.0,23.14,UPI
TXN0003194,M004,C01465,2026-04-15 17:02:07,PRD_MOB_01,Mobiles,1,6499.0,1044.76,UPI
TXN0001028,M005,C00866,2026-04-15 17:02:14,PRD_ACC_02,Accessories,1,2760.54,131.45,UPI
TXN0000849,M046,C00537,2026-04-15 17:16:33,PRD_HOU_01,Household,1,367.3,17.49,UPI
TXN0000358,M030,C01864,2026-04-15 18:02:20,PRD_ELE_02,Home Electronics,1,3738.71,178.03,CASH
TXN0006206,M021,C03011,2026-04-15 19:12:42,PRD_ART_01,Art Supplies,2,320.0,579.21,UPI
TXN0007605,M007,C03254,2026-04-15 20:24:02,PRD_SNK_02,Snacks,1,225.0,47.89,UPI
TXN0005292,M002,C01434,2026-04-15 20:31:05,PRD_BRD_01,Bread,3,223.77,31.98,CASH
TXN0004583,M021,C03299,2026-04-15 20:57:52,PRD_OFF_02,Office Supplies,2,310.0,488.53,CARD
TXN0001953,M009,C02728,2026-04-15 20:59:27,PRD_WEL_01,Wellness,2,792.47,75.47,UPI
TXN0009913,M031,C03272,2026-04-15 21:00:03,PRD_LAP_02,Laptops,1,2618.43,124.69,UPI
TXN0008104,M048,C01773,2026-04-15 21:11:50,PRD_EAR_01,Earphones,1,2150.65,102.41,UPI
TXN0006713,M032,C02768,2026-04-15 21:36:14,PRD_WEL_02,Wellness,1,1091.82,51.99,UPI
TXN0007587,M040,C00259,2026-04-15 22:25:00,PRD_SNK_01,Snacks,1,136.4,6.5,UPI
TXN0001360,M032,C01702,2026-04-15 22:32:11,PRD_PER_02,Personal Care,1,1081.66,51.51,CASH
TXN0003195,M016,C00904,2026-04-16 08:28:37,PRD_BRD_01,Bread,1,487.04,23.19,WALLET
TXN0004834,M018,C00165,2026-04-16 09:15:58,PRD_BEV_02,Beverages,1,420.42,20.02,UPI
TXN0004794,M046,C03033,2026-04-16 09:26:52,PRD_HOU_01,Household,2,380.43,36.24,CARD
TXN0003583,M034,C03076,2026-04-16 15:01:29,PRD_NOT_02,Notebooks,1,356.46,16.97,UPI
TXN0001166,M023,C02545,2026-04-16 16:01:53,PRD_BEV_01,Beverages,2,166.19,15.82,UPI
TXN0001075,M038,C00218,2026-04-16 16:09:52,PRD_CAB_02,Cables,1,507.47,24.17,UPI
TXN0004335,M043,C02160,2026-04-16 16:14:48,PRD_CAK_01,Cakes,1,550.0,83.64,UPI
TXN0001257,M002,C00363,2026-04-16 16:22:18,PRD_SNK_02,Snacks,2,225.0,145.76,UPI
TXN0003835,M019,C00530,2026-04-16 16:27:04,PRD_CAS_01,Cases,2,722.84,68.84,UPI
TXN0007100,M034,C00231,2026-04-16 16:31:37,PRD_NOT_02,Notebooks,1,289.5,13.79,WALLET
TXN0005931,M002,C00482,2026-04-16 17:00:51,PRD_BRD_01,Bread,3,420.0,60.0,WALLET
TXN0005870,M029,C03308,2026-04-16 17:09:24,PRD_WRI_02,Writing,1,178.65,8.51,UPI
TXN0001263,M015,C00032,2026-04-16 17:37:18,PRD_SNK_01,Snacks,2,630.0,60.0,UPI
TXN0003359,M029,C00395,2026-04-16 19:21:50,PRD_OFF_02,Office Supplies,1,310.0,135.24,UPI
TXN0003743,M013,C00445,2026-04-16 19:23:16,PRD_SNK_01,Snacks,1,313.14,14.91,UPI
TXN0005896,M050,C02191,2026-04-16 19:28:04,PRD_SNK_02,Snacks,1,1044.1,49.72,UPI
TXN0009492,M001,C03124,2026-04-16 19:38:04,PRD_HOU_01,Household,1,702.69,33.46,UPI
TXN0005612,M031,C02449,2026-04-16 19:38:45,PRD_ACC_02,Accessories,1,1165.63,55.51,UPI
TXN0007832,M018,C00068,2026-04-16 19:58:27,PRD_BEV_01,Beverages,1,438.81,20.9,UPI
TXN0001932,M050,C01878,2026-04-16 20:03:58,PRD_BRD_02,Bread,1,729.3,34.73,CASH
TXN0006994,M011,C02550,2026-04-16 20:16:38,PRD_NOT_01,Notebooks,2,160.0,232.61,CARD
TXN0006214,M007,C03215,2026-04-16 20:58:30,PRD_DAI_02,Dairy,1,821.88,39.14,UPI
TXN0008780,M048,C01392,2026-04-16 21:02:49,PRD_EAR_01,Earphones,1,1299.0,346.84,UPI
TXN0009006,M005,C02499,2026-04-16 21:05:57,PRD_ELE_02,Home Electronics,1,1099.0,159.39,UPI
TXN0001692,M039,C02686,2026-04-16 21:16:35,PRD_MED_01,Medicine,1,882.13,42.01,UPI
TXN0002909,M011,C02340,2026-04-16 21:47:45,PRD_ART_02,Art Supplies,1,945.0,45.0,UPI
TXN0005035,M015,C02390,2026-04-16 21:51:24,PRD_PAS_01,Pastries,1,664.18,31.63,UPI
TXN0008084,M032,C02880,2026-04-16 22:14:17,PRD_BABY_02,Baby Care,1,769.44,36.64,UPI
TXN0002338,M004,C01384,2026-04-16 22:15:35,PRD_ELE_01,Home Electronics,1,6888.07,328.0,UPI
TXN0001828,M039,C00704,2026-04-16 22:19:57,PRD_BABY_02,Baby Care,1,642.88,30.61,CARD
TXN0001994,M005,C03435,2026-04-16 22:21:32,PRD_MOB_01,Mobiles,1,15750.0,750.0,UPI
TXN0007137,M043,C03161,2026-04-16 22:23:39,PRD_CAK_02,Cakes,2,450.0,653.39,CASH
TXN0007614,M004,C01599,2026-04-17 08:53:16,PRD_ACC_01,Accessories,1,2470.38,117.64,UPI
TXN0004233,M016,C03225,2026-04-17 09:37:12,PRD_CAK_02,Cakes,1,450.0,204.14,UPI
TXN0007074,M036,C00877,2026-04-17 11:44:37,PRD_SNK_01,Snacks,1,618.03,29.43,UPI
TXN0001039,M008,C03216,2026-04-17 12:11:09,PRD_TEA_02,Tea,1,505.04,24.05,UPI
TXN0001877,M022,C02808,2026-04-17 12:44:39,PRD_ACC_01,Accessories,1,1502.74,71.56,UPI
TXN0002079,M009,C01263,2026-04-17 13:17:24,PRD_PER_02,Personal Care,1,664.25,31.63,UPI
TXN0002215,M003,C01820,2026-04-17 13:48:56,PRD_COF_01,Coffee,2,380.0,605.3,UPI
TXN0006249,M036,C01042,2026-04-17 14:48:51,PRD_SNK_02,Snacks,1,394.41,18.78,CARD
TXN0002578,M019,C00398,2026-04-17 15:56:13,PRD_CAS_01,Cases,1,954.14,45.44,UPI
TXN0006192,M028,C03119,2026-04-17 16:35:24,PRD_CHG_02,Chargers,1,999.0,751.69,UPI
TXN0008512,M013,C00229,2026-04-17 16:35:30,PRD_SNK_01,Snacks,1,360.71,17.18,CASH
TXN0003721,M026,C02865,2026-04-17 17:10:30,PRD_SNK_02,Snacks,1,695.82,33.13,UPI
TXN0004098,M017,C01046,2026-04-17 17:10:39,PRD_WRI_01,Writing,1,601.92,28.66,CASH
TXN0002910,M050,C00558,2026-04-17 17:47:20,PRD_PAS_02,Pastries,4,312.09,59.46,UPI
TXN0000416,M050,C01389,2026-04-17 17:57:07,PRD_BRD_01,Bread,1,325.67,15.51,UPI
TXN0000865,M041,C00236,2026-04-17 18:18:49,PRD_DES_02,Desserts,1,955.17,45.48,UPI
TXN0008842,M026,C02786,2026-04-17 18:40:37,PRD_TEA_01,Tea,1,242.88,11.57,UPI
TXN0006949,M028,C01167,2026-04-17 19:08:57,PRD_EAR_02,Earphones,1,1684.92,80.23,UPI
TXN0002355,M048,C00295,2026-04-17 19:12:17,PRD_CHG_01,Chargers,2,699.0,682.09,UPI
TXN0007255,M017,C01066,2026-04-17 19:15:36,PRD_NOT_02,Notebooks,2,260.0,481.97,CARD
TXN0001666,M039,C01882,2026-04-17 19:41:07,PRD_BABY_01,Baby Care,2,799.0,333.75,UPI
TXN0007240,M009,C01379,2026-04-17 19:43:10,PRD_BABY_02,Baby Care,1,3097.5,147.5,CASH
TXN0001799,M018,C03135,2026-04-17 19:59:26,PRD_BEV_01,Beverages,1,1379.73,65.7,CASH
TXN0004505,M013,C01971,2026-04-17 20:12:26,PRD_PAS_02,Pastries,1,170.27,8.11,UPI
TXN0007939,M039,C02332,2026-04-17 20:25:56,PRD_WEL_01,Wellness,1,375.0,185.88,UPI
TXN0002711,M033,C02717,2026-04-17 20:31:07,PRD_DAI_02,Dairy,1,1025.69,48.84,UPI
TXN0009191,M047,C01142,2026-04-17 21:40:08,PRD_LAP_01,Laptops,1,4032.83,192.04,WALLET
TXN0005569,M044,C01336,2026-04-17 21:42:17,PRD_ACC_02,Accessories,1,2594.61,123.55,UPI
TXN0005273,M016,C03259,2026-04-17 22:05:51,PRD_PAS_01,Pastries,2,405.86,38.66,WALLET
TXN0000901,M015,C02367,2026-04-17 22:11:26,PRD_SNK_02,Snacks,1,619.8,29.51,UPI
TXN0004379,M023,C01189,2026-04-17 22:42:36,PRD_DES_01,Desserts,3,220.0,454.11,UPI
TXN0003862,M011,C00165,2026-04-18 10:06:39,PRD_ART_02,Art Supplies,1,259.71,12.37,CASH
TXN0008098,M016,C00247,2026-04-18 13:06:42,PRD_SNK_01,Snacks,1,473.93,22.57,CARD
TXN0009939,M003,C01241,2026-04-18 13:14:09,PRD_TEA_02,Tea,1,924.0,44.0,UPI
TXN0002015,M044,C01938,2026-04-18 14:37:56,PRD_ACC_01,Accessories,1,3848.39,183.26,UPI
TXN0009026,M017,C00088,2026-04-18 16:29:09,PRD_ART_02,Art Supplies,1,201.85,9.61,UPI
TXN0005348,M048,C02443,2026-04-18 16:35:18,PRD_EAR_01,Earphones,1,1354.0,64.48,UPI
TXN0007533,M040,C03491,2026-04-18 16:42:50,PRD_SNK_02,Snacks,1,401.19,19.1,UPI
TXN0005076,M013,C03272,2026-04-18 16:59:43,PRD_CAK_01,Cakes,2,550.0,839.99,CASH
TXN0005592,M043,C01972,2026-04-18 17:18:29,PRD_CAK_02,Cakes,1,450.0,52.23,UPI
TXN0004143,M042,C02874,2026-04-18 17:44:56,PRD_CAK_01,Cakes,1,807.38,38.45,UPI
TXN0006653,M029,C00213,2026-04-18 17:50:00,PRD_WRI_02,Writing,1,115.0,66.54,UPI
TXN0000020,M024,C01863,2026-04-18 17:51:51,PRD_ESS_01,Daily Essentials,1,961.94,45.81,CARD
TXN0007800,M044,C00328,2026-04-18 18:05:08,PRD_MEN_02,Men,1,4384.62,208.79,UPI
TXN0006462,M001,C03348,2026-04-18 18:21:02,PRD_DAI_01,Dairy,1,196.69,9.37,UPI
TXN0009312,M014,C02462,2026-04-18 18:42:30,PRD_CAK_02,Cakes,1,450.0,343.3,UPI
TXN0000848,M006,C02810,2026-04-18 19:07:57,PRD_EAR_01,Earphones,1,2932.69,139.65,UPI
TXN0009330,M028,C02015,2026-04-18 19:25:00,PRD_EAR_02,Earphones,1,1325.81,63.13,UPI
TXN0004984,M026,C01341,2026-04-18 19:43:29,PRD_SNK_01,Snacks,1,924.0,44.0,UPI
TXN0008324,M005,C02600,2026-04-18 19:47:02,PRD_MOB_02,Mobiles,4,11999.0,42976.24,UPI
TXN0007358,M029,C01443,2026-04-18 19:53:02,PRD_OFF_01,Office Supplies,1,373.37,17.78,UPI
TXN0005291,M024,C00951,2026-04-18 19:53:03,PRD_BEV_02,Beverages,1,2310.0,110.0,WALLET
TXN0008257,M029,C01939,2026-04-18 20:19:18,PRD_OFF_01,Office Supplies,1,228.5,10.88,UPI
TXN0003900,M041,C01716,2026-04-18 20:54:42,PRD_DES_02,Desserts,1,797.7,37.99,UPI
TXN0007165,M009,C02418,2026-04-18 21:30:29,PRD_WEL_01,Wellness,1,3407.25,162.25,UPI
TXN0001604,M002,C02866,2026-04-18 21:39:41,PRD_SNK_02,Snacks,1,1295.83,61.71,CARD
TXN0009653,M034,C01638,2026-04-18 22:20:12,PRD_NOT_01,Notebooks,1,217.77,10.37,CARD
TXN0007736,M031,C02114,2026-04-18 22:27:15,PRD_LAP_02,Laptops,1,6626.42,315.54,UPI
TXN0002789,M035,C02511,2026-04-18 22:31:01,PRD_CHG_01,Chargers,1,1055.84,50.28,UPI
TXN0004151,M002,C00725,2026-04-19 08:08:20,PRD_PAS_02,Pastries,2,347.17,33.06,UPI
TXN0002272,M013,C01256,2026-04-19 08:28:33,PRD_CAK_01,Cakes,1,550.0,226.14,UPI
TXN0000661,M018,C02904,2026-04-19 08:44:36,PRD_BEV_02,Beverages,1,1361.54,64.84,UPI
TXN0001367,M042,C02490,2026-04-19 09:13:58,PRD_BRD_01,Bread,3,50.0,22.87,UPI
TXN0000456,M026,C02290,2026-04-19 10:46:49,PRD_SNK_02,Snacks,2,262.24,24.97,UPI
TXN0007324,M024,C02027,2026-04-19 12:03:32,PRD_BEV_01,Beverages,1,701.31,33.4,UPI
TXN0008350,M014,C00016,2026-04-19 12:49:26,PRD_CAK_02,Cakes,2,450.0,538.45,UPI
TXN0000074,M009,C03218,2026-04-19 13:45:49,PRD_PER_01,Personal Care,1,2887.5,137.5,CARD
TXN0004242,M025,C03350,2026-04-19 15:41:13,PRD_CAK_02,Cakes,1,726.18,34.58,UPI
TXN0007550,M024,C03315,2026-04-19 16:40:10,PRD_BEV_01,Beverages,2,291.06,27.72,CARD
TXN0004814,M032,C00494,2026-04-19 17:00:47,PRD_MED_02,Medicine,1,700.74,33.37,UPI
TXN0002376,M002,C01252,2026-04-19 17:18:35,PRD_BRD_01,Bread,1,218.72,10.42,UPI
TXN0008956,M024,C00556,2026-04-19 18:09:27,PRD_SNK_02,Snacks,1,225.0,41.0,UPI
TXN0008183,M034,C01804,2026-04-19 18:40:51,PRD_NOT_01,Notebooks,1,160.0,15.56,UPI
TXN0006165,M046,C01593,2026-04-19 18:51:29,PRD_SNK_02,Snacks,1,654.3,31.16,UPI
TXN0001162,M019,C03217,2026-04-19 18:58:58,PRD_EAR_01,Earphones,3,1299.0,597.0,WALLET
TXN0005257,M036,C02840,2026-04-19 19:21:18,PRD_DAI_02,Dairy,1,517.22,24.63,UPI
TXN0007889,M018,C00214,2026-04-19 19:24:35,PRD_SNK_01,Snacks,1,600.25,28.58,UPI
TXN0001841,M003,C02921,2026-04-19 19:31:34,PRD_TEA_02,Tea,1,795.79,37.89,UPI
TXN0008295,M005,C02406,2026-04-19 19:33:14,PRD_MOB_01,Mobiles,1,6499.0,3989.01,UPI
TXN0001342,M021,C01983,2026-04-19 19:45:48,PRD_ART_02,Art Supplies,1,887.19,42.25,UPI
TXN0007555,M049,C01262,2026-04-19 19:48:09,PRD_SNK_01,Snacks,3,50.54,7.22,WALLET
TXN0004119,M026,C03265,2026-04-19 20:07:31,PRD_TEA_02,Tea,1,713.32,33.97,WALLET
TXN0007081,M019,C01108,2026-04-19 20:24:33,PRD_EAR_01,Earphones,1,1684.55,80.22,CARD
TXN0001736,M030,C01703,2026-04-19 20:26:23,PRD_ACC_02,Accessories,1,5429.62,258.55,CARD
TXN0005371,M013,C01470,2026-04-19 20:40:40,PRD_PAS_01,Pastries,1,747.91,35.61,UPI
TXN0004410,M026,C00760,2026-04-19 21:34:19,PRD_TEA_02,Tea,1,337.68,16.08,CARD
TXN0002284,M016,C01381,2026-04-19 21:51:41,PRD_CAK_01,Cakes,1,670.54,31.93,CARD
TXN0008051,M046,C03491,2026-04-19 21:55:58,PRD_HOU_02,Household,1,492.92,23.47,UPI
TXN0005281,M038,C01453,2026-04-19 21:57:23,PRD_CHG_01,Chargers,1,699.0,36.49,UPI
TXN0009276,M034,C00097,2026-04-19 22:35:18,PRD_NOT_02,Notebooks,2,260.0,280.69,UPI
TXN0001190,M002,C02782,2026-04-20 10:45:29,PRD_CAK_01,Cakes,1,550.0,171.71,UPI
TXN0007879,M002,C00254,2026-04-20 12:23:26,PRD_BRD_02,Bread,1,880.26,41.92,UPI
TXN0006253,M045,C02237,2026-04-20 13:30:48,PRD_HOU_01,Household,1,1890.0,90.0,UPI
TXN0003089,M030,C01329,2026-04-20 15:11:07,PRD_LAP_02,Laptops,1,6032.29,287.25,UPI
TXN0009904,M045,C00867,2026-04-20 16:05:04,PRD_STA_01,Staples,2,540.0,579.11,UPI
TXN0006008,M037,C00296,2026-04-20 16:16:08,PRD_EAR_02,Earphones,1,349.0,93.64,UPI
TXN0001502,M018,C02297,2026-04-20 16:16:19,PRD_DES_01,Desserts,1,668.83,31.85,UPI
TXN0001121,M013,C02384,2026-04-20 16:54:15,PRD_PAS_02,Pastries,1,520.88,24.8,UPI
TXN0000182,M018,C02288,2026-04-20 17:00:45,PRD_SNK_01,Snacks,2,787.5,75.0,UPI
TXN0007635,M029,C02617,2026-04-20 17:09:03,PRD_OFF_02,Office Supplies,1,310.0,173.84,UPI
TXN0003056,M047,C02149,2026-04-20 17:59:35,PRD_ACC_01,Accessories,1,4005.9,190.76,UPI
TXN0006676,M020,C00231,2026-04-20 18:01:01,PRD_ACC_02,Accessories,1,5990.45,285.26,UPI
TXN0009524,M010,C00331,2026-04-20 18:04:46,PRD_SNK_01,Snacks,1,488.79,23.28,UPI
TXN0003883,M007,C00628,2026-04-20 18:07:26,PRD_SNK_02,Snacks,2,236.11,22.49,UPI
TXN0003058,M026,C00243,2026-04-20 18:11:01,PRD_DES_01,Desserts,1,240.53,11.45,UPI
TXN0003807,M030,C02368,2026-04-20 18:14:57,PRD_ELE_02,Home Electronics,1,2130.5,101.45,UPI
TXN0009529,M035,C01451,2026-04-20 18:37:06,PRD_EAR_01,Earphones,1,1299.0,878.82,UPI
TXN0007586,M021,C02475,2026-04-20 19:20:36,PRD_ART_02,Art Supplies,2,241.47,22.99,UPI
TXN0002489,M039,C02086,2026-04-20 19:28:45,PRD_BABY_01,Baby Care,1,2120.7,100.99,UPI
TXN0009759,M017,C03097,2026-04-20 20:22:52,PRD_ART_02,Art Supplies,1,712.68,33.94,UPI
TXN0000241,M020,C02182,2026-04-20 21:57:41,PRD_ELE_01,Home Electronics,4,1697.6,323.34,CARD
TXN0004947,M017,C00804,2026-04-20 22:18:16,PRD_WRI_02,Writing,1,339.07,16.15,UPI
TXN0003663,M006,C00853,2026-04-21 08:47:06,PRD_EAR_01,Earphones,2,1299.0,1626.18,UPI
TXN0005432,M015,C02525,2026-04-21 09:47:56,PRD_PAS_02,Pastries,1,562.91,26.81,UPI
TXN0004520,M014,C03430,2026-04-21 09:50:03,PRD_CAK_01,Cakes,1,550.0,315.66,CARD
TXN0004147,M025,C02396,2026-04-21 10:28:11,PRD_CAK_02,Cakes,1,450.0,277.79,UPI
TXN0005274,M035,C01374,2026-04-21 12:19:49,PRD_CHG_01,Chargers,1,699.0,118.03,UPI
TXN0005866,M005,C01904,2026-04-21 15:33:49,PRD_ACC_02,Accessories,1,4333.11,206.34,UPI
TXN0003777,M042,C00308,2026-04-21 15:36:30,PRD_SNK_01,Snacks,1,746.94,35.57,UPI
TXN0000446,M017,C03441,2026-04-21 15:57:01,PRD_WRI_02,Writing,3,115.0,77.61,UPI
TXN0008594,M028,C00237,2026-04-21 16:23:39,PRD_EAR_01,Earphones,1,1630.4,77.64,UPI
TXN0009706,M041,C00430,2026-04-21 16:39:15,PRD_MEA_02,Meals,1,344.48,16.4,UPI
TXN0009414,M036,C00757,2026-04-21 16:56:26,PRD_DAI_01,Dairy,1,759.87,36.18,CARD
TXN0001685,M004,C02484,2026-04-21 17:13:31,PRD_LAP_02,Laptops,1,7276.7,346.51,UPI
TXN0007681,M035,C01698,2026-04-21 17:33:47,PRD_CHG_01,Chargers,1,1560.06,74.29,UPI
TXN0006310,M031,C01821,2026-04-21 17:59:47,PRD_ELE_02,Home Electronics,1,2636.69,125.56,CARD
TXN0001743,M010,C00305,2026-04-21 18:07:03,PRD_STA_01,Staples,1,1402.39,66.78,WALLET
TXN0009229,M037,C02975,2026-04-21 18:10:28,PRD_EAR_02,Earphones,1,349.0,88.96,UPI
TXN0007898,M048,C02279,2026-04-21 19:03:34,PRD_CAB_01,Cables,1,1594.8,75.94,UPI
TXN0000504,M029,C02373,2026-04-21 19:20:26,PRD_OFF_02,Office Supplies,1,310.0,232.25,WALLET
TXN0006756,M003,C01699,2026-04-21 19:43:47,PRD_DES_01,Desserts,2,220.0,369.2,UPI
TXN0009858,M050,C01227,2026-04-21 19:46:07,PRD_PAS_02,Pastries,1,257.32,12.25,UPI
TXN0009335,M049,C02412,2026-04-21 19:52:39,PRD_COF_01,Coffee,1,380.0,116.02,UPI
TXN0007619,M046,C00250,2026-04-21 20:11:00,PRD_HOU_02,Household,1,362.67,17.27,UPI
TXN0000178,M028,C01909,2026-04-21 20:19:08,PRD_CAB_01,Cables,1,908.25,43.25,UPI
TXN0005557,M018,C01625,2026-04-21 20:25:40,PRD_DES_02,Desserts,1,252.61,12.03,UPI
TXN0007531,M039,C00375,2026-04-21 20:29:52,PRD_BABY_01,Baby Care,2,799.0,1036.14,UPI
TXN0003217,M042,C00671,2026-04-21 20:39:45,PRD_CAK_02,Cakes,2,580.7,55.31,CARD
TXN0001772,M033,C03338,2026-04-21 20:45:48,PRD_HOU_01,Household,1,531.71,25.32,CASH
TXN0009632,M038,C01929,2026-04-21 21:00:47,PRD_CHG_02,Chargers,1,1546.06,73.62,UPI
TXN0000509,M018,C00473,2026-04-21 21:08:32,PRD_BEV_01,Beverages,1,402.33,19.16,UPI
TXN0006369,M008,C02607,2026-04-21 21:19:08,PRD_TEA_02,Tea,1,321.27,15.3,UPI
TXN0005472,M046,C03014,2026-04-21 21:45:23,PRD_HOU_01,Household,1,936.66,44.6,UPI
TXN0000892,M035,C03199,2026-04-22 08:47:19,PRD_CAB_02,Cables,1,1386.35,66.02,UPI
TXN0003301,M028,C02958,2026-04-22 11:21:13,PRD_EAR_01,Earphones,1,1299.0,572.41,UPI
TXN0005032,M016,C00054,2026-04-22 12:29:05,PRD_BRD_02,Bread,1,1164.75,55.46,UPI
TXN0002421,M018,C01504,2026-04-22 12:39:40,PRD_BEV_01,Beverages,1,734.78,34.99,UPI
TXN0004317,M016,C00354,2026-04-22 13:51:26,PRD_BRD_02,Bread,1,140.0,60.0,UPI
TXN0002447,M029,C02626,2026-04-22 14:46:14,PRD_OFF_01,Office Supplies,1,438.55,20.88,UPI
TXN0006662,M023,C01795,2026-04-22 15:15:40,PRD_SNK_02,Snacks,1,694.4,33.07,UPI
TXN0002129,M030,C01965,2026-04-22 15:23:34,PRD_LAP_01,Laptops,1,1911.15,91.01,UPI
TXN0007523,M018,C03210,2026-04-22 16:13:35,PRD_MEA_02,Meals,2,449.36,42.8,UPI
TXN0003258,M046,C02207,2026-04-22 16:24:58,PRD_HOU_01,Household,1,416.63,19.84,WALLET
TXN0008040,M018,C02909,2026-04-22 16:37:43,PRD_SNK_02,Snacks,1,470.49,22.4,UPI
TXN0002565,M026,C00998,2026-04-22 16:40:05,PRD_TEA_01,Tea,1,240.0,180.0,UPI
TXN0009994,M022,C03247,2026-04-22 16:53:30,PRD_WOM_02,Women,1,2029.09,96.62,UPI
TXN0005470,M029,C03193,2026-04-22 17:10:48,PRD_OFF_01,Office Supplies,1,175.0,19.23,UPI
TXN0001283,M005,C01489,2026-04-22 17:49:37,PRD_LAP_02,Laptops,1,6840.26,325.73,UPI
TXN0002790,M023,C02075,2026-04-22 18:26:54,PRD_MEA_01,Meals,1,1193.18,56.82,UPI
TXN0004706,M030,C01157,2026-04-22 19:26:33,PRD_ACC_02,Accessories,1,7745.31,368.82,UPI
TXN0006328,M026,C02129,2026-04-22 19:38:59,PRD_DES_01,Desserts,1,220.0,160.0,CARD
TXN0000162,M003,C02575,2026-04-22 21:08:36,PRD_TEA_02,Tea,1,452.49,21.55,UPI
TXN0000538,M009,C03299,2026-04-22 21:28:58,PRD_WEL_01,Wellness,1,538.59,25.65,CASH
TXN0007877,M046,C00034,2026-04-23 09:49:19,PRD_SNK_02,Snacks,1,314.43,14.97,UPI
TXN0007911,M045,C00473,2026-04-23 11:05:12,PRD_STA_01,Staples,1,540.0,166.59,CARD
TXN0004813,M037,C01102,2026-04-23 11:05:40,PRD_CHG_02,Chargers,1,999.0,450.42,UPI
TXN0009267,M044,C01031,2026-04-23 11:52:13,PRD_ACC_01,Accessories,1,2506.37,119.35,UPI
TXN0006939,M003,C00545,2026-04-23 14:06:06,PRD_COF_02,Coffee,1,280.0,207.22,UPI
TXN0008151,M018,C02283,2026-04-23 14:21:30,PRD_BEV_01,Beverages,1,617.96,29.43,UPI
TXN0006820,M018,C01312,2026-04-23 14:51:11,PRD_MEA_02,Meals,1,601.94,28.66,WALLET
TXN0008658,M049,C00869,2026-04-23 15:00:29,PRD_DES_01,Desserts,1,423.62,20.17,UPI
TXN0009115,M049,C02048,2026-04-23 15:05:35,PRD_TEA_02,Tea,1,840.0,40.0,UPI
TXN0004135,M014,C02503,2026-04-23 15:47:19,PRD_SNK_01,Snacks,1,346.54,16.5,UPI
TXN0007133,M046,C00246,2026-04-23 16:20:48,PRD_SNK_02,Snacks,1,835.65,39.79,CASH
TXN0001782,M022,C00052,2026-04-23 17:39:08,PRD_MEN_01,Men,1,824.25,39.25,CASH
TXN0008018,M014,C01798,2026-04-23 17:42:52,PRD_PAS_02,Pastries,1,484.98,23.09,UPI
TXN0005605,M015,C02935,2026-04-23 18:14:28,PRD_CAK_01,Cakes,1,682.15,32.48,WALLET
TXN0000376,M038,C01762,2026-04-23 18:19:09,PRD_CAB_02,Cables,1,875.06,41.67,CARD
TXN0008668,M016,C00541,2026-04-23 18:19:13,PRD_CAK_01,Cakes,1,550.0,271.37,UPI
TXN0008478,M015,C02200,2026-04-23 18:56:17,PRD_BRD_02,Bread,1,140.0,42.84,UPI
TXN0007781,M009,C02813,2026-04-23 18:56:53,PRD_PER_01,Personal Care,1,647.51,30.83,UPI
TXN0009900,M010,C02514,2026-04-23 19:29:23,PRD_HOU_02,Household,1,320.0,46.98,UPI
TXN0005529,M018,C00214,2026-04-23 19:32:23,PRD_MEA_01,Meals,1,1167.43,55.59,UPI
TXN0004033,M003,C00823,2026-04-23 20:13:00,PRD_DES_02,Desserts,1,991.2,47.2,CASH
TXN0007462,M007,C00407,2026-04-23 20:18:04,PRD_DAI_01,Dairy,2,422.82,40.26,UPI
TXN0007522,M003,C03366,2026-04-23 20:39:59,PRD_COF_02,Coffee,1,703.79,33.51,CARD
TXN0008116,M003,C03440,2026-04-23 21:02:02,PRD_DES_01,Desserts,1,481.97,22.95,UPI
TXN0001213,M030,C00836,2026-04-23 21:03:28,PRD_ELE_02,Home Electronics,1,1859.29,88.54,UPI
TXN0009395,M006,C02621,2026-04-23 21:51:55,PRD_CAS_01,Cases,1,952.16,45.34,CASH
TXN0005641,M020,C00460,2026-04-23 22:14:18,PRD_MOB_02,Mobiles,1,11999.0,6536.1,UPI
TXN0000694,M031,C03279,2026-04-24 08:29:14,PRD_ELE_01,Home Electronics,2,3713.1,353.63,WALLET
TXN0008456,M030,C01574,2026-04-24 08:38:34,PRD_MOB_02,Mobiles,1,11999.0,6175.95,CASH
TXN0001753,M016,C03500,2026-04-24 10:38:38,PRD_CAK_01,Cakes,1,621.1,29.58,UPI
TXN0000354,M032,C02509,2026-04-24 11:34:13,PRD_MED_02,Medicine,1,825.04,39.29,WALLET
TXN0007934,M036,C02409,2026-04-24 12:08:46,PRD_DAI_01,Dairy,1,1141.06,54.34,UPI
TXN0006790,M038,C02216,2026-04-24 12:11:22,PRD_EAR_02,Earphones,1,1858.24,88.49,CARD
TXN0004963,M020,C02857,2026-04-24 13:35:07,PRD_MOB_01,Mobiles,1,6499.0,2819.63,UPI
TXN0005134,M021,C02928,2026-04-24 14:53:59,PRD_ART_02,Art Supplies,1,411.06,19.57,WALLET
TXN0005110,M036,C00736,2026-04-24 15:10:21,PRD_SNK_01,Snacks,1,301.49,14.36,UPI
TXN0009483,M028,C03240,2026-04-24 15:47:29,PRD_EAR_02,Earphones,1,1203.39,57.3,UPI
TXN0004589,M046,C01034,2026-04-24 15:58:25,PRD_SNK_01,Snacks,1,935.56,44.55,UPI
TXN0000930,M014,C03065,2026-04-24 17:09:04,PRD_PAS_02,Pastries,2,257.11,24.48,UPI
TXN0004857,M011,C03392,2026-04-24 18:01:44,PRD_WRI_01,Writing,1,117.16,5.58,UPI
TXN0008795,M038,C00814,2026-04-24 18:29:19,PRD_CHG_02,Chargers,2,999.0,1463.84,UPI
TXN0005256,M011,C01652,2026-04-24 19:06:36,PRD_NOT_01,Notebooks,1,160.0,49.07,UPI
TXN0006372,M021,C01442,2026-04-24 19:19:46,PRD_ART_02,Art Supplies,2,236.8,22.56,UPI
TXN0009940,M029,C02031,2026-04-24 19:27:48,PRD_WRI_01,Writing,1,575.54,27.41,UPI
TXN0002251,M007,C01845,2026-04-24 19:32:58,PRD_SNK_02,Snacks,1,317.77,15.13,UPI
TXN0002367,M019,C01860,2026-04-24 19:33:01,PRD_EAR_01,Earphones,1,2686.46,127.93,CASH
TXN0002554,M038,C00310,2026-04-24 19:52:35,PRD_CAB_02,Cables,2,630.99,60.1,UPI
TXN0005021,M043,C01750,2026-04-24 19:56:18,PRD_BRD_01,Bread,1,1400.99,66.71,WALLET
TXN0007305,M047,C01112,2026-04-24 20:04:02,PRD_ACC_02,Accessories,1,3967.1,188.91,WALLET
TXN0005033,M030,C02024,2026-04-24 20:05:05,PRD_ACC_01,Accessories,1,5125.69,244.08,UPI
TXN0005614,M046,C02950,2026-04-24 20:09:45,PRD_ESS_02,Daily Essentials,1,868.57,41.36,UPI
TXN0007005,M015,C02697,2026-04-24 20:19:10,PRD_SNK_01,Snacks,2,743.4,70.8,UPI
TXN0009999,M006,C03398,2026-04-24 21:02:13,PRD_CAB_02,Cables,1,581.32,27.68,UPI
TXN0000271,M023,C03271,2026-04-24 21:11:25,PRD_MEA_01,Meals,1,510.54,24.31,UPI
TXN0001102,M024,C02289,2026-04-24 22:29:32,PRD_HOU_02,Household,1,403.35,19.21,UPI
TXN0001773,M014,C01892,2026-04-24 22:41:38,PRD_SNK_01,Snacks,1,962.07,45.81,WALLET
TXN0000597,M021,C03109,2026-04-25 08:34:51,PRD_WRI_02,Writing,1,264.67,12.6,CASH
TXN0000998,M043,C01221,2026-04-25 09:13:52,PRD_PAS_01,Pastries,1,589.41,28.07,UPI
TXN0003051,M002,C00988,2026-04-25 09:14:23,PRD_SNK_02,Snacks,1,398.92,19.0,WALLET
TXN0003517,M002,C01238,2026-04-25 10:40:58,PRD_BRD_01,Bread,1,1386.0,66.0,UPI
TXN0009104,M040,C03352,2026-04-25 11:31:40,PRD_COF_02,Coffee,2,280.0,363.7,CASH
TXN0007752,M033,C01995,2026-04-25 12:43:15,PRD_STA_01,Staples,1,737.26,35.11,UPI
TXN0002812,M016,C02004,2026-04-25 12:47:36,PRD_BRD_02,Bread,1,140.0,52.0,UPI
TXN0000551,M019,C03364,2026-04-25 13:56:40,PRD_CHG_01,Chargers,1,720.39,34.3,CASH
TXN0006489,M005,C01443,2026-04-25 14:15:08,PRD_ELE_02,Home Electronics,2,1099.0,449.77,UPI
TXN0009498,M048,C01374,2026-04-25 15:14:11,PRD_CAS_01,Cases,1,995.68,47.41,UPI
TXN0001874,M044,C00774,2026-04-25 15:21:37,PRD_WOM_02,Women,1,3151.31,150.06,UPI
TXN0007250,M029,C02984,2026-04-25 16:13:18,PRD_NOT_01,Notebooks,1,262.65,12.51,UPI
TXN0004760,M044,C02028,2026-04-25 16:35:29,PRD_ACC_02,Accessories,2,775.3,73.84,CARD
TXN0007095,M009,C02889,2026-04-25 17:12:31,PRD_MED_01,Medicine,2,819.59,78.05,CARD
TXN0008703,M049,C02724,2026-04-25 17:30:37,PRD_TEA_02,Tea,1,222.31,10.59,UPI
TXN0001791,M010,C03357,2026-04-25 17:48:54,PRD_DAI_01,Dairy,2,183.22,17.44,UPI
TXN0009316,M029,C03009,2026-04-25 17:51:36,PRD_OFF_02,Office Supplies,1,599.93,28.57,UPI
TXN0009368,M046,C01670,2026-04-25 18:14:39,PRD_BEV_01,Beverages,1,787.29,37.49,CARD
TXN0009479,M019,C00861,2026-04-25 18:21:29,PRD_EAR_02,Earphones,1,2874.48,136.88,WALLET
TXN0003589,M039,C00931,2026-04-25 18:22:46,PRD_WEL_01,Wellness,1,671.8,31.99,CASH
TXN0002362,M039,C02257,2026-04-25 18:33:35,PRD_WEL_02,Wellness,1,2572.73,122.51,UPI
TXN0005762,M013,C00115,2026-04-25 18:51:45,PRD_BRD_01,Bread,2,653.02,62.2,CARD
TXN0003188,M029,C02346,2026-04-25 18:53:16,PRD_NOT_02,Notebooks,2,434.18,41.36,UPI
TXN0007325,M026,C02977,2026-04-25 19:26:47,PRD_TEA_01,Tea,1,698.74,33.27,UPI
TXN0003830,M003,C02990,2026-04-25 19:37:42,PRD_COF_02,Coffee,1,801.43,38.16,UPI
TXN0000536,M014,C00446,2026-04-25 22:08:04,PRD_SNK_01,Snacks,1,955.1,45.48,UPI
TXN0003316,M013,C01603,2026-04-25 22:24:13,PRD_BRD_02,Bread,1,288.52,13.74,UPI
TXN0002856,M031,C03209,2026-04-25 22:56:52,PRD_ELE_01,Home Electronics,4,1183.93,225.5,UPI
TXN0003232,M029,C00688,2026-04-26 08:29:49,PRD_WRI_02,Writing,1,458.93,21.85,CASH
TXN0006791,M046,C02119,2026-04-26 09:10:53,PRD_HOU_01,Household,1,381.42,18.16,WALLET
TXN0007084,M008,C00510,2026-04-26 09:27:16,PRD_SNK_02,Snacks,1,225.0,27.96,UPI
TXN0003849,M009,C03219,2026-04-26 11:41:00,PRD_BABY_01,Baby Care,2,799.0,824.84,UPI
TXN0000861,M046,C01585,2026-04-26 13:23:37,PRD_ESS_02,Daily Essentials,4,160.0,145.46,UPI
TXN0005213,M034,C00116,2026-04-26 13:51:13,PRD_ART_01,Art Supplies,1,1039.5,49.5,UPI
TXN0009744,M008,C03000,2026-04-26 15:32:52,PRD_COF_02,Coffee,1,280.0,59.2,UPI
TXN0004749,M030,C00033,2026-04-26 15:49:57,PRD_LAP_01,Laptops,1,3183.4,151.59,UPI
TXN0009515,M015,C01224,2026-04-26 16:09:54,PRD_BRD_02,Bread,1,1135.76,54.08,UPI
TXN0000398,M007,C00268,2026-04-26 17:03:40,PRD_SNK_01,Snacks,1,1055.49,50.26,CARD
TXN0008392,M047,C01063,2026-04-26 17:51:19,PRD_ACC_02,Accessories,2,1516.71,144.45,CASH
TXN0000124,M018,C00084,2026-04-26 18:10:50,PRD_BEV_01,Beverages,2,241.4,22.99,UPI
TXN0004041,M013,C00199,2026-04-26 18:17:14,PRD_SNK_02,Snacks,2,516.93,49.24,WALLET
TXN0001163,M016,C02100,2026-04-26 18:29:03,PRD_PAS_01,Pastries,1,448.06,21.34,UPI
TXN0005255,M043,C02637,2026-04-26 18:39:30,PRD_BRD_02,Bread,1,630.92,30.04,UPI
TXN0004439,M042,C02846,2026-04-26 18:40:42,PRD_SNK_01,Snacks,2,246.08,23.44,UPI
TXN0007910,M001,C01984,2026-04-26 18:47:49,PRD_DAI_02,Dairy,1,1239.93,59.04,UPI
TXN0002925,M013,C03080,2026-04-26 18:54:30,PRD_SNK_01,Snacks,1,861.43,41.02,UPI
TXN0003416,M046,C01929,2026-04-26 19:01:52,PRD_HOU_02,Household,2,600.34,57.18,UPI
TXN0009493,M003,C02450,2026-04-26 19:04:39,PRD_COF_01,Coffee,1,756.72,36.03,UPI
TXN0002100,M046,C02664,2026-04-26 19:42:33,PRD_SNK_02,Snacks,2,225.0,174.87,UPI
TXN0006331,M038,C02600,2026-04-26 20:40:41,PRD_CAB_01,Cables,1,1696.25,80.77,CARD
TXN0003482,M007,C01010,2026-04-26 20:41:22,PRD_STA_02,Staples,3,245.0,433.46,UPI
TXN0006186,M007,C02092,2026-04-26 21:22:26,PRD_STA_01,Staples,1,733.28,34.92,UPI
TXN0001033,M001,C02902,2026-04-26 21:31:43,PRD_SNK_02,Snacks,1,338.56,16.12,WALLET
TXN0005238,M007,C03232,2026-04-26 21:48:38,PRD_SNK_01,Snacks,2,1039.5,99.0,UPI
TXN0001710,M011,C01448,2026-04-26 21:54:20,PRD_ART_02,Art Supplies,1,335.91,16.0,UPI
TXN0007155,M038,C00657,2026-04-26 22:38:42,PRD_CAB_01,Cables,1,2580.51,122.88,CASH
TXN0005684,M003,C01466,2026-04-27 09:13:09,PRD_SNK_02,Snacks,1,225.0,153.08,CASH
TXN0008827,M026,C00895,2026-04-27 12:11:50,PRD_COF_01,Coffee,1,380.0,290.16,UPI
TXN0002665,M018,C01359,2026-04-27 12:39:46,PRD_BEV_02,Beverages,2,261.95,24.94,UPI
TXN0003270,M038,C03098,2026-04-27 17:04:51,PRD_CHG_01,Chargers,1,2592.15,123.44,WALLET
TXN0006200,M031,C02365,2026-04-27 17:06:14,PRD_ELE_02,Home Electronics,1,2351.65,111.98,UPI
TXN0008816,M006,C00455,2026-04-27 18:27:48,PRD_CAB_01,Cables,1,1062.91,50.61,UPI
TXN0007616,M026,C02453,2026-04-27 18:41:41,PRD_DES_02,Desserts,3,180.0,385.65,UPI
TXN0009126,M012,C00889,2026-04-27 18:50:35,PRD_SNK_01,Snacks,3,700.0,100.0,CARD
TXN0009840,M001,C01697,2026-04-27 19:05:38,PRD_HOU_02,Household,3,532.1,76.02,UPI
TXN0000348,M006,C02824,2026-04-27 19:06:41,PRD_CAB_01,Cables,1,883.27,42.06,UPI
TXN0007820,M031,C01279,2026-04-27 19:36:25,PRD_LAP_02,Laptops,1,6450.28,307.16,CARD
TXN0001287,M049,C01936,2026-04-27 20:00:54,PRD_TEA_01,Tea,1,240.0,71.87,UPI
TXN0003044,M004,C01675,2026-04-27 20:09:13,PRD_ACC_02,Accessories,1,4957.98,236.09,UPI
TXN0009394,M015,C02666,2026-04-27 20:25:04,PRD_BRD_01,Bread,1,1486.8,70.8,WALLET
TXN0007453,M002,C01173,2026-04-27 20:46:53,PRD_CAK_02,Cakes,1,674.15,32.1,UPI
TXN0006668,M036,C00090,2026-04-27 20:54:27,PRD_SNK_01,Snacks,1,1890.0,90.0,CASH
TXN0001235,M008,C01591,2026-04-27 21:03:55,PRD_DES_02,Desserts,1,223.34,10.64,UPI
TXN0002235,M007,C02840,2026-04-27 21:44:58,PRD_HOU_01,Household,1,777.18,37.01,WALLET
TXN0000764,M008,C00770,2026-04-27 22:32:53,PRD_SNK_02,Snacks,1,840.0,40.0,UPI
TXN0000558,M001,C02499,2026-04-28 08:43:51,PRD_STA_01,Staples,1,714.86,34.04,UPI
TXN0002635,M027,C01988,2026-04-28 09:48:37,PRD_ACC_02,Accessories,2,699.0,342.66,CARD
TXN0002374,M042,C02834,2026-04-28 11:05:52,PRD_SNK_01,Snacks,1,168.27,8.01,UPI
TXN0001133,M042,C01609,2026-04-28 11:35:52,PRD_BRD_02,Bread,2,295.7,28.16,CARD
TXN0001397,M028,C00282,2026-04-28 13:04:10,PRD_EAR_01,Earphones,1,1299.0,580.08,WALLET
TXN0005002,M021,C00609,2026-04-28 15:49:19,PRD_WRI_02,Writing,1,272.78,12.99,UPI
TXN0002133,M041,C02583,2026-04-28 16:41:14,PRD_MEA_01,Meals,1,455.15,21.67,WALLET
TXN0009111,M015,C01172,2026-04-28 17:18:09,PRD_SNK_02,Snacks,1,633.16,30.15,CARD
TXN0004526,M044,C02482,2026-04-28 17:27:15,PRD_WOM_01,Women,1,699.0,239.26,UPI
TXN0003647,M049,C01652,2026-04-28 17:28:46,PRD_TEA_02,Tea,1,210.0,97.95,UPI
TXN0005764,M044,C03061,2026-04-28 17:41:07,PRD_MEN_01,Men,2,799.0,1018.5,UPI
TXN0002776,M018,C01983,2026-04-28 18:21:42,PRD_BEV_02,Beverages,2,453.76,43.21,UPI
TXN0007503,M046,C01298,2026-04-28 18:45:49,PRD_BEV_01,Beverages,1,696.59,33.17,UPI
TXN0001298,M023,C02630,2026-04-28 19:04:32,PRD_MEA_02,Meals,1,872.56,41.55,UPI
TXN0005546,M031,C01231,2026-04-28 19:12:03,PRD_ACC_01,Accessories,1,14409.36,686.16,UPI
TXN0001362,M050,C02757,2026-04-28 19:16:01,PRD_CAK_02,Cakes,1,1073.08,51.1,UPI
TXN0008226,M046,C00949,2026-04-28 19:50:34,PRD_ESS_01,Daily Essentials,1,687.52,32.74,UPI
TXN0000980,M006,C00923,2026-04-28 19:56:11,PRD_CAB_02,Cables,1,994.1,47.34,UPI
TXN0008006,M033,C01927,2026-04-28 20:53:20,PRD_SNK_01,Snacks,1,183.2,8.72,UPI
TXN0005316,M006,C02716,2026-04-28 21:05:07,PRD_EAR_02,Earphones,1,704.4,33.54,WALLET
TXN0008357,M008,C01025,2026-04-28 21:20:30,PRD_TEA_01,Tea,4,240.0,702.51,UPI
TXN0008244,M017,C01075,2026-04-28 21:47:36,PRD_OFF_02,Office Supplies,4,310.0,883.62,UPI
TXN0001374,M017,C01962,2026-04-28 22:02:45,PRD_OFF_01,Office Supplies,1,311.19,14.82,UPI
TXN0004720,M019,C01715,2026-04-28 22:17:37,PRD_EAR_02,Earphones,2,1018.54,97.0,UPI
TXN0004998,M021,C00632,2026-04-28 22:18:35,PRD_NOT_01,Notebooks,1,235.18,11.2,UPI
TXN0003788,M045,C03388,2026-04-28 22:51:06,PRD_DAI_02,Dairy,1,225.83,10.75,UPI
TXN0002453,M044,C00838,2026-04-29 08:03:02,PRD_KID_01,Kids,2,1871.83,178.27,UPI
TXN0000844,M029,C01792,2026-04-29 09:24:41,PRD_OFF_02,Office Supplies,2,310.0,440.36,WALLET
TXN0003615,M021,C02509,2026-04-29 10:14:22,PRD_OFF_01,Office Supplies,2,472.5,45.0,UPI
TXN0001037,M033,C01590,2026-04-29 15:01:45,PRD_HOU_02,Household,1,320.0,140.85,CARD
TXN0009156,M048,C00125,2026-04-29 15:21:02,PRD_CAB_01,Cables,2,917.03,87.34,UPI
TXN0008893,M019,C03028,2026-04-29 15:32:33,PRD_CAS_02,Cases,1,1851.72,88.18,WALLET
TXN0002844,M029,C00819,2026-04-29 16:18:21,PRD_NOT_01,Notebooks,1,160.0,75.71,UPI
TXN0009377,M032,C02853,2026-04-29 18:06:41,PRD_WEL_02,Wellness,1,782.46,37.26,CASH
TXN0001930,M016,C01351,2026-04-29 18:31:21,PRD_CAK_01,Cakes,1,1049.51,49.98,CARD
TXN0003989,M026,C00154,2026-04-29 18:53:09,PRD_TEA_02,Tea,1,423.27,20.16,UPI
TXN0004404,M012,C00103,2026-04-29 19:09:23,PRD_SNK_01,Snacks,1,248.41,11.83,UPI
TXN0008543,M036,C01050,2026-04-29 19:13:34,PRD_STA_02,Staples,2,245.0,130.8,CARD
TXN0000289,M046,C02608,2026-04-29 20:35:27,PRD_BEV_01,Beverages,1,1403.82,66.85,CASH
TXN0001765,M022,C03386,2026-04-29 20:35:53,PRD_ACC_02,Accessories,1,1636.36,77.92,UPI
TXN0009810,M045,C00335,2026-04-29 21:52:04,PRD_HOU_01,Household,1,665.43,31.69,WALLET
TXN0002082,M037,C02886,2026-04-29 21:55:56,PRD_CAS_02,Cases,1,2082.43,99.16,UPI
TXN0007610,M043,C00522,2026-04-29 22:04:26,PRD_PAS_01,Pastries,1,1052.85,50.14,UPI
TXN0006785,M018,C00560,2026-04-30 08:36:42,PRD_BEV_02,Beverages,1,357.77,17.04,UPI
TXN0005073,M017,C02933,2026-04-30 10:51:09,PRD_NOT_01,Notebooks,1,565.0,26.9,UPI
TXN0003284,M026,C02087,2026-04-30 11:39:58,PRD_TEA_02,Tea,1,210.0,86.47,UPI
TXN0002138,M023,C03386,2026-04-30 12:10:43,PRD_DES_01,Desserts,1,1575.0,75.0,UPI
TXN0008435,M045,C01913,2026-04-30 16:10:12,PRD_BEV_02,Beverages,2,775.92,73.9,UPI
TXN0001167,M034,C00399,2026-04-30 16:27:33,PRD_WRI_01,Writing,1,90.0,8.67,UPI
TXN0003040,M031,C01890,2026-04-30 16:51:26,PRD_MOB_02,Mobiles,1,11999.0,6345.9,UPI
TXN0005876,M023,C01153,2026-04-30 17:02:58,PRD_BEV_01,Beverages,1,399.74,19.04,CASH
TXN0006402,M015,C00395,2026-04-30 17:15:01,PRD_BRD_02,Bread,1,586.12,27.91,UPI
TXN0007063,M016,C00161,2026-04-30 17:33:22,PRD_PAS_01,Pastries,1,625.58,29.79,UPI
TXN0005983,M006,C01261,2026-04-30 17:52:59,PRD_CAB_02,Cables,1,1075.1,51.2,CASH
TXN0001926,M050,C02444,2026-04-30 18:11:57,PRD_BRD_01,Bread,1,611.38,29.11,UPI
TXN0008455,M007,C01055,2026-04-30 18:55:09,PRD_SNK_02,Snacks,1,817.04,38.91,CASH
TXN0004531,M045,C01087,2026-04-30 19:05:44,PRD_HOU_01,Household,1,435.41,20.73,UPI
TXN0006563,M046,C02348,2026-04-30 19:18:16,PRD_SNK_02,Snacks,1,856.95,40.81,UPI
TXN0002222,M045,C01619,2026-04-30 19:24:31,PRD_DAI_01,Dairy,1,1890.0,90.0,UPI
TXN0009421,M014,C00571,2026-04-30 19:57:38,PRD_SNK_02,Snacks,1,814.89,38.8,CARD
TXN0004550,M034,C00748,2026-04-30 19:59:05,PRD_NOT_01,Notebooks,1,160.0,44.97,CASH
TXN0007341,M001,C00810,2026-04-30 20:04:09,PRD_STA_02,Staples,2,444.4,42.32,UPI
TXN0004699,M036,C00405,2026-04-30 20:04:48,PRD_BEV_01,Beverages,1,851.03,40.53,UPI
TXN0003512,M042,C02341,2026-04-30 20:06:47,PRD_PAS_02,Pastries,1,591.62,28.17,CARD
TXN0009099,M035,C00136,2026-04-30 20:11:04,PRD_CAS_01,Cases,1,1747.35,83.21,UPI
TXN0006933,M006,C01929,2026-04-30 20:22:05,PRD_CHG_02,Chargers,1,999.0,121.94,UPI
TXN0006619,M001,C03457,2026-04-30 20:39:43,PRD_SNK_01,Snacks,1,1159.86,55.23,CASH
TXN0004570,M019,C01472,2026-04-30 20:54:34,PRD_CAB_02,Cables,1,1215.72,57.89,UPI
TXN0000111,M042,C03074,2026-04-30 21:04:17,PRD_CAK_01,Cakes,1,922.8,43.94,CASH
TXN0003853,M006,C02409,2026-04-30 21:35:11,PRD_EAR_02,Earphones,1,349.0,88.97,UPI
TXN0006333,M037,C00492,2026-04-30 22:10:21,PRD_EAR_01,Earphones,1,1492.22,71.06,UPI
TXN0005542,M013,C00688,2026-04-30 22:36:40,PRD_SNK_02,Snacks,1,469.94,22.38,UPI
TXN0002890,M014,C03350,2026-05-01 10:13:20,PRD_SNK_01,Snacks,1,1329.9,63.33,CARD
TXN0006702,M001,C01051,2026-05-01 10:29:08,PRD_STA_02,Staples,1,495.16,23.58,CARD
TXN0006021,M033,C01624,2026-05-01 11:55:10,PRD_BEV_01,Beverages,1,1031.88,49.14,UPI
TXN0002870,M029,C00409,2026-05-01 12:42:45,PRD_ART_02,Art Supplies,1,276.02,13.14,UPI
TXN0003903,M034,C02797,2026-05-01 14:16:57,PRD_OFF_01,Office Supplies,2,175.0,287.66,UPI
TXN0003516,M014,C02264,2026-05-01 14:45:56,PRD_PAS_02,Pastries,1,785.27,37.39,CASH
TXN0000788,M046,C00788,2026-05-01 16:15:50,PRD_BEV_01,Beverages,1,1231.73,58.65,CARD
TXN0000971,M020,C02449,2026-05-01 16:46:56,PRD_LAP_02,Laptops,1,6229.45,296.64,UPI
TXN0002989,M033,C01215,2026-05-01 17:03:28,PRD_DAI_01,Dairy,1,2003.4,95.4,CARD
TXN0008235,M008,C01176,2026-05-01 17:11:41,PRD_SNK_02,Snacks,1,890.4,42.4,UPI
TXN0007310,M001,C02597,2026-05-01 17:45:30,PRD_SNK_01,Snacks,1,1549.62,73.79,UPI
TXN0000109,M030,C02038,2026-05-01 18:23:03,PRD_ACC_02,Accessories,1,2677.65,127.51,UPI
TXN0007775,M015,C01049,2026-05-01 18:35:11,PRD_CAK_01,Cakes,1,550.0,80.85,CASH
TXN0007611,M019,C02487,2026-05-01 18:35:55,PRD_CAS_02,Cases,2,581.63,55.39,UPI
TXN0007360,M015,C00628,2026-05-01 19:00:53,PRD_BRD_01,Bread,2,280.47,26.71,CARD
TXN0005085,M003,C02032,2026-05-01 19:11:28,PRD_DES_02,Desserts,1,240.96,11.47,UPI
TXN0007673,M045,C02177,2026-05-01 19:35:34,PRD_STA_01,Staples,1,688.0,32.76,UPI
TXN0009025,M005,C03163,2026-05-01 19:35:39,PRD_LAP_02,Laptops,1,3016.63,143.65,UPI
TXN0003811,M013,C01155,2026-05-01 19:48:24,PRD_PAS_01,Pastries,4,95.0,91.99,UPI
TXN0000541,M036,C00297,2026-05-01 20:03:21,PRD_HOU_02,Household,2,320.0,220.83,UPI
TXN0008949,M035,C00558,2026-05-01 20:08:50,PRD_CAS_01,Cases,1,2944.44,140.21,CASH
TXN0009424,M027,C02178,2026-05-01 20:38:35,PRD_ELE_02,Home Electronics,1,4177.52,198.93,CASH
TXN0001356,M020,C00391,2026-05-01 20:52:45,PRD_LAP_01,Laptops,1,4197.7,199.89,WALLET
TXN0008537,M014,C00568,2026-05-01 20:59:17,PRD_PAS_02,Pastries,2,475.06,45.24,UPI
TXN0002785,M029,C00924,2026-05-01 21:24:21,PRD_OFF_01,Office Supplies,1,1001.7,47.7,UPI
TXN0003196,M001,C03388,2026-05-01 21:26:15,PRD_HOU_02,Household,1,685.4,32.64,UPI
TXN0007061,M019,C02802,2026-05-02 09:40:08,PRD_EAR_01,Earphones,1,3298.13,157.05,WALLET
TXN0005697,M044,C00792,2026-05-02 12:45:09,PRD_MEN_02,Men,1,4324.24,205.92,UPI
TXN0006810,M033,C03076,2026-05-02 14:12:24,PRD_BEV_01,Beverages,1,455.04,21.67,UPI
TXN0002508,M046,C01949,2026-05-02 14:40:49,PRD_ESS_02,Daily Essentials,1,861.33,41.02,UPI
TXN0004700,M020,C02736,2026-05-02 16:26:17,PRD_LAP_01,Laptops,1,10497.19,499.87,CARD
TXN0005610,M007,C00823,2026-05-02 16:31:35,PRD_STA_02,Staples,1,500.85,23.85,UPI
TXN0003614,M041,C01551,2026-05-02 16:43:32,PRD_BEV_01,Beverages,1,388.19,18.49,UPI
TXN0005321,M013,C00637,2026-05-02 17:02:17,PRD_PAS_02,Pastries,1,359.66,17.13,UPI
TXN0009452,M007,C00348,2026-05-02 17:10:12,PRD_DAI_01,Dairy,2,772.99,73.62,CASH
TXN0007957,M031,C01934,2026-05-02 17:18:58,PRD_LAP_02,Laptops,1,4276.17,203.63,WALLET
TXN0006377,M016,C02826,2026-05-02 17:41:15,PRD_PAS_01,Pastries,1,599.5,28.55,UPI
TXN0001315,M049,C02460,2026-05-02 17:44:37,PRD_SNK_02,Snacks,1,225.0,42.22,CARD
TXN0005189,M032,C00648,2026-05-02 17:49:22,PRD_PER_01,Personal Care,1,1625.02,77.38,UPI
TXN0003128,M013,C02503,2026-05-02 18:18:00,PRD_PAS_02,Pastries,1,1469.16,69.96,UPI
TXN0006120,M008,C01423,2026-05-02 18:24:27,PRD_TEA_01,Tea,1,482.51,22.98,UPI
TXN0003715,M014,C02497,2026-05-02 18:34:33,PRD_PAS_02,Pastries,1,906.77,43.18,UPI
TXN0008024,M043,C02459,2026-05-02 19:20:53,PRD_SNK_01,Snacks,1,1733.61,82.55,CARD
TXN0007627,M013,C03343,2026-05-02 19:35:44,PRD_BRD_02,Bread,1,687.95,32.76,UPI
TXN0005585,M031,C02832,2026-05-02 19:42:15,PRD_ACC_01,Accessories,1,3043.99,144.95,UPI
TXN0009579,M014,C00925,2026-05-02 20:10:42,PRD_CAK_02,Cakes,1,450.0,152.53,UPI
TXN0000995,M046,C02492,2026-05-02 20:18:05,PRD_HOU_01,Household,1,838.05,39.91,UPI
TXN0001574,M049,C01443,2026-05-02 20:31:45,PRD_TEA_02,Tea,1,266.57,12.69,UPI
TXN0009695,M046,C00136,2026-05-02 22:42:25,PRD_BEV_01,Beverages,1,318.69,15.18,WALLET
TXN0005797,M001,C02591,2026-05-03 08:28:42,PRD_SNK_02,Snacks,1,2203.74,104.94,UPI
TXN0008217,M029,C01359,2026-05-03 09:04:53,PRD_NOT_01,Notebooks,1,177.86,8.47,UPI
TXN0004357,M032,C00646,2026-05-03 10:09:50,PRD_WEL_02,Wellness,3,280.0,551.68,UPI
TXN0006963,M014,C02100,2026-05-03 11:06:41,PRD_PAS_01,Pastries,1,564.73,26.89,CARD
TXN0009052,M026,C03282,2026-05-03 14:30:32,PRD_SNK_02,Snacks,1,694.38,33.07,UPI
TXN0003011,M039,C01084,2026-05-03 14:44:49,PRD_MED_01,Medicine,1,1069.61,50.93,CASH
TXN0008836,M012,C03290,2026-05-03 14:49:00,PRD_SNK_02,Snacks,1,1629.23,77.58,UPI
TXN0003247,M002,C01877,2026-05-03 15:04:03,PRD_CAK_01,Cakes,2,550.0,93.97,UPI
TXN0007174,M046,C02924,2026-05-03 15:08:53,PRD_ESS_02,Daily Essentials,1,250.48,11.93,CARD
TXN0005320,M049,C01949,2026-05-03 15:15:56,PRD_SNK_01,Snacks,3,96.93,13.84,UPI
TXN0008582,M006,C02668,2026-05-03 15:35:58,PRD_CAS_02,Cases,1,1346.23,64.11,UPI
TXN0008336,M046,C02193,2026-05-03 16:53:40,PRD_HOU_01,Household,1,477.89,22.76,CASH
TXN0007434,M044,C01896,2026-05-03 17:30:07,PRD_MEN_02,Men,2,1199.0,1626.76,UPI
TXN0003062,M037,C00196,2026-05-03 17:31:50,PRD_CAB_01,Cables,1,2419.53,115.22,UPI
TXN0006969,M039,C00835,2026-05-03 17:41:45,PRD_BABY_02,Baby Care,1,3060.75,145.75,UPI
TXN0001585,M014,C00042,2026-05-03 18:03:37,PRD_CAK_01,Cakes,1,758.81,36.13,UPI
TXN0003536,M010,C01085,2026-05-03 18:15:14,PRD_SNK_02,Snacks,2,437.13,41.63,UPI
TXN0002110,M038,C00446,2026-05-03 18:40:39,PRD_CAB_01,Cables,1,1225.8,58.37,UPI
TXN0008150,M013,C00326,2026-05-03 18:47:33,PRD_PAS_02,Pastries,1,616.6,29.36,UPI
TXN0006591,M044,C01257,2026-05-03 18:53:21,PRD_MEN_01,Men,2,1494.08,142.29,CARD
TXN0007234,M014,C00232,2026-05-03 19:01:50,PRD_BRD_02,Bread,1,297.43,14.16,UPI
TXN0008825,M007,C00045,2026-05-03 19:09:27,PRD_STA_01,Staples,1,995.03,47.38,UPI
TXN0008432,M035,C00881,2026-05-03 19:19:53,PRD_CAB_02,Cables,1,3672.9,174.9,WALLET
TXN0000749,M018,C01128,2026-05-03 19:39:01,PRD_BEV_01,Beverages,1,1185.53,56.45,UPI
TXN0006293,M010,C02078,2026-05-03 20:19:59,PRD_DAI_02,Dairy,2,765.56,72.91,UPI
TXN0008063,M020,C02062,2026-05-03 20:24:06,PRD_LAP_01,Laptops,1,21670.11,1031.91,UPI
TXN0007882,M029,C00202,2026-05-03 20:29:47,PRD_ART_02,Art Supplies,1,782.3,37.25,UPI
TXN0000535,M019,C02373,2026-05-03 20:56:05,PRD_CAS_01,Cases,1,821.56,39.12,UPI
TXN0001735,M013,C01190,2026-05-03 20:57:52,PRD_BRD_02,Bread,1,697.64,33.22,UPI
TXN0008645,M004,C02652,2026-05-03 21:16:40,PRD_ELE_01,Home Electronics,3,1034.2,147.73,UPI
TXN0007712,M013,C00025,2026-05-03 21:25:19,PRD_SNK_02,Snacks,1,307.55,14.65,UPI
TXN0003165,M021,C00984,2026-05-03 21:39:52,PRD_WRI_01,Writing,1,487.07,23.19,UPI
TXN0004609,M012,C00892,2026-05-03 22:27:32,PRD_SNK_02,Snacks,1,747.74,35.61,CARD
TXN0004669,M049,C02743,2026-05-04 10:05:03,PRD_DES_01,Desserts,1,415.72,19.8,CASH
TXN0008305,M030,C00259,2026-05-04 11:13:03,PRD_LAP_02,Laptops,1,3480.7,165.75,UPI
TXN0006867,M013,C03259,2026-05-04 12:20:02,PRD_CAK_01,Cakes,1,550.0,275.06,UPI
TXN0009174,M033,C03313,2026-05-04 14:57:58,PRD_SNK_02,Snacks,1,451.69,21.51,CASH
TXN0006803,M046,C02061,2026-05-04 15:13:22,PRD_BEV_01,Beverages,2,297.56,28.34,CARD
TXN0002810,M034,C03394,2026-05-04 15:17:49,PRD_OFF_02,Office Supplies,1,363.31,17.3,UPI
TXN0002769,M031,C00188,2026-05-04 15:53:18,PRD_ACC_01,Accessories,1,12102.85,576.33,UPI
TXN0007333,M042,C00192,2026-05-04 15:53:25,PRD_SNK_02,Snacks,1,822.41,39.16,CASH
TXN0000319,M009,C02745,2026-05-04 16:07:36,PRD_BABY_01,Baby Care,1,1154.71,54.99,UPI
TXN0009550,M019,C01442,2026-05-04 16:46:18,PRD_CHG_02,Chargers,1,999.0,555.01,UPI
TXN0003795,M021,C00566,2026-05-04 17:01:33,PRD_NOT_01,Notebooks,1,327.94,15.62,UPI
TXN0005288,M016,C03344,2026-05-04 18:03:02,PRD_SNK_02,Snacks,1,297.97,14.19,UPI
TXN0006367,M034,C03045,2026-05-04 18:53:36,PRD_ART_01,Art Supplies,2,320.0,539.52,UPI
TXN0009350,M018,C01840,2026-05-04 19:35:00,PRD_DES_02,Desserts,2,358.83,34.17,UPI
TXN0000526,M019,C01796,2026-05-04 19:50:58,PRD_CAB_01,Cables,2,390.75,37.21,CARD
TXN0003958,M038,C02464,2026-05-04 19:51:25,PRD_CAS_02,Cases,1,2268.87,108.04,CASH
TXN0003137,M036,C01064,2026-05-04 20:04:52,PRD_STA_01,Staples,4,540.0,1966.26,WALLET
TXN0007455,M018,C02398,2026-05-04 20:11:42,PRD_DES_02,Desserts,1,426.56,20.31,CASH
TXN0001688,M038,C01369,2026-05-04 20:15:31,PRD_CHG_01,Chargers,1,1170.96,55.76,UPI
TXN0008085,M049,C01751,2026-05-04 20:52:36,PRD_DES_02,Desserts,1,883.37,42.07,UPI
TXN0007157,M004,C01134,2026-05-04 21:22:53,PRD_ELE_01,Home Electronics,1,6612.95,314.9,CASH
TXN0009757,M006,C02860,2026-05-04 22:11:52,PRD_CAB_02,Cables,1,644.21,30.68,UPI
TXN0002611,M023,C01671,2026-05-04 22:56:02,PRD_MEA_01,Meals,1,414.24,19.73,UPI
TXN0006523,M002,C00571,2026-05-05 09:20:58,PRD_BRD_02,Bread,1,422.62,20.12,UPI
TXN0005037,M047,C02520,2026-05-05 09:33:14,PRD_ELE_01,Home Electronics,1,2268.56,108.03,UPI
TXN0008213,M005,C01203,2026-05-05 10:25:12,PRD_ACC_02,Accessories,2,1632.52,155.48,UPI
TXN0009710,M044,C01989,2026-05-05 11:00:27,PRD_ACC_01,Accessories,1,2872.59,136.79,UPI
TXN0000362,M024,C00074,2026-05-05 12:45:40,PRD_SNK_02,Snacks,1,785.66,37.41,UPI
TXN0002314,M021,C02513,2026-05-05 13:01:43,PRD_WRI_01,Writing,1,1001.7,47.7,UPI
TXN0004646,M033,C00188,2026-05-05 14:13:21,PRD_DAI_02,Dairy,2,1001.7,95.4,UPI
TXN0003935,M041,C00840,2026-05-05 16:31:29,PRD_DES_01,Desserts,1,755.81,35.99,UPI
TXN0005357,M001,C02204,2026-05-05 16:37:10,PRD_STA_02,Staples,1,901.05,42.91,UPI
TXN0004199,M003,C01067,2026-05-05 17:14:36,PRD_TEA_01,Tea,1,890.4,42.4,UPI
TXN0007675,M013,C00411,2026-05-05 17:23:42,PRD_SNK_02,Snacks,1,225.0,60.42,UPI
TXN0004479,M033,C03405,2026-05-05 18:06:38,PRD_SNK_01,Snacks,1,628.09,29.91,UPI
TXN0000417,M029,C00733,2026-05-05 18:19:51,PRD_ART_02,Art Supplies,1,1001.7,47.7,WALLET
TXN0005859,M017,C02339,2026-05-05 18:20:08,PRD_WRI_01,Writing,1,289.75,13.8,UPI
TXN0003844,M021,C00246,2026-05-05 18:25:30,PRD_NOT_02,Notebooks,1,260.0,173.78,UPI
TXN0005519,M018,C02539,2026-05-05 18:33:33,PRD_SNK_01,Snacks,1,1112.46,52.97,CASH
TXN0007481,M050,C00584,2026-05-05 18:55:41,PRD_BRD_02,Bread,1,190.46,9.07,CARD
TXN0005774,M028,C01450,2026-05-05 19:37:07,PRD_CAS_01,Cases,1,1338.17,63.72,CASH
TXN0004215,M042,C03110,2026-05-05 19:39:04,PRD_PAS_02,Pastries,1,1000.83,47.66,WALLET
TXN0004868,M036,C01276,2026-05-05 19:41:14,PRD_HOU_01,Household,1,848.07,40.38,UPI
TXN0003421,M024,C02979,2026-05-05 19:46:58,PRD_HOU_02,Household,1,634.22,30.2,UPI
TXN0000296,M033,C01044,2026-05-05 19:46:58,PRD_HOU_01,Household,1,319.88,15.23,UPI
TXN0007296,M005,C03436,2026-05-05 19:54:00,PRD_ELE_02,Home Electronics,1,11796.23,561.73,UPI
TXN0007350,M019,C03073,2026-05-05 19:58:14,PRD_CAB_01,Cables,1,1688.09,80.39,UPI
TXN0000424,M039,C02997,2026-05-05 20:05:18,PRD_WEL_02,Wellness,1,463.53,22.07,UPI
TXN0006808,M029,C03235,2026-05-05 20:17:21,PRD_WRI_01,Writing,1,289.77,13.8,UPI
TXN0001107,M030,C03214,2026-05-05 20:27:28,PRD_LAP_02,Laptops,1,5249.27,249.97,UPI
TXN0003431,M041,C01880,2026-05-05 20:57:14,PRD_SNK_01,Snacks,1,534.75,25.46,UPI
TXN0004916,M012,C03331,2026-05-05 21:29:26,PRD_HOU_02,Household,1,537.84,25.61,UPI
TXN0001146,M049,C02829,2026-05-05 22:44:03,PRD_DES_01,Desserts,1,322.72,15.37,UPI
TXN0001700,M038,C01011,2026-05-06 08:06:25,PRD_CHG_02,Chargers,1,999.0,305.62,UPI
TXN0007068,M029,C02424,2026-05-06 08:55:48,PRD_ART_01,Art Supplies,1,320.0,189.9,CASH
TXN0000547,M029,C01543,2026-05-06 10:49:36,PRD_WRI_02,Writing,1,1001.7,47.7,CARD
TXN0005636,M004,C00827,2026-05-06 11:10:29,PRD_LAP_01,Laptops,1,9262.76,441.08,UPI
TXN0000581,M029,C00206,2026-05-06 11:50:08,PRD_WRI_02,Writing,1,542.66,25.84,UPI
TXN0006566,M022,C00157,2026-05-06 13:54:24,PRD_MEN_01,Men,1,1735.69,82.65,CARD
TXN0009159,M008,C02289,2026-05-06 14:48:00,PRD_SNK_02,Snacks,4,225.0,464.99,UPI
TXN0009251,M011,C02160,2026-05-06 14:58:14,PRD_ART_01,Art Supplies,3,333.9,47.7,UPI
TXN0008173,M014,C00297,2026-05-06 15:40:45,PRD_PAS_02,Pastries,1,378.49,18.02,UPI
TXN0005718,M013,C02729,2026-05-06 15:54:31,PRD_BRD_01,Bread,1,379.05,18.05,UPI
TXN0001271,M007,C00461,2026-05-06 16:09:45,PRD_SNK_02,Snacks,1,742.51,35.36,CARD
TXN0009946,M027,C02606,2026-05-06 16:24:24,PRD_LAP_01,Laptops,1,4659.11,221.86,UPI
TXN0000205,M015,C01454,2026-05-06 16:37:20,PRD_CAK_02,Cakes,1,1189.07,56.62,UPI
TXN0009360,M038,C02786,2026-05-06 17:21:30,PRD_CAB_01,Cables,1,626.97,29.86,CARD
TXN0001010,M049,C02377,2026-05-06 17:37:26,PRD_DES_02,Desserts,1,180.0,26.36,UPI
TXN0005098,M005,C01813,2026-05-06 17:42:32,PRD_LAP_01,Laptops,2,2995.48,285.28,UPI
TXN0004991,M047,C00499,2026-05-06 17:52:49,PRD_LAP_02,Laptops,1,1056.98,50.33,UPI
TXN0006471,M017,C01553,2026-05-06 17:57:57,PRD_ART_01,Art Supplies,1,320.0,203.54,UPI
TXN0005796,M024,C01381,2026-05-06 18:01:24,PRD_ESS_02,Daily Essentials,1,2084.19,99.25,UPI
TXN0004319,M046,C01262,2026-05-06 18:17:56,PRD_SNK_01,Snacks,1,1059.07,50.43,UPI
TXN0008461,M018,C01368,2026-05-06 18:19:44,PRD_MEA_02,Meals,1,739.07,35.19,UPI
TXN0002923,M033,C01039,2026-05-06 18:48:51,PRD_HOU_01,Household,3,180.0,318.57,UPI
TXN0003570,M038,C01217,2026-05-06 18:50:22,PRD_CHG_02,Chargers,1,3585.88,170.76,CARD
TXN0001071,M009,C02997,2026-05-06 18:53:26,PRD_MED_01,Medicine,1,2758.98,131.38,UPI
TXN0007743,M009,C00483,2026-05-06 19:05:10,PRD_WEL_02,Wellness,1,999.8,47.61,UPI
TXN0001441,M023,C01086,2026-05-06 19:10:01,PRD_MEA_01,Meals,3,220.0,468.14,CARD
TXN0001889,M021,C00171,2026-05-06 19:18:17,PRD_WRI_02,Writing,2,205.38,19.56,UPI
TXN0001565,M019,C03226,2026-05-06 19:52:26,PRD_CHG_01,Chargers,1,699.0,389.35,UPI
TXN0002412,M040,C01448,2026-05-06 19:58:07,PRD_DES_02,Desserts,1,180.0,29.73,UPI
TXN0006721,M004,C02265,2026-05-06 20:09:17,PRD_LAP_01,Laptops,1,7585.68,361.22,UPI
TXN0003960,M028,C02724,2026-05-06 20:14:01,PRD_CAS_02,Cases,2,1204.06,114.68,UPI
TXN0004900,M032,C00596,2026-05-06 20:32:50,PRD_WEL_01,Wellness,2,375.0,91.13,CARD
TXN0001456,M046,C03079,2026-05-06 20:45:35,PRD_HOU_02,Household,2,1025.37,97.66,UPI
TXN0008782,M020,C00494,2026-05-06 20:51:10,PRD_ACC_01,Accessories,1,4442.48,211.55,WALLET
TXN0000924,M044,C01850,2026-05-06 21:00:13,PRD_WOM_02,Women,1,1499.0,400.38,WALLET
TXN0008935,M043,C01089,2026-05-06 21:21:00,PRD_CAK_01,Cakes,1,550.0,265.06,UPI
TXN0000931,M035,C01095,2026-05-06 22:16:33,PRD_EAR_02,Earphones,1,3157.35,150.35,UPI
TXN0003038,M007,C00081,2026-05-06 22:26:07,PRD_HOU_01,Household,1,728.46,34.69,UPI
TXN0009461,M044,C03199,2026-05-06 22:38:59,PRD_ACC_02,Accessories,1,3884.12,184.96,UPI
TXN0000605,M027,C00653,2026-05-06 22:48:25,PRD_LAP_01,Laptops,1,3123.96,148.76,WALLET
TXN0002142,M038,C02746,2026-05-07 08:21:12,PRD_CAB_02,Cables,2,571.66,54.44,UPI
TXN0006189,M007,C01825,2026-05-07 09:17:02,PRD_SNK_01,Snacks,1,619.84,29.52,CASH
TXN0001059,M008,C02826,2026-05-07 09:59:39,PRD_TEA_02,Tea,2,234.86,22.37,UPI
TXN0008992,M007,C01934,2026-05-07 11:13:07,PRD_HOU_01,Household,1,495.63,23.6,CARD
TXN0000356,M020,C01950,2026-05-07 11:42:46,PRD_LAP_02,Laptops,1,8352.49,397.74,WALLET
TXN0004273,M039,C02467,2026-05-07 11:46:20,PRD_WEL_01,Wellness,1,2077.75,98.94,UPI
TXN0003847,M007,C01629,2026-05-07 13:07:39,PRD_BEV_02,Beverages,1,570.98,27.19,CARD
TXN0003950,M002,C02348,2026-05-07 13:20:20,PRD_BRD_01,Bread,1,522.54,24.88,UPI
TXN0009551,M005,C00022,2026-05-07 13:40:32,PRD_ELE_02,Home Electronics,1,3488.91,166.14,UPI
TXN0008674,M006,C03308,2026-05-07 13:59:26,PRD_CAB_01,Cables,1,870.49,41.45,UPI
TXN0006548,M026,C00368,2026-05-07 15:39:36,PRD_DES_02,Desserts,2,387.23,36.87,UPI
TXN0001732,M011,C01350,2026-05-07 15:45:57,PRD_OFF_01,Office Supplies,1,217.93,10.38,UPI
TXN0009058,M019,C00826,2026-05-07 16:13:49,PRD_CHG_02,Chargers,2,1140.22,108.59,CARD
TXN0006185,M036,C02325,2026-05-07 16:21:00,PRD_DAI_01,Dairy,3,229.46,32.77,CARD
TXN0007438,M006,C01975,2026-05-07 17:14:03,PRD_CAS_02,Cases,2,1669.5,159.0,CASH
TXN0008201,M010,C01048,2026-05-07 17:44:41,PRD_DAI_01,Dairy,1,898.03,42.76,UPI
TXN0008274,M050,C03442,2026-05-07 17:47:15,PRD_BRD_02,Bread,2,252.38,24.04,CASH
TXN0006992,M018,C00390,2026-05-07 17:55:41,PRD_DES_01,Desserts,2,361.72,34.45,CARD
TXN0008947,M016,C00070,2026-05-07 17:59:16,PRD_PAS_02,Pastries,2,110.0,17.92,UPI
TXN0009619,M033,C00526,2026-05-07 18:15:26,PRD_STA_01,Staples,1,1430.36,68.11,UPI
TXN0003364,M010,C03311,2026-05-07 18:27:23,PRD_BEV_02,Beverages,1,835.86,39.8,UPI
TXN0001840,M038,C03239,2026-05-07 18:28:05,PRD_CAS_01,Cases,2,674.94,64.28,UPI
TXN0003494,M016,C01198,2026-05-07 18:33:05,PRD_PAS_02,Pastries,1,395.15,18.82,UPI
TXN0007484,M016,C00668,2026-05-07 18:57:55,PRD_SNK_01,Snacks,1,1003.15,47.77,UPI
TXN0006792,M017,C00956,2026-05-07 18:59:35,PRD_OFF_02,Office Supplies,1,464.57,22.12,CASH
TXN0000114,M001,C01412,2026-05-07 19:14:00,PRD_STA_01,Staples,1,2003.4,95.4,CARD
TXN0007072,M006,C02920,2026-05-07 19:53:39,PRD_CAS_02,Cases,1,711.21,33.87,UPI
TXN0004210,M044,C00559,2026-05-07 20:14:40,PRD_KID_01,Kids,4,1218.87,232.16,WALLET
TXN0007368,M039,C00291,2026-05-07 20:17:37,PRD_BABY_02,Baby Care,2,1641.68,156.36,UPI
TXN0000610,M003,C01294,2026-05-07 20:19:47,PRD_TEA_01,Tea,2,525.34,50.04,UPI
TXN0005609,M046,C01634,2026-05-07 20:19:52,PRD_SNK_02,Snacks,1,2598.42,123.73,UPI
TXN0006303,M019,C00454,2026-05-07 20:52:40,PRD_CHG_01,Chargers,1,1545.39,73.59,UPI
TXN0001408,M029,C00040,2026-05-07 20:54:01,PRD_WRI_02,Writing,1,284.17,13.53,UPI
TXN0001419,M008,C03114,2026-05-07 21:01:14,PRD_SNK_01,Snacks,1,674.98,32.14,UPI
TXN0005846,M018,C02755,2026-05-07 22:02:18,PRD_SNK_02,Snacks,1,841.12,40.05,UPI
TXN0008242,M006,C00341,2026-05-07 22:07:50,PRD_CAB_01,Cables,1,1632.8,77.75,UPI
TXN0008985,M018,C00875,2026-05-08 09:54:02,PRD_SNK_02,Snacks,4,393.75,75.0,UPI
TXN0003753,M048,C01089,2026-05-08 10:24:10,PRD_CAS_01,Cases,1,2115.92,100.76,UPI
TXN0001645,M043,C01309,2026-05-08 13:53:12,PRD_PAS_02,Pastries,1,366.81,17.47,CARD
TXN0008640,M019,C02177,2026-05-08 15:09:52,PRD_CAS_01,Cases,1,484.48,23.07,UPI
TXN0008822,M003,C00206,2026-05-08 15:14:05,PRD_COF_02,Coffee,1,574.94,27.38,UPI
TXN0001665,M004,C03476,2026-05-08 15:35:34,PRD_ACC_01,Accessories,1,1960.14,93.34,CARD
TXN0003172,M039,C00986,2026-05-08 16:11:48,PRD_PER_02,Personal Care,1,943.41,44.92,CARD
TXN0009576,M003,C01540,2026-05-08 16:14:56,PRD_DES_01,Desserts,1,804.05,38.29,UPI
TXN0006389,M038,C03409,2026-05-08 16:19:41,PRD_CHG_02,Chargers,1,1301.6,61.98,UPI
TXN0001206,M039,C01463,2026-05-08 16:31:18,PRD_PER_01,Personal Care,2,430.86,41.03,UPI
TXN0009462,M016,C03417,2026-05-08 16:49:09,PRD_BRD_02,Bread,1,379.39,18.07,UPI
TXN0001958,M035,C00638,2026-05-08 17:26:43,PRD_CAS_01,Cases,1,427.31,20.35,UPI
TXN0008784,M022,C03379,2026-05-08 17:27:40,PRD_WOM_02,Women,1,2393.61,113.98,UPI
TXN0000514,M039,C03013,2026-05-08 17:30:49,PRD_WEL_01,Wellness,1,2625.0,125.0,UPI
TXN0009161,M005,C01309,2026-05-08 17:55:25,PRD_MOB_02,Mobiles,1,11999.0,5794.39,UPI
TXN0002758,M029,C02054,2026-05-08 18:01:57,PRD_OFF_01,Office Supplies,2,472.5,45.0,UPI
TXN0007917,M020,C01615,2026-05-08 18:09:43,PRD_ACC_02,Accessories,2,711.74,67.79,UPI
TXN0005480,M029,C02306,2026-05-08 18:13:17,PRD_NOT_01,Notebooks,1,487.85,23.23,UPI
TXN0006127,M010,C02683,2026-05-08 18:17:11,PRD_STA_02,Staples,1,871.76,41.51,UPI
TXN0007591,M002,C02145,2026-05-08 18:17:54,PRD_BRD_01,Bread,1,267.14,12.72,UPI
TXN0004090,M029,C01388,2026-05-08 18:29:10,PRD_ART_02,Art Supplies,1,313.84,14.94,UPI
TXN0009977,M039,C00864,2026-05-08 18:33:50,PRD_BABY_01,Baby Care,1,799.0,303.34,UPI
TXN0005674,M034,C00366,2026-05-08 18:54:01,PRD_OFF_02,Office Supplies,2,310.0,278.8,UPI
TXN0009198,M006,C01154,2026-05-08 19:28:03,PRD_CAB_01,Cables,1,299.0,19.49,UPI
TXN0005269,M024,C02644,2026-05-08 19:31:29,PRD_BEV_02,Beverages,1,1247.21,59.39,UPI
TXN0007188,M019,C03088,2026-05-08 19:42:03,PRD_CHG_01,Chargers,1,699.0,482.2,UPI
TXN0002560,M014,C03042,2026-05-08 19:51:11,PRD_BRD_02,Bread,1,330.66,15.75,UPI
TXN0001615,M040,C02084,2026-05-08 20:01:48,PRD_COF_01,Coffee,2,420.0,40.0,UPI
TXN0006976,M017,C02341,2026-05-08 20:22:17,PRD_NOT_02,Notebooks,1,260.0,101.24,CARD
TXN0005769,M044,C00506,2026-05-08 20:29:10,PRD_WOM_01,Women,1,4025.84,191.71,UPI
TXN0001771,M008,C00210,2026-05-08 20:40:14,PRD_TEA_02,Tea,1,210.0,74.92,UPI
TXN0002677,M026,C00687,2026-05-08 20:50:48,PRD_TEA_01,Tea,2,240.0,192.79,UPI
TXN0008860,M031,C01595,2026-05-08 20:50:49,PRD_ACC_02,Accessories,1,2093.98,99.71,WALLET
TXN0007679,M025,C01268,2026-05-08 21:17:05,PRD_SNK_01,Snacks,1,1056.46,50.31,WALLET
TXN0006188,M048,C02209,2026-05-08 21:22:40,PRD_CAS_02,Cases,1,1498.47,71.36,UPI
TXN0006993,M036,C02267,2026-05-08 21:47:25,PRD_SNK_01,Snacks,1,1043.77,49.7,UPI
TXN0002432,M001,C02329,2026-05-08 21:48:13,PRD_STA_02,Staples,2,392.33,37.37,UPI
TXN0007105,M050,C02298,2026-05-08 21:49:52,PRD_SNK_01,Snacks,1,348.0,16.57,WALLET
TXN0003802,M028,C00212,2026-05-08 21:54:59,PRD_CAB_02,Cables,1,1094.22,52.11,UPI
TXN0003930,M043,C00452,2026-05-09 08:35:32,PRD_CAK_01,Cakes,1,550.0,117.12,UPI
TXN0009464,M039,C00266,2026-05-09 09:51:33,PRD_MED_02,Medicine,1,1079.1,51.39,UPI
TXN0007002,M016,C01326,2026-05-09 10:11:19,PRD_CAK_01,Cakes,1,550.0,390.6,WALLET
TXN0003991,M013,C03216,2026-05-09 10:19:13,PRD_CAK_02,Cakes,2,450.0,236.44,UPI
TXN0003750,M050,C01878,2026-05-09 10:55:06,PRD_CAK_01,Cakes,1,799.67,38.08,UPI
TXN0001403,M025,C00585,2026-05-09 11:35:24,PRD_SNK_02,Snacks,1,312.24,14.87,CASH
TXN0000195,M048,C00552,2026-05-09 11:38:01,PRD_CAB_01,Cables,1,1034.66,49.27,UPI
TXN0008096,M016,C00015,2026-05-09 12:28:39,PRD_BRD_02,Bread,1,270.66,12.89,WALLET
TXN0001586,M040,C01389,2026-05-09 13:15:46,PRD_DES_01,Desserts,1,501.95,23.9,UPI
TXN0000758,M047,C00883,2026-05-09 16:52:33,PRD_ELE_02,Home Electronics,1,17325.0,825.0,UPI
TXN0007212,M033,C00602,2026-05-09 17:04:52,PRD_SNK_01,Snacks,1,959.92,45.71,UPI
TXN0008506,M026,C00353,2026-05-09 17:33:58,PRD_COF_02,Coffee,1,280.0,151.16,UPI
TXN0002172,M038,C03361,2026-05-09 17:41:17,PRD_CHG_01,Chargers,3,699.0,705.88,CARD
TXN0003468,M042,C02383,2026-05-09 17:57:16,PRD_SNK_02,Snacks,1,904.01,43.05,UPI
TXN0004569,M044,C00711,2026-05-09 18:18:50,PRD_MEN_01,Men,1,2185.77,104.08,UPI
TXN0000936,M048,C01216,2026-05-09 18:26:53,PRD_EAR_02,Earphones,1,1073.37,51.11,UPI
TXN0008384,M048,C03466,2026-05-09 18:43:11,PRD_CAS_01,Cases,1,1922.01,91.52,UPI
TXN0009438,M003,C01427,2026-05-09 19:55:23,PRD_SNK_02,Snacks,1,225.0,79.38,UPI
TXN0006448,M033,C01560,2026-05-09 20:20:39,PRD_DAI_01,Dairy,1,1698.04,80.86,UPI
TXN0008803,M049,C00210,2026-05-09 21:16:45,PRD_SNK_02,Snacks,1,225.0,53.93,UPI
TXN0001180,M043,C00263,2026-05-09 21:38:43,PRD_CAK_01,Cakes,2,550.0,830.58,UPI
TXN0000600,M005,C00251,2026-05-09 22:08:50,PRD_ELE_02,Home Electronics,2,8662.5,825.0,UPI
TXN0009232,M050,C03162,2026-05-09 22:39:09,PRD_CAK_01,Cakes,1,550.0,145.59,UPI
TXN0009239,M027,C00827,2026-05-10 08:29:42,PRD_LAP_02,Laptops,3,4494.26,642.04,CARD
TXN0003289,M003,C02330,2026-05-10 08:39:38,PRD_SNK_01,Snacks,3,172.1,24.58,CARD
TXN0006753,M016,C02858,2026-05-10 13:18:32,PRD_SNK_02,Snacks,1,284.16,13.53,UPI
TXN0000135,M030,C03210,2026-05-10 13:19:32,PRD_LAP_01,Laptops,1,3997.61,190.36,CASH
TXN0004458,M044,C02965,2026-05-10 14:28:20,PRD_KID_02,Kids,1,876.83,41.75,UPI
TXN0001009,M038,C01421,2026-05-10 14:37:09,PRD_EAR_01,Earphones,1,1299.0,758.36,UPI
TXN0001626,M033,C01007,2026-05-10 14:42:27,PRD_SNK_02,Snacks,1,670.39,31.92,UPI
TXN0009375,M010,C02991,2026-05-10 15:14:28,PRD_DAI_01,Dairy,1,657.87,31.33,UPI
TXN0002116,M015,C02738,2026-05-10 15:41:50,PRD_PAS_02,Pastries,3,462.0,66.0,UPI
TXN0008790,M021,C00079,2026-05-10 15:56:43,PRD_NOT_01,Notebooks,1,495.18,23.58,UPI
TXN0006300,M004,C01846,2026-05-10 16:40:53,PRD_ACC_02,Accessories,1,12117.46,577.02,UPI
TXN0001601,M003,C03416,2026-05-10 17:02:59,PRD_SNK_01,Snacks,1,924.0,44.0,CARD
TXN0000638,M002,C02637,2026-05-10 17:21:31,PRD_CAK_02,Cakes,1,450.0,362.0,UPI
TXN0005450,M016,C01732,2026-05-10 17:49:52,PRD_PAS_01,Pastries,2,144.23,13.73,UPI
TXN0007821,M013,C00134,2026-05-10 17:53:59,PRD_BRD_02,Bread,1,604.56,28.79,UPI
TXN0003499,M043,C00733,2026-05-10 18:32:36,PRD_PAS_01,Pastries,1,992.16,47.25,WALLET
TXN0003564,M031,C00027,2026-05-10 18:47:59,PRD_ACC_02,Accessories,1,6555.11,312.15,UPI
TXN0006740,M028,C01501,2026-05-10 19:04:29,PRD_CAB_01,Cables,1,596.86,28.42,UPI
TXN0004681,M038,C00450,2026-05-10 19:05:12,PRD_EAR_02,Earphones,1,976.95,46.52,UPI
TXN0004763,M036,C01771,2026-05-10 19:37:41,PRD_HOU_01,Household,1,341.14,16.24,UPI
TXN0006952,M011,C02687,2026-05-10 20:01:33,PRD_ART_02,Art Supplies,1,175.0,19.1,UPI
TXN0001899,M013,C00092,2026-05-10 20:10:22,PRD_PAS_01,Pastries,1,1358.49,64.69,CARD
TXN0004437,M012,C00936,2026-05-10 20:33:28,PRD_BEV_02,Beverages,1,848.39,40.4,CARD
TXN0004389,M006,C00150,2026-05-10 20:36:36,PRD_EAR_01,Earphones,1,2993.55,142.55,UPI
TXN0008414,M005,C03372,2026-05-10 21:35:30,PRD_MOB_02,Mobiles,1,11999.0,9399.31,UPI
TXN0008179,M024,C00465,2026-05-11 11:55:50,PRD_SNK_01,Snacks,1,622.25,29.63,CASH
TXN0003177,M016,C01022,2026-05-11 12:07:16,PRD_CAK_02,Cakes,1,487.61,23.22,UPI
TXN0003256,M014,C00785,2026-05-11 12:35:25,PRD_CAK_01,Cakes,1,550.0,41.0,WALLET
TXN0004430,M013,C00053,2026-05-11 15:03:29,PRD_SNK_02,Snacks,1,225.0,61.41,UPI
TXN0001141,M042,C00427,2026-05-11 16:15:11,PRD_CAK_01,Cakes,1,598.95,28.52,UPI
TXN0007252,M004,C02152,2026-05-11 17:20:16,PRD_ELE_02,Home Electronics,1,1099.0,105.71,CARD
TXN0008648,M035,C02029,2026-05-11 17:31:45,PRD_CAS_01,Cases,3,402.51,57.5,UPI
TXN0007785,M018,C00865,2026-05-11 17:36:35,PRD_MEA_02,Meals,1,379.48,18.07,UPI
TXN0000223,M013,C02357,2026-05-11 17:38:48,PRD_SNK_01,Snacks,1,170.99,8.14,UPI
TXN0006294,M045,C02646,2026-05-11 17:39:05,PRD_DAI_02,Dairy,1,1318.85,62.8,UPI
TXN0006004,M028,C03500,2026-05-11 17:45:41,PRD_CAB_01,Cables,1,903.4,43.02,UPI
TXN0008388,M026,C01455,2026-05-11 17:48:59,PRD_SNK_02,Snacks,1,824.24,39.25,WALLET
TXN0001314,M047,C01633,2026-05-11 18:00:27,PRD_ELE_01,Home Electronics,1,6494.07,309.24,WALLET
TXN0006360,M049,C01214,2026-05-11 18:34:20,PRD_COF_02,Coffee,1,377.82,17.99,CARD
TXN0002475,M048,C01895,2026-05-11 18:40:07,PRD_EAR_01,Earphones,1,1299.0,1149.0,CARD
TXN0001499,M004,C02955,2026-05-11 19:12:55,PRD_MOB_02,Mobiles,1,11999.0,4268.68,CARD
TXN0009314,M027,C03270,2026-05-11 19:21:18,PRD_MOB_01,Mobiles,1,6499.0,4543.85,UPI
TXN0006950,M041,C01646,2026-05-11 19:24:28,PRD_MEA_02,Meals,1,602.91,28.71,CARD
TXN0001011,M016,C02187,2026-05-11 19:40:18,PRD_PAS_01,Pastries,2,630.0,60.0,UPI
TXN0009471,M025,C02271,2026-05-11 19:42:08,PRD_PAS_02,Pastries,1,317.42,15.12,UPI
TXN0008282,M009,C02445,2026-05-11 19:46:08,PRD_WEL_01,Wellness,2,393.64,37.49,UPI
TXN0007941,M007,C00254,2026-05-11 19:55:36,PRD_DAI_02,Dairy,1,1890.0,90.0,UPI
TXN0007282,M049,C02796,2026-05-11 20:06:16,PRD_SNK_01,Snacks,1,408.23,19.44,UPI
TXN0008760,M026,C03031,2026-05-11 20:10:21,PRD_TEA_02,Tea,1,310.09,14.77,UPI
TXN0008687,M050,C01048,2026-05-11 20:19:57,PRD_CAK_01,Cakes,1,550.0,160.81,UPI
TXN0003943,M036,C02252,2026-05-11 20:47:44,PRD_HOU_02,Household,1,733.1,34.91,UPI
TXN0003510,M030,C02137,2026-05-11 21:00:59,PRD_MOB_01,Mobiles,1,15750.0,750.0,UPI
TXN0005826,M017,C00795,2026-05-11 22:20:23,PRD_OFF_02,Office Supplies,1,792.16,37.72,WALLET
TXN0008663,M034,C00786,2026-05-11 22:37:13,PRD_WRI_01,Writing,1,181.87,8.66,UPI
TXN0002659,M017,C01802,2026-05-11 22:41:40,PRD_OFF_02,Office Supplies,2,310.0,550.74,UPI
TXN0006397,M022,C01014,2026-05-11 22:47:43,PRD_KID_01,Kids,1,1426.13,67.91,CARD
TXN0004478,M050,C03275,2026-05-11 22:52:06,PRD_BRD_02,Bread,1,140.46,6.69,UPI
TXN0002712,M033,C02548,2026-05-12 08:28:11,PRD_STA_01,Staples,1,540.0,120.29,UPI
TXN0006231,M026,C01589,2026-05-12 08:31:58,PRD_TEA_02,Tea,1,210.0,144.8,UPI
TXN0008389,M049,C00004,2026-05-12 10:22:22,PRD_TEA_01,Tea,2,240.0,300.04,UPI
TXN0000375,M027,C00501,2026-05-12 13:09:35,PRD_ELE_02,Home Electronics,1,2882.45,137.26,UPI
TXN0007088,M034,C02418,2026-05-12 14:13:56,PRD_ART_01,Art Supplies,1,320.0,53.01,WALLET
TXN0004735,M014,C02521,2026-05-12 16:28:11,PRD_BRD_02,Bread,1,393.37,18.73,UPI
TXN0003814,M026,C01933,2026-05-12 16:29:42,PRD_TEA_01,Tea,1,240.0,51.49,CARD
TXN0005844,M031,C00060,2026-05-12 16:53:54,PRD_ACC_02,Accessories,1,3698.11,176.1,CARD
TXN0003249,M008,C00063,2026-05-12 17:07:38,PRD_COF_01,Coffee,4,380.0,1275.75,UPI
TXN0004120,M037,C01725,2026-05-12 18:09:16,PRD_EAR_02,Earphones,1,1042.36,49.64,UPI
TXN0002714,M018,C01015,2026-05-12 18:32:03,PRD_BEV_01,Beverages,1,1575.0,75.0,UPI
TXN0004353,M012,C00303,2026-05-12 18:36:40,PRD_HOU_02,Household,1,2100.0,100.0,CARD
TXN0009898,M016,C01318,2026-05-12 20:06:06,PRD_BRD_01,Bread,1,125.42,5.97,UPI
TXN0003334,M001,C01319,2026-05-12 20:47:48,PRD_BEV_02,Beverages,4,127.8,24.33,CASH
TXN0008074,M022,C02978,2026-05-12 20:50:00,PRD_WOM_01,Women,1,1518.3,72.3,UPI
TXN0001605,M019,C00244,2026-05-12 20:53:09,PRD_CHG_02,Chargers,1,999.0,422.41,CASH
TXN0009902,M047,C02440,2026-05-12 20:54:00,PRD_ACC_01,Accessories,1,7341.64,349.6,CARD
TXN0005918,M040,C01443,2026-05-12 21:33:15,PRD_DES_02,Desserts,1,667.47,31.78,CARD
TXN0005540,M010,C01919,2026-05-12 21:38:08,PRD_BEV_01,Beverages,1,292.39,13.92,UPI
TXN0005890,M006,C00563,2026-05-12 21:58:53,PRD_CHG_02,Chargers,1,2899.04,138.05,CARD
TXN0000895,M022,C01490,2026-05-12 22:11:11,PRD_ACC_01,Accessories,2,1606.3,152.98,UPI
TXN0001082,M031,C02561,2026-05-12 22:28:35,PRD_MOB_02,Mobiles,1,11999.0,7353.9,UPI
TXN0007044,M028,C01513,2026-05-12 22:31:26,PRD_EAR_01,Earphones,1,1299.0,1080.93,UPI
TXN0002480,M002,C03044,2026-05-13 10:34:50,PRD_PAS_02,Pastries,1,293.8,13.99,UPI
TXN0008356,M001,C03402,2026-05-13 11:36:11,PRD_BEV_01,Beverages,1,912.58,43.46,CASH
TXN0007330,M049,C02546,2026-05-13 12:02:25,PRD_DES_02,Desserts,1,180.0,33.44,UPI
TXN0000614,M019,C02082,2026-05-13 12:14:03,PRD_CAB_01,Cables,1,3150.0,150.0,UPI
TXN0004320,M005,C01042,2026-05-13 12:14:24,PRD_ACC_02,Accessories,1,4312.27,205.35,UPI
TXN0004087,M017,C01316,2026-05-13 15:04:42,PRD_ART_01,Art Supplies,2,320.0,289.06,UPI
TXN0000793,M006,C02626,2026-05-13 15:07:52,PRD_EAR_02,Earphones,1,803.66,38.27,UPI
TXN0008943,M030,C01056,2026-05-13 15:18:08,PRD_ELE_01,Home Electronics,1,2193.74,104.46,WALLET
TXN0006273,M007,C03030,2026-05-13 16:00:24,PRD_STA_02,Staples,1,866.36,41.26,CASH
TXN0005237,M004,C00519,2026-05-13 16:17:48,PRD_ACC_01,Accessories,1,3219.37,153.3,UPI
TXN0000249,M016,C03376,2026-05-13 16:41:41,PRD_PAS_02,Pastries,1,847.56,40.36,UPI
TXN0003924,M018,C00458,2026-05-13 16:54:07,PRD_SNK_01,Snacks,1,248.27,11.82,UPI
TXN0004275,M040,C01384,2026-05-13 17:54:55,PRD_TEA_02,Tea,1,444.65,21.17,UPI
TXN0000670,M002,C00837,2026-05-13 17:59:02,PRD_CAK_01,Cakes,1,550.0,273.68,CARD
TXN0008443,M023,C01373,2026-05-13 18:04:29,PRD_BEV_02,Beverages,4,254.94,48.56,UPI
TXN0007582,M008,C02448,2026-05-13 18:08:51,PRD_COF_01,Coffee,1,380.0,88.36,UPI
TXN0004156,M001,C00663,2026-05-13 18:19:09,PRD_HOU_02,Household,1,1810.73,86.23,UPI
TXN0001625,M022,C01161,2026-05-13 18:26:09,PRD_ACC_01,Accessories,1,4780.41,227.64,UPI
TXN0008768,M038,C00354,2026-05-13 18:39:33,PRD_CAS_02,Cases,1,2081.15,99.1,WALLET
TXN0000615,M020,C00005,2026-05-13 18:46:52,PRD_MOB_01,Mobiles,1,6499.0,1035.53,CARD
TXN0009908,M037,C00470,2026-05-13 19:40:05,PRD_CAS_02,Cases,1,1634.7,77.84,UPI
TXN0005728,M001,C02894,2026-05-13 19:49:05,PRD_DAI_01,Dairy,1,542.46,25.83,UPI
TXN0003585,M038,C03299,2026-05-13 20:13:51,PRD_CAS_02,Cases,1,1576.96,75.09,UPI
TXN0008153,M038,C01884,2026-05-13 20:18:16,PRD_EAR_01,Earphones,1,2142.77,102.04,UPI
TXN0001381,M026,C03144,2026-05-13 20:26:05,PRD_TEA_02,Tea,2,210.0,76.63,UPI
TXN0008802,M038,C01325,2026-05-13 20:39:01,PRD_EAR_01,Earphones,1,1299.0,120.67,UPI
TXN0009183,M047,C01005,2026-05-13 21:06:46,PRD_ACC_02,Accessories,1,2024.13,96.39,UPI
TXN0007217,M014,C02784,2026-05-13 21:18:29,PRD_SNK_01,Snacks,1,123.22,5.87,CASH
TXN0003409,M008,C01906,2026-05-13 21:44:56,PRD_DES_02,Desserts,1,180.0,30.91,UPI
TXN0005309,M021,C02866,2026-05-13 21:57:47,PRD_WRI_01,Writing,1,945.0,45.0,UPI
TXN0000148,M003,C01607,2026-05-14 10:11:42,PRD_TEA_02,Tea,1,537.66,25.6,UPI
TXN0000880,M032,C01734,2026-05-14 11:23:49,PRD_BABY_01,Baby Care,1,799.0,96.24,UPI
TXN0007271,M046,C00300,2026-05-14 13:06:25,PRD_HOU_02,Household,1,864.57,41.17,UPI
TXN0005462,M029,C03137,2026-05-14 13:29:58,PRD_ART_01,Art Supplies,1,320.0,22.19,WALLET
TXN0004856,M046,C01229,2026-05-14 14:32:10,PRD_BEV_02,Beverages,1,1934.53,92.12,UPI
TXN0006082,M019,C00645,2026-05-14 15:07:05,PRD_CHG_01,Chargers,1,699.0,247.78,UPI
TXN0008471,M039,C00204,2026-05-14 15:33:33,PRD_WEL_02,Wellness,1,1867.75,88.94,UPI
TXN0007662,M036,C02592,2026-05-14 17:00:57,PRD_BEV_01,Beverages,1,910.32,43.35,UPI
TXN0004964,M047,C01175,2026-05-14 17:13:51,PRD_MOB_02,Mobiles,1,11999.0,9731.7,WALLET
TXN0008907,M046,C00028,2026-05-14 17:14:45,PRD_BEV_01,Beverages,1,722.51,34.41,UPI
TXN0001231,M001,C00675,2026-05-14 17:49:08,PRD_BEV_02,Beverages,1,627.21,29.87,CARD
TXN0002939,M046,C01445,2026-05-14 17:52:50,PRD_HOU_01,Household,1,1668.99,79.48,UPI
TXN0004580,M006,C03390,2026-05-14 17:56:26,PRD_CHG_02,Chargers,1,999.0,150.03,UPI
TXN0007236,M025,C00959,2026-05-14 18:05:36,PRD_BRD_01,Bread,1,122.01,5.81,UPI
TXN0007537,M050,C02771,2026-05-14 18:20:34,PRD_PAS_02,Pastries,1,232.65,11.08,UPI
TXN0003727,M014,C02431,2026-05-14 18:21:12,PRD_BRD_01,Bread,2,187.65,17.88,CARD
TXN0004338,M016,C00780,2026-05-14 18:26:30,PRD_CAK_02,Cakes,1,675.56,32.17,UPI
TXN0005990,M020,C02510,2026-05-14 18:39:31,PRD_MOB_01,Mobiles,2,6499.0,4777.46,UPI
TXN0005565,M046,C00573,2026-05-14 18:46:27,PRD_BEV_02,Beverages,1,266.22,12.68,UPI
TXN0004074,M008,C00966,2026-05-14 19:08:49,PRD_COF_01,Coffee,1,380.0,268.02,UPI
TXN0002585,M033,C01457,2026-05-14 19:13:00,PRD_SNK_02,Snacks,1,710.18,33.82,WALLET
TXN0006443,M026,C00561,2026-05-14 19:13:25,PRD_TEA_01,Tea,1,285.53,13.6,UPI
TXN0008288,M032,C00367,2026-05-14 19:50:52,PRD_WEL_02,Wellness,1,803.32,38.25,UPI
TXN0003437,M026,C02076,2026-05-14 19:53:31,PRD_TEA_01,Tea,2,240.0,318.41,WALLET
TXN0004118,M025,C01235,2026-05-14 19:54:07,PRD_PAS_02,Pastries,1,588.22,28.01,WALLET
TXN0001495,M002,C02803,2026-05-14 20:15:53,PRD_BRD_01,Bread,1,326.13,15.53,UPI
TXN0001464,M015,C01854,2026-05-14 20:30:06,PRD_CAK_02,Cakes,1,451.61,21.51,UPI
TXN0004896,M046,C03072,2026-05-14 21:19:02,PRD_ESS_01,Daily Essentials,1,1257.99,59.9,UPI
TXN0003980,M046,C00811,2026-05-15 10:44:26,PRD_BEV_02,Beverages,1,2100.0,100.0,UPI
TXN0003839,M014,C00563,2026-05-15 14:02:12,PRD_BRD_01,Bread,1,1159.4,55.21,WALLET
TXN0005043,M038,C02919,2026-05-15 14:11:26,PRD_CAS_02,Cases,1,450.0,208.25,UPI
TXN0002488,M026,C01551,2026-05-15 15:01:28,PRD_TEA_01,Tea,2,240.0,222.59,WALLET
TXN0004149,M045,C02138,2026-05-15 15:20:06,PRD_STA_02,Staples,3,245.0,39.71,UPI
TXN0008778,M040,C03315,2026-05-15 15:44:00,PRD_TEA_01,Tea,1,240.0,94.98,CARD
TXN0003642,M027,C01609,2026-05-15 15:49:53,PRD_ELE_02,Home Electronics,1,5521.92,262.95,UPI
TXN0007347,M042,C00296,2026-05-15 16:13:36,PRD_BRD_01,Bread,2,274.37,26.14,WALLET
TXN0002653,M027,C02642,2026-05-15 16:54:43,PRD_ACC_02,Accessories,1,4656.33,221.73,UPI
TXN0003324,M016,C02348,2026-05-15 17:01:59,PRD_SNK_01,Snacks,1,541.43,25.78,UPI
TXN0006284,M033,C00315,2026-05-15 17:04:15,PRD_BEV_02,Beverages,1,1216.48,57.93,UPI
TXN0005285,M042,C00266,2026-05-15 17:15:34,PRD_BRD_01,Bread,2,275.7,26.25,CASH
TXN0007770,M018,C01466,2026-05-15 17:30:44,PRD_DES_02,Desserts,2,314.65,29.97,UPI
TXN0008566,M026,C02105,2026-05-15 17:31:07,PRD_COF_01,Coffee,1,840.0,40.0,UPI
TXN0009952,M029,C02944,2026-05-15 17:37:11,PRD_NOT_02,Notebooks,1,918.88,43.76,UPI
TXN0004940,M046,C03391,2026-05-15 17:56:55,PRD_BEV_01,Beverages,1,1561.86,74.37,UPI
TXN0006515,M018,C00771,2026-05-15 18:12:48,PRD_BEV_02,Beverages,1,894.82,42.61,CASH
TXN0004162,M046,C00808,2026-05-15 19:05:57,PRD_ESS_01,Daily Essentials,2,145.0,113.15,UPI
TXN0009891,M005,C02955,2026-05-15 19:41:55,PRD_ACC_02,Accessories,1,15750.0,750.0,CARD
TXN0003153,M028,C02559,2026-05-15 19:42:06,PRD_CAS_01,Cases,1,973.27,46.35,UPI
TXN0001369,M040,C00170,2026-05-15 19:49:53,PRD_TEA_02,Tea,1,315.26,15.01,UPI
TXN0005342,M041,C00031,2026-05-15 19:52:46,PRD_MEA_01,Meals,1,458.62,21.84,WALLET
TXN0005590,M005,C02380,2026-05-15 20:02:35,PRD_LAP_02,Laptops,2,5278.31,502.69,UPI
TXN0006654,M017,C00143,2026-05-15 20:16:13,PRD_NOT_01,Notebooks,1,160.0,38.66,UPI
TXN0008975,M049,C02375,2026-05-15 21:55:09,PRD_COF_02,Coffee,2,346.86,33.03,UPI
TXN0003085,M005,C01101,2026-05-16 09:04:34,PRD_MOB_01,Mobiles,1,6499.0,1720.31,UPI
TXN0001040,M007,C00010,2026-05-16 10:27:14,PRD_HOU_02,Household,1,588.28,28.01,UPI
TXN0001815,M002,C02226,2026-05-16 10:46:00,PRD_BRD_01,Bread,1,666.14,31.72,UPI
TXN0006741,M017,C01633,2026-05-16 12:10:24,PRD_WRI_02,Writing,1,434.74,20.7,CASH
TXN0005397,M013,C02622,2026-05-16 13:00:34,PRD_CAK_01,Cakes,1,550.0,48.78,UPI
TXN0003428,M017,C01554,2026-05-16 13:21:15,PRD_ART_02,Art Supplies,1,207.03,9.86,UPI
TXN0008497,M031,C02004,2026-05-16 13:34:48,PRD_MOB_01,Mobiles,1,8733.63,415.89,UPI
TXN0008228,M042,C02213,2026-05-16 14:23:40,PRD_CAK_02,Cakes,1,995.94,47.43,CARD
TXN0001018,M043,C01284,2026-05-16 14:48:43,PRD_PAS_01,Pastries,1,262.1,12.48,UPI
TXN0000722,M019,C01087,2026-05-16 16:10:42,PRD_EAR_02,Earphones,1,718.32,34.21,UPI
TXN0001434,M033,C00122,2026-05-16 16:44:51,PRD_BEV_01,Beverages,1,853.28,40.63,WALLET
TXN0004369,M005,C03139,2026-05-16 16:53:04,PRD_ELE_02,Home Electronics,1,13526.25,644.11,CARD
TXN0009919,M034,C02363,2026-05-16 17:04:26,PRD_WRI_01,Writing,1,432.52,20.6,UPI
TXN0003618,M044,C02390,2026-05-16 17:07:00,PRD_WOM_02,Women,1,1499.0,372.56,UPI
TXN0006490,M050,C00169,2026-05-16 17:10:49,PRD_PAS_01,Pastries,1,1058.13,50.39,UPI
TXN0003325,M042,C03436,2026-05-16 17:15:53,PRD_BRD_02,Bread,1,632.39,30.11,WALLET
TXN0009110,M006,C02113,2026-05-16 17:32:45,PRD_CAS_01,Cases,2,943.65,89.87,UPI
TXN0003436,M036,C02239,2026-05-16 17:47:51,PRD_DAI_02,Dairy,1,1019.37,48.54,CARD
TXN0004920,M012,C00566,2026-05-16 17:59:12,PRD_ESS_01,Daily Essentials,1,1021.89,48.66,UPI
TXN0005421,M015,C01245,2026-05-16 18:27:02,PRD_PAS_02,Pastries,3,176.83,25.25,UPI
TXN0001280,M009,C02275,2026-05-16 18:47:54,PRD_BABY_01,Baby Care,1,2304.71,109.75,UPI
TXN0004679,M023,C02911,2026-05-16 19:16:09,PRD_BEV_02,Beverages,2,125.75,11.97,WALLET
TXN0000524,M035,C03239,2026-05-16 19:37:27,PRD_CHG_01,Chargers,1,2629.66,125.22,UPI
TXN0001020,M020,C01518,2026-05-16 19:43:25,PRD_LAP_02,Laptops,2,10221.75,973.5,UPI
TXN0007342,M010,C02394,2026-05-16 20:10:08,PRD_STA_01,Staples,2,540.0,444.26,CARD
TXN0002415,M026,C00452,2026-05-16 20:26:02,PRD_DES_02,Desserts,4,180.0,52.36,UPI
TXN0005360,M046,C01556,2026-05-16 20:33:04,PRD_HOU_01,Household,1,1145.22,54.53,UPI
TXN0005350,M035,C01783,2026-05-16 20:41:47,PRD_CAS_02,Cases,1,1813.63,86.36,UPI
TXN0001991,M047,C01419,2026-05-16 20:44:50,PRD_MOB_01,Mobiles,2,6499.0,7748.95,UPI
TXN0007230,M026,C01383,2026-05-16 21:07:17,PRD_DES_02,Desserts,1,650.5,30.98,CARD
TXN0008402,M042,C03025,2026-05-16 21:26:02,PRD_PAS_01,Pastries,1,737.5,35.12,UPI
TXN0008308,M046,C01437,2026-05-16 21:26:18,PRD_HOU_02,Household,3,320.0,85.35,CASH
TXN0009589,M041,C00287,2026-05-16 21:53:39,PRD_MEA_01,Meals,1,500.36,23.83,UPI
TXN0005604,M046,C00894,2026-05-16 22:07:36,PRD_BEV_02,Beverages,1,1006.36,47.92,CARD
TXN0000730,M010,C01321,2026-05-16 22:33:53,PRD_STA_01,Staples,1,1872.02,89.14,WALLET
TXN0005315,M007,C00219,2026-05-17 08:33:08,PRD_HOU_02,Household,1,1195.29,56.92,UPI
TXN0009934,M038,C02152,2026-05-17 09:41:15,PRD_EAR_01,Earphones,1,1299.0,81.23,UPI
TXN0008767,M036,C00704,2026-05-17 14:13:02,PRD_HOU_02,Household,1,532.39,25.35,UPI
TXN0007191,M008,C03321,2026-05-17 15:17:00,PRD_DES_01,Desserts,1,633.35,30.16,UPI
TXN0007233,M007,C00101,2026-05-17 16:14:26,PRD_SNK_02,Snacks,2,225.0,217.42,UPI
TXN0006918,M004,C00479,2026-05-17 16:25:11,PRD_ACC_01,Accessories,1,6945.31,330.73,UPI
TXN0008492,M029,C01894,2026-05-17 16:37:38,PRD_ART_02,Art Supplies,1,418.72,19.94,CASH
TXN0009011,M036,C00075,2026-05-17 17:03:49,PRD_SNK_01,Snacks,1,2079.0,99.0,WALLET
TXN0000311,M010,C03011,2026-05-17 17:05:31,PRD_SNK_02,Snacks,2,225.0,166.74,UPI
TXN0002964,M029,C00241,2026-05-17 17:12:33,PRD_ART_01,Art Supplies,3,320.0,873.97,WALLET
TXN0003094,M014,C01157,2026-05-17 17:31:52,PRD_PAS_02,Pastries,1,439.47,20.93,CARD
TXN0007338,M002,C00414,2026-05-17 18:50:20,PRD_SNK_01,Snacks,1,464.04,22.1,UPI
TXN0006204,M019,C03230,2026-05-17 18:55:07,PRD_CAS_02,Cases,1,450.0,218.57,UPI
TXN0004588,M031,C03450,2026-05-17 19:08:15,PRD_LAP_01,Laptops,1,11884.41,565.92,UPI
TXN0005787,M005,C00710,2026-05-17 19:16:51,PRD_LAP_02,Laptops,1,1318.68,62.79,UPI
TXN0000555,M018,C03336,2026-05-17 19:25:09,PRD_SNK_01,Snacks,1,235.66,11.22,CARD
TXN0004061,M042,C02387,2026-05-17 19:41:01,PRD_BRD_02,Bread,1,789.29,37.59,UPI
TXN0002959,M040,C00871,2026-05-17 19:57:09,PRD_COF_01,Coffee,1,380.0,87.41,UPI
TXN0000159,M013,C00688,2026-05-17 20:05:59,PRD_CAK_02,Cakes,1,450.0,327.03,UPI
TXN0006006,M014,C01174,2026-05-17 20:24:07,PRD_SNK_01,Snacks,2,693.0,66.0,UPI
TXN0003320,M045,C03002,2026-05-17 20:29:00,PRD_DAI_02,Dairy,1,522.7,24.89,UPI
TXN0009439,M032,C01079,2026-05-17 20:32:22,PRD_WEL_01,Wellness,1,1824.25,86.87,UPI
TXN0001917,M040,C02493,2026-05-17 20:59:25,PRD_COF_02,Coffee,1,280.0,80.45,UPI
TXN0002797,M001,C03418,2026-05-17 21:55:43,PRD_BEV_01,Beverages,2,665.97,63.43,UPI
TXN0001185,M048,C00453,2026-05-17 22:18:34,PRD_CAS_02,Cases,1,1499.15,71.39,UPI
TXN0000017,M026,C01334,2026-05-17 22:30:34,PRD_SNK_01,Snacks,1,401.81,19.13,UPI
TXN0008787,M026,C03055,2026-05-17 22:35:54,PRD_DES_02,Desserts,1,924.0,44.0,UPI
TXN0005130,M038,C02383,2026-05-18 08:27:47,PRD_CAS_01,Cases,1,646.81,30.8,UPI
TXN0004414,M007,C01948,2026-05-18 09:34:53,PRD_HOU_02,Household,3,320.0,655.69,UPI
TXN0004034,M022,C01814,2026-05-18 12:03:17,PRD_ACC_01,Accessories,1,1119.84,53.33,UPI
TXN0006841,M029,C02303,2026-05-18 15:02:13,PRD_NOT_02,Notebooks,1,260.0,81.72,UPI
TXN0002583,M011,C02902,2026-05-18 15:52:06,PRD_OFF_01,Office Supplies,1,175.0,80.03,UPI
TXN0008522,M035,C03137,2026-05-18 15:52:43,PRD_EAR_02,Earphones,1,1768.12,84.2,UPI
TXN0008417,M001,C02631,2026-05-18 16:10:59,PRD_BEV_01,Beverages,1,763.38,36.35,UPI
TXN0009355,M037,C02557,2026-05-18 16:14:45,PRD_CHG_02,Chargers,1,999.0,397.92,CARD
TXN0002861,M012,C01107,2026-05-18 16:17:47,PRD_BEV_01,Beverages,1,1245.69,59.32,UPI
TXN0000927,M006,C00856,2026-05-18 17:05:00,PRD_CHG_02,Chargers,1,2119.28,100.92,UPI
TXN0002829,M046,C00641,2026-05-18 17:25:56,PRD_HOU_01,Household,2,463.95,44.18,CASH
TXN0002350,M018,C00613,2026-05-18 18:01:34,PRD_MEA_02,Meals,2,250.0,271.85,UPI
TXN0004009,M026,C02692,2026-05-18 18:17:38,PRD_TEA_01,Tea,2,240.0,261.7,UPI
TXN0003709,M024,C03037,2026-05-18 18:24:17,PRD_ESS_02,Daily Essentials,1,307.89,14.66,UPI
TXN0006579,M006,C01734,2026-05-18 18:24:51,PRD_CHG_01,Chargers,1,774.7,36.89,WALLET
TXN0005123,M010,C01578,2026-05-18 18:31:17,PRD_STA_02,Staples,1,1890.0,90.0,UPI
TXN0006873,M019,C00657,2026-05-18 18:36:10,PRD_CAS_01,Cases,3,307.11,43.88,CASH
TXN0004059,M025,C00625,2026-05-18 18:38:09,PRD_BRD_02,Bread,1,140.0,32.86,UPI
TXN0009718,M009,C00847,2026-05-18 18:39:21,PRD_WEL_01,Wellness,1,1020.18,48.58,UPI
TXN0008742,M004,C02244,2026-05-18 19:12:37,PRD_LAP_02,Laptops,1,12212.37,581.54,CARD
TXN0009032,M023,C01712,2026-05-18 19:18:57,PRD_SNK_01,Snacks,1,415.0,19.76,CASH
TXN0008000,M048,C02385,2026-05-18 19:23:37,PRD_CAB_02,Cables,2,468.96,44.66,UPI
TXN0004634,M003,C02632,2026-05-18 19:34:28,PRD_DES_01,Desserts,1,735.44,35.02,UPI
TXN0005217,M002,C03132,2026-05-18 20:45:54,PRD_PAS_02,Pastries,1,124.02,5.91,UPI
TXN0000491,M038,C02793,2026-05-18 20:47:09,PRD_EAR_01,Earphones,1,1299.0,257.61,UPI
TXN0007184,M006,C03273,2026-05-18 21:13:31,PRD_EAR_02,Earphones,1,1235.03,58.81,UPI
TXN0002839,M030,C00865,2026-05-18 21:26:06,PRD_ELE_01,Home Electronics,1,4402.04,209.62,WALLET
TXN0004932,M029,C01429,2026-05-18 21:43:56,PRD_NOT_02,Notebooks,2,276.32,26.32,UPI
TXN0005829,M002,C02141,2026-05-19 10:54:56,PRD_PAS_01,Pastries,1,282.48,13.45,WALLET
TXN0004551,M007,C02593,2026-05-19 13:30:15,PRD_BEV_02,Beverages,1,1058.31,50.4,UPI
TXN0006541,M036,C00551,2026-05-19 14:48:59,PRD_STA_01,Staples,1,843.41,40.16,UPI
TXN0001383,M023,C01075,2026-05-19 15:01:41,PRD_DES_02,Desserts,1,870.03,41.43,UPI
TXN0006029,M014,C01916,2026-05-19 15:19:37,PRD_SNK_01,Snacks,1,360.34,17.16,UPI
TXN0002238,M025,C01229,2026-05-19 15:40:57,PRD_SNK_02,Snacks,1,304.94,14.52,UPI
TXN0007729,M025,C03368,2026-05-19 16:12:10,PRD_SNK_01,Snacks,2,411.97,39.23,CARD
TXN0008634,M019,C03227,2026-05-19 16:16:57,PRD_CHG_02,Chargers,1,1873.98,89.24,UPI
TXN0009022,M012,C02806,2026-05-19 16:26:01,PRD_HOU_01,Household,1,609.8,29.04,UPI
TXN0006936,M008,C00168,2026-05-19 16:40:43,PRD_SNK_02,Snacks,1,840.0,40.0,UPI
TXN0008036,M019,C02096,2026-05-19 16:41:56,PRD_CAS_01,Cases,1,1544.92,73.57,UPI
TXN0003633,M014,C02530,2026-05-19 16:49:50,PRD_SNK_02,Snacks,1,292.12,13.91,UPI
TXN0002391,M043,C00654,2026-05-19 16:54:54,PRD_PAS_01,Pastries,2,95.0,27.94,UPI
TXN0002793,M044,C00090,2026-05-19 17:20:27,PRD_MEN_02,Men,1,3999.37,190.45,UPI
TXN0003384,M035,C00320,2026-05-19 17:23:53,PRD_CHG_01,Chargers,3,699.0,1607.45,CARD
TXN0004209,M024,C03301,2026-05-19 17:25:26,PRD_SNK_02,Snacks,1,443.03,21.1,CASH
TXN0003622,M013,C01961,2026-05-19 17:41:21,PRD_CAK_01,Cakes,1,550.0,139.04,UPI
TXN0008081,M018,C03018,2026-05-19 18:26:41,PRD_DES_02,Desserts,1,493.99,23.52,UPI
TXN0003962,M028,C02031,2026-05-19 18:27:25,PRD_EAR_01,Earphones,1,1299.0,674.43,UPI
TXN0008928,M046,C01330,2026-05-19 18:33:13,PRD_BEV_02,Beverages,2,306.86,29.22,UPI
TXN0006123,M049,C01448,2026-05-19 18:40:12,PRD_COF_01,Coffee,1,380.0,22.81,UPI
TXN0001260,M049,C00072,2026-05-19 18:41:26,PRD_COF_02,Coffee,1,280.0,54.62,UPI
TXN0005398,M021,C01647,2026-05-19 18:58:30,PRD_ART_01,Art Supplies,1,320.0,257.02,UPI
TXN0009570,M029,C00536,2026-05-19 19:39:51,PRD_NOT_02,Notebooks,2,260.0,285.01,CARD
TXN0008809,M049,C00009,2026-05-19 19:43:46,PRD_DES_01,Desserts,1,220.0,34.57,CARD
TXN0002285,M047,C01829,2026-05-19 19:46:59,PRD_ELE_02,Home Electronics,1,14459.28,688.54,UPI
TXN0009562,M044,C02716,2026-05-19 20:00:59,PRD_WOM_01,Women,1,699.0,176.01,UPI
TXN0005031,M001,C00603,2026-05-19 20:49:04,PRD_STA_02,Staples,2,283.73,27.02,UPI
TXN0004740,M034,C01626,2026-05-19 21:35:15,PRD_WRI_01,Writing,1,945.0,45.0,UPI
TXN0006241,M018,C02986,2026-05-19 21:54:11,PRD_MEA_02,Meals,1,592.17,28.2,UPI
TXN0008685,M045,C02484,2026-05-19 22:09:04,PRD_BEV_01,Beverages,3,125.35,17.9,UPI
TXN0009081,M044,C02971,2026-05-19 22:24:47,PRD_ACC_02,Accessories,1,1155.13,55.01,CARD
TXN0005425,M023,C02294,2026-05-19 22:29:47,PRD_BEV_01,Beverages,1,468.28,22.3,UPI
TXN0006706,M026,C00587,2026-05-20 09:06:30,PRD_DES_02,Desserts,1,485.22,23.11,CASH
TXN0002845,M008,C02380,2026-05-20 09:36:49,PRD_DES_01,Desserts,1,245.42,11.69,UPI
TXN0008776,M009,C01002,2026-05-20 10:17:21,PRD_PER_02,Personal Care,1,2625.0,125.0,UPI
TXN0009882,M019,C02284,2026-05-20 13:00:05,PRD_CHG_01,Chargers,1,699.0,293.75,UPI
TXN0001766,M011,C02632,2026-05-20 13:12:05,PRD_NOT_02,Notebooks,1,260.0,78.53,UPI
TXN0009003,M031,C00582,2026-05-20 13:52:49,PRD_ELE_01,Home Electronics,1,15750.0,750.0,UPI
TXN0000540,M017,C00795,2026-05-20 14:25:59,PRD_NOT_02,Notebooks,1,260.0,107.96,CARD
TXN0009535,M019,C00893,2026-05-20 14:42:40,PRD_CHG_01,Chargers,1,797.36,37.97,CARD
TXN0008075,M010,C01418,2026-05-20 15:22:23,PRD_HOU_02,Household,2,320.0,499.83,UPI
TXN0007551,M028,C01564,2026-05-20 16:11:42,PRD_CAS_01,Cases,1,2388.68,113.75,CARD
TXN0001168,M029,C03223,2026-05-20 16:18:35,PRD_ART_02,Art Supplies,1,229.06,10.91,UPI
TXN0009169,M004,C01388,2026-05-20 16:41:33,PRD_ELE_01,Home Electronics,1,7294.52,347.36,UPI
TXN0000718,M027,C02347,2026-05-20 17:02:15,PRD_ACC_02,Accessories,1,5825.55,277.41,UPI
TXN0008587,M006,C00155,2026-05-20 17:13:25,PRD_CAB_01,Cables,1,1329.6,63.31,UPI
TXN0000568,M012,C02453,2026-05-20 17:45:37,PRD_SNK_02,Snacks,1,651.98,31.05,UPI
TXN0004714,M006,C02631,2026-05-20 18:41:10,PRD_CAB_01,Cables,3,299.0,510.06,UPI
TXN0009093,M050,C00950,2026-05-20 18:41:14,PRD_SNK_02,Snacks,1,664.7,31.65,WALLET
TXN0007556,M050,C01973,2026-05-20 19:32:26,PRD_BRD_01,Bread,1,1122.78,53.47,UPI
TXN0002166,M049,C00506,2026-05-20 19:39:21,PRD_TEA_02,Tea,1,235.87,11.23,UPI
TXN0009767,M026,C00823,2026-05-20 19:41:52,PRD_TEA_01,Tea,1,266.89,12.71,CASH
TXN0002140,M029,C01152,2026-05-20 19:45:32,PRD_NOT_02,Notebooks,1,674.64,32.13,UPI
TXN0009827,M050,C00187,2026-05-20 20:14:01,PRD_BRD_01,Bread,1,858.25,40.87,CARD
TXN0003695,M044,C00917,2026-05-20 20:16:25,PRD_MEN_02,Men,2,1199.0,1109.65,UPI
TXN0007888,M035,C02188,2026-05-20 20:57:35,PRD_EAR_01,Earphones,1,1299.0,103.16,WALLET
TXN0009072,M029,C01414,2026-05-20 21:01:19,PRD_NOT_02,Notebooks,1,560.57,26.69,UPI
TXN0004604,M031,C00300,2026-05-21 08:07:21,PRD_LAP_01,Laptops,1,1181.07,56.24,CARD
TXN0005013,M002,C02035,2026-05-21 09:06:32,PRD_PAS_02,Pastries,1,815.2,38.82,UPI
TXN0009342,M010,C01629,2026-05-21 09:58:28,PRD_STA_01,Staples,2,540.0,452.51,UPI
TXN0009636,M046,C02042,2026-05-21 10:54:54,PRD_BEV_02,Beverages,1,914.52,43.55,UPI
TXN0005210,M017,C03235,2026-05-21 11:02:07,PRD_NOT_01,Notebooks,1,160.0,66.94,UPI
TXN0004499,M046,C00413,2026-05-21 11:49:07,PRD_SNK_02,Snacks,1,1498.13,71.34,UPI
TXN0002229,M029,C01846,2026-05-21 12:17:50,PRD_OFF_01,Office Supplies,1,175.0,59.26,UPI
TXN0008021,M030,C01998,2026-05-21 12:44:01,PRD_MOB_02,Mobiles,1,11999.0,1962.66,UPI
TXN0004556,M048,C03360,2026-05-21 13:41:28,PRD_CAB_01,Cables,1,3138.05,149.43,UPI
TXN0003890,M029,C02107,2026-05-21 14:07:13,PRD_NOT_02,Notebooks,1,260.0,170.76,UPI
TXN0001402,M017,C02631,2026-05-21 14:08:06,PRD_ART_01,Art Supplies,1,474.77,22.61,WALLET
TXN0002512,M024,C00451,2026-05-21 14:29:34,PRD_ESS_02,Daily Essentials,1,329.85,15.71,UPI
TXN0005508,M020,C02705,2026-05-21 16:25:16,PRD_LAP_01,Laptops,1,8289.34,394.73,UPI
TXN0002051,M029,C01492,2026-05-21 17:02:25,PRD_WRI_02,Writing,1,124.71,5.94,UPI
TXN0002194,M026,C02999,2026-05-21 17:04:44,PRD_SNK_01,Snacks,1,167.06,7.96,CASH
TXN0006501,M046,C02623,2026-05-21 17:18:45,PRD_SNK_02,Snacks,1,717.34,34.16,UPI
TXN0004948,M023,C00756,2026-05-21 17:24:22,PRD_MEA_01,Meals,1,896.92,42.71,UPI
TXN0008904,M001,C01201,2026-05-21 17:57:37,PRD_STA_02,Staples,2,749.65,71.4,UPI
TXN0006111,M003,C01819,2026-05-21 18:35:11,PRD_DES_01,Desserts,1,412.29,19.63,UPI
TXN0009609,M008,C02636,2026-05-21 18:57:16,PRD_DES_02,Desserts,1,235.24,11.2,UPI
TXN0003298,M034,C01785,2026-05-21 19:16:51,PRD_OFF_01,Office Supplies,1,945.0,45.0,CARD
TXN0004568,M037,C01434,2026-05-21 19:18:41,PRD_CHG_02,Chargers,1,999.0,644.95,UPI
TXN0001643,M003,C00639,2026-05-21 19:20:28,PRD_COF_01,Coffee,2,380.0,229.7,UPI
TXN0002827,M040,C02120,2026-05-21 20:06:25,PRD_COF_02,Coffee,1,280.0,167.89,UPI
TXN0008048,M030,C00468,2026-05-21 20:21:59,PRD_MOB_01,Mobiles,1,9952.75,473.94,UPI
TXN0005053,M001,C03090,2026-05-21 20:39:08,PRD_DAI_02,Dairy,2,415.58,39.58,UPI
TXN0008489,M003,C02997,2026-05-21 20:45:06,PRD_COF_01,Coffee,2,380.0,527.16,CARD
TXN0007180,M028,C02107,2026-05-21 20:47:00,PRD_CHG_02,Chargers,2,1014.0,96.57,WALLET
TXN0007497,M038,C01647,2026-05-22 08:05:44,PRD_CAS_01,Cases,1,1799.92,85.71,UPI
TXN0001089,M018,C01704,2026-05-22 08:19:33,PRD_DES_02,Desserts,1,311.31,14.82,CASH
TXN0009505,M034,C00176,2026-05-22 08:22:17,PRD_OFF_01,Office Supplies,1,175.0,24.96,UPI
TXN0001980,M031,C03184,2026-05-22 10:07:26,PRD_ELE_02,Home Electronics,1,8893.63,423.51,UPI
TXN0001578,M017,C00183,2026-05-22 11:38:59,PRD_ART_01,Art Supplies,1,327.01,15.57,CARD
TXN0009962,M036,C00943,2026-05-22 13:18:27,PRD_SNK_02,Snacks,1,297.65,14.17,UPI
TXN0006322,M036,C01486,2026-05-22 13:21:37,PRD_STA_01,Staples,1,983.56,46.84,CARD
TXN0000152,M016,C02797,2026-05-22 14:05:21,PRD_BRD_02,Bread,1,355.08,16.91,UPI
TXN0006692,M032,C01432,2026-05-22 15:16:43,PRD_PER_01,Personal Care,1,606.59,28.89,UPI
TXN0009050,M046,C01021,2026-05-22 15:45:37,PRD_ESS_02,Daily Essentials,1,858.97,40.9,UPI
TXN0000421,M022,C01501,2026-05-22 15:47:42,PRD_WOM_01,Women,1,1207.72,57.51,UPI
TXN0008225,M003,C02439,2026-05-22 15:55:18,PRD_DES_02,Desserts,1,180.0,44.9,CARD
TXN0007765,M034,C02473,2026-05-22 16:00:22,PRD_NOT_01,Notebooks,1,357.92,17.04,UPI
TXN0009036,M016,C00266,2026-05-22 16:22:55,PRD_BRD_02,Bread,1,144.96,6.9,UPI
TXN0006491,M006,C02623,2026-05-22 16:31:00,PRD_CAS_01,Cases,1,520.25,24.77,UPI
TXN0003336,M022,C00798,2026-05-22 16:33:00,PRD_WOM_02,Women,1,4496.24,214.11,CARD
TXN0009255,M008,C01658,2026-05-22 17:01:51,PRD_DES_01,Desserts,1,220.0,104.6,UPI
TXN0004704,M040,C00891,2026-05-22 17:07:31,PRD_COF_02,Coffee,1,566.38,26.97,UPI
TXN0002676,M050,C01975,2026-05-22 18:10:50,PRD_BRD_01,Bread,1,661.04,31.48,UPI
TXN0004461,M039,C00749,2026-05-22 18:15:14,PRD_BABY_02,Baby Care,1,2446.02,116.48,UPI
TXN0005395,M029,C00858,2026-05-22 19:03:15,PRD_NOT_01,Notebooks,1,288.04,13.72,WALLET
TXN0001594,M034,C00209,2026-05-22 19:25:12,PRD_OFF_02,Office Supplies,2,310.0,385.23,WALLET
TXN0004249,M008,C02450,2026-05-22 19:28:25,PRD_TEA_01,Tea,1,553.09,26.34,UPI
TXN0002596,M027,C02654,2026-05-22 19:31:03,PRD_MOB_02,Mobiles,1,13291.68,632.94,UPI
TXN0000806,M015,C03036,2026-05-22 19:34:36,PRD_SNK_01,Snacks,3,495.6,70.8,UPI
TXN0005819,M042,C03376,2026-05-22 20:20:37,PRD_CAK_02,Cakes,2,450.0,688.17,UPI
TXN0004722,M006,C02352,2026-05-22 20:53:43,PRD_EAR_01,Earphones,1,1299.0,526.64,UPI
TXN0003591,M043,C00941,2026-05-22 21:23:37,PRD_PAS_02,Pastries,1,824.63,39.27,UPI
TXN0002850,M026,C01435,2026-05-22 21:49:16,PRD_COF_01,Coffee,4,380.0,1263.2,UPI
TXN0006218,M045,C00971,2026-05-22 21:49:58,PRD_DAI_02,Dairy,1,599.8,28.56,CARD
TXN0009564,M005,C01828,2026-05-22 21:54:44,PRD_ELE_01,Home Electronics,1,5056.39,240.78,CASH
TXN0002833,M001,C01780,2026-05-22 21:59:46,PRD_BEV_02,Beverages,1,383.67,18.27,UPI
TXN0001801,M002,C02767,2026-05-22 22:31:43,PRD_PAS_01,Pastries,1,438.7,20.89,UPI
TXN0003170,M025,C00859,2026-05-22 22:44:47,PRD_PAS_02,Pastries,1,586.35,27.92,UPI
TXN0000786,M039,C02530,2026-05-22 22:59:23,PRD_WEL_01,Wellness,1,2625.0,125.0,UPI
TXN0006336,M011,C01570,2026-05-23 10:39:55,PRD_WRI_02,Writing,1,474.15,22.58,WALLET
TXN0009257,M020,C00638,2026-05-23 10:44:53,PRD_ELE_01,Home Electronics,1,2111.37,100.54,UPI
TXN0004808,M040,C00194,2026-05-23 11:01:23,PRD_COF_02,Coffee,1,280.0,95.53,UPI
TXN0004340,M008,C00361,2026-05-23 11:33:59,PRD_TEA_01,Tea,2,240.0,222.39,UPI
TXN0005106,M041,C00407,2026-05-23 12:56:27,PRD_BEV_02,Beverages,1,1139.55,54.26,CARD
TXN0006012,M049,C01127,2026-05-23 13:34:01,PRD_DES_01,Desserts,3,220.0,594.0,UPI
TXN0003800,M010,C01579,2026-05-23 14:53:28,PRD_SNK_02,Snacks,2,331.35,31.56,UPI
TXN0004132,M002,C03121,2026-05-23 16:11:53,PRD_PAS_01,Pastries,1,1386.0,66.0,UPI
TXN0004368,M050,C03050,2026-05-23 16:12:24,PRD_CAK_02,Cakes,1,803.12,38.24,UPI
TXN0009615,M034,C02980,2026-05-23 16:18:57,PRD_WRI_01,Writing,1,90.0,18.64,UPI
TXN0006962,M038,C01844,2026-05-23 16:36:39,PRD_CHG_02,Chargers,4,999.0,696.0,UPI
TXN0007280,M028,C02818,2026-05-23 17:13:46,PRD_CAB_01,Cables,1,586.68,27.94,WALLET
TXN0008942,M017,C01639,2026-05-23 18:37:19,PRD_OFF_02,Office Supplies,1,348.45,16.59,WALLET
TXN0005354,M029,C01530,2026-05-23 18:37:34,PRD_ART_01,Art Supplies,2,320.0,62.03,UPI
TXN0003945,M008,C03231,2026-05-23 18:40:22,PRD_DES_02,Desserts,1,544.5,25.93,CARD
TXN0005075,M029,C00378,2026-05-23 19:06:03,PRD_OFF_01,Office Supplies,2,402.12,38.29,UPI
TXN0006191,M026,C01372,2026-05-23 19:06:47,PRD_SNK_02,Snacks,1,225.0,28.29,CASH
TXN0000899,M028,C01782,2026-05-23 19:27:31,PRD_CAB_01,Cables,1,857.69,40.84,UPI
TXN0004115,M033,C02558,2026-05-23 19:33:52,PRD_DAI_02,Dairy,1,627.52,29.88,CARD
TXN0002995,M014,C01158,2026-05-23 19:51:21,PRD_SNK_01,Snacks,1,252.45,12.02,UPI
TXN0006755,M005,C00650,2026-05-23 19:52:04,PRD_LAP_02,Laptops,1,2116.93,100.81,UPI
TXN0007938,M029,C01552,2026-05-23 20:09:13,PRD_ART_01,Art Supplies,2,320.0,312.73,UPI
TXN0004411,M004,C02594,2026-05-23 20:22:44,PRD_ELE_02,Home Electronics,1,11769.01,560.43,UPI
TXN0003082,M001,C01196,2026-05-23 20:26:05,PRD_HOU_01,Household,1,1375.14,65.48,UPI
TXN0006352,M040,C03370,2026-05-23 20:34:47,PRD_SNK_02,Snacks,2,462.0,44.0,WALLET
TXN0004447,M045,C01819,2026-05-23 20:35:01,PRD_BEV_01,Beverages,1,408.91,19.47,CARD
TXN0006196,M011,C00443,2026-05-23 20:40:36,PRD_ART_02,Art Supplies,1,426.73,20.32,UPI
TXN0009731,M005,C00450,2026-05-23 20:56:06,PRD_ELE_01,Home Electronics,2,5165.17,491.92,UPI
TXN0003130,M002,C02522,2026-05-23 21:42:21,PRD_BRD_02,Bread,1,218.72,10.42,CASH
TXN0003398,M005,C01433,2026-05-23 21:47:18,PRD_ELE_01,Home Electronics,1,2123.39,101.11,CASH
TXN0003066,M009,C02919,2026-05-23 21:58:54,PRD_PER_02,Personal Care,1,603.7,28.75,UPI
TXN0005332,M008,C00404,2026-05-23 21:59:45,PRD_COF_01,Coffee,1,380.0,162.82,UPI
TXN0006295,M036,C01518,2026-05-23 22:03:17,PRD_HOU_02,Household,1,1159.47,55.21,UPI
TXN0005179,M017,C03067,2026-05-23 22:10:03,PRD_WRI_01,Writing,1,90.0,39.27,UPI
TXN0005681,M037,C01420,2026-05-23 22:53:25,PRD_EAR_02,Earphones,1,1023.46,48.74,UPI
TXN0006520,M032,C02064,2026-05-24 11:17:33,PRD_MED_01,Medicine,1,368.66,17.56,UPI
TXN0009180,M001,C00353,2026-05-24 11:38:04,PRD_DAI_02,Dairy,1,508.18,24.2,UPI
TXN0002971,M003,C01152,2026-05-24 12:56:06,PRD_TEA_01,Tea,1,294.42,14.02,UPI
TXN0004879,M008,C02825,2026-05-24 15:57:10,PRD_SNK_02,Snacks,1,335.92,16.0,UPI
TXN0008354,M014,C03452,2026-05-24 16:01:19,PRD_PAS_01,Pastries,1,569.07,27.1,UPI
TXN0001867,M035,C02356,2026-05-24 16:25:49,PRD_CAS_02,Cases,1,1302.6,62.03,UPI
TXN0006177,M026,C00001,2026-05-24 17:01:17,PRD_TEA_01,Tea,3,240.0,326.77,CARD
TXN0002399,M032,C00045,2026-05-24 17:11:51,PRD_WEL_02,Wellness,1,517.81,24.66,CASH
TXN0006928,M018,C02799,2026-05-24 17:34:57,PRD_MEA_01,Meals,1,612.16,29.15,UPI
TXN0008763,M031,C02627,2026-05-24 17:38:27,PRD_ELE_02,Home Electronics,1,16663.04,793.48,UPI
TXN0001576,M046,C02542,2026-05-24 17:39:34,PRD_BEV_01,Beverages,1,407.31,19.4,UPI
TXN0005400,M014,C00933,2026-05-24 18:57:03,PRD_CAK_02,Cakes,4,450.0,1468.05,UPI
TXN0005481,M029,C01558,2026-05-24 19:26:35,PRD_ART_01,Art Supplies,1,484.69,23.08,UPI
TXN0006350,M006,C00785,2026-05-24 19:26:45,PRD_EAR_02,Earphones,1,529.47,25.21,UPI
TXN0006361,M046,C03296,2026-05-24 19:31:26,PRD_HOU_01,Household,1,860.26,40.96,UPI
TXN0009415,M004,C02851,2026-05-24 19:37:56,PRD_LAP_02,Laptops,1,7686.9,366.04,UPI
TXN0006934,M030,C02431,2026-05-24 19:38:12,PRD_ACC_01,Accessories,1,1827.91,87.04,UPI
TXN0008676,M008,C03221,2026-05-24 19:46:48,PRD_SNK_02,Snacks,4,225.0,528.71,UPI
TXN0008918,M018,C02769,2026-05-24 19:52:35,PRD_DES_01,Desserts,1,758.47,36.12,CASH
TXN0008544,M031,C02563,2026-05-24 19:57:02,PRD_MOB_02,Mobiles,1,11999.0,10601.33,UPI
TXN0006058,M042,C02458,2026-05-24 20:02:57,PRD_CAK_01,Cakes,1,550.0,272.01,UPI
TXN0007406,M005,C02389,2026-05-24 20:55:40,PRD_ELE_02,Home Electronics,1,6086.97,289.86,UPI
TXN0004310,M029,C02904,2026-05-24 21:38:30,PRD_ART_01,Art Supplies,1,451.42,21.5,WALLET
TXN0005176,M029,C00681,2026-05-24 21:50:57,PRD_ART_02,Art Supplies,1,340.34,16.21,UPI
TXN0000737,M038,C02115,2026-05-24 21:59:12,PRD_CHG_01,Chargers,1,2234.74,106.42,UPI
TXN0001912,M048,C02579,2026-05-24 22:14:15,PRD_CAS_02,Cases,1,450.0,285.0,UPI
TXN0001613,M010,C01718,2026-05-24 22:22:14,PRD_BEV_01,Beverages,2,400.6,38.16,UPI
TXN0009154,M016,C03384,2026-05-24 22:30:34,PRD_SNK_02,Snacks,1,264.26,12.58,CASH
TXN0009808,M026,C00868,2026-05-25 08:20:23,PRD_TEA_01,Tea,2,240.0,182.54,UPI
TXN0000674,M037,C02894,2026-05-25 08:43:50,PRD_EAR_02,Earphones,1,1280.77,60.99,UPI
TXN0000110,M047,C00706,2026-05-25 09:25:22,PRD_LAP_01,Laptops,1,10755.84,512.18,UPI
TXN0008531,M010,C01865,2026-05-25 10:01:37,PRD_BEV_02,Beverages,2,210.45,20.05,UPI
TXN0000748,M050,C02295,2026-05-25 11:34:12,PRD_BRD_01,Bread,1,534.6,25.46,CASH
TXN0001632,M006,C02059,2026-05-25 15:37:51,PRD_CAB_02,Cables,1,2991.36,142.45,UPI
TXN0001371,M032,C00109,2026-05-25 15:53:25,PRD_PER_01,Personal Care,1,928.75,44.23,CARD
TXN0009947,M046,C00349,2026-05-25 16:01:18,PRD_SNK_02,Snacks,1,225.0,72.14,WALLET
TXN0006916,M034,C01621,2026-05-25 17:11:29,PRD_WRI_01,Writing,2,90.0,84.55,WALLET
TXN0006041,M033,C00110,2026-05-25 17:19:54,PRD_STA_02,Staples,1,357.87,17.04,UPI
TXN0009879,M002,C00801,2026-05-25 17:57:38,PRD_SNK_01,Snacks,2,350.25,33.35,UPI
TXN0005892,M007,C00077,2026-05-25 17:57:58,PRD_DAI_02,Dairy,1,252.84,12.04,UPI
TXN0000466,M047,C00083,2026-05-25 18:28:23,PRD_MOB_01,Mobiles,1,7987.6,380.36,CASH
TXN0002136,M036,C01707,2026-05-25 19:29:33,PRD_SNK_02,Snacks,1,1268.67,60.41,UPI
TXN0003662,M049,C00139,2026-05-25 19:39:31,PRD_COF_01,Coffee,2,380.0,453.27,UPI
TXN0001379,M021,C02729,2026-05-25 19:57:04,PRD_OFF_02,Office Supplies,1,310.0,171.89,UPI
TXN0006400,M017,C01335,2026-05-25 20:37:30,PRD_WRI_01,Writing,2,103.28,9.84,UPI
TXN0000593,M005,C01489,2026-05-25 20:52:17,PRD_ELE_02,Home Electronics,1,3891.09,185.29,UPI
TXN0009848,M050,C03253,2026-05-25 21:06:45,PRD_SNK_01,Snacks,1,385.62,18.36,WALLET
TXN0005223,M038,C01143,2026-05-25 22:47:50,PRD_CAB_02,Cables,1,349.0,199.0,WALLET
TXN0005206,M039,C00830,2026-05-26 11:24:53,PRD_BABY_01,Baby Care,1,1365.45,65.02,UPI
TXN0003067,M002,C02609,2026-05-26 11:53:35,PRD_BRD_02,Bread,2,199.22,18.97,UPI
TXN0008186,M046,C00833,2026-05-26 12:08:03,PRD_HOU_01,Household,1,1250.69,59.56,UPI
TXN0005374,M001,C01510,2026-05-26 15:15:47,PRD_STA_02,Staples,1,1391.58,66.27,UPI
TXN0002337,M035,C02625,2026-05-26 15:20:15,PRD_CHG_01,Chargers,1,699.0,358.27,UPI
TXN0002908,M013,C03359,2026-05-26 15:44:08,PRD_BRD_02,Bread,1,321.91,15.33,UPI
TXN0007284,M030,C00564,2026-05-26 16:04:26,PRD_LAP_01,Laptops,1,5126.32,244.11,CARD
TXN0004306,M015,C02612,2026-05-26 16:13:00,PRD_CAK_02,Cakes,2,630.0,60.0,UPI
TXN0005172,M050,C00503,2026-05-26 16:58:40,PRD_BRD_01,Bread,1,526.01,25.05,UPI
TXN0004006,M038,C01690,2026-05-26 17:11:36,PRD_EAR_02,Earphones,1,779.07,37.1,UPI
TXN0008805,M017,C03476,2026-05-26 17:50:11,PRD_ART_01,Art Supplies,1,320.0,187.75,WALLET
TXN0005327,M029,C01825,2026-05-26 18:07:32,PRD_NOT_02,Notebooks,1,493.9,23.52,UPI
TXN0001201,M045,C01410,2026-05-26 18:08:40,PRD_DAI_01,Dairy,1,1271.93,60.57,UPI
TXN0009145,M045,C02125,2026-05-26 18:24:46,PRD_SNK_02,Snacks,1,1518.72,72.32,UPI
TXN0009341,M012,C02294,2026-05-26 18:58:29,PRD_ESS_01,Daily Essentials,1,1505.15,71.67,UPI
TXN0004830,M011,C03441,2026-05-26 19:03:52,PRD_OFF_02,Office Supplies,1,310.0,97.06,UPI
TXN0000196,M046,C03360,2026-05-26 19:18:13,PRD_SNK_01,Snacks,3,45.0,36.82,UPI
TXN0005945,M006,C03343,2026-05-26 19:48:24,PRD_EAR_02,Earphones,3,668.72,95.52,CARD
TXN0008682,M001,C00934,2026-05-26 20:24:18,PRD_BEV_01,Beverages,2,146.84,13.98,UPI
TXN0006623,M028,C02425,2026-05-26 20:32:50,PRD_CHG_02,Chargers,1,999.0,517.76,CASH
TXN0006762,M021,C01192,2026-05-26 21:33:33,PRD_WRI_01,Writing,1,277.73,13.23,UPI
TXN0006779,M016,C01662,2026-05-26 21:43:37,PRD_CAK_02,Cakes,1,450.0,311.44,UPI
TXN0006321,M007,C02232,2026-05-26 21:51:01,PRD_DAI_01,Dairy,1,294.75,14.04,CASH
TXN0003405,M025,C00767,2026-05-27 09:54:08,PRD_PAS_02,Pastries,1,229.39,10.92,UPI
TXN0004800,M025,C00108,2026-05-27 09:58:52,PRD_SNK_01,Snacks,1,1260.0,60.0,UPI
TXN0009075,M026,C02007,2026-05-27 13:25:47,PRD_DES_02,Desserts,3,180.0,117.07,CARD
TXN0003799,M046,C02005,2026-05-27 14:06:28,PRD_ESS_01,Daily Essentials,2,399.55,38.05,CASH
TXN0006139,M036,C02836,2026-05-27 14:29:15,PRD_HOU_02,Household,1,757.33,36.06,UPI
TXN0007405,M008,C02796,2026-05-27 15:54:41,PRD_COF_01,Coffee,1,458.01,21.81,UPI
TXN0008643,M050,C01229,2026-05-27 16:31:41,PRD_CAK_02,Cakes,1,450.0,54.7,UPI
TXN0008884,M036,C03135,2026-05-27 16:33:35,PRD_STA_01,Staples,1,1890.0,90.0,UPI
TXN0007197,M002,C01444,2026-05-27 16:57:50,PRD_BRD_02,Bread,2,147.58,14.06,UPI
TXN0005045,M016,C03111,2026-05-27 17:16:05,PRD_CAK_01,Cakes,4,550.0,1750.31,UPI
TXN0007145,M017,C01999,2026-05-27 17:42:19,PRD_ART_02,Art Supplies,1,454.81,21.66,UPI
TXN0003586,M045,C03380,2026-05-27 18:12:00,PRD_DAI_01,Dairy,1,349.14,16.63,UPI
TXN0003203,M044,C01468,2026-05-27 18:14:39,PRD_MEN_02,Men,1,1883.32,89.68,UPI
TXN0000961,M038,C02374,2026-05-27 18:16:35,PRD_EAR_01,Earphones,1,1386.26,66.01,WALLET
TXN0008869,M018,C00757,2026-05-27 18:25:44,PRD_BEV_02,Beverages,1,1569.6,74.74,WALLET
TXN0006279,M027,C02855,2026-05-27 18:37:55,PRD_MOB_01,Mobiles,1,6499.0,5032.02,UPI
TXN0002091,M004,C00541,2026-05-27 18:38:41,PRD_ELE_02,Home Electronics,1,5178.95,246.62,UPI
TXN0008672,M025,C02280,2026-05-27 18:49:33,PRD_CAK_01,Cakes,1,550.0,421.23,CARD
TXN0001845,M026,C00662,2026-05-27 18:49:36,PRD_TEA_02,Tea,1,280.08,13.34,WALLET
TXN0007823,M020,C00138,2026-05-27 18:58:53,PRD_ELE_01,Home Electronics,1,15660.39,745.73,UPI
TXN0004725,M040,C02151,2026-05-27 19:03:05,PRD_TEA_02,Tea,1,321.44,15.31,UPI
TXN0000425,M021,C02396,2026-05-27 19:49:52,PRD_OFF_01,Office Supplies,2,175.0,164.9,UPI
TXN0003885,M031,C03320,2026-05-27 19:50:39,PRD_MOB_02,Mobiles,1,11999.0,7739.19,UPI
TXN0005969,M031,C02681,2026-05-27 19:51:51,PRD_MOB_01,Mobiles,1,10606.14,505.05,UPI
TXN0005022,M046,C01322,2026-05-27 19:56:30,PRD_SNK_02,Snacks,1,2478.0,118.0,UPI
TXN0001956,M019,C00946,2026-05-27 20:17:40,PRD_CHG_01,Chargers,1,1346.15,64.1,UPI
TXN0004644,M010,C00214,2026-05-27 20:29:29,PRD_SNK_02,Snacks,1,225.0,107.06,UPI
TXN0003730,M031,C00905,2026-05-27 20:31:53,PRD_MOB_01,Mobiles,1,7843.7,373.51,CARD
TXN0009469,M032,C02296,2026-05-27 21:07:40,PRD_WEL_02,Wellness,1,670.13,31.91,UPI
TXN0006223,M037,C02601,2026-05-27 21:24:07,PRD_EAR_01,Earphones,4,1299.0,4492.77,UPI
TXN0000342,M033,C00699,2026-05-27 21:30:59,PRD_HOU_02,Household,1,687.34,32.73,UPI
TXN0005058,M001,C02241,2026-05-27 21:33:29,PRD_HOU_01,Household,1,1890.0,90.0,UPI
TXN0001229,M015,C02336,2026-05-27 21:41:31,PRD_PAS_02,Pastries,2,110.0,24.09,UPI
TXN0009937,M025,C01617,2026-05-27 22:04:17,PRD_BRD_01,Bread,1,217.18,10.34,UPI
TXN0007600,M044,C01784,2026-05-27 22:22:22,PRD_ACC_02,Accessories,1,4508.74,214.7,WALLET
TXN0000447,M044,C01021,2026-05-27 22:53:15,PRD_ACC_01,Accessories,2,826.43,78.7,UPI
TXN0009009,M030,C01660,2026-05-28 09:46:20,PRD_ACC_02,Accessories,1,1399.69,66.65,CARD
TXN0002156,M020,C03188,2026-05-28 10:38:01,PRD_ACC_01,Accessories,1,15750.0,750.0,UPI
TXN0000007,M047,C01795,2026-05-28 10:38:18,PRD_ACC_02,Accessories,1,6369.09,303.29,UPI
TXN0007378,M009,C00043,2026-05-28 11:09:18,PRD_PER_01,Personal Care,1,593.82,28.28,UPI
TXN0006226,M039,C02084,2026-05-28 11:59:17,PRD_PER_02,Personal Care,2,633.38,60.32,UPI
TXN0003737,M002,C01599,2026-05-28 12:13:50,PRD_CAK_01,Cakes,1,550.0,117.89,CARD
TXN0001776,M030,C00246,2026-05-28 12:50:21,PRD_ELE_02,Home Electronics,1,10953.8,521.61,UPI
TXN0004315,M015,C01016,2026-05-28 15:14:30,PRD_BRD_01,Bread,1,114.01,5.43,WALLET
TXN0001931,M025,C03399,2026-05-28 15:29:33,PRD_BRD_02,Bread,1,541.42,25.78,UPI
TXN0004360,M045,C01570,2026-05-28 16:04:44,PRD_BEV_01,Beverages,1,361.04,17.19,UPI
TXN0001158,M021,C01222,2026-05-28 16:14:56,PRD_NOT_02,Notebooks,1,260.0,77.46,UPI
TXN0000697,M030,C02012,2026-05-28 16:27:49,PRD_MOB_01,Mobiles,2,6499.0,4311.48,UPI
TXN0001990,M001,C02068,2026-05-28 16:28:18,PRD_BEV_02,Beverages,1,734.99,35.0,WALLET
TXN0005704,M028,C02660,2026-05-28 17:35:06,PRD_CAS_01,Cases,1,864.82,41.18,UPI
TXN0003771,M031,C02785,2026-05-28 17:57:57,PRD_ACC_02,Accessories,1,7600.78,361.94,CASH
TXN0008309,M033,C02300,2026-05-28 18:00:55,PRD_HOU_01,Household,1,221.89,10.57,UPI
TXN0009798,M030,C01718,2026-05-28 18:58:40,PRD_MOB_02,Mobiles,1,12879.27,613.3,UPI
TXN0009053,M026,C00499,2026-05-28 19:00:39,PRD_SNK_01,Snacks,1,199.52,9.5,UPI
TXN0003260,M010,C00666,2026-05-28 19:06:20,PRD_SNK_02,Snacks,1,1495.18,71.2,UPI
TXN0006194,M026,C03294,2026-05-28 19:15:19,PRD_SNK_01,Snacks,1,432.98,20.62,UPI
TXN0005111,M032,C03232,2026-05-28 19:22:25,PRD_BABY_02,Baby Care,2,299.76,28.55,UPI
TXN0005158,M050,C02421,2026-05-28 19:23:22,PRD_PAS_01,Pastries,1,608.08,28.96,UPI
TXN0003287,M006,C00962,2026-05-28 19:23:53,PRD_CAS_02,Cases,1,1860.38,88.59,UPI
TXN0006880,M046,C02939,2026-05-28 19:25:32,PRD_SNK_01,Snacks,1,562.81,26.8,WALLET
TXN0002621,M040,C02180,2026-05-28 19:25:50,PRD_COF_02,Coffee,1,280.0,128.86,UPI
TXN0008567,M016,C02911,2026-05-28 19:54:50,PRD_CAK_01,Cakes,1,550.0,90.31,UPI
TXN0003340,M038,C02455,2026-05-28 20:15:52,PRD_CAS_02,Cases,1,2994.28,142.58,UPI
TXN0003090,M007,C03098,2026-05-28 21:20:13,PRD_BEV_01,Beverages,2,945.0,90.0,UPI
TXN0001267,M043,C02904,2026-05-28 21:51:47,PRD_SNK_02,Snacks,1,551.38,26.26,UPI
TXN0000585,M025,C01715,2026-05-29 08:50:19,PRD_PAS_01,Pastries,1,698.36,33.26,CARD
TXN0009805,M026,C02143,2026-05-29 11:11:17,PRD_COF_02,Coffee,4,280.0,1000.24,UPI
TXN0000566,M014,C02947,2026-05-29 11:55:39,PRD_CAK_01,Cakes,1,926.51,44.12,UPI
TXN0002669,M050,C03211,2026-05-29 12:46:54,PRD_SNK_02,Snacks,1,225.0,12.86,UPI
TXN0006269,M006,C03232,2026-05-29 13:05:04,PRD_CAS_01,Cases,1,2599.45,123.78,WALLET
TXN0001851,M011,C03055,2026-05-29 13:37:12,PRD_WRI_02,Writing,1,263.97,12.57,UPI
TXN0001023,M042,C02861,2026-05-29 14:08:23,PRD_PAS_01,Pastries,1,546.23,26.01,UPI
TXN0009602,M012,C00297,2026-05-29 14:34:16,PRD_SNK_02,Snacks,3,225.0,174.68,UPI
TXN0005749,M007,C01047,2026-05-29 15:20:30,PRD_DAI_01,Dairy,1,184.92,8.81,UPI
TXN0008539,M046,C00027,2026-05-29 17:22:30,PRD_BEV_02,Beverages,1,221.94,10.57,CASH
TXN0000039,M002,C01912,2026-05-29 17:24:49,PRD_PAS_01,Pastries,1,881.82,41.99,UPI
TXN0000312,M006,C02442,2026-05-29 17:31:39,PRD_EAR_02,Earphones,2,865.23,82.4,WALLET
TXN0003711,M021,C02319,2026-05-29 19:03:53,PRD_OFF_01,Office Supplies,1,175.0,34.78,UPI
TXN0007206,M010,C01188,2026-05-29 19:19:31,PRD_BEV_02,Beverages,2,945.0,90.0,UPI
TXN0004552,M005,C01141,2026-05-29 19:28:50,PRD_LAP_01,Laptops,1,15750.0,750.0,WALLET
TXN0008762,M003,C01770,2026-05-29 19:38:16,PRD_TEA_02,Tea,1,222.18,10.58,UPI
TXN0007597,M045,C00839,2026-05-29 19:52:01,PRD_SNK_01,Snacks,2,299.54,28.52,UPI
TXN0004849,M045,C03323,2026-05-29 20:05:41,PRD_DAI_02,Dairy,1,269.86,12.85,UPI
TXN0006965,M016,C00077,2026-05-29 20:07:00,PRD_SNK_01,Snacks,1,238.03,11.33,UPI
TXN0006216,M045,C03438,2026-05-29 20:18:35,PRD_HOU_02,Household,2,638.99,60.86,UPI
TXN0009669,M002,C01684,2026-05-29 20:19:24,PRD_SNK_01,Snacks,1,300.35,14.3,CASH
TXN0009509,M016,C03461,2026-05-29 20:55:47,PRD_CAK_02,Cakes,1,809.53,38.55,UPI
TXN0002938,M012,C03086,2026-05-29 21:43:14,PRD_SNK_01,Snacks,1,276.28,13.16,UPI
TXN0001946,M044,C02964,2026-05-29 22:16:37,PRD_ACC_02,Accessories,1,699.0,246.48,WALLET
TXN0003262,M029,C02905,2026-05-29 22:48:41,PRD_ART_01,Art Supplies,1,320.0,26.89,CASH
TXN0003010,M037,C03015,2026-05-29 22:53:18,PRD_CAB_02,Cables,1,349.0,190.79,UPI
TXN0000050,M008,C01931,2026-05-30 09:17:27,PRD_TEA_01,Tea,1,240.0,61.43,CARD
TXN0008371,M028,C02126,2026-05-30 10:49:49,PRD_CHG_02,Chargers,2,999.0,1208.12,WALLET
TXN0001111,M005,C02326,2026-05-30 11:48:51,PRD_ACC_01,Accessories,1,2780.43,132.4,CASH
TXN0009220,M032,C03073,2026-05-30 13:01:30,PRD_BABY_02,Baby Care,1,1204.61,57.36,UPI
TXN0009571,M018,C02372,2026-05-30 13:13:55,PRD_BEV_01,Beverages,1,1476.11,70.29,UPI
TXN0008553,M035,C01375,2026-05-30 13:22:28,PRD_CHG_02,Chargers,2,999.0,1589.13,UPI
TXN0004329,M034,C01965,2026-05-30 14:47:04,PRD_WRI_01,Writing,1,501.56,23.88,UPI
TXN0002208,M043,C00370,2026-05-30 15:03:09,PRD_CAK_02,Cakes,2,450.0,604.39,UPI
TXN0005733,M027,C00971,2026-05-30 15:03:14,PRD_LAP_01,Laptops,1,17325.0,825.0,CASH
TXN0008931,M047,C02201,2026-05-30 15:08:33,PRD_MOB_02,Mobiles,1,11999.0,8205.83,CARD
TXN0004232,M048,C00487,2026-05-30 15:34:16,PRD_CHG_01,Chargers,2,699.0,581.23,CARD
TXN0001468,M048,C01348,2026-05-30 16:16:53,PRD_CHG_02,Chargers,2,999.0,1013.38,UPI
TXN0003131,M042,C02793,2026-05-30 16:29:00,PRD_PAS_01,Pastries,1,507.58,24.17,UPI
TXN0008533,M026,C03145,2026-05-30 17:48:02,PRD_TEA_02,Tea,1,516.38,24.59,CASH
TXN0007572,M016,C00563,2026-05-30 18:04:28,PRD_PAS_01,Pastries,1,390.93,18.62,UPI
TXN0001443,M001,C03448,2026-05-30 18:11:31,PRD_SNK_02,Snacks,1,268.72,12.8,UPI
TXN0006488,M026,C01370,2026-05-30 18:35:18,PRD_COF_01,Coffee,2,380.0,390.67,UPI
TXN0000468,M015,C00755,2026-05-30 18:38:05,PRD_CAK_02,Cakes,2,450.0,486.48,CASH
TXN0002998,M016,C01535,2026-05-30 18:49:14,PRD_PAS_01,Pastries,1,154.85,7.37,UPI
TXN0008714,M008,C02194,2026-05-30 18:59:33,PRD_SNK_02,Snacks,1,924.0,44.0,UPI
TXN0000539,M004,C02435,2026-05-30 19:08:31,PRD_ELE_01,Home Electronics,1,3272.0,155.81,UPI
TXN0004176,M024,C01902,2026-05-30 19:26:43,PRD_BEV_02,Beverages,1,861.67,41.03,UPI
TXN0009279,M024,C00630,2026-05-30 19:38:39,PRD_ESS_01,Daily Essentials,1,1374.46,65.45,UPI
TXN0005579,M039,C03295,2026-05-30 19:57:27,PRD_WEL_02,Wellness,1,1487.82,70.85,CARD
TXN0003360,M036,C01700,2026-05-30 20:18:01,PRD_STA_01,Staples,1,1222.8,58.23,UPI
TXN0008862,M014,C00151,2026-05-30 20:18:26,PRD_CAK_02,Cakes,1,1386.0,66.0,UPI
TXN0002564,M013,C01699,2026-05-30 20:28:10,PRD_CAK_01,Cakes,3,550.0,750.21,UPI
TXN0003362,M035,C00073,2026-05-30 21:01:19,PRD_CAS_02,Cases,1,1207.63,57.51,WALLET
TXN0004380,M006,C01693,2026-05-30 21:58:32,PRD_EAR_01,Earphones,1,1299.0,955.82,UPI
TXN0001975,M012,C00774,2026-05-30 22:44:47,PRD_SNK_02,Snacks,1,423.7,20.18,CARD
TXN0006629,M046,C00691,2026-05-31 09:14:15,PRD_SNK_01,Snacks,1,840.29,40.01,UPI
TXN0000879,M007,C02945,2026-05-31 10:03:13,PRD_SNK_02,Snacks,1,1480.24,70.49,UPI
TXN0006498,M001,C01511,2026-05-31 11:37:00,PRD_STA_01,Staples,1,540.0,42.9,WALLET
TXN0009905,M033,C03500,2026-05-31 13:25:39,PRD_DAI_02,Dairy,1,1280.54,60.98,WALLET
TXN0006680,M046,C00100,2026-05-31 15:20:15,PRD_BEV_01,Beverages,1,585.47,27.88,UPI
TXN0002317,M008,C02283,2026-05-31 15:25:24,PRD_DES_02,Desserts,2,180.0,224.67,CARD
TXN0003012,M044,C02558,2026-05-31 16:11:06,PRD_ACC_01,Accessories,1,5775.0,275.0,UPI
TXN0004819,M050,C03490,2026-05-31 16:29:22,PRD_PAS_02,Pastries,1,273.81,13.04,CASH
TXN0008722,M042,C00250,2026-05-31 16:43:08,PRD_CAK_01,Cakes,1,550.0,304.41,UPI
TXN0001093,M029,C03351,2026-05-31 17:01:23,PRD_ART_02,Art Supplies,2,317.44,30.23,UPI
TXN0007395,M001,C02271,2026-05-31 17:23:19,PRD_SNK_01,Snacks,1,356.4,16.97,UPI
TXN0001170,M017,C01084,2026-05-31 17:50:39,PRD_WRI_02,Writing,2,201.96,19.24,UPI
TXN0001996,M014,C00016,2026-05-31 17:56:04,PRD_BRD_01,Bread,1,391.29,18.63,UPI
TXN0001564,M030,C00553,2026-05-31 18:08:04,PRD_ACC_02,Accessories,1,1206.66,57.46,UPI
TXN0007756,M014,C00831,2026-05-31 18:20:30,PRD_PAS_01,Pastries,1,576.39,27.45,UPI
TXN0006117,M008,C03210,2026-05-31 18:23:08,PRD_SNK_02,Snacks,1,225.0,145.88,UPI
TXN0006558,M030,C02670,2026-05-31 18:24:40,PRD_MOB_01,Mobiles,1,6499.0,4952.36,UPI
TXN0004217,M006,C00032,2026-05-31 18:29:06,PRD_EAR_02,Earphones,1,1622.81,77.28,WALLET
TXN0003918,M006,C03215,2026-05-31 19:03:45,PRD_CHG_01,Chargers,1,3465.0,165.0,UPI
TXN0002527,M020,C02502,2026-05-31 19:10:33,PRD_ELE_02,Home Electronics,1,4209.99,200.48,CARD
TXN0000851,M031,C01241,2026-05-31 19:21:56,PRD_ELE_01,Home Electronics,1,1345.07,64.05,WALLET
TXN0007402,M040,C01597,2026-05-31 19:36:31,PRD_DES_02,Desserts,1,275.49,13.12,CASH
TXN0007103,M016,C03111,2026-05-31 19:47:43,PRD_SNK_01,Snacks,1,545.75,25.99,UPI
TXN0000902,M048,C02556,2026-05-31 20:11:02,PRD_CHG_02,Chargers,1,2956.1,140.77,UPI
TXN0009354,M016,C00097,2026-05-31 20:13:18,PRD_CAK_01,Cakes,2,550.0,320.9,UPI
TXN0000986,M007,C00809,2026-05-31 20:58:45,PRD_STA_02,Staples,1,245.0,125.81,CARD
TXN0006691,M009,C01599,2026-05-31 21:25:56,PRD_WEL_01,Wellness,2,642.27,61.16,UPI
TXN0007223,M025,C00796,2026-05-31 21:40:25,PRD_BRD_02,Bread,1,140.0,18.61,UPI
TXN0005632,M007,C03192,2026-05-31 21:49:26,PRD_BEV_01,Beverages,1,713.44,33.97,UPI
TXN0007335,M033,C03375,2026-05-31 22:20:23,PRD_STA_02,Staples,3,245.0,487.02,CARD
TXN0000839,M006,C02250,2026-05-31 22:26:40,PRD_CAS_01,Cases,1,2926.14,139.34,WALLET
TXN0005617,M033,C01986,2026-05-31 22:50:54,PRD_DAI_02,Dairy,1,192.19,9.15,CARD
TXN0001936,M048,C02363,2026-05-31 22:52:38,PRD_CAS_01,Cases,1,2885.77,137.42,UPI
TXN0002781,M033,C02823,2026-06-01 08:27:18,PRD_STA_02,Staples,1,245.0,16.47,UPI
TXN0006618,M003,C01261,2026-06-01 08:58:44,PRD_DES_01,Desserts,1,220.0,34.75,CASH
TXN0000026,M043,C01470,2026-06-01 09:44:56,PRD_SNK_02,Snacks,1,1335.6,63.6,UPI
TXN0004145,M039,C01827,2026-06-01 09:54:31,PRD_PER_01,Personal Care,1,525.4,25.02,UPI
TXN0001795,M048,C03126,2026-06-01 11:37:04,PRD_EAR_02,Earphones,1,1132.93,53.95,UPI
TXN0000462,M008,C01880,2026-06-01 11:59:31,PRD_DES_01,Desserts,1,799.37,38.07,WALLET
TXN0008291,M043,C00776,2026-06-01 13:53:27,PRD_BRD_02,Bread,1,558.82,26.61,UPI
TXN0000133,M005,C03251,2026-06-01 14:26:54,PRD_MOB_01,Mobiles,1,6499.0,2773.03,CARD
TXN0002542,M046,C00596,2026-06-01 16:33:19,PRD_HOU_02,Household,1,850.67,40.51,UPI
TXN0005847,M002,C00408,2026-06-01 17:11:06,PRD_CAK_01,Cakes,1,1051.94,50.09,UPI
TXN0002673,M017,C02986,2026-06-01 17:16:23,PRD_OFF_02,Office Supplies,1,310.0,130.94,UPI
TXN0008243,M039,C03019,2026-06-01 17:29:48,PRD_BABY_01,Baby Care,1,799.0,283.5,WALLET
TXN0009583,M047,C00157,2026-06-01 17:44:10,PRD_MOB_02,Mobiles,1,12767.79,607.99,UPI
TXN0001909,M020,C01846,2026-06-01 18:42:44,PRD_LAP_01,Laptops,1,2212.74,105.37,CASH
TXN0004892,M026,C01357,2026-06-01 18:49:44,PRD_COF_02,Coffee,2,280.0,415.25,CASH
TXN0002481,M007,C00762,2026-06-01 18:57:29,PRD_BEV_01,Beverages,1,380.03,18.1,UPI
TXN0009151,M002,C02096,2026-06-01 19:00:09,PRD_SNK_02,Snacks,1,484.2,23.06,UPI
TXN0000478,M046,C02389,2026-06-01 19:25:49,PRD_SNK_01,Snacks,1,430.99,20.52,UPI
TXN0008532,M009,C02081,2026-06-01 19:34:55,PRD_BABY_02,Baby Care,2,326.16,31.06,WALLET
TXN0006374,M018,C02873,2026-06-01 19:42:51,PRD_MEA_01,Meals,1,220.0,56.78,CARD
TXN0005486,M002,C00099,2026-06-01 19:52:48,PRD_BRD_02,Bread,1,825.83,39.33,UPI
TXN0000577,M016,C02012,2026-06-01 21:13:43,PRD_CAK_01,Cakes,1,1199.46,57.12,CARD
TXN0006898,M017,C02056,2026-06-01 21:53:17,PRD_WRI_02,Writing,1,909.71,43.32,UPI
TXN0001783,M003,C02034,2026-06-01 21:58:53,PRD_COF_01,Coffee,2,380.0,159.04,UPI
TXN0008065,M042,C01740,2026-06-01 22:32:41,PRD_SNK_02,Snacks,1,407.1,19.39,WALLET
TXN0001256,M021,C01735,2026-06-01 22:36:54,PRD_NOT_01,Notebooks,1,160.0,72.27,CARD
TXN0002042,M046,C01390,2026-06-02 12:24:11,PRD_HOU_02,Household,1,1509.94,71.9,UPI
TXN0000035,M039,C01176,2026-06-02 13:36:26,PRD_MED_01,Medicine,2,132.36,12.61,UPI
TXN0008777,M046,C03180,2026-06-02 14:05:14,PRD_BEV_02,Beverages,1,680.85,32.42,UPI
TXN0002903,M044,C01270,2026-06-02 14:08:39,PRD_WOM_01,Women,2,699.0,899.34,UPI
TXN0000532,M044,C00757,2026-06-02 15:44:33,PRD_MEN_02,Men,1,1199.0,216.83,WALLET
TXN0000146,M003,C02740,2026-06-02 16:48:24,PRD_TEA_01,Tea,1,311.92,14.85,UPI
TXN0009359,M032,C02943,2026-06-02 16:54:05,PRD_WEL_02,Wellness,1,1236.75,58.89,UPI
TXN0000922,M009,C00619,2026-06-02 18:55:00,PRD_PER_01,Personal Care,1,1006.61,47.93,UPI
TXN0006297,M028,C00957,2026-06-02 18:57:27,PRD_CHG_02,Chargers,3,999.0,2565.27,CASH
TXN0004770,M036,C00868,2026-06-02 19:10:24,PRD_HOU_01,Household,1,2003.4,95.4,CASH
TXN0004572,M019,C03328,2026-06-02 19:18:00,PRD_EAR_02,Earphones,1,1786.88,85.09,UPI
TXN0002286,M035,C03310,2026-06-02 19:30:08,PRD_CAB_01,Cables,1,2587.1,123.2,UPI
TXN0001540,M046,C02756,2026-06-02 19:43:40,PRD_ESS_02,Daily Essentials,1,401.46,19.12,CASH
TXN0002679,M030,C02156,2026-06-02 19:49:11,PRD_ELE_01,Home Electronics,1,6491.76,309.13,UPI
TXN0007988,M048,C00052,2026-06-02 19:52:33,PRD_CHG_02,Chargers,1,999.0,779.49,CASH
TXN0000512,M035,C00772,2026-06-02 19:58:14,PRD_CHG_01,Chargers,1,984.71,46.89,UPI
TXN0002259,M001,C02194,2026-06-02 20:09:51,PRD_DAI_02,Dairy,1,894.26,42.58,UPI
TXN0004972,M036,C02118,2026-06-02 20:21:10,PRD_BEV_01,Beverages,1,756.16,36.01,UPI
TXN0003347,M022,C00535,2026-06-02 20:24:37,PRD_WOM_02,Women,1,2753.12,131.1,WALLET
TXN0007196,M003,C03228,2026-06-02 20:28:09,PRD_TEA_01,Tea,1,437.58,20.84,WALLET
TXN0004224,M027,C02546,2026-06-02 20:28:10,PRD_LAP_02,Laptops,1,3235.05,154.05,WALLET
TXN0001002,M026,C01908,2026-06-02 21:01:51,PRD_SNK_01,Snacks,1,73.74,3.51,CARD
TXN0005801,M008,C01043,2026-06-02 21:11:41,PRD_SNK_02,Snacks,1,225.0,35.03,CARD
TXN0004305,M002,C00585,2026-06-02 22:24:27,PRD_BRD_01,Bread,1,214.57,10.22,CARD
TXN0000221,M041,C01300,2026-06-02 22:37:51,PRD_BEV_02,Beverages,2,408.49,38.91,UPI
TXN0003733,M021,C01215,2026-06-02 22:56:47,PRD_OFF_01,Office Supplies,1,937.87,44.66,UPI
TXN0006839,M019,C02957,2026-06-03 08:54:58,PRD_CAS_02,Cases,1,987.77,47.04,UPI
TXN0008709,M029,C00597,2026-06-03 09:50:27,PRD_NOT_01,Notebooks,1,530.24,25.25,UPI
TXN0001914,M031,C01870,2026-06-03 13:38:48,PRD_MOB_02,Mobiles,1,11999.0,7444.53,UPI
TXN0008646,M005,C01315,2026-06-03 14:50:39,PRD_LAP_01,Laptops,1,16695.0,795.0,UPI
TXN0002693,M031,C00715,2026-06-03 15:46:43,PRD_MOB_02,Mobiles,1,11999.0,9493.24,UPI
TXN0001418,M018,C02423,2026-06-03 16:15:20,PRD_MEA_01,Meals,1,763.79,36.37,CARD
TXN0000102,M001,C01024,2026-06-03 16:35:24,PRD_SNK_02,Snacks,1,862.61,41.08,WALLET
TXN0006037,M029,C00492,2026-06-03 17:04:59,PRD_WRI_01,Writing,1,286.5,13.64,UPI
TXN0007822,M047,C03388,2026-06-03 17:26:32,PRD_MOB_02,Mobiles,1,16695.0,795.0,CARD
TXN0001555,M028,C01718,2026-06-03 17:37:26,PRD_EAR_01,Earphones,1,2339.28,111.39,UPI
TXN0001274,M029,C02700,2026-06-03 18:02:35,PRD_ART_02,Art Supplies,1,175.0,80.9,CARD
TXN0009456,M036,C02137,2026-06-03 19:17:19,PRD_STA_01,Staples,1,540.0,315.9,CASH
TXN0009875,M025,C02312,2026-06-03 19:22:08,PRD_PAS_02,Pastries,1,227.58,10.84,UPI
TXN0002733,M021,C03326,2026-06-03 19:24:19,PRD_ART_01,Art Supplies,2,500.85,47.7,UPI
TXN0004271,M021,C02152,2026-06-03 19:42:41,PRD_WRI_02,Writing,1,115.0,32.89,WALLET
TXN0001790,M007,C00580,2026-06-03 20:11:49,PRD_DAI_01,Dairy,1,819.81,39.04,UPI
TXN0009959,M049,C00625,2026-06-03 20:42:56,PRD_COF_02,Coffee,3,280.0,402.0,UPI
TXN0001466,M009,C02077,2026-06-03 21:01:52,PRD_MED_01,Medicine,1,1934.79,92.13,WALLET
TXN0007245,M047,C00431,2026-06-03 21:15:06,PRD_ELE_02,Home Electronics,1,16695.0,795.0,UPI
TXN0003833,M048,C03334,2026-06-04 08:37:20,PRD_CAS_01,Cases,1,699.59,33.31,UPI
TXN0007134,M036,C01217,2026-06-04 09:19:14,PRD_HOU_02,Household,1,980.89,46.71,UPI
TXN0009315,M008,C01839,2026-06-04 10:21:25,PRD_COF_01,Coffee,1,380.0,287.55,UPI
TXN0008614,M040,C02368,2026-06-04 10:29:56,PRD_SNK_02,Snacks,1,225.0,94.96,UPI
TXN0007487,M038,C02697,2026-06-04 11:24:48,PRD_CAS_01,Cases,1,2748.71,130.89,UPI
TXN0005514,M003,C01116,2026-06-04 13:21:29,PRD_TEA_02,Tea,1,407.85,19.42,CARD
TXN0003496,M031,C00854,2026-06-04 14:31:09,PRD_LAP_01,Laptops,1,3703.61,176.36,UPI
TXN0009522,M021,C02868,2026-06-04 14:54:29,PRD_ART_02,Art Supplies,1,524.57,24.98,CASH
TXN0001678,M006,C02189,2026-06-04 15:11:27,PRD_EAR_01,Earphones,1,1299.0,801.18,CARD
TXN0000824,M045,C00895,2026-06-04 15:32:14,PRD_SNK_02,Snacks,3,225.0,106.73,UPI
TXN0005784,M015,C03204,2026-06-04 15:34:58,PRD_CAK_01,Cakes,1,550.0,317.42,UPI
TXN0008861,M038,C02693,2026-06-04 16:18:37,PRD_CHG_02,Chargers,2,1451.12,138.21,UPI
TXN0006411,M008,C01868,2026-06-04 16:20:31,PRD_TEA_01,Tea,1,580.15,27.63,WALLET
TXN0008304,M049,C02271,2026-06-04 17:22:14,PRD_SNK_02,Snacks,1,325.06,15.48,UPI
TXN0008394,M029,C02779,2026-06-04 17:57:01,PRD_WRI_01,Writing,1,339.92,16.19,UPI
TXN0003541,M020,C01466,2026-06-04 18:07:33,PRD_LAP_02,Laptops,1,5719.1,272.34,UPI
TXN0007554,M046,C00117,2026-06-04 18:34:26,PRD_ESS_01,Daily Essentials,1,550.41,26.21,WALLET
TXN0009474,M037,C03153,2026-06-04 18:42:34,PRD_CHG_02,Chargers,2,999.0,718.48,UPI
TXN0009170,M008,C03079,2026-06-04 18:51:31,PRD_COF_01,Coffee,1,380.0,314.36,CARD
TXN0004029,M024,C01657,2026-06-04 19:11:28,PRD_BEV_02,Beverages,1,611.24,29.11,UPI
TXN0000689,M030,C02023,2026-06-04 22:04:53,PRD_ACC_01,Accessories,1,16695.0,795.0,UPI
TXN0009017,M048,C02591,2026-06-04 22:19:21,PRD_EAR_02,Earphones,1,834.31,39.73,UPI
TXN0004702,M008,C02920,2026-06-04 22:44:02,PRD_DES_01,Desserts,1,225.44,10.74,UPI
TXN0000653,M008,C00750,2026-06-04 22:59:55,PRD_COF_02,Coffee,3,280.0,253.64,WALLET
TXN0004416,M003,C02436,2026-06-05 09:32:02,PRD_COF_01,Coffee,1,393.34,18.73,UPI
TXN0001655,M024,C02294,2026-06-05 09:33:30,PRD_BEV_02,Beverages,1,2226.0,106.0,UPI
TXN0001404,M007,C01214,2026-06-05 10:03:39,PRD_DAI_01,Dairy,1,240.59,11.46,UPI
TXN0005144,M046,C02867,2026-06-05 10:10:43,PRD_ESS_02,Daily Essentials,1,411.45,19.59,WALLET
TXN0003206,M048,C02728,2026-06-05 10:26:14,PRD_CAS_01,Cases,4,249.0,193.2,UPI
TXN0000260,M018,C00110,2026-06-05 11:18:48,PRD_BEV_02,Beverages,2,193.13,18.39,UPI
TXN0009485,M018,C01441,2026-06-05 13:06:11,PRD_DES_01,Desserts,1,540.1,25.72,UPI
TXN0008267,M021,C01016,2026-06-05 13:37:39,PRD_WRI_02,Writing,4,115.0,380.5,UPI
TXN0007628,M046,C01580,2026-06-05 16:09:44,PRD_SNK_01,Snacks,1,205.51,9.79,UPI
TXN0000123,M020,C02820,2026-06-05 16:12:40,PRD_ACC_02,Accessories,1,5245.55,249.79,UPI
TXN0006495,M013,C01816,2026-06-05 16:17:19,PRD_BRD_01,Bread,1,260.36,12.4,UPI
TXN0007915,M043,C01098,2026-06-05 17:03:10,PRD_SNK_02,Snacks,1,317.13,15.1,CARD
TXN0002404,M043,C02525,2026-06-05 17:05:14,PRD_CAK_01,Cakes,1,550.0,267.98,UPI
TXN0008280,M047,C00559,2026-06-05 17:27:40,PRD_ELE_02,Home Electronics,1,1099.0,325.29,WALLET
TXN0004190,M001,C00701,2026-06-05 17:34:30,PRD_STA_01,Staples,1,1353.27,64.44,CARD
TXN0004269,M033,C01144,2026-06-05 17:53:52,PRD_HOU_02,Household,3,449.34,64.19,UPI
TXN0007517,M046,C01548,2026-06-05 17:55:37,PRD_SNK_01,Snacks,4,357.33,68.06,UPI
TXN0002050,M017,C01499,2026-06-05 17:59:58,PRD_NOT_02,Notebooks,1,260.0,66.04,UPI
TXN0007376,M026,C03425,2026-06-05 18:03:58,PRD_SNK_01,Snacks,1,825.37,39.3,CARD
TXN0002388,M006,C01635,2026-06-05 18:06:20,PRD_CHG_02,Chargers,1,2954.11,140.67,UPI
TXN0005023,M025,C02869,2026-06-05 18:30:12,PRD_PAS_01,Pastries,1,372.5,17.74,UPI
TXN0008535,M021,C01844,2026-06-05 18:39:35,PRD_NOT_02,Notebooks,1,260.0,139.23,UPI
TXN0007814,M010,C00249,2026-06-05 19:24:17,PRD_DAI_01,Dairy,1,562.26,26.77,UPI
TXN0002648,M046,C01570,2026-06-05 19:28:32,PRD_BEV_02,Beverages,1,1362.36,64.87,UPI
TXN0005934,M042,C00131,2026-06-05 19:37:03,PRD_SNK_01,Snacks,1,243.44,11.59,WALLET
TXN0007894,M016,C01786,2026-06-05 19:49:04,PRD_SNK_02,Snacks,1,225.0,140.2,UPI
TXN0005722,M047,C01229,2026-06-05 19:58:37,PRD_ACC_01,Accessories,1,3486.35,166.02,UPI
TXN0006073,M007,C00923,2026-06-05 20:11:01,PRD_SNK_02,Snacks,2,1001.7,95.4,UPI
TXN0004656,M016,C00053,2026-06-05 20:25:11,PRD_BRD_01,Bread,1,540.55,25.74,UPI
TXN0002881,M039,C02461,2026-06-05 20:47:41,PRD_PER_02,Personal Care,1,2354.72,112.13,CASH
TXN0004797,M008,C02700,2026-06-05 21:56:45,PRD_SNK_01,Snacks,1,252.77,12.04,UPI
TXN0000027,M046,C03150,2026-06-05 22:54:19,PRD_ESS_02,Daily Essentials,1,1007.7,47.99,UPI
TXN0001488,M039,C00735,2026-06-06 12:24:44,PRD_MED_01,Medicine,1,643.17,30.63,UPI
TXN0002707,M022,C00605,2026-06-06 13:22:11,PRD_MEN_02,Men,1,1546.57,73.65,UPI
TXN0005195,M016,C00340,2026-06-06 13:34:09,PRD_SNK_01,Snacks,1,178.02,8.48,UPI
TXN0002602,M040,C00614,2026-06-06 15:34:41,PRD_COF_02,Coffee,1,280.0,103.85,UPI
TXN0003975,M046,C01498,2026-06-06 16:02:42,PRD_BEV_01,Beverages,1,696.1,33.15,UPI
TXN0001003,M035,C03230,2026-06-06 16:06:06,PRD_CHG_02,Chargers,1,999.0,80.22,UPI
TXN0007512,M026,C01828,2026-06-06 16:21:53,PRD_TEA_01,Tea,1,552.91,26.33,CARD
TXN0008545,M046,C02693,2026-06-06 16:25:45,PRD_BEV_02,Beverages,1,1351.16,64.34,CASH
TXN0000641,M001,C02632,2026-06-06 16:31:35,PRD_HOU_01,Household,1,510.39,24.3,UPI
TXN0009845,M028,C03150,2026-06-06 16:52:20,PRD_CHG_02,Chargers,1,999.0,396.94,UPI
TXN0002023,M050,C02104,2026-06-06 17:03:52,PRD_BRD_01,Bread,1,827.75,39.42,UPI
TXN0004332,M007,C00276,2026-06-06 17:23:36,PRD_STA_02,Staples,1,2203.74,104.94,CARD
TXN0008875,M033,C01283,2026-06-06 17:46:51,PRD_BEV_01,Beverages,1,1038.18,49.44,CASH
TXN0008595,M002,C02744,2026-06-06 18:34:51,PRD_PAS_02,Pastries,1,1079.56,51.41,UPI
TXN0005296,M018,C02423,2026-06-06 19:13:56,PRD_DES_01,Desserts,1,529.47,25.21,UPI
TXN0006677,M034,C00788,2026-06-06 19:16:25,PRD_NOT_02,Notebooks,1,460.79,21.94,CARD
TXN0000184,M013,C01739,2026-06-06 19:36:13,PRD_SNK_01,Snacks,1,530.57,25.27,UPI
TXN0002319,M028,C03002,2026-06-06 19:53:33,PRD_CHG_02,Chargers,2,1697.67,161.68,UPI
TXN0001181,M047,C00591,2026-06-06 20:35:33,PRD_ELE_01,Home Electronics,2,8721.1,830.58,UPI
TXN0001125,M047,C00778,2026-06-06 20:38:12,PRD_ELE_02,Home Electronics,3,1358.46,194.06,WALLET
TXN0005139,M046,C02778,2026-06-06 20:51:30,PRD_HOU_01,Household,1,1671.62,79.6,UPI
TXN0007359,M039,C01053,2026-06-06 20:55:42,PRD_BABY_02,Baby Care,1,778.51,37.07,UPI
TXN0002740,M020,C01885,2026-06-06 21:57:00,PRD_ACC_01,Accessories,1,16162.25,769.63,UPI
TXN0000809,M039,C01216,2026-06-06 22:46:26,PRD_BABY_02,Baby Care,1,520.67,24.79,UPI
TXN0005451,M006,C02163,2026-06-07 08:49:12,PRD_CHG_01,Chargers,1,699.0,439.91,UPI
TXN0005243,M040,C02488,2026-06-07 09:15:51,PRD_SNK_02,Snacks,1,454.33,21.63,UPI
TXN0006089,M031,C02844,2026-06-07 09:28:20,PRD_LAP_01,Laptops,1,2643.54,125.88,CASH
TXN0004867,M044,C02223,2026-06-07 09:56:46,PRD_ACC_02,Accessories,1,2145.86,102.18,UPI
TXN0005156,M049,C02052,2026-06-07 10:37:03,PRD_COF_01,Coffee,1,380.0,146.09,UPI
TXN0000733,M045,C01701,2026-06-07 11:15:08,PRD_HOU_02,Household,1,552.02,26.29,UPI
TXN0007970,M002,C00517,2026-06-07 12:14:27,PRD_BRD_01,Bread,2,734.58,69.96,UPI
TXN0001945,M026,C01977,2026-06-07 13:23:14,PRD_DES_02,Desserts,1,543.54,25.88,UPI
TXN0002345,M017,C00294,2026-06-07 15:09:42,PRD_NOT_01,Notebooks,1,301.39,14.35,CARD
TXN0001032,M003,C03249,2026-06-07 15:31:19,PRD_DES_02,Desserts,2,244.22,23.26,UPI
TXN0000746,M038,C02727,2026-06-07 15:58:30,PRD_CAB_01,Cables,1,803.61,38.27,WALLET
TXN0006266,M006,C00207,2026-06-07 16:10:25,PRD_EAR_02,Earphones,1,1239.49,59.02,UPI
TXN0001120,M017,C01200,2026-06-07 16:13:27,PRD_NOT_01,Notebooks,1,731.04,34.81,UPI
TXN0009987,M015,C03137,2026-06-07 16:14:07,PRD_BRD_02,Bread,1,1257.33,59.87,UPI
TXN0008373,M046,C01357,2026-06-07 16:25:41,PRD_BEV_01,Beverages,1,2363.9,112.57,CARD
TXN0003964,M003,C00706,2026-06-07 16:35:05,PRD_TEA_02,Tea,2,210.0,190.34,UPI
TXN0000292,M007,C00399,2026-06-07 17:58:39,PRD_SNK_01,Snacks,1,600.43,28.59,UPI
TXN0005822,M003,C02124,2026-06-07 18:09:23,PRD_COF_02,Coffee,2,280.0,449.4,UPI
TXN0003400,M026,C01871,2026-06-07 18:36:07,PRD_TEA_01,Tea,4,240.0,796.43,UPI
TXN0004246,M014,C00031,2026-06-07 19:25:01,PRD_PAS_02,Pastries,1,610.33,29.06,UPI
TXN0002440,M031,C00230,2026-06-07 19:37:42,PRD_MOB_01,Mobiles,1,6499.0,5629.99,UPI
TXN0007528,M028,C02288,2026-06-07 19:37:46,PRD_CHG_02,Chargers,1,999.0,688.28,UPI
TXN0008570,M041,C00801,2026-06-07 19:38:25,PRD_SNK_01,Snacks,1,811.19,38.63,UPI
TXN0008873,M024,C00483,2026-06-07 20:15:13,PRD_BEV_02,Beverages,1,731.64,34.84,UPI
TXN0000643,M002,C00578,2026-06-07 20:45:20,PRD_BRD_01,Bread,1,294.16,14.01,WALLET
TXN0002525,M044,C02640,2026-06-07 20:54:46,PRD_WOM_02,Women,2,1499.0,510.69,UPI
TXN0000415,M043,C01748,2026-06-07 21:03:42,PRD_PAS_01,Pastries,1,262.11,12.48,UPI
TXN0000812,M047,C03439,2026-06-07 21:14:27,PRD_ACC_02,Accessories,1,1081.57,51.5,CARD
TXN0006978,M029,C03299,2026-06-07 21:18:24,PRD_OFF_01,Office Supplies,1,875.16,41.67,UPI
TXN0002842,M016,C00692,2026-06-07 21:24:58,PRD_SNK_02,Snacks,1,225.0,66.35,UPI
TXN0007686,M006,C01131,2026-06-07 21:39:40,PRD_CAB_01,Cables,1,2069.63,98.55,UPI
TXN0007289,M030,C00542,2026-06-07 21:53:05,PRD_ELE_02,Home Electronics,1,1976.23,94.11,WALLET
TXN0001681,M035,C00551,2026-06-07 21:54:09,PRD_CAS_01,Cases,1,2665.89,126.95,UPI
TXN0005086,M022,C01611,2026-06-07 21:56:00,PRD_MEN_02,Men,1,3114.42,148.31,UPI
TXN0001064,M006,C02927,2026-06-07 22:00:39,PRD_CHG_01,Chargers,1,699.0,75.45,UPI
TXN0008626,M037,C01543,2026-06-07 22:37:41,PRD_CHG_02,Chargers,1,1981.78,94.37,UPI
TXN0008318,M016,C02366,2026-06-07 22:40:28,PRD_PAS_01,Pastries,1,245.15,11.67,UPI
TXN0003876,M036,C02401,2026-06-08 08:22:51,PRD_HOU_02,Household,2,945.0,90.0,CASH
TXN0003318,M002,C02184,2026-06-08 11:43:29,PRD_BRD_01,Bread,1,374.73,17.84,CASH
TXN0000783,M005,C02856,2026-06-08 13:48:33,PRD_MOB_02,Mobiles,3,11999.0,28398.28,UPI
TXN0003594,M047,C00634,2026-06-08 14:34:23,PRD_ELE_01,Home Electronics,1,8785.5,418.36,UPI
TXN0004559,M038,C03267,2026-06-08 15:24:11,PRD_EAR_02,Earphones,1,1124.38,53.54,UPI
TXN0006032,M022,C02047,2026-06-08 16:07:50,PRD_KID_01,Kids,1,812.06,38.67,UPI
TXN0007249,M043,C01990,2026-06-08 16:17:02,PRD_SNK_02,Snacks,1,821.62,39.12,UPI
TXN0005689,M036,C01006,2026-06-08 16:31:15,PRD_BEV_01,Beverages,1,1035.67,49.32,CASH
TXN0000190,M018,C01179,2026-06-08 17:09:43,PRD_BEV_02,Beverages,1,501.17,23.87,UPI
TXN0008610,M039,C00726,2026-06-08 17:16:04,PRD_MED_01,Medicine,2,151.27,14.4,UPI
TXN0009142,M024,C02047,2026-06-08 17:31:17,PRD_ESS_02,Daily Essentials,1,1962.85,93.47,UPI
TXN0003208,M002,C00013,2026-06-08 17:57:56,PRD_SNK_01,Snacks,1,475.48,22.64,CARD
TXN0003305,M042,C01251,2026-06-08 18:11:44,PRD_CAK_02,Cakes,1,594.28,28.3,UPI
TXN0003545,M029,C00010,2026-06-08 18:23:19,PRD_OFF_01,Office Supplies,1,175.0,22.7,UPI
TXN0009502,M011,C00874,2026-06-08 18:41:18,PRD_ART_02,Art Supplies,1,380.87,18.14,WALLET
TXN0008717,M006,C02306,2026-06-08 18:54:01,PRD_EAR_01,Earphones,1,2018.76,96.13,CARD
TXN0008315,M008,C01574,2026-06-08 18:55:37,PRD_DES_02,Desserts,1,228.2,10.87,UPI
TXN0002718,M021,C01428,2026-06-08 20:16:56,PRD_ART_01,Art Supplies,1,334.44,15.93,UPI
TXN0004225,M043,C02623,2026-06-08 20:23:12,PRD_CAK_02,Cakes,1,450.0,355.6,WALLET
TXN0006047,M021,C02950,2026-06-08 20:42:48,PRD_OFF_01,Office Supplies,1,362.06,17.24,UPI
TXN0008239,M018,C01756,2026-06-08 21:18:02,PRD_SNK_02,Snacks,1,633.23,30.15,UPI
TXN0004213,M001,C02067,2026-06-08 21:30:17,PRD_HOU_01,Household,1,571.73,27.23,WALLET
TXN0000993,M041,C02794,2026-06-08 22:24:17,PRD_SNK_02,Snacks,2,615.96,58.67,CASH
TXN0003084,M005,C01018,2026-06-09 10:04:47,PRD_ACC_01,Accessories,1,2882.02,137.24,UPI
TXN0001378,M018,C01667,2026-06-09 12:47:39,PRD_DES_02,Desserts,3,180.0,420.0,UPI
TXN0003553,M029,C02323,2026-06-09 13:17:59,PRD_WRI_01,Writing,1,337.54,16.07,UPI
TXN0008078,M013,C01704,2026-06-09 13:30:42,PRD_SNK_02,Snacks,1,301.47,14.36,CASH
TXN0002106,M017,C03262,2026-06-09 14:23:22,PRD_WRI_01,Writing,1,190.14,9.05,UPI
TXN0001074,M015,C00848,2026-06-09 14:46:41,PRD_PAS_02,Pastries,1,963.18,45.87,UPI
TXN0000160,M029,C01244,2026-06-09 15:43:38,PRD_NOT_01,Notebooks,1,160.0,75.0,UPI
TXN0004978,M001,C00908,2026-06-09 16:09:26,PRD_BEV_02,Beverages,1,845.45,40.26,UPI
TXN0007322,M033,C01505,2026-06-09 16:13:50,PRD_STA_01,Staples,1,1890.0,90.0,CASH
TXN0008644,M029,C02959,2026-06-09 17:32:27,PRD_NOT_02,Notebooks,2,260.0,347.86,UPI
TXN0002536,M044,C01747,2026-06-09 17:56:20,PRD_KID_01,Kids,1,725.35,34.54,CARD
TXN0000549,M036,C01498,2026-06-09 18:01:00,PRD_STA_02,Staples,1,739.36,35.21,UPI
TXN0006291,M007,C00057,2026-06-09 18:12:56,PRD_SNK_01,Snacks,1,220.85,10.52,WALLET
TXN0009909,M005,C02089,2026-06-09 18:25:36,PRD_LAP_02,Laptops,1,4867.35,231.78,UPI
TXN0006069,M025,C02724,2026-06-09 18:40:56,PRD_SNK_01,Snacks,1,387.09,18.43,CARD
TXN0003925,M036,C02512,2026-06-09 18:47:46,PRD_SNK_02,Snacks,1,290.36,13.83,UPI
TXN0003356,M021,C03036,2026-06-09 19:00:13,PRD_OFF_01,Office Supplies,1,223.32,10.63,UPI
TXN0007374,M034,C02476,2026-06-09 19:08:04,PRD_ART_02,Art Supplies,1,175.0,78.74,UPI
TXN0002860,M003,C01796,2026-06-09 19:10:13,PRD_TEA_01,Tea,1,240.0,131.12,UPI
TXN0001915,M039,C02674,2026-06-09 19:12:37,PRD_MED_02,Medicine,1,3097.5,147.5,CASH
TXN0003850,M004,C01565,2026-06-09 19:18:59,PRD_ACC_01,Accessories,1,985.83,46.94,UPI
TXN0001127,M005,C00291,2026-06-09 19:23:19,PRD_LAP_02,Laptops,1,3920.49,186.69,UPI
TXN0007718,M003,C02978,2026-06-09 19:31:05,PRD_DES_01,Desserts,1,220.0,77.43,UPI
TXN0003842,M026,C01934,2026-06-09 20:23:45,PRD_TEA_02,Tea,3,210.0,485.81,UPI
TXN0005078,M008,C01568,2026-06-09 21:21:25,PRD_SNK_01,Snacks,1,285.13,13.58,CARD
TXN0005566,M029,C02143,2026-06-09 21:21:53,PRD_OFF_02,Office Supplies,1,746.35,35.54,UPI
TXN0007792,M046,C01006,2026-06-09 21:40:17,PRD_BEV_01,Beverages,2,1131.92,107.8,UPI
TXN0004285,M008,C03184,2026-06-09 21:43:37,PRD_COF_02,Coffee,1,280.0,120.17,WALLET
TXN0000368,M033,C00473,2026-06-09 21:44:43,PRD_DAI_01,Dairy,1,1173.65,55.89,CARD
TXN0005025,M014,C00486,2026-06-09 21:46:39,PRD_PAS_02,Pastries,1,550.49,26.21,CARD
TXN0006428,M044,C01468,2026-06-09 22:00:34,PRD_WOM_01,Women,3,837.56,119.66,CASH
TXN0006695,M049,C01379,2026-06-09 22:25:44,PRD_DES_02,Desserts,3,180.0,53.83,UPI
TXN0004778,M008,C03396,2026-06-09 22:37:03,PRD_TEA_01,Tea,1,273.08,13.0,WALLET
TXN0006919,M011,C03090,2026-06-10 08:21:01,PRD_NOT_02,Notebooks,1,308.03,14.67,UPI
TXN0002526,M050,C02594,2026-06-10 09:57:55,PRD_CAK_01,Cakes,1,550.0,364.17,UPI
TXN0001849,M018,C01675,2026-06-10 11:27:26,PRD_MEA_02,Meals,1,358.03,17.05,UPI
TXN0007608,M017,C01344,2026-06-10 14:28:43,PRD_ART_01,Art Supplies,1,320.0,114.15,UPI
TXN0000180,M044,C02792,2026-06-10 15:07:11,PRD_WOM_02,Women,1,5250.0,250.0,WALLET
TXN0003997,M041,C02045,2026-06-10 15:28:14,PRD_DES_01,Desserts,1,498.38,23.73,UPI
TXN0002863,M029,C00114,2026-06-10 16:12:04,PRD_NOT_02,Notebooks,1,508.16,24.2,UPI
TXN0004264,M037,C00913,2026-06-10 16:25:56,PRD_CAS_01,Cases,1,1427.06,67.96,UPI
TXN0006517,M042,C01872,2026-06-10 16:34:03,PRD_CAK_02,Cakes,1,554.45,26.4,UPI
TXN0004764,M019,C03414,2026-06-10 16:42:59,PRD_CAS_01,Cases,2,795.85,75.79,UPI
TXN0005901,M045,C00382,2026-06-10 17:09:25,PRD_BEV_02,Beverages,1,1890.0,90.0,UPI
TXN0000678,M046,C01436,2026-06-10 17:55:55,PRD_SNK_01,Snacks,1,2100.0,100.0,CARD
TXN0006260,M008,C01533,2026-06-10 17:58:32,PRD_COF_02,Coffee,2,280.0,489.48,UPI
TXN0003827,M049,C01676,2026-06-10 17:59:31,PRD_SNK_01,Snacks,1,414.48,19.74,CASH
TXN0002719,M012,C02213,2026-06-10 18:22:35,PRD_BEV_02,Beverages,1,354.05,16.86,UPI
TXN0009491,M021,C03364,2026-06-10 18:31:24,PRD_WRI_01,Writing,2,150.68,14.35,UPI
TXN0009654,M036,C02938,2026-06-10 19:03:49,PRD_SNK_02,Snacks,1,1748.57,83.27,UPI
TXN0008734,M013,C01497,2026-06-10 19:06:20,PRD_SNK_01,Snacks,1,262.88,12.52,UPI
TXN0003892,M013,C01530,2026-06-10 19:20:02,PRD_PAS_02,Pastries,2,228.52,21.77,UPI
TXN0007373,M026,C00173,2026-06-10 19:21:57,PRD_SNK_01,Snacks,1,840.0,40.0,UPI
TXN0005754,M036,C01222,2026-06-10 19:52:34,PRD_DAI_02,Dairy,1,592.96,28.24,UPI
TXN0007636,M017,C02582,2026-06-10 20:03:19,PRD_ART_01,Art Supplies,2,409.95,39.05,UPI
TXN0001389,M038,C03064,2026-06-10 20:09:09,PRD_EAR_02,Earphones,1,1282.94,61.09,UPI
TXN0001444,M025,C00323,2026-06-10 21:18:17,PRD_BRD_01,Bread,2,630.0,60.0,UPI
TXN0004060,M046,C02448,2026-06-10 21:28:42,PRD_HOU_02,Household,1,320.0,68.95,UPI
TXN0000317,M007,C00209,2026-06-10 21:34:09,PRD_DAI_01,Dairy,1,295.9,14.09,UPI
TXN0004695,M029,C02855,2026-06-10 22:18:01,PRD_WRI_02,Writing,1,115.0,55.27,CARD
TXN0001703,M025,C00547,2026-06-11 08:55:00,PRD_BRD_01,Bread,1,284.2,13.53,CASH
TXN0009802,M034,C02842,2026-06-11 08:59:57,PRD_ART_02,Art Supplies,3,175.0,95.84,UPI
TXN0003509,M020,C00484,2026-06-11 09:27:11,PRD_ACC_01,Accessories,1,4268.7,203.27,UPI
TXN0008516,M014,C00519,2026-06-11 09:43:04,PRD_SNK_02,Snacks,1,561.06,26.72,UPI
TXN0006169,M050,C03191,2026-06-11 09:55:25,PRD_SNK_01,Snacks,1,939.0,44.71,UPI
TXN0009177,M018,C02293,2026-06-11 10:33:04,PRD_MEA_02,Meals,3,250.0,555.42,UPI
TXN0002094,M048,C00028,2026-06-11 10:39:26,PRD_CAB_01,Cables,1,1631.27,77.68,UPI
TXN0008603,M018,C00652,2026-06-11 10:51:05,PRD_DES_02,Desserts,1,328.0,15.62,CARD
TXN0001918,M032,C00399,2026-06-11 12:14:50,PRD_BABY_01,Baby Care,1,1493.28,71.11,UPI
TXN0006750,M011,C01616,2026-06-11 14:36:27,PRD_NOT_02,Notebooks,1,260.0,205.64,UPI
TXN0003363,M038,C01015,2026-06-11 15:02:38,PRD_CAS_01,Cases,4,249.0,64.14,UPI
TXN0005011,M026,C00264,2026-06-11 15:24:35,PRD_DES_02,Desserts,3,180.0,395.18,UPI
TXN0004196,M043,C01310,2026-06-11 15:36:44,PRD_SNK_01,Snacks,1,354.45,16.88,UPI
TXN0004658,M046,C02237,2026-06-11 16:10:21,PRD_SNK_02,Snacks,1,225.0,72.8,CARD
TXN0000198,M016,C02100,2026-06-11 16:13:05,PRD_SNK_01,Snacks,1,162.45,7.74,UPI
TXN0009481,M048,C00597,2026-06-11 16:43:15,PRD_CAS_02,Cases,1,1402.77,66.8,UPI
TXN0009291,M029,C03478,2026-06-11 18:10:44,PRD_OFF_01,Office Supplies,1,346.71,16.51,CASH
TXN0001216,M005,C00359,2026-06-11 18:13:12,PRD_LAP_02,Laptops,1,1553.8,73.99,WALLET
TXN0002895,M012,C02739,2026-06-11 18:43:07,PRD_ESS_01,Daily Essentials,1,399.01,19.0,UPI
TXN0009294,M028,C02069,2026-06-11 19:05:18,PRD_CHG_02,Chargers,2,999.0,1297.04,UPI
TXN0000470,M001,C02812,2026-06-11 19:05:20,PRD_BEV_01,Beverages,1,1113.91,53.04,CARD
TXN0007920,M047,C00241,2026-06-11 19:08:51,PRD_ACC_02,Accessories,1,5165.37,245.97,UPI
TXN0006990,M042,C01508,2026-06-11 19:10:09,PRD_PAS_01,Pastries,1,174.63,8.32,UPI
TXN0008630,M006,C00919,2026-06-11 19:22:02,PRD_EAR_02,Earphones,1,1289.05,61.38,UPI
TXN0003929,M022,C00332,2026-06-11 19:24:48,PRD_KID_01,Kids,1,3124.09,148.77,UPI
TXN0007645,M036,C00104,2026-06-11 19:35:59,PRD_STA_02,Staples,1,584.84,27.85,WALLET
TXN0008256,M026,C00418,2026-06-11 19:37:32,PRD_SNK_01,Snacks,1,369.05,17.57,CARD
TXN0000673,M008,C02495,2026-06-11 19:53:26,PRD_TEA_02,Tea,1,486.15,23.15,UPI
TXN0005532,M046,C00133,2026-06-11 20:26:52,PRD_ESS_01,Daily Essentials,2,672.23,64.03,UPI
TXN0002273,M009,C01212,2026-06-11 20:39:08,PRD_MED_02,Medicine,2,1548.75,147.5,CASH
TXN0008713,M038,C00921,2026-06-11 20:40:04,PRD_CAB_01,Cables,1,945.24,45.01,UPI
TXN0001137,M019,C03047,2026-06-11 21:05:57,PRD_CAB_02,Cables,1,698.36,33.26,UPI
TXN0000753,M016,C00341,2026-06-11 22:39:42,PRD_BRD_01,Bread,1,858.76,40.89,UPI
TXN0007090,M042,C02339,2026-06-12 12:24:15,PRD_PAS_02,Pastries,1,261.47,12.45,WALLET
TXN0004903,M016,C00607,2026-06-12 13:25:11,PRD_CAK_01,Cakes,3,550.0,1261.85,CASH
TXN0002609,M017,C02937,2026-06-12 13:57:54,PRD_ART_02,Art Supplies,3,175.0,58.73,UPI
TXN0001572,M009,C01801,2026-06-12 14:46:23,PRD_WEL_01,Wellness,1,444.83,21.18,UPI
TXN0001426,M006,C00287,2026-06-12 15:31:36,PRD_EAR_02,Earphones,1,459.7,21.89,UPI
TXN0008986,M050,C01536,2026-06-12 16:11:01,PRD_SNK_01,Snacks,1,376.48,17.93,UPI
TXN0005452,M050,C01491,2026-06-12 16:17:19,PRD_BRD_02,Bread,1,283.65,13.51,UPI
TXN0009694,M019,C03214,2026-06-12 16:34:21,PRD_CAS_01,Cases,3,249.0,198.82,CASH
TXN0001195,M044,C01533,2026-06-12 16:54:52,PRD_KID_02,Kids,1,1251.0,59.57,UPI
TXN0003401,M021,C03128,2026-06-12 17:52:22,PRD_WRI_01,Writing,1,862.48,41.07,UPI
TXN0009815,M036,C01440,2026-06-12 18:22:19,PRD_HOU_02,Household,1,547.0,26.05,UPI
TXN0008837,M018,C00712,2026-06-12 18:57:10,PRD_DES_01,Desserts,1,738.38,35.16,UPI
TXN0000229,M029,C03360,2026-06-12 19:44:18,PRD_ART_02,Art Supplies,1,435.64,20.74,UPI
TXN0003026,M001,C03358,2026-06-12 19:58:12,PRD_DAI_01,Dairy,2,398.85,37.99,UPI
TXN0000527,M046,C02368,2026-06-12 20:10:23,PRD_ESS_02,Daily Essentials,1,1051.76,50.08,WALLET
TXN0001720,M008,C02486,2026-06-12 20:12:25,PRD_DES_01,Desserts,1,616.06,29.34,UPI
TXN0005324,M028,C01247,2026-06-12 20:31:09,PRD_CAS_02,Cases,1,952.07,45.34,UPI
TXN0007796,M033,C02325,2026-06-12 21:39:07,PRD_BEV_01,Beverages,1,790.18,37.63,UPI
TXN0001779,M007,C00902,2026-06-12 21:40:51,PRD_DAI_02,Dairy,1,137.25,6.54,UPI
TXN0003367,M001,C00835,2026-06-12 21:42:09,PRD_DAI_01,Dairy,1,1534.22,73.06,UPI
TXN0005691,M041,C00502,2026-06-12 22:07:00,PRD_DES_02,Desserts,1,180.0,28.07,UPI
TXN0009944,M011,C01868,2026-06-12 22:28:07,PRD_WRI_01,Writing,1,90.0,42.54,UPI
TXN0007754,M049,C02801,2026-06-12 22:48:54,PRD_TEA_02,Tea,2,210.0,48.1,UPI
TXN0005393,M009,C00913,2026-06-12 22:50:55,PRD_MED_01,Medicine,1,2350.62,111.93,UPI
TXN0001734,M013,C00746,2026-06-13 08:38:04,PRD_BRD_02,Bread,2,693.0,66.0,UPI
TXN0003562,M017,C00606,2026-06-13 10:43:52,PRD_ART_01,Art Supplies,1,436.44,20.78,CARD
TXN0009723,M019,C02409,2026-06-13 10:44:19,PRD_EAR_02,Earphones,1,1654.65,78.79,UPI
TXN0001481,M014,C02282,2026-06-13 11:29:01,PRD_CAK_01,Cakes,1,550.0,167.04,UPI
TXN0002885,M038,C01878,2026-06-13 12:06:00,PRD_EAR_02,Earphones,1,832.98,39.67,UPI
TXN0000380,M027,C00022,2026-06-13 14:37:53,PRD_LAP_01,Laptops,1,17325.0,825.0,UPI
TXN0009563,M045,C01999,2026-06-13 15:08:05,PRD_SNK_02,Snacks,1,790.3,37.63,UPI
TXN0007238,M046,C03339,2026-06-13 15:13:14,PRD_HOU_01,Household,1,196.98,9.38,CARD
TXN0004620,M003,C02640,2026-06-13 15:23:40,PRD_COF_02,Coffee,1,280.0,196.55,UPI
TXN0004659,M030,C00218,2026-06-13 16:01:12,PRD_ACC_01,Accessories,1,17325.0,825.0,UPI
TXN0003230,M026,C02388,2026-06-13 16:03:19,PRD_COF_02,Coffee,4,280.0,1007.87,UPI
TXN0004171,M019,C01306,2026-06-13 16:03:38,PRD_CAB_01,Cables,1,503.36,23.97,UPI
TXN0004893,M025,C01509,2026-06-13 17:09:06,PRD_SNK_02,Snacks,3,225.0,155.24,UPI
TXN0001517,M005,C02770,2026-06-13 17:55:05,PRD_LAP_01,Laptops,2,2299.18,218.96,CARD
TXN0002948,M042,C00246,2026-06-13 17:59:59,PRD_SNK_02,Snacks,2,225.0,196.62,CARD
TXN0004719,M021,C03153,2026-06-13 18:01:54,PRD_ART_01,Art Supplies,1,852.55,40.6,UPI
TXN0008550,M006,C01973,2026-06-13 18:13:46,PRD_CHG_02,Chargers,1,999.0,339.15,CARD
TXN0004804,M036,C00261,2026-06-13 19:31:29,PRD_SNK_01,Snacks,1,596.15,28.39,UPI
TXN0007907,M018,C01677,2026-06-13 20:16:17,PRD_BEV_02,Beverages,1,773.44,36.83,UPI
TXN0005041,M038,C03444,2026-06-13 20:30:45,PRD_EAR_01,Earphones,1,1958.8,93.28,UPI
TXN0000403,M050,C02589,2026-06-13 20:43:05,PRD_SNK_02,Snacks,1,1069.34,50.92,UPI
TXN0005081,M001,C03034,2026-06-13 20:44:57,PRD_HOU_01,Household,1,563.78,26.85,UPI
TXN0007779,M034,C02289,2026-06-13 20:48:12,PRD_WRI_02,Writing,1,274.79,13.09,UPI
TXN0002753,M019,C00442,2026-06-13 21:22:34,PRD_EAR_01,Earphones,1,1299.0,80.38,UPI
TXN0009008,M020,C00981,2026-06-13 21:27:37,PRD_ELE_02,Home Electronics,1,7320.06,348.57,UPI
TXN0002837,M049,C01935,2026-06-13 21:31:41,PRD_TEA_01,Tea,2,280.67,26.73,UPI
TXN0000217,M049,C03010,2026-06-13 22:52:08,PRD_DES_02,Desserts,1,180.0,52.96,UPI
TXN0004899,M032,C01766,2026-06-14 08:49:30,PRD_PER_01,Personal Care,1,763.21,36.34,UPI
TXN0005230,M046,C02941,2026-06-14 10:44:49,PRD_ESS_02,Daily Essentials,1,440.28,20.97,WALLET
TXN0004427,M035,C02187,2026-06-14 10:50:13,PRD_EAR_01,Earphones,1,1299.0,803.22,UPI
TXN0001323,M028,C02639,2026-06-14 11:41:23,PRD_CAB_02,Cables,1,1717.0,81.76,UPI
TXN0009825,M029,C02353,2026-06-14 11:53:05,PRD_NOT_01,Notebooks,1,278.07,13.24,CARD
TXN0008302,M040,C01407,2026-06-14 12:21:33,PRD_TEA_02,Tea,1,924.0,44.0,UPI
TXN0000291,M012,C02942,2026-06-14 12:39:14,PRD_BEV_01,Beverages,1,841.75,40.08,UPI
TXN0000818,M008,C02148,2026-06-14 15:43:11,PRD_COF_02,Coffee,1,280.0,181.73,UPI
TXN0001596,M001,C03458,2026-06-14 15:44:34,PRD_HOU_01,Household,1,1222.36,58.21,UPI
TXN0003893,M023,C00521,2026-06-14 16:30:37,PRD_SNK_02,Snacks,1,1732.5,82.5,UPI
TXN0008613,M017,C02081,2026-06-14 16:40:54,PRD_OFF_01,Office Supplies,1,201.96,9.62,UPI
TXN0002206,M030,C00105,2026-06-14 17:11:40,PRD_ACC_02,Accessories,1,4717.41,224.64,WALLET
TXN0000877,M023,C03296,2026-06-14 17:15:03,PRD_BEV_01,Beverages,1,1140.67,54.32,UPI
TXN0000194,M015,C02774,2026-06-14 17:26:07,PRD_CAK_02,Cakes,1,450.0,207.57,UPI
TXN0003987,M043,C03221,2026-06-14 17:40:39,PRD_PAS_01,Pastries,1,207.24,9.87,CARD
TXN0004045,M023,C01237,2026-06-14 18:21:40,PRD_BEV_02,Beverages,1,2044.35,97.35,CASH
TXN0002546,M031,C00519,2026-06-14 18:45:49,PRD_LAP_01,Laptops,3,1598.92,228.42,UPI
TXN0000430,M002,C02034,2026-06-14 19:21:05,PRD_BRD_02,Bread,1,404.22,19.25,UPI
TXN0004334,M002,C00179,2026-06-14 19:24:55,PRD_PAS_01,Pastries,1,180.45,8.59,UPI
TXN0007004,M044,C02216,2026-06-14 19:25:51,PRD_WOM_02,Women,1,1499.0,1066.54,UPI
TXN0009789,M013,C00578,2026-06-14 19:33:55,PRD_PAS_01,Pastries,2,95.0,30.47,CASH
TXN0003994,M016,C01206,2026-06-14 19:43:19,PRD_PAS_02,Pastries,2,361.58,34.43,UPI
TXN0002036,M022,C00596,2026-06-14 20:07:32,PRD_MEN_01,Men,1,1128.17,53.72,WALLET
TXN0003332,M047,C02312,2026-06-14 20:36:54,PRD_ELE_02,Home Electronics,1,17325.0,825.0,CARD
TXN0009906,M029,C01525,2026-06-14 20:52:11,PRD_NOT_01,Notebooks,1,160.0,41.58,UPI
TXN0004066,M004,C00436,2026-06-14 21:10:25,PRD_MOB_02,Mobiles,1,14075.0,670.24,CASH
TXN0002271,M050,C01713,2026-06-14 21:22:35,PRD_PAS_01,Pastries,1,501.65,23.89,UPI
TXN0004359,M012,C01515,2026-06-14 21:32:29,PRD_ESS_02,Daily Essentials,1,1319.57,62.84,WALLET
TXN0005372,M049,C00884,2026-06-14 21:39:46,PRD_TEA_01,Tea,3,240.0,491.8,UPI
TXN0003608,M029,C00914,2026-06-14 21:56:26,PRD_NOT_02,Notebooks,2,260.0,173.55,UPI
TXN0001802,M017,C03491,2026-06-14 22:33:44,PRD_WRI_01,Writing,1,566.62,26.98,UPI
TXN0006870,M041,C02694,2026-06-14 22:50:13,PRD_MEA_02,Meals,4,250.0,818.66,CARD
TXN0009106,M003,C01568,2026-06-15 08:38:55,PRD_DES_01,Desserts,1,220.0,95.08,UPI
TXN0001067,M019,C01958,2026-06-15 09:45:18,PRD_CHG_02,Chargers,1,999.0,388.36,UPI
TXN0005278,M018,C00267,2026-06-15 09:48:37,PRD_MEA_01,Meals,2,334.98,31.91,UPI
TXN0005154,M008,C01756,2026-06-15 11:16:49,PRD_DES_02,Desserts,1,180.0,118.72,CASH
TXN0003693,M014,C03275,2026-06-15 11:38:55,PRD_SNK_01,Snacks,1,642.12,30.58,UPI
TXN0004809,M013,C00786,2026-06-15 12:07:05,PRD_BRD_02,Bread,1,434.04,20.67,UPI
TXN0003986,M016,C03349,2026-06-15 12:49:24,PRD_SNK_01,Snacks,1,328.63,15.65,UPI
TXN0001204,M013,C00979,2026-06-15 13:15:35,PRD_BRD_02,Bread,1,167.88,7.99,UPI
TXN0007892,M039,C01850,2026-06-15 13:55:51,PRD_BABY_01,Baby Care,1,799.0,497.83,UPI
TXN0004549,M014,C03004,2026-06-15 15:44:43,PRD_CAK_02,Cakes,1,542.66,25.84,UPI
TXN0003186,M047,C01140,2026-06-15 16:00:07,PRD_ACC_01,Accessories,1,4169.8,198.56,UPI
TXN0005958,M029,C01003,2026-06-15 16:11:30,PRD_ART_02,Art Supplies,1,945.0,45.0,CASH
TXN0009118,M002,C01550,2026-06-15 16:12:14,PRD_PAS_01,Pastries,1,749.66,35.7,UPI
TXN0005815,M043,C00465,2026-06-15 16:31:18,PRD_SNK_02,Snacks,1,672.79,32.04,UPI
TXN0004078,M005,C01945,2026-06-15 16:40:35,PRD_LAP_01,Laptops,1,15750.0,750.0,UPI
TXN0001717,M029,C03304,2026-06-15 17:13:34,PRD_OFF_02,Office Supplies,1,310.0,224.85,UPI
TXN0002074,M013,C01374,2026-06-15 17:29:16,PRD_CAK_01,Cakes,1,1260.0,60.0,UPI
TXN0007353,M014,C00970,2026-06-15 18:31:16,PRD_BRD_02,Bread,1,197.22,9.39,UPI
TXN0001265,M002,C00876,2026-06-15 18:37:50,PRD_SNK_01,Snacks,2,408.9,38.94,WALLET
TXN0003307,M029,C00217,2026-06-15 18:48:34,PRD_OFF_02,Office Supplies,1,310.0,199.76,UPI
TXN0009034,M011,C02952,2026-06-15 19:28:39,PRD_OFF_01,Office Supplies,1,466.6,22.22,UPI
TXN0002868,M016,C01967,2026-06-15 19:51:36,PRD_SNK_02,Snacks,1,735.23,35.01,UPI
TXN0001755,M029,C00357,2026-06-15 19:54:56,PRD_WRI_01,Writing,1,322.63,15.36,UPI
TXN0007436,M046,C00236,2026-06-15 20:02:34,PRD_HOU_02,Household,1,333.54,15.88,UPI
TXN0003684,M047,C02510,2026-06-15 20:23:51,PRD_ACC_01,Accessories,1,6488.08,308.96,UPI
TXN0003457,M041,C01413,2026-06-15 20:25:22,PRD_DES_02,Desserts,1,636.59,30.31,UPI
TXN0001031,M003,C00782,2026-06-15 20:36:01,PRD_TEA_01,Tea,4,240.0,494.63,UPI
TXN0008136,M018,C01582,2026-06-15 20:40:27,PRD_SNK_02,Snacks,1,466.47,22.21,CARD
TXN0008386,M015,C00396,2026-06-15 21:28:40,PRD_PAS_01,Pastries,2,743.4,70.8,UPI
TXN0008269,M036,C01319,2026-06-16 08:19:41,PRD_STA_02,Staples,1,630.07,30.0,CARD
TXN0003080,M047,C00760,2026-06-16 08:20:30,PRD_ELE_01,Home Electronics,2,1270.33,120.99,CARD
TXN0005599,M046,C00483,2026-06-16 08:54:29,PRD_SNK_02,Snacks,3,269.8,38.54,CARD
TXN0007316,M045,C00155,2026-06-16 09:39:58,PRD_STA_01,Staples,1,652.46,31.07,WALLET
TXN0009038,M035,C02589,2026-06-16 10:35:07,PRD_EAR_02,Earphones,1,1091.16,51.96,UPI
TXN0005908,M006,C01850,2026-06-16 10:50:05,PRD_CAB_01,Cables,1,580.99,27.67,CASH
TXN0003630,M024,C03024,2026-06-16 11:43:35,PRD_ESS_02,Daily Essentials,1,907.34,43.21,UPI
TXN0007118,M036,C00661,2026-06-16 13:12:54,PRD_BEV_01,Beverages,1,991.5,47.21,UPI
TXN0002045,M026,C00769,2026-06-16 13:45:32,PRD_COF_02,Coffee,1,840.0,40.0,UPI
TXN0002616,M005,C03384,2026-06-16 14:23:32,PRD_MOB_01,Mobiles,2,6499.0,5590.88,UPI
TXN0009196,M038,C01140,2026-06-16 15:04:46,PRD_CAB_02,Cables,1,1013.21,48.25,UPI
TXN0001228,M014,C00307,2026-06-16 16:44:36,PRD_PAS_01,Pastries,1,95.0,15.0,UPI
TXN0008433,M038,C00389,2026-06-16 16:49:10,PRD_CAS_02,Cases,1,1264.92,60.23,UPI
TXN0009985,M018,C01224,2026-06-16 17:21:03,PRD_MEA_01,Meals,1,220.0,52.67,UPI
TXN0005027,M004,C02528,2026-06-16 17:21:39,PRD_MOB_02,Mobiles,1,11999.0,4324.34,CARD
TXN0004992,M031,C01503,2026-06-16 17:22:54,PRD_LAP_01,Laptops,1,15750.0,750.0,UPI
TXN0004192,M047,C02917,2026-06-16 18:00:52,PRD_ELE_02,Home Electronics,1,7172.31,341.54,WALLET
TXN0008843,M016,C03198,2026-06-16 18:01:47,PRD_BRD_01,Bread,1,199.7,9.51,UPI
TXN0002592,M026,C00887,2026-06-16 18:06:50,PRD_COF_02,Coffee,1,280.0,29.21,WALLET
TXN0009714,M044,C02848,2026-06-16 18:20:47,PRD_KID_01,Kids,1,2409.91,114.76,UPI
TXN0005838,M026,C02728,2026-06-16 18:29:37,PRD_COF_02,Coffee,1,280.0,65.29,UPI
TXN0004198,M031,C03373,2026-06-16 18:36:41,PRD_LAP_01,Laptops,1,9361.79,445.8,UPI
TXN0007836,M007,C02024,2026-06-16 18:36:58,PRD_DAI_02,Dairy,3,203.01,28.99,UPI
TXN0004280,M024,C00672,2026-06-16 18:37:12,PRD_ESS_01,Daily Essentials,2,217.47,20.71,UPI
TXN0009721,M029,C01987,2026-06-16 18:58:12,PRD_OFF_02,Office Supplies,1,310.0,80.33,CARD
TXN0008952,M042,C00829,2026-06-16 19:26:06,PRD_CAK_01,Cakes,1,550.0,266.18,CARD
TXN0000885,M023,C01790,2026-06-16 19:26:20,PRD_MEA_02,Meals,1,1858.5,88.5,CARD
TXN0001531,M019,C02526,2026-06-16 20:32:53,PRD_CHG_01,Chargers,1,1699.49,80.93,UPI
TXN0008020,M031,C01832,2026-06-16 20:38:45,PRD_ACC_02,Accessories,1,3783.33,180.16,UPI
TXN0003828,M048,C02382,2026-06-16 21:14:54,PRD_EAR_01,Earphones,1,1299.0,792.43,WALLET
TXN0004205,M046,C00310,2026-06-16 22:43:07,PRD_HOU_02,Household,1,359.04,17.1,UPI
TXN0001458,M019,C01562,2026-06-17 08:48:22,PRD_EAR_01,Earphones,1,1320.71,62.89,UPI
TXN0000500,M050,C00563,2026-06-17 09:05:00,PRD_PAS_02,Pastries,1,329.54,15.69,UPI
TXN0003481,M001,C00382,2026-06-17 09:12:58,PRD_DAI_01,Dairy,1,1485.15,70.72,UPI
TXN0002039,M021,C03378,2026-06-17 10:31:30,PRD_NOT_02,Notebooks,1,260.0,92.85,UPI
TXN0007732,M009,C02000,2026-06-17 11:28:44,PRD_MED_01,Medicine,1,1244.48,59.26,CARD
TXN0008105,M033,C00341,2026-06-17 14:03:59,PRD_HOU_02,Household,1,1637.67,77.98,CARD
TXN0002279,M046,C02218,2026-06-17 15:07:23,PRD_BEV_01,Beverages,1,823.01,39.19,UPI
TXN0001375,M034,C02740,2026-06-17 15:36:42,PRD_OFF_02,Office Supplies,1,310.0,71.21,CARD
TXN0009687,M018,C00742,2026-06-17 15:40:25,PRD_SNK_01,Snacks,1,1289.42,61.4,UPI
TXN0000202,M042,C02176,2026-06-17 16:59:01,PRD_BRD_02,Bread,3,140.0,293.66,WALLET
TXN0002806,M030,C02586,2026-06-17 17:41:54,PRD_ELE_01,Home Electronics,1,13113.22,624.44,CARD
TXN0005554,M039,C02425,2026-06-17 18:27:08,PRD_MED_02,Medicine,2,375.26,35.73,UPI
TXN0004428,M001,C02858,2026-06-17 18:30:38,PRD_SNK_01,Snacks,1,826.74,39.37,WALLET
TXN0001951,M028,C01948,2026-06-17 18:32:23,PRD_CAB_02,Cables,1,869.01,41.38,WALLET
TXN0006213,M017,C00518,2026-06-17 18:33:20,PRD_ART_01,Art Supplies,1,320.0,113.82,UPI
TXN0001159,M032,C01565,2026-06-17 18:35:39,PRD_BABY_02,Baby Care,1,1879.62,89.51,CASH
TXN0009136,M050,C00974,2026-06-17 19:01:03,PRD_CAK_01,Cakes,1,550.0,31.88,UPI
TXN0007125,M031,C00918,2026-06-17 19:02:33,PRD_MOB_02,Mobiles,4,11999.0,42379.52,UPI
TXN0001616,M012,C02284,2026-06-17 19:26:20,PRD_SNK_01,Snacks,1,1137.54,54.17,UPI
TXN0000590,M040,C00838,2026-06-17 19:39:51,PRD_COF_02,Coffee,1,508.61,24.22,UPI
TXN0000803,M044,C02795,2026-06-17 19:41:19,PRD_KID_01,Kids,1,1081.56,51.5,UPI
TXN0001052,M024,C02004,2026-06-17 19:45:55,PRD_BEV_02,Beverages,1,1058.12,50.39,UPI
TXN0004495,M027,C02648,2026-06-17 19:52:23,PRD_ACC_01,Accessories,1,6351.09,302.43,WALLET
TXN0003382,M026,C00668,2026-06-17 20:11:11,PRD_COF_02,Coffee,1,539.42,25.69,CASH
TXN0005905,M008,C01223,2026-06-17 20:18:46,PRD_SNK_01,Snacks,1,125.08,5.96,CASH
TXN0001430,M012,C03442,2026-06-17 20:20:59,PRD_SNK_02,Snacks,1,225.0,30.48,UPI
TXN0006450,M021,C00242,2026-06-17 20:22:26,PRD_WRI_01,Writing,1,391.87,18.66,CARD
TXN0000049,M047,C00303,2026-06-17 20:51:34,PRD_ELE_02,Home Electronics,1,1099.0,269.32,UPI
TXN0008277,M008,C00916,2026-06-17 21:30:49,PRD_TEA_01,Tea,2,240.0,136.89,CARD
TXN0003255,M048,C02472,2026-06-17 21:41:08,PRD_CHG_02,Chargers,1,2514.17,119.72,CARD
TXN0002818,M042,C02494,2026-06-18 08:23:55,PRD_BRD_01,Bread,1,395.35,18.83,UPI
TXN0002175,M038,C03172,2026-06-18 08:56:25,PRD_EAR_02,Earphones,1,1227.3,58.44,UPI
TXN0004451,M009,C02854,2026-06-18 11:58:08,PRD_MED_01,Medicine,1,981.12,46.72,UPI
TXN0006694,M006,C02137,2026-06-18 14:34:34,PRD_EAR_02,Earphones,1,494.34,23.54,UPI
TXN0005343,M007,C01180,2026-06-18 15:24:57,PRD_HOU_01,Household,1,829.8,39.51,UPI
TXN0006531,M018,C00451,2026-06-18 16:17:46,PRD_DES_02,Desserts,1,1149.0,54.71,CASH
TXN0001386,M006,C01154,2026-06-18 16:46:05,PRD_CAS_01,Cases,1,2213.79,105.42,UPI
TXN0001005,M050,C02451,2026-06-18 17:10:38,PRD_BRD_02,Bread,1,926.51,44.12,UPI
TXN0006172,M042,C00176,2026-06-18 17:17:23,PRD_CAK_01,Cakes,1,550.0,226.38,UPI
TXN0005922,M019,C02953,2026-06-18 17:30:42,PRD_CAS_02,Cases,1,1074.87,51.18,UPI
TXN0008815,M047,C01469,2026-06-18 17:36:02,PRD_MOB_01,Mobiles,1,14215.68,676.94,UPI
TXN0007425,M001,C01294,2026-06-18 18:19:12,PRD_BEV_02,Beverages,1,439.23,20.92,UPI
TXN0001299,M018,C02884,2026-06-18 18:20:34,PRD_MEA_01,Meals,1,492.86,23.47,UPI
TXN0005014,M011,C02063,2026-06-18 18:22:14,PRD_OFF_02,Office Supplies,4,310.0,855.19,UPI
TXN0004562,M014,C03363,2026-06-18 18:32:43,PRD_SNK_01,Snacks,1,837.83,39.9,UPI
TXN0003161,M033,C03086,2026-06-18 18:37:12,PRD_BEV_02,Beverages,1,935.49,44.55,CARD
TXN0002088,M045,C03061,2026-06-18 18:51:10,PRD_STA_01,Staples,1,836.48,39.83,UPI
TXN0008158,M019,C02801,2026-06-18 19:18:29,PRD_CHG_02,Chargers,1,3142.81,149.66,UPI
TXN0004575,M040,C01705,2026-06-18 19:20:48,PRD_TEA_01,Tea,1,240.0,180.0,UPI
TXN0003032,M003,C00441,2026-06-18 19:40:28,PRD_TEA_02,Tea,1,729.12,34.72,UPI
TXN0009660,M027,C00787,2026-06-18 19:54:17,PRD_MOB_01,Mobiles,1,6601.75,314.37,UPI
TXN0004023,M036,C00240,2026-06-18 20:02:06,PRD_BEV_02,Beverages,1,927.96,44.19,CARD
TXN0003271,M047,C01545,2026-06-18 20:40:00,PRD_ELE_01,Home Electronics,1,7913.84,376.85,UPI
TXN0005509,M003,C03159,2026-06-18 21:16:10,PRD_DES_02,Desserts,2,206.56,19.67,UPI
TXN0005485,M036,C03422,2026-06-18 22:51:21,PRD_DAI_01,Dairy,1,169.66,8.08,UPI
TXN0007806,M015,C01521,2026-06-19 09:21:41,PRD_PAS_02,Pastries,1,110.0,19.86,WALLET
TXN0008650,M035,C00969,2026-06-19 10:46:57,PRD_CAB_01,Cables,1,780.11,37.15,UPI
TXN0000952,M029,C00311,2026-06-19 10:50:41,PRD_WRI_02,Writing,2,472.5,45.0,CARD
TXN0007777,M031,C02150,2026-06-19 15:00:56,PRD_LAP_01,Laptops,1,4073.13,193.96,CASH
TXN0008880,M001,C01009,2026-06-19 16:05:30,PRD_HOU_02,Household,4,320.0,125.6,UPI
TXN0005066,M031,C01802,2026-06-19 16:11:44,PRD_ELE_01,Home Electronics,2,1954.41,186.13,UPI
TXN0006135,M012,C01855,2026-06-19 16:21:37,PRD_HOU_02,Household,1,815.01,38.81,UPI
TXN0008924,M050,C02447,2026-06-19 16:30:04,PRD_CAK_01,Cakes,1,550.0,28.62,UPI
TXN0009181,M024,C03386,2026-06-19 16:59:59,PRD_SNK_02,Snacks,1,2100.0,100.0,CARD
TXN0001924,M007,C01232,2026-06-19 17:07:45,PRD_STA_01,Staples,1,1249.09,59.48,WALLET
TXN0006129,M017,C02759,2026-06-19 17:31:15,PRD_ART_02,Art Supplies,1,175.0,31.92,UPI
TXN0002883,M005,C01318,2026-06-19 17:58:58,PRD_MOB_01,Mobiles,2,6499.0,5039.68,UPI
TXN0002227,M044,C01983,2026-06-19 18:02:49,PRD_WOM_02,Women,1,1499.0,230.49,CASH
TXN0003179,M050,C00434,2026-06-19 18:15:49,PRD_BRD_01,Bread,1,531.75,25.32,UPI
TXN0009682,M036,C01681,2026-06-19 18:42:53,PRD_DAI_02,Dairy,1,473.76,22.56,UPI
TXN0005682,M036,C00280,2026-06-19 19:03:57,PRD_HOU_01,Household,1,396.47,18.88,UPI
TXN0004291,M040,C02124,2026-06-19 19:08:32,PRD_TEA_02,Tea,2,210.0,292.72,UPI
TXN0000797,M044,C03030,2026-06-19 19:19:28,PRD_MEN_01,Men,1,799.0,217.72,CARD
TXN0007808,M003,C03226,2026-06-19 19:22:51,PRD_TEA_02,Tea,1,210.0,10.44,WALLET
TXN0002344,M030,C00487,2026-06-19 20:54:51,PRD_MOB_01,Mobiles,2,6499.0,7585.98,UPI
TXN0008593,M003,C02910,2026-06-19 21:06:34,PRD_DES_02,Desserts,2,180.0,96.67,WALLET
TXN0005001,M002,C01652,2026-06-19 22:23:29,PRD_SNK_01,Snacks,1,226.33,10.78,WALLET
TXN0005229,M033,C01868,2026-06-20 09:14:19,PRD_DAI_02,Dairy,1,703.71,33.51,UPI
TXN0003976,M015,C00336,2026-06-20 09:17:41,PRD_PAS_01,Pastries,1,239.89,11.42,UPI
TXN0005186,M021,C03074,2026-06-20 09:44:23,PRD_WRI_02,Writing,1,821.9,39.14,UPI
TXN0001131,M044,C00556,2026-06-20 12:47:19,PRD_KID_01,Kids,1,2472.42,117.73,UPI
TXN0003144,M048,C00545,2026-06-20 13:06:26,PRD_CHG_02,Chargers,1,999.0,497.51,UPI
TXN0002682,M016,C02861,2026-06-20 14:51:17,PRD_BRD_01,Bread,2,109.4,10.41,CARD
TXN0002493,M044,C03443,2026-06-20 15:18:15,PRD_MEN_02,Men,1,3075.87,146.47,UPI
TXN0004692,M012,C02868,2026-06-20 16:09:17,PRD_ESS_01,Daily Essentials,2,862.9,82.18,UPI
TXN0004527,M042,C02123,2026-06-20 16:15:17,PRD_BRD_02,Bread,2,622.43,59.27,UPI
TXN0007845,M002,C01952,2026-06-20 17:01:32,PRD_PAS_01,Pastries,1,907.58,43.22,UPI
TXN0006456,M042,C00256,2026-06-20 17:29:25,PRD_BRD_02,Bread,1,566.01,26.95,CASH
TXN0003581,M007,C01946,2026-06-20 17:37:14,PRD_STA_01,Staples,1,2079.0,99.0,UPI
TXN0009287,M017,C02723,2026-06-20 17:37:28,PRD_NOT_02,Notebooks,1,337.62,16.08,UPI
TXN0008401,M043,C00271,2026-06-20 17:41:27,PRD_CAK_01,Cakes,1,550.0,402.6,UPI
TXN0007741,M024,C00275,2026-06-20 18:24:01,PRD_HOU_02,Household,1,1491.68,71.03,CASH
TXN0003291,M011,C01063,2026-06-20 18:27:42,PRD_OFF_01,Office Supplies,1,730.21,34.77,UPI
TXN0002637,M046,C01508,2026-06-20 18:59:08,PRD_ESS_02,Daily Essentials,1,1660.14,79.05,UPI
TXN0000106,M006,C01729,2026-06-20 19:01:22,PRD_EAR_01,Earphones,1,1299.0,818.56,UPI
TXN0006239,M006,C00768,2026-06-20 19:28:02,PRD_CAB_02,Cables,1,1154.56,54.98,UPI
TXN0009362,M033,C03262,2026-06-20 20:16:59,PRD_STA_01,Staples,1,540.0,278.2,UPI
TXN0005437,M018,C03324,2026-06-20 20:27:04,PRD_DES_02,Desserts,1,495.26,23.58,CARD
TXN0002886,M015,C01157,2026-06-20 20:58:39,PRD_SNK_01,Snacks,2,150.83,14.37,UPI
TXN0007457,M044,C01965,2026-06-20 21:02:38,PRD_ACC_02,Accessories,2,1206.99,114.95,UPI
TXN0003596,M032,C03352,2026-06-20 21:18:00,PRD_PER_01,Personal Care,1,354.19,16.87,UPI
TXN0002444,M033,C02200,2026-06-21 12:26:49,PRD_HOU_02,Household,1,551.84,26.28,WALLET
TXN0006576,M012,C01970,2026-06-21 13:06:20,PRD_SNK_01,Snacks,1,1085.01,51.67,UPI
TXN0005991,M039,C00428,2026-06-21 15:02:11,PRD_WEL_02,Wellness,1,379.95,18.09,CASH
TXN0009317,M048,C00015,2026-06-21 15:43:25,PRD_CHG_01,Chargers,1,2584.7,123.08,WALLET
TXN0008188,M002,C03224,2026-06-21 15:48:45,PRD_CAK_02,Cakes,1,450.0,140.92,UPI
TXN0003021,M033,C02636,2026-06-21 16:23:53,PRD_BEV_01,Beverages,2,257.05,24.49,UPI
TXN0000101,M047,C00267,2026-06-21 16:29:33,PRD_ACC_02,Accessories,1,2806.56,133.65,UPI
TXN0000024,M021,C02160,2026-06-21 16:45:12,PRD_OFF_01,Office Supplies,1,175.0,128.23,UPI
TXN0003342,M031,C03179,2026-06-21 16:57:26,PRD_ELE_02,Home Electronics,4,1099.0,2180.04,UPI
TXN0005314,M048,C00135,2026-06-21 17:44:28,PRD_CAB_01,Cables,1,3274.49,155.93,CASH
TXN0006804,M016,C00981,2026-06-21 18:05:12,PRD_BRD_02,Bread,1,1386.0,66.0,CASH
TXN0006157,M013,C00974,2026-06-21 18:15:13,PRD_BRD_01,Bread,2,299.17,28.5,UPI
TXN0001973,M026,C00592,2026-06-21 18:20:08,PRD_TEA_02,Tea,1,346.11,16.48,CARD
TXN0009823,M012,C01147,2026-06-21 18:39:04,PRD_SNK_01,Snacks,1,622.89,29.66,CASH
TXN0004300,M030,C02454,2026-06-21 18:44:10,PRD_LAP_02,Laptops,1,3948.23,188.01,CARD
TXN0008969,M011,C00145,2026-06-21 18:52:32,PRD_ART_01,Art Supplies,2,320.0,336.68,CARD
TXN0002348,M037,C00848,2026-06-21 19:14:25,PRD_CAS_02,Cases,1,2811.41,133.88,UPI
TXN0006083,M015,C00095,2026-06-21 19:33:11,PRD_SNK_01,Snacks,1,1397.69,66.56,CARD
TXN0003874,M017,C00515,2026-06-21 19:45:10,PRD_ART_02,Art Supplies,1,366.65,17.46,UPI
TXN0008968,M006,C00308,2026-06-21 19:46:02,PRD_EAR_01,Earphones,1,1442.1,68.67,UPI
TXN0004409,M025,C02217,2026-06-21 19:51:07,PRD_SNK_02,Snacks,1,755.99,36.0,CARD
TXN0002730,M039,C03292,2026-06-21 20:07:47,PRD_WEL_01,Wellness,1,1460.91,69.57,WALLET
TXN0005010,M045,C03110,2026-06-21 20:17:21,PRD_HOU_02,Household,1,2079.0,99.0,UPI
TXN0006210,M038,C00202,2026-06-21 21:16:33,PRD_CAS_01,Cases,1,355.43,16.93,UPI
TXN0002461,M022,C00710,2026-06-21 22:03:09,PRD_MEN_02,Men,1,5607.01,267.0,UPI
TXN0004752,M011,C02778,2026-06-21 22:29:11,PRD_NOT_01,Notebooks,1,479.09,22.81,UPI
TXN0006458,M038,C02178,2026-06-21 22:45:09,PRD_CAS_02,Cases,1,625.81,29.8,UPI
TXN0002152,M029,C02800,2026-06-21 22:50:31,PRD_NOT_01,Notebooks,1,294.91,14.04,UPI
TXN0008128,M038,C02386,2026-06-22 08:17:01,PRD_CHG_02,Chargers,1,3150.0,150.0,UPI
TXN0003951,M020,C03310,2026-06-22 08:41:05,PRD_ELE_01,Home Electronics,2,2721.8,259.21,UPI
TXN0008540,M004,C02921,2026-06-22 09:53:10,PRD_MOB_02,Mobiles,3,11999.0,24646.0,UPI
TXN0006455,M049,C01566,2026-06-22 10:14:42,PRD_DES_01,Desserts,1,220.0,121.16,UPI
TXN0001862,M013,C01729,2026-06-22 11:02:04,PRD_PAS_02,Pastries,1,334.39,15.92,UPI
TXN0000344,M007,C01800,2026-06-22 12:09:21,PRD_STA_01,Staples,1,652.23,31.06,UPI
TXN0007034,M009,C01895,2026-06-22 12:11:12,PRD_PER_02,Personal Care,1,1086.16,51.72,CARD
TXN0006052,M036,C01422,2026-06-22 12:32:42,PRD_STA_01,Staples,1,540.0,389.48,CARD
TXN0001324,M032,C00679,2026-06-22 12:54:04,PRD_PER_02,Personal Care,2,528.41,50.33,UPI
TXN0004952,M026,C01875,2026-06-22 15:12:01,PRD_SNK_01,Snacks,1,269.89,12.85,CASH
TXN0009024,M018,C00670,2026-06-22 15:25:10,PRD_DES_02,Desserts,1,244.41,11.64,UPI
TXN0006215,M036,C00794,2026-06-22 16:09:15,PRD_DAI_01,Dairy,3,93.32,13.33,UPI
TXN0005895,M048,C00811,2026-06-22 16:16:26,PRD_EAR_02,Earphones,1,1190.36,56.68,UPI
TXN0001563,M026,C00589,2026-06-22 16:48:13,PRD_COF_01,Coffee,1,380.0,84.7,UPI
TXN0000909,M046,C03051,2026-06-22 16:49:21,PRD_SNK_02,Snacks,1,359.67,17.13,UPI
TXN0007420,M029,C00243,2026-06-22 16:52:55,PRD_WRI_01,Writing,1,170.14,8.1,UPI
TXN0008068,M005,C02047,2026-06-22 16:54:14,PRD_ELE_02,Home Electronics,2,2546.72,242.55,UPI
TXN0003358,M043,C00903,2026-06-22 17:46:01,PRD_BRD_01,Bread,1,516.33,24.59,CARD
TXN0005413,M031,C02898,2026-06-22 18:13:12,PRD_ACC_02,Accessories,1,4106.29,195.54,CARD
TXN0007299,M026,C02858,2026-06-22 18:15:19,PRD_COF_01,Coffee,1,380.0,192.53,UPI
TXN0004137,M046,C01646,2026-06-22 18:15:20,PRD_HOU_02,Household,2,520.66,49.59,UPI
TXN0002228,M012,C02148,2026-06-22 18:19:22,PRD_SNK_01,Snacks,1,307.01,14.62,UPI
TXN0000204,M032,C01506,2026-06-22 18:21:20,PRD_MED_02,Medicine,1,1904.26,90.68,UPI
TXN0006452,M022,C00767,2026-06-22 18:27:56,PRD_KID_01,Kids,1,1286.15,61.25,WALLET
TXN0005495,M003,C00856,2026-06-22 18:34:55,PRD_TEA_02,Tea,2,210.0,348.38,UPI
TXN0009861,M049,C03461,2026-06-22 18:35:03,PRD_TEA_01,Tea,1,240.0,40.69,UPI
TXN0008558,M040,C03237,2026-06-22 18:56:00,PRD_TEA_02,Tea,1,210.0,117.44,WALLET
TXN0000503,M004,C00059,2026-06-22 19:22:21,PRD_ELE_01,Home Electronics,2,899.0,185.91,UPI
TXN0006882,M042,C02834,2026-06-22 19:26:23,PRD_BRD_02,Bread,1,269.48,12.83,UPI
TXN0005729,M013,C00681,2026-06-22 19:53:59,PRD_CAK_01,Cakes,1,550.0,231.72,UPI
TXN0005885,M044,C02938,2026-06-22 20:24:10,PRD_KID_02,Kids,1,5250.0,250.0,WALLET
TXN0006686,M008,C01904,2026-06-22 20:46:39,PRD_TEA_01,Tea,1,282.18,13.44,UPI
TXN0008252,M037,C01233,2026-06-22 21:20:28,PRD_EAR_02,Earphones,1,373.93,17.81,CARD
TXN0001836,M031,C00015,2026-06-22 21:49:56,PRD_ACC_01,Accessories,1,15750.0,750.0,UPI
TXN0000200,M044,C02551,2026-06-22 21:51:33,PRD_ACC_02,Accessories,1,1263.61,60.17,UPI
TXN0002220,M037,C01747,2026-06-23 08:16:02,PRD_CAS_01,Cases,1,257.0,12.24,UPI
TXN0008950,M038,C00786,2026-06-23 10:40:53,PRD_EAR_02,Earphones,1,2802.28,133.44,WALLET
TXN0006506,M035,C01943,2026-06-23 12:14:50,PRD_CAS_01,Cases,3,473.77,67.68,UPI
TXN0008853,M046,C02290,2026-06-23 12:56:15,PRD_ESS_02,Daily Essentials,1,1096.6,52.22,UPI
TXN0009202,M027,C00072,2026-06-23 13:31:38,PRD_LAP_01,Laptops,1,11320.59,539.08,UPI
TXN0005618,M040,C03198,2026-06-23 14:10:22,PRD_SNK_02,Snacks,1,225.0,57.83,CASH
TXN0008863,M049,C00858,2026-06-23 15:35:16,PRD_SNK_01,Snacks,1,105.13,5.01,CASH
TXN0002057,M049,C01779,2026-06-23 16:48:30,PRD_TEA_02,Tea,1,840.0,40.0,UPI
TXN0001535,M002,C00824,2026-06-23 17:09:28,PRD_BRD_01,Bread,1,627.96,29.9,UPI
TXN0009749,M013,C00720,2026-06-23 17:36:19,PRD_CAK_02,Cakes,1,862.14,41.05,UPI
TXN0004807,M032,C00849,2026-06-23 18:02:23,PRD_MED_01,Medicine,1,741.56,35.31,UPI
TXN0007819,M027,C00321,2026-06-23 18:06:11,PRD_MOB_02,Mobiles,1,11999.0,7116.67,UPI
TXN0003592,M038,C02141,2026-06-23 18:26:42,PRD_CAB_01,Cables,2,359.64,34.26,CASH
TXN0009692,M002,C03386,2026-06-23 18:31:10,PRD_BRD_02,Bread,2,589.69,56.16,WALLET
TXN0001760,M016,C02487,2026-06-23 18:38:14,PRD_PAS_01,Pastries,1,924.05,44.0,WALLET
TXN0000458,M005,C01095,2026-06-23 19:20:55,PRD_ELE_02,Home Electronics,1,10050.89,478.61,UPI
TXN0009186,M011,C02936,2026-06-23 19:24:25,PRD_OFF_01,Office Supplies,1,212.45,10.12,WALLET
TXN0008961,M005,C01015,2026-06-23 19:32:34,PRD_LAP_02,Laptops,1,7223.27,343.97,UPI
TXN0005449,M045,C01975,2026-06-23 20:17:38,PRD_SNK_01,Snacks,2,211.79,20.17,CASH
TXN0008586,M037,C00808,2026-06-23 20:50:14,PRD_CAB_02,Cables,2,349.0,195.03,UPI
TXN0003485,M011,C00872,2026-06-23 21:33:03,PRD_WRI_01,Writing,1,212.28,10.11,UPI
TXN0009705,M027,C03000,2026-06-23 21:45:05,PRD_ACC_02,Accessories,2,1833.22,174.59,UPI
TXN0009218,M043,C01651,2026-06-23 21:54:26,PRD_SNK_01,Snacks,1,299.26,14.25,UPI
TXN0000304,M003,C01968,2026-06-24 09:49:45,PRD_DES_02,Desserts,2,180.0,221.56,UPI
TXN0000199,M028,C00171,2026-06-24 10:28:45,PRD_EAR_01,Earphones,1,1524.19,72.58,UPI
TXN0005124,M005,C00483,2026-06-24 10:47:36,PRD_MOB_02,Mobiles,1,11999.0,8646.92,UPI
TXN0009212,M020,C00645,2026-06-24 12:39:01,PRD_LAP_01,Laptops,1,3347.98,159.43,UPI
TXN0007890,M001,C02900,2026-06-24 13:17:27,PRD_DAI_02,Dairy,3,382.76,54.68,UPI
TXN0009454,M006,C01317,2026-06-24 16:16:07,PRD_EAR_01,Earphones,1,2602.26,123.92,UPI
TXN0008316,M039,C00450,2026-06-24 16:20:53,PRD_PER_02,Personal Care,1,355.16,16.91,UPI
TXN0009956,M027,C02024,2026-06-24 16:39:22,PRD_MOB_01,Mobiles,1,6499.0,1685.06,CASH
TXN0005408,M027,C01518,2026-06-24 17:04:15,PRD_ACC_02,Accessories,1,15750.0,750.0,WALLET
TXN0008064,M031,C03076,2026-06-24 18:00:18,PRD_MOB_01,Mobiles,2,6499.0,4870.65,UPI
TXN0005962,M026,C02641,2026-06-24 18:04:21,PRD_COF_02,Coffee,1,840.0,40.0,WALLET
TXN0001384,M010,C02632,2026-06-24 18:24:23,PRD_BEV_01,Beverages,1,975.74,46.46,UPI
TXN0000070,M007,C03056,2026-06-24 18:48:50,PRD_SNK_02,Snacks,1,508.16,24.2,UPI
TXN0001308,M002,C02348,2026-06-24 20:52:20,PRD_CAK_01,Cakes,1,550.0,31.77,UPI
TXN0000255,M038,C00715,2026-06-24 21:30:32,PRD_CAS_02,Cases,1,998.82,47.56,UPI
TXN0002210,M021,C02973,2026-06-25 08:50:36,PRD_OFF_01,Office Supplies,1,333.61,15.89,UPI
TXN0001399,M039,C02365,2026-06-25 10:20:20,PRD_BABY_02,Baby Care,1,748.01,35.62,UPI
TXN0005129,M042,C01152,2026-06-25 13:13:43,PRD_PAS_01,Pastries,1,95.0,15.0,CARD
TXN0003845,M007,C02439,2026-06-25 13:15:50,PRD_DAI_02,Dairy,1,215.31,10.25,WALLET
TXN0009224,M036,C02237,2026-06-25 13:56:08,PRD_HOU_01,Household,1,325.55,15.5,UPI
TXN0008998,M045,C01653,2026-06-25 15:44:18,PRD_STA_02,Staples,1,631.53,30.07,UPI
TXN0003134,M029,C03248,2026-06-25 16:15:05,PRD_OFF_01,Office Supplies,2,233.51,22.24,UPI
TXN0000707,M029,C00247,2026-06-25 16:44:30,PRD_WRI_02,Writing,2,230.32,21.93,UPI
TXN0006175,M049,C02572,2026-06-25 16:49:17,PRD_SNK_01,Snacks,1,840.0,40.0,UPI
TXN0006824,M036,C01695,2026-06-25 17:10:55,PRD_STA_02,Staples,1,352.33,16.78,UPI
TXN0005731,M042,C01225,2026-06-25 18:09:08,PRD_CAK_01,Cakes,4,550.0,2030.59,UPI
TXN0004942,M031,C02937,2026-06-25 18:15:55,PRD_ELE_02,Home Electronics,1,7090.65,337.65,UPI
TXN0007171,M050,C00941,2026-06-25 18:16:37,PRD_CAK_01,Cakes,1,550.0,302.7,UPI
TXN0005427,M003,C02907,2026-06-25 18:45:28,PRD_SNK_02,Snacks,1,665.94,31.71,CASH
TXN0004782,M045,C01445,2026-06-25 19:08:05,PRD_BEV_01,Beverages,1,1017.44,48.45,UPI
TXN0007440,M015,C02103,2026-06-25 19:12:45,PRD_CAK_02,Cakes,1,466.13,22.2,UPI
TXN0003803,M043,C03365,2026-06-25 19:25:39,PRD_SNK_01,Snacks,1,643.52,30.64,WALLET
TXN0004876,M011,C03053,2026-06-25 19:36:45,PRD_OFF_02,Office Supplies,1,310.0,52.76,UPI
TXN0005669,M006,C01309,2026-06-25 20:28:42,PRD_CHG_01,Chargers,3,699.0,1388.37,CARD
TXN0007198,M019,C00325,2026-06-25 20:57:40,PRD_CAS_02,Cases,1,2130.27,101.44,UPI
TXN0003606,M047,C01894,2026-06-25 21:00:04,PRD_ELE_01,Home Electronics,1,8332.39,396.78,WALLET
TXN0008205,M025,C00953,2026-06-25 21:54:36,PRD_SNK_02,Snacks,1,225.0,78.29,UPI
TXN0002947,M049,C01812,2026-06-25 22:00:10,PRD_SNK_01,Snacks,1,494.07,23.53,CASH
TXN0000679,M030,C01126,2026-06-25 22:11:33,PRD_ELE_02,Home Electronics,1,3386.87,161.28,WALLET
TXN0000121,M045,C02114,2026-06-25 22:27:26,PRD_STA_01,Staples,1,540.0,321.2,UPI
TXN0005793,M040,C02990,2026-06-26 09:08:00,PRD_TEA_02,Tea,1,276.2,13.15,WALLET
TXN0002889,M036,C01868,2026-06-26 10:07:16,PRD_STA_01,Staples,1,915.88,43.61,UPI
TXN0005971,M018,C00553,2026-06-26 11:56:14,PRD_BEV_02,Beverages,2,155.38,14.8,UPI
TXN0006776,M018,C01128,2026-06-26 12:30:36,PRD_BEV_01,Beverages,1,367.88,17.52,WALLET
TXN0001106,M010,C03302,2026-06-26 12:40:35,PRD_DAI_02,Dairy,2,103.22,9.83,CARD
TXN0000794,M015,C02833,2026-06-26 13:45:13,PRD_CAK_01,Cakes,1,953.75,45.42,CARD
TXN0009702,M046,C02673,2026-06-26 14:05:53,PRD_BEV_02,Beverages,1,1684.81,80.23,UPI
TXN0008454,M031,C02491,2026-06-26 16:10:05,PRD_LAP_01,Laptops,1,9363.63,445.89,WALLET
TXN0009717,M010,C00169,2026-06-26 16:25:54,PRD_SNK_02,Snacks,1,400.93,19.09,UPI
TXN0006038,M017,C02109,2026-06-26 17:02:00,PRD_OFF_01,Office Supplies,1,175.0,36.34,UPI
TXN0007923,M050,C01633,2026-06-26 17:08:49,PRD_PAS_02,Pastries,1,264.02,12.57,UPI
TXN0004026,M013,C01959,2026-06-26 17:08:56,PRD_CAK_01,Cakes,1,648.75,30.89,UPI
TXN0003053,M018,C00260,2026-06-26 17:20:56,PRD_SNK_02,Snacks,1,1105.59,52.65,UPI
TXN0005716,M018,C01415,2026-06-26 17:39:10,PRD_BEV_01,Beverages,4,165.64,31.54,UPI
TXN0002660,M010,C02499,2026-06-26 18:25:43,PRD_STA_02,Staples,1,357.2,17.01,CARD
TXN0008660,M037,C00531,2026-06-26 18:26:54,PRD_CAS_01,Cases,1,1719.08,81.86,UPI
TXN0003775,M009,C02769,2026-06-26 18:32:51,PRD_MED_02,Medicine,2,395.3,37.65,UPI
TXN0002582,M046,C00013,2026-06-26 18:54:48,PRD_SNK_01,Snacks,2,864.5,82.34,UPI
TXN0004528,M006,C01086,2026-06-26 18:58:57,PRD_CAS_02,Cases,1,3150.0,150.0,UPI
TXN0003479,M011,C03368,2026-06-26 19:07:37,PRD_OFF_01,Office Supplies,1,175.0,12.03,UPI
TXN0001977,M006,C03319,2026-06-26 19:09:31,PRD_CHG_02,Chargers,1,999.0,674.63,CARD
TXN0004941,M027,C00708,2026-06-26 19:16:06,PRD_LAP_01,Laptops,1,5537.93,263.71,UPI
TXN0008625,M029,C01081,2026-06-26 19:34:04,PRD_NOT_02,Notebooks,1,260.0,41.9,UPI
TXN0009201,M028,C01839,2026-06-26 19:34:59,PRD_CAS_01,Cases,1,1842.57,87.74,WALLET
TXN0008113,M027,C02897,2026-06-26 19:43:39,PRD_ELE_02,Home Electronics,1,2848.42,135.64,UPI
TXN0002058,M043,C00066,2026-06-26 20:47:06,PRD_CAK_01,Cakes,1,550.0,321.63,UPI
TXN0006220,M014,C00971,2026-06-26 20:50:17,PRD_PAS_02,Pastries,2,630.0,60.0,UPI
TXN0007835,M047,C00839,2026-06-26 21:39:04,PRD_LAP_01,Laptops,2,7513.92,715.61,UPI
TXN0004918,M016,C02675,2026-06-26 22:07:59,PRD_CAK_02,Cakes,2,450.0,257.91,UPI
TXN0005781,M045,C02616,2026-06-27 09:20:39,PRD_DAI_01,Dairy,1,512.42,24.4,CARD
TXN0009627,M046,C03336,2026-06-27 10:20:03,PRD_SNK_02,Snacks,1,1076.59,51.27,UPI
TXN0007668,M008,C02005,2026-06-27 11:00:10,PRD_DES_01,Desserts,1,220.0,104.54,CARD
TXN0006371,M001,C03341,2026-06-27 15:05:46,PRD_DAI_02,Dairy,1,440.45,20.97,CARD
TXN0003676,M001,C01421,2026-06-27 15:21:49,PRD_DAI_01,Dairy,1,687.69,32.75,UPI
TXN0008353,M022,C00952,2026-06-27 15:23:26,PRD_KID_02,Kids,1,1824.66,86.89,UPI
TXN0007895,M032,C01468,2026-06-27 16:13:13,PRD_MED_01,Medicine,1,463.16,22.06,WALLET
TXN0005917,M001,C01237,2026-06-27 17:03:52,PRD_STA_02,Staples,1,309.56,14.74,UPI
TXN0001910,M005,C01231,2026-06-27 17:04:12,PRD_ELE_01,Home Electronics,1,13049.81,621.42,UPI
TXN0004493,M029,C00803,2026-06-27 17:19:27,PRD_OFF_02,Office Supplies,1,643.27,30.63,UPI
TXN0000334,M040,C01783,2026-06-27 17:57:10,PRD_DES_01,Desserts,1,220.0,132.59,CARD
TXN0004530,M020,C00289,2026-06-27 18:11:13,PRD_LAP_02,Laptops,1,8298.89,395.19,UPI
TXN0007810,M031,C01413,2026-06-27 18:21:27,PRD_ACC_01,Accessories,3,2945.65,420.8,UPI
TXN0008395,M005,C01464,2026-06-27 18:44:51,PRD_MOB_02,Mobiles,1,11999.0,5911.14,UPI
TXN0004154,M015,C03133,2026-06-27 18:46:26,PRD_BRD_01,Bread,1,1577.58,75.12,UPI
TXN0006130,M046,C00889,2026-06-27 18:47:39,PRD_BEV_02,Beverages,2,181.87,17.33,UPI
TXN0009243,M042,C02136,2026-06-27 19:10:24,PRD_BRD_01,Bread,1,471.23,22.44,CASH
TXN0003201,M044,C00810,2026-06-27 19:36:04,PRD_ACC_02,Accessories,1,882.87,42.04,UPI
TXN0005333,M033,C01790,2026-06-27 20:18:09,PRD_DAI_01,Dairy,1,1409.26,67.11,UPI
TXN0005146,M049,C02481,2026-06-27 20:23:20,PRD_TEA_02,Tea,1,210.0,112.24,UPI
TXN0007301,M009,C02827,2026-06-27 20:46:30,PRD_BABY_01,Baby Care,1,799.0,336.14,UPI
TXN0003598,M044,C01136,2026-06-27 20:50:43,PRD_ACC_02,Accessories,2,1006.08,95.81,UPI
TXN0007876,M029,C03296,2026-06-27 21:04:05,PRD_ART_01,Art Supplies,3,320.0,783.12,CASH
TXN0007020,M044,C03184,2026-06-27 21:46:14,PRD_WOM_02,Women,1,3719.75,177.13,UPI
TXN0009796,M010,C01837,2026-06-28 08:10:46,PRD_DAI_01,Dairy,1,1216.9,57.95,CASH
TXN0001891,M027,C01616,2026-06-28 08:16:40,PRD_LAP_02,Laptops,1,3455.57,164.55,UPI
TXN0001658,M013,C03048,2026-06-28 08:19:03,PRD_BRD_01,Bread,1,481.28,22.92,UPI
TXN0000573,M030,C02768,2026-06-28 08:20:50,PRD_ELE_02,Home Electronics,1,4056.2,193.15,UPI
TXN0004689,M047,C02538,2026-06-28 11:51:52,PRD_ACC_01,Accessories,1,3942.21,187.72,UPI
TXN0005953,M017,C01531,2026-06-28 12:24:31,PRD_WRI_02,Writing,2,115.0,82.21,UPI
TXN0003661,M047,C01397,2026-06-28 13:10:16,PRD_ELE_01,Home Electronics,1,3650.14,173.82,UPI
TXN0002167,M036,C01390,2026-06-28 14:45:08,PRD_SNK_02,Snacks,1,528.92,25.19,WALLET
TXN0007886,M049,C02069,2026-06-28 15:48:20,PRD_TEA_01,Tea,1,240.44,11.45,UPI
TXN0007583,M024,C03085,2026-06-28 16:01:46,PRD_BEV_02,Beverages,1,260.64,12.41,UPI
TXN0000463,M017,C00319,2026-06-28 16:46:42,PRD_ART_01,Art Supplies,1,576.43,27.45,CASH
TXN0003651,M026,C03262,2026-06-28 17:28:09,PRD_DES_02,Desserts,1,180.0,111.66,CARD
TXN0008086,M021,C00971,2026-06-28 17:53:45,PRD_ART_01,Art Supplies,1,840.63,40.03,WALLET
TXN0002703,M011,C01280,2026-06-28 17:59:23,PRD_NOT_02,Notebooks,2,260.0,135.46,UPI
TXN0007542,M039,C02473,2026-06-28 18:28:03,PRD_BABY_01,Baby Care,1,3407.25,162.25,UPI
TXN0006285,M010,C01832,2026-06-28 18:51:44,PRD_DAI_02,Dairy,2,1039.5,99.0,UPI
TXN0009561,M001,C01140,2026-06-28 18:53:41,PRD_STA_01,Staples,1,547.91,26.09,UPI
TXN0007592,M028,C00214,2026-06-28 19:03:53,PRD_CAB_02,Cables,1,441.92,21.04,UPI
TXN0006708,M013,C01449,2026-06-28 19:47:37,PRD_SNK_01,Snacks,1,936.04,44.57,UPI
TXN0008515,M001,C03334,2026-06-28 20:05:49,PRD_DAI_02,Dairy,1,1846.3,87.92,CASH
TXN0007383,M044,C00488,2026-06-28 20:25:38,PRD_MEN_01,Men,1,1414.08,67.34,CASH
TXN0002311,M049,C00586,2026-06-28 20:29:43,PRD_COF_02,Coffee,1,280.0,65.58,CARD
TXN0000571,M028,C00781,2026-06-28 20:35:05,PRD_EAR_01,Earphones,1,1299.0,532.96,WALLET
TXN0003286,M034,C01328,2026-06-28 20:35:19,PRD_OFF_02,Office Supplies,1,310.0,112.92,UPI
TXN0004707,M015,C00110,2026-06-28 21:02:15,PRD_BRD_01,Bread,2,418.71,39.87,UPI
TXN0000762,M019,C00239,2026-06-28 21:06:50,PRD_EAR_02,Earphones,4,685.55,130.57,UPI
TXN0007683,M017,C00361,2026-06-28 21:24:01,PRD_WRI_01,Writing,1,933.42,44.45,UPI
TXN0006211,M018,C02379,2026-06-28 21:47:29,PRD_MEA_02,Meals,1,1053.38,50.16,CARD
TXN0004962,M040,C00262,2026-06-28 22:01:27,PRD_COF_01,Coffee,2,380.0,468.05,UPI
TXN0004977,M015,C00354,2026-06-28 22:23:31,PRD_BRD_02,Bread,1,808.8,38.51,CARD
TXN0003664,M017,C00748,2026-06-28 22:46:33,PRD_WRI_01,Writing,1,739.1,35.2,WALLET
TXN0002628,M043,C02621,2026-06-28 22:54:13,PRD_BRD_02,Bread,1,1386.0,66.0,UPI
TXN0004397,M020,C01952,2026-06-28 22:54:35,PRD_ELE_01,Home Electronics,1,4952.05,235.81,UPI
TXN0003250,M026,C01528,2026-06-29 08:08:05,PRD_TEA_02,Tea,1,210.0,117.22,UPI
TXN0003629,M038,C01674,2026-06-29 08:47:26,PRD_EAR_01,Earphones,1,1299.0,342.88,UPI
TXN0005768,M027,C00717,2026-06-29 09:41:01,PRD_ELE_02,Home Electronics,1,5827.09,277.48,WALLET
TXN0007218,M045,C01412,2026-06-29 10:22:24,PRD_HOU_01,Household,1,885.28,42.16,UPI
TXN0000411,M010,C01903,2026-06-29 11:25:21,PRD_SNK_02,Snacks,1,235.32,11.21,UPI
TXN0000171,M046,C01874,2026-06-29 14:01:43,PRD_HOU_01,Household,1,926.78,44.13,CARD
TXN0004150,M010,C01678,2026-06-29 14:12:25,PRD_STA_02,Staples,1,829.35,39.49,CARD
TXN0009652,M006,C02189,2026-06-29 14:31:38,PRD_CHG_01,Chargers,3,882.94,126.14,CASH
TXN0008164,M017,C01353,2026-06-29 15:56:08,PRD_ART_02,Art Supplies,2,175.0,171.39,WALLET
TXN0006439,M048,C01710,2026-06-29 16:19:26,PRD_EAR_01,Earphones,1,1299.0,910.54,CARD
TXN0001066,M022,C00463,2026-06-29 16:25:38,PRD_MEN_02,Men,1,5153.23,245.39,UPI
TXN0002226,M003,C00890,2026-06-29 16:33:28,PRD_DES_01,Desserts,1,415.51,19.79,UPI
TXN0007045,M001,C03364,2026-06-29 17:28:07,PRD_BEV_02,Beverages,1,1890.0,90.0,UPI
TXN0003081,M020,C01601,2026-06-29 17:47:14,PRD_MOB_01,Mobiles,1,6499.0,2678.23,UPI
TXN0002555,M017,C00959,2026-06-29 18:33:01,PRD_ART_02,Art Supplies,1,440.13,20.96,CARD
TXN0001098,M046,C00132,2026-06-29 18:57:44,PRD_SNK_01,Snacks,1,909.39,43.3,CASH
TXN0000619,M001,C00859,2026-06-29 19:31:04,PRD_HOU_02,Household,1,605.04,28.81,UPI
TXN0009519,M005,C00476,2026-06-29 19:38:25,PRD_ELE_01,Home Electronics,2,3669.05,349.43,UPI
TXN0004842,M018,C02915,2026-06-29 19:59:50,PRD_BEV_02,Beverages,1,126.0,6.0,UPI
TXN0009665,M046,C02317,2026-06-29 20:13:29,PRD_SNK_01,Snacks,1,439.38,20.92,CARD
TXN0006125,M018,C02441,2026-06-29 20:15:43,PRD_SNK_02,Snacks,1,225.0,52.04,UPI
TXN0002690,M002,C02815,2026-06-29 20:40:00,PRD_BRD_01,Bread,1,323.01,15.38,UPI
TXN0009384,M037,C00994,2026-06-29 20:45:13,PRD_CAB_02,Cables,1,893.87,42.57,UPI
TXN0003523,M019,C00783,2026-06-29 21:18:17,PRD_CAB_01,Cables,1,797.87,37.99,WALLET
TXN0004717,M021,C01958,2026-06-29 22:18:38,PRD_ART_02,Art Supplies,1,225.77,10.75,CASH
TXN0001525,M042,C01389,2026-06-29 22:19:10,PRD_BRD_01,Bread,1,977.53,46.55,UPI
TXN0007569,M011,C03214,2026-06-30 08:27:44,PRD_ART_02,Art Supplies,1,553.18,26.34,UPI
TXN0004256,M027,C00850,2026-06-30 09:32:06,PRD_ACC_01,Accessories,1,3668.86,174.71,WALLET
TXN0002535,M011,C02119,2026-06-30 10:04:52,PRD_WRI_02,Writing,1,945.0,45.0,UPI
TXN0000954,M032,C02723,2026-06-30 11:01:55,PRD_MED_01,Medicine,1,1310.75,62.42,UPI
TXN0008547,M017,C02658,2026-06-30 11:22:30,PRD_NOT_02,Notebooks,1,260.0,132.14,CASH
TXN0006497,M014,C01394,2026-06-30 13:06:47,PRD_BRD_01,Bread,1,203.07,9.67,UPI
TXN0009004,M014,C02969,2026-06-30 15:47:08,PRD_PAS_02,Pastries,1,736.56,35.07,UPI
TXN0003519,M008,C03169,2026-06-30 16:48:57,PRD_TEA_01,Tea,1,240.0,107.54,UPI
TXN0003261,M035,C00294,2026-06-30 16:49:31,PRD_CHG_02,Chargers,1,3067.6,146.08,UPI
TXN0005054,M026,C01737,2026-06-30 16:52:55,PRD_DES_01,Desserts,1,337.69,16.08,UPI
TXN0001412,M040,C01694,2026-06-30 17:58:35,PRD_DES_02,Desserts,3,180.0,429.79,CASH
TXN0001165,M029,C02331,2026-06-30 18:16:17,PRD_NOT_01,Notebooks,1,945.0,45.0,UPI
TXN0005531,M010,C03015,2026-06-30 18:21:57,PRD_BEV_02,Beverages,2,597.2,56.88,UPI
TXN0005938,M007,C03097,2026-06-30 18:25:17,PRD_SNK_01,Snacks,1,499.8,23.8,UPI
TXN0004385,M016,C01958,2026-06-30 19:15:30,PRD_SNK_02,Snacks,1,406.62,19.36,UPI
TXN0006009,M013,C03461,2026-06-30 19:38:11,PRD_BRD_01,Bread,2,343.8,32.74,UPI
TXN0009918,M031,C01147,2026-06-30 19:43:30,PRD_LAP_02,Laptops,1,6356.96,302.71,WALLET
TXN0007323,M018,C02156,2026-06-30 20:32:08,PRD_DES_01,Desserts,1,628.46,29.93,CARD
TXN0001474,M042,C01720,2026-06-30 20:42:44,PRD_PAS_02,Pastries,3,115.57,16.5,UPI
TXN0006388,M008,C01788,2026-06-30 21:17:11,PRD_TEA_01,Tea,1,240.0,62.28,CARD
TXN0006252,M015,C01928,2026-06-30 22:15:53,PRD_PAS_02,Pastries,1,198.29,9.44,CARD
TXN0007444,M046,C01176,2026-06-30 22:25:08,PRD_BEV_01,Beverages,1,294.0,14.0,UPI
TXN0007046,M026,C01818,2026-06-30 22:25:49,PRD_SNK_02,Snacks,1,554.62,26.41,WALLET
TXN0001546,M015,C00968,2026-06-30 22:54:56,PRD_CAK_01,Cakes,1,550.0,309.43,UPI
TXN0005628,M039,C02242,2026-07-01 09:14:51,PRD_PER_02,Personal Care,1,685.35,32.64,CARD
TXN0008203,M029,C00471,2026-07-01 11:36:25,PRD_OFF_01,Office Supplies,2,195.44,18.62,UPI
TXN0001152,M009,C01867,2026-07-01 13:40:58,PRD_BABY_02,Baby Care,1,1567.8,74.66,UPI
TXN0000669,M004,C02525,2026-07-01 14:07:24,PRD_ACC_01,Accessories,1,7402.39,352.49,WALLET
TXN0004673,M025,C03273,2026-07-01 14:35:07,PRD_PAS_02,Pastries,1,531.14,25.29,UPI
TXN0004342,M008,C00210,2026-07-01 15:35:05,PRD_COF_01,Coffee,1,445.87,21.23,UPI
TXN0005927,M029,C02838,2026-07-01 15:36:37,PRD_OFF_02,Office Supplies,2,310.0,430.03,CARD
TXN0004536,M035,C02947,2026-07-01 17:02:41,PRD_CAS_01,Cases,1,3339.0,159.0,UPI
TXN0009605,M047,C02354,2026-07-01 17:26:36,PRD_LAP_02,Laptops,1,16026.27,763.16,UPI
TXN0004270,M018,C03102,2026-07-01 17:57:20,PRD_DES_01,Desserts,2,468.46,44.61,CASH
TXN0003861,M003,C01667,2026-07-01 18:02:51,PRD_TEA_02,Tea,2,210.0,21.7,UPI
TXN0000393,M038,C02198,2026-07-01 18:39:03,PRD_CAB_01,Cables,2,399.55,38.06,UPI
TXN0009189,M029,C00133,2026-07-01 18:41:42,PRD_OFF_02,Office Supplies,1,310.0,157.32,UPI
TXN0009213,M029,C02501,2026-07-01 18:45:06,PRD_OFF_01,Office Supplies,1,779.05,37.1,WALLET
TXN0000237,M006,C01305,2026-07-01 18:52:45,PRD_EAR_02,Earphones,1,2599.26,123.77,WALLET
TXN0007083,M002,C01739,2026-07-01 19:39:48,PRD_SNK_01,Snacks,1,274.93,13.09,UPI
TXN0002531,M047,C00376,2026-07-01 19:44:38,PRD_ACC_02,Accessories,2,1121.07,106.77,UPI
TXN0005564,M039,C00803,2026-07-01 19:53:29,PRD_WEL_01,Wellness,1,1514.02,72.1,CARD
TXN0009332,M010,C01046,2026-07-01 20:23:09,PRD_DAI_02,Dairy,1,199.49,9.5,UPI
TXN0003768,M027,C00472,2026-07-01 20:40:00,PRD_ACC_01,Accessories,2,3510.69,334.35,UPI
TXN0000520,M031,C03234,2026-07-01 20:40:31,PRD_LAP_02,Laptops,3,757.87,108.27,UPI
TXN0009514,M031,C02638,2026-07-01 21:00:18,PRD_ACC_01,Accessories,1,4640.38,220.97,CASH
TXN0002914,M009,C01496,2026-07-01 21:29:55,PRD_PER_02,Personal Care,2,475.79,45.32,UPI
TXN0000214,M004,C01974,2026-07-01 21:29:56,PRD_ELE_01,Home Electronics,1,6958.47,331.36,UPI
TXN0002071,M042,C00836,2026-07-01 21:31:02,PRD_PAS_02,Pastries,1,682.08,32.48,UPI
TXN0003352,M043,C01118,2026-07-01 21:54:22,PRD_CAK_01,Cakes,1,550.0,112.71,UPI
TXN0007620,M040,C01766,2026-07-01 21:54:47,PRD_DES_02,Desserts,4,180.0,387.36,UPI
TXN0001746,M015,C01647,2026-07-01 22:03:47,PRD_BRD_01,Bread,2,50.0,11.01,WALLET
TXN0004230,M046,C00124,2026-07-01 22:18:14,PRD_SNK_02,Snacks,1,345.26,16.44,UPI
TXN0004030,M030,C01480,2026-07-01 22:31:10,PRD_ELE_01,Home Electronics,1,12956.24,616.96,CARD
TXN0001505,M020,C00820,2026-07-02 08:37:35,PRD_ACC_02,Accessories,1,5747.08,273.67,UPI
TXN0009135,M021,C02972,2026-07-02 09:50:00,PRD_OFF_01,Office Supplies,1,1001.7,47.7,UPI
TXN0007791,M050,C00376,2026-07-02 10:11:05,PRD_CAK_02,Cakes,2,450.0,477.17,UPI
TXN0009463,M028,C00016,2026-07-02 10:38:59,PRD_EAR_01,Earphones,1,1966.37,93.64,UPI
TXN0002751,M011,C01413,2026-07-02 11:44:17,PRD_WRI_02,Writing,1,253.16,12.06,CARD
TXN0003865,M050,C00932,2026-07-02 12:43:25,PRD_SNK_01,Snacks,1,259.11,12.34,CASH
TXN0004183,M017,C00948,2026-07-02 13:16:42,PRD_WRI_02,Writing,1,1001.7,47.7,UPI
TXN0009402,M026,C02537,2026-07-02 15:00:27,PRD_DES_01,Desserts,1,648.39,30.88,UPI
TXN0001516,M039,C00424,2026-07-02 17:02:38,PRD_WEL_02,Wellness,4,280.0,663.55,UPI
TXN0009510,M033,C02398,2026-07-02 17:03:30,PRD_SNK_01,Snacks,1,684.57,32.6,UPI
TXN0002949,M037,C00267,2026-07-02 17:25:38,PRD_EAR_02,Earphones,1,1510.26,71.92,UPI
TXN0002321,M029,C00765,2026-07-02 17:27:18,PRD_NOT_01,Notebooks,1,302.89,14.42,UPI
TXN0008680,M040,C02419,2026-07-02 17:33:02,PRD_SNK_02,Snacks,2,225.0,199.1,UPI
TXN0000481,M040,C00871,2026-07-02 17:34:09,PRD_SNK_01,Snacks,2,96.37,9.18,CARD
TXN0005310,M038,C03262,2026-07-02 17:50:48,PRD_CAB_02,Cables,2,1589.03,151.34,UPI
TXN0001529,M006,C02314,2026-07-02 18:08:59,PRD_CHG_01,Chargers,1,1769.0,84.24,UPI
TXN0004263,M007,C01374,2026-07-02 18:31:19,PRD_DAI_02,Dairy,2,353.87,33.7,WALLET
TXN0009128,M036,C00914,2026-07-02 18:32:32,PRD_HOU_01,Household,1,305.15,14.53,UPI
TXN0007345,M031,C00137,2026-07-02 18:34:29,PRD_ELE_02,Home Electronics,1,1099.0,433.75,WALLET
TXN0008732,M046,C00901,2026-07-02 18:35:47,PRD_SNK_01,Snacks,1,1913.44,91.12,UPI
TXN0003922,M012,C01369,2026-07-02 18:38:50,PRD_HOU_02,Household,1,880.61,41.93,UPI
TXN0006332,M024,C01865,2026-07-02 19:02:56,PRD_ESS_01,Daily Essentials,4,145.0,32.73,UPI
TXN0009289,M049,C03230,2026-07-02 19:11:16,PRD_DES_02,Desserts,4,200.28,38.14,UPI
TXN0000043,M042,C00727,2026-07-02 19:23:48,PRD_CAK_01,Cakes,1,550.0,49.05,UPI
TXN0001186,M019,C02578,2026-07-02 19:35:39,PRD_CHG_02,Chargers,1,3339.0,159.0,CASH
TXN0006383,M002,C02758,2026-07-02 19:44:39,PRD_SNK_01,Snacks,2,126.24,12.02,UPI
TXN0003311,M029,C00144,2026-07-02 19:48:15,PRD_ART_02,Art Supplies,4,175.0,323.35,CASH
TXN0003668,M001,C01025,2026-07-02 19:52:09,PRD_DAI_01,Dairy,1,395.93,18.85,UPI
TXN0001447,M029,C00884,2026-07-02 19:59:28,PRD_OFF_02,Office Supplies,1,367.96,17.52,CASH
TXN0000696,M003,C01914,2026-07-02 20:09:21,PRD_DES_01,Desserts,1,372.33,17.73,UPI
TXN0002685,M008,C02965,2026-07-02 20:24:06,PRD_DES_02,Desserts,2,180.0,282.89,UPI
TXN0001798,M025,C02312,2026-07-02 20:26:22,PRD_PAS_01,Pastries,1,618.76,29.46,UPI
TXN0005678,M039,C03025,2026-07-02 21:21:18,PRD_PER_02,Personal Care,1,986.63,46.98,UPI
TXN0009304,M036,C02096,2026-07-02 21:50:13,PRD_SNK_01,Snacks,1,2003.4,95.4,UPI
TXN0000970,M030,C00089,2026-07-02 22:28:25,PRD_ELE_02,Home Electronics,1,5642.98,268.71,UPI
TXN0000435,M026,C00739,2026-07-02 22:59:57,PRD_SNK_01,Snacks,1,587.95,28.0,CARD
TXN0005387,M028,C01165,2026-07-03 08:40:43,PRD_EAR_02,Earphones,2,349.0,52.93,UPI
TXN0002937,M021,C03347,2026-07-03 08:59:16,PRD_NOT_01,Notebooks,1,616.78,29.37,UPI
TXN0009907,M038,C02449,2026-07-03 09:09:55,PRD_CAS_02,Cases,1,1232.12,58.67,UPI
TXN0002808,M029,C00620,2026-07-03 10:40:59,PRD_OFF_01,Office Supplies,1,554.37,26.4,UPI
TXN0000013,M025,C00457,2026-07-03 15:15:41,PRD_SNK_02,Snacks,2,521.89,49.71,UPI
TXN0000860,M007,C02968,2026-07-03 16:22:38,PRD_DAI_01,Dairy,1,984.12,46.86,CARD
TXN0009926,M001,C02890,2026-07-03 16:37:47,PRD_BEV_02,Beverages,1,939.34,44.73,CASH
TXN0005385,M030,C03289,2026-07-03 16:51:33,PRD_MOB_01,Mobiles,1,7405.95,352.66,UPI
TXN0001775,M003,C02125,2026-07-03 17:08:00,PRD_SNK_02,Snacks,1,631.22,30.06,UPI
TXN0002721,M030,C02295,2026-07-03 17:11:11,PRD_MOB_01,Mobiles,1,16695.0,795.0,CARD
TXN0007632,M006,C01142,2026-07-03 17:24:02,PRD_EAR_02,Earphones,1,1061.19,50.53,UPI
TXN0003816,M003,C01231,2026-07-03 17:30:46,PRD_DES_01,Desserts,2,220.0,79.66,UPI
TXN0009740,M003,C01709,2026-07-03 17:56:39,PRD_TEA_02,Tea,2,210.0,116.57,UPI
TXN0009413,M012,C01202,2026-07-03 18:13:03,PRD_HOU_01,Household,1,821.11,39.1,UPI
TXN0000917,M034,C02831,2026-07-03 18:35:16,PRD_WRI_02,Writing,2,115.0,176.59,UPI
TXN0009594,M044,C02557,2026-07-03 18:43:36,PRD_ACC_01,Accessories,1,3851.3,183.4,UPI
TXN0004601,M017,C01381,2026-07-03 18:43:46,PRD_OFF_02,Office Supplies,1,606.12,28.86,UPI
TXN0002190,M017,C03278,2026-07-03 18:56:19,PRD_ART_01,Art Supplies,2,320.0,326.43,UPI
TXN0004093,M003,C00147,2026-07-03 19:03:39,PRD_DES_02,Desserts,1,714.15,34.01,CASH
TXN0002197,M003,C00570,2026-07-03 19:20:16,PRD_TEA_01,Tea,1,255.36,12.16,UPI
TXN0005301,M033,C01001,2026-07-03 19:43:05,PRD_BEV_02,Beverages,1,275.42,13.12,UPI
TXN0002813,M004,C02687,2026-07-03 19:45:48,PRD_ELE_01,Home Electronics,1,3762.49,179.17,WALLET
TXN0007964,M023,C00014,2026-07-03 20:07:14,PRD_BEV_02,Beverages,2,758.45,72.24,UPI
TXN0003444,M043,C01570,2026-07-03 20:11:42,PRD_PAS_01,Pastries,1,587.26,27.96,UPI
TXN0004930,M042,C00086,2026-07-03 20:13:00,PRD_SNK_02,Snacks,1,552.96,26.33,UPI
TXN0002584,M008,C03476,2026-07-03 20:28:14,PRD_SNK_01,Snacks,1,66.78,3.18,UPI
TXN0004326,M044,C02556,2026-07-03 20:30:49,PRD_ACC_02,Accessories,2,699.0,643.48,UPI
TXN0004996,M031,C01473,2026-07-03 20:42:09,PRD_MOB_01,Mobiles,1,13514.69,643.56,CASH
TXN0000154,M045,C01672,2026-07-03 21:51:04,PRD_HOU_02,Household,1,702.9,33.47,UPI
TXN0008523,M013,C01239,2026-07-03 22:19:34,PRD_BRD_01,Bread,1,433.78,20.66,UPI
TXN0005148,M043,C02647,2026-07-04 08:52:23,PRD_BRD_02,Bread,1,1358.99,64.71,WALLET
TXN0003072,M029,C00060,2026-07-04 09:24:48,PRD_WRI_01,Writing,1,90.0,6.3,UPI
TXN0001599,M029,C03066,2026-07-04 13:06:26,PRD_OFF_02,Office Supplies,1,586.49,27.93,UPI
TXN0009684,M021,C03242,2026-07-04 15:29:53,PRD_OFF_01,Office Supplies,1,228.29,10.87,UPI
TXN0008089,M031,C03084,2026-07-04 16:06:56,PRD_MOB_02,Mobiles,1,18364.5,874.5,UPI
TXN0001240,M023,C00613,2026-07-04 16:16:50,PRD_BEV_01,Beverages,2,541.72,51.59,UPI
TXN0007241,M004,C02552,2026-07-04 16:30:32,PRD_LAP_02,Laptops,1,2820.21,134.3,UPI
TXN0007207,M046,C01367,2026-07-04 16:50:36,PRD_ESS_01,Daily Essentials,1,458.89,21.85,UPI
TXN0008622,M036,C01824,2026-07-04 16:59:43,PRD_HOU_02,Household,1,557.59,26.55,WALLET
TXN0007354,M021,C00795,2026-07-04 17:12:57,PRD_ART_01,Art Supplies,1,715.18,34.06,UPI
TXN0001437,M031,C00299,2026-07-04 17:42:51,PRD_MOB_02,Mobiles,1,11999.0,5337.93,WALLET
TXN0001843,M044,C00203,2026-07-04 17:44:10,PRD_ACC_01,Accessories,1,6121.5,291.5,WALLET
TXN0008578,M010,C02926,2026-07-04 18:10:12,PRD_BEV_02,Beverages,1,1403.01,66.81,CASH
TXN0008673,M031,C03180,2026-07-04 18:15:11,PRD_MOB_01,Mobiles,1,12711.0,605.29,UPI
TXN0006536,M016,C01448,2026-07-04 18:40:16,PRD_CAK_02,Cakes,1,1043.69,49.7,CARD
TXN0002031,M044,C03442,2026-07-04 18:46:16,PRD_WOM_01,Women,1,1038.06,49.43,UPI
TXN0002587,M013,C03474,2026-07-04 18:49:38,PRD_SNK_02,Snacks,4,242.32,46.17,UPI
TXN0003328,M001,C01977,2026-07-04 19:05:23,PRD_BEV_01,Beverages,1,643.72,30.65,CARD
TXN0000838,M006,C01927,2026-07-04 19:11:13,PRD_CAS_02,Cases,2,620.11,59.05,UPI
TXN0007721,M014,C03185,2026-07-04 19:14:10,PRD_BRD_01,Bread,1,380.48,18.12,UPI
TXN0003429,M027,C01713,2026-07-04 19:24:31,PRD_ELE_02,Home Electronics,1,3113.91,148.28,UPI
TXN0008764,M040,C01495,2026-07-04 19:25:09,PRD_SNK_01,Snacks,1,204.83,9.75,UPI
TXN0001695,M031,C00107,2026-07-04 19:32:23,PRD_ACC_02,Accessories,1,18364.5,874.5,UPI
TXN0009236,M014,C01999,2026-07-04 19:37:36,PRD_BRD_01,Bread,1,276.23,13.15,UPI
TXN0000904,M038,C01834,2026-07-04 19:45:04,PRD_EAR_02,Earphones,1,700.12,33.34,UPI
TXN0005645,M038,C00169,2026-07-04 20:08:49,PRD_CAB_01,Cables,4,311.2,59.27,CARD
TXN0004046,M049,C00932,2026-07-04 20:33:23,PRD_DES_02,Desserts,1,478.88,22.8,CARD
TXN0003059,M008,C01443,2026-07-04 20:36:41,PRD_DES_01,Desserts,2,300.41,28.62,CASH
TXN0007162,M041,C00030,2026-07-04 20:46:38,PRD_SNK_02,Snacks,1,225.0,39.45,UPI
TXN0003024,M044,C00768,2026-07-04 20:48:00,PRD_ACC_01,Accessories,1,1137.79,54.18,CASH
TXN0006773,M001,C02237,2026-07-04 21:13:49,PRD_SNK_02,Snacks,1,2203.74,104.94,UPI
TXN0000432,M015,C03155,2026-07-04 21:47:36,PRD_PAS_01,Pastries,1,434.42,20.69,UPI
TXN0000750,M037,C01272,2026-07-04 22:47:57,PRD_CAS_02,Cases,3,651.82,93.13,UPI
TXN0008936,M044,C02087,2026-07-05 08:42:01,PRD_KID_01,Kids,2,349.0,252.42,UPI
TXN0001303,M004,C03031,2026-07-05 12:43:59,PRD_ACC_02,Accessories,3,3048.95,435.57,CASH
TXN0007247,M044,C03337,2026-07-05 12:47:07,PRD_WOM_01,Women,4,699.0,1582.79,UPI
TXN0002709,M043,C02347,2026-07-05 12:55:57,PRD_CAK_02,Cakes,1,450.0,178.18,UPI
TXN0008462,M006,C01142,2026-07-05 14:14:31,PRD_CHG_01,Chargers,1,949.5,45.21,CARD
TXN0001432,M047,C02724,2026-07-05 15:38:02,PRD_ELE_02,Home Electronics,2,9182.25,874.5,CASH
TXN0002174,M001,C02305,2026-07-05 16:07:49,PRD_DAI_01,Dairy,1,656.44,31.26,UPI
TXN0004516,M010,C01615,2026-07-05 16:39:51,PRD_DAI_02,Dairy,2,899.9,85.7,UPI
TXN0004457,M040,C02711,2026-07-05 17:04:13,PRD_TEA_01,Tea,1,240.0,68.15,UPI
TXN0008482,M011,C03249,2026-07-05 17:04:18,PRD_WRI_02,Writing,1,611.41,29.11,UPI
TXN0000502,M041,C01085,2026-07-05 17:29:07,PRD_SNK_01,Snacks,1,429.28,20.44,CASH
TXN0009227,M026,C02405,2026-07-05 17:36:34,PRD_DES_02,Desserts,1,320.47,15.26,CARD
TXN0000826,M028,C00322,2026-07-05 18:19:12,PRD_CHG_01,Chargers,1,1311.98,62.48,UPI
TXN0009584,M040,C00322,2026-07-05 18:34:27,PRD_SNK_02,Snacks,1,273.47,13.02,UPI
TXN0003017,M008,C00458,2026-07-05 18:52:45,PRD_TEA_01,Tea,1,527.19,25.1,UPI
TXN0000760,M009,C01224,2026-07-05 19:26:01,PRD_BABY_02,Baby Care,1,559.18,26.63,WALLET
TXN0005498,M033,C00410,2026-07-05 19:29:32,PRD_HOU_01,Household,1,426.86,20.33,CARD
TXN0002263,M002,C00633,2026-07-05 19:29:39,PRD_PAS_02,Pastries,1,633.01,30.14,UPI
TXN0001489,M018,C03246,2026-07-05 19:34:01,PRD_DES_01,Desserts,1,1807.48,86.07,UPI
TXN0002924,M046,C03449,2026-07-05 19:34:27,PRD_HOU_02,Household,2,707.4,67.37,UPI
TXN0003692,M021,C02566,2026-07-05 19:49:51,PRD_ART_01,Art Supplies,1,320.0,71.85,CASH
TXN0008208,M004,C01956,2026-07-05 19:50:25,PRD_LAP_02,Laptops,1,17405.69,828.84,CASH
TXN0002360,M042,C03285,2026-07-05 21:09:53,PRD_SNK_01,Snacks,1,437.12,20.82,UPI
TXN0007947,M028,C02121,2026-07-05 21:18:52,PRD_CAS_02,Cases,1,3672.9,174.9,UPI
TXN0001140,M029,C00957,2026-07-05 22:16:03,PRD_NOT_01,Notebooks,1,496.14,23.63,UPI
TXN0000990,M050,C00644,2026-07-06 08:14:17,PRD_PAS_02,Pastries,1,1335.6,63.6,UPI
TXN0006054,M018,C02675,2026-07-06 08:24:49,PRD_DES_01,Desserts,1,220.0,31.93,UPI
TXN0008912,M046,C00993,2026-07-06 09:12:00,PRD_HOU_02,Household,1,2216.07,105.53,UPI
TXN0009467,M005,C01016,2026-07-06 10:19:49,PRD_ELE_01,Home Electronics,1,7000.77,333.37,UPI
TXN0005328,M038,C02794,2026-07-06 10:24:08,PRD_EAR_02,Earphones,1,367.47,17.5,UPI
TXN0005247,M050,C00090,2026-07-06 12:23:25,PRD_PAS_01,Pastries,1,127.75,6.08,UPI
TXN0003098,M039,C01855,2026-07-06 12:39:31,PRD_MED_02,Medicine,1,2782.5,132.5,CASH
TXN0002978,M049,C01416,2026-07-06 13:09:31,PRD_COF_01,Coffee,1,380.0,252.18,WALLET
TXN0004682,M020,C01908,2026-07-06 13:30:28,PRD_ACC_02,Accessories,1,3336.68,158.89,UPI
TXN0007059,M017,C02389,2026-07-06 14:33:33,PRD_ART_01,Art Supplies,1,355.51,16.93,CARD
TXN0000912,M017,C02331,2026-07-06 15:41:39,PRD_NOT_02,Notebooks,1,260.0,107.33,CASH
TXN0001078,M043,C02164,2026-07-06 16:50:34,PRD_PAS_01,Pastries,1,674.85,32.14,UPI
TXN0006734,M010,C00298,2026-07-06 17:21:01,PRD_BEV_02,Beverages,1,656.73,31.27,UPI
TXN0004994,M003,C00701,2026-07-06 17:32:44,PRD_TEA_01,Tea,1,240.0,92.06,UPI
TXN0008090,M012,C02077,2026-07-06 17:58:58,PRD_HOU_02,Household,2,422.7,40.26,WALLET
TXN0000269,M035,C01671,2026-07-06 18:01:43,PRD_CAB_01,Cables,1,510.89,24.33,UPI
TXN0008830,M025,C00165,2026-07-06 18:19:11,PRD_CAK_02,Cakes,1,450.0,353.59,UPI
TXN0007599,M019,C00987,2026-07-06 18:32:24,PRD_CHG_01,Chargers,1,1072.58,51.08,CARD
TXN0008142,M047,C03367,2026-07-06 18:52:31,PRD_MOB_02,Mobiles,2,11999.0,21816.9,WALLET
TXN0009443,M042,C00815,2026-07-06 19:22:14,PRD_BRD_01,Bread,1,592.71,28.22,UPI
TXN0001247,M048,C01477,2026-07-06 19:32:30,PRD_CHG_02,Chargers,1,2506.42,119.35,CASH
TXN0002735,M023,C00114,2026-07-06 19:34:37,PRD_MEA_01,Meals,2,436.62,41.59,UPI
TXN0005842,M039,C02847,2026-07-06 19:38:58,PRD_MED_02,Medicine,1,1847.08,87.96,UPI
TXN0006378,M030,C01146,2026-07-06 19:45:36,PRD_ACC_01,Accessories,1,5069.06,241.38,WALLET
TXN0007745,M036,C03421,2026-07-06 20:18:37,PRD_HOU_02,Household,1,1151.63,54.84,CASH
TXN0008407,M002,C01802,2026-07-06 21:01:06,PRD_CAK_01,Cakes,1,550.0,176.46,UPI
TXN0006396,M049,C01745,2026-07-06 21:01:50,PRD_TEA_02,Tea,1,920.92,43.85,UPI
TXN0007267,M001,C01734,2026-07-06 21:40:35,PRD_STA_01,Staples,1,726.39,34.59,UPI
TXN0006632,M041,C01894,2026-07-06 21:43:02,PRD_BEV_02,Beverages,1,524.21,24.96,UPI
TXN0001208,M028,C01336,2026-07-06 21:46:37,PRD_CAS_01,Cases,1,2216.38,105.54,UPI
TXN0009140,M007,C01548,2026-07-06 22:01:55,PRD_SNK_02,Snacks,1,594.49,28.31,UPI
TXN0004739,M040,C01174,2026-07-06 22:37:38,PRD_DES_01,Desserts,2,220.0,185.32,UPI
TXN0001777,M001,C02891,2026-07-07 08:33:13,PRD_SNK_02,Snacks,1,305.94,14.57,CASH
TXN0009217,M001,C02389,2026-07-07 09:54:32,PRD_STA_01,Staples,1,540.0,257.57,UPI
TXN0004574,M027,C00242,2026-07-07 10:13:23,PRD_MOB_02,Mobiles,1,11999.0,6322.19,UPI
TXN0004993,M039,C02833,2026-07-07 10:26:52,PRD_BABY_01,Baby Care,1,1994.35,94.97,UPI
TXN0003677,M010,C00100,2026-07-07 10:36:26,PRD_STA_02,Staples,1,843.84,40.18,UPI
TXN0005005,M049,C03446,2026-07-07 11:35:08,PRD_SNK_01,Snacks,1,140.24,6.68,UPI
TXN0009283,M006,C02746,2026-07-07 11:35:30,PRD_CHG_02,Chargers,1,1250.68,59.56,CARD
TXN0000741,M046,C01443,2026-07-07 11:58:33,PRD_HOU_01,Household,2,237.9,22.65,UPI
TXN0008062,M018,C02884,2026-07-07 12:27:04,PRD_SNK_02,Snacks,2,396.85,37.8,CARD
TXN0001541,M044,C02270,2026-07-07 12:27:19,PRD_MEN_01,Men,1,2288.87,108.99,UPI
TXN0006766,M031,C01703,2026-07-07 12:29:44,PRD_ELE_02,Home Electronics,1,5531.62,263.41,UPI
TXN0007080,M031,C00051,2026-07-07 12:43:39,PRD_MOB_01,Mobiles,1,12384.57,589.74,UPI
TXN0003154,M016,C02024,2026-07-07 14:10:32,PRD_SNK_02,Snacks,1,550.15,26.2,CASH
TXN0000564,M038,C00199,2026-07-07 15:48:27,PRD_EAR_01,Earphones,1,2488.13,118.48,UPI
TXN0000477,M039,C02784,2026-07-07 15:58:20,PRD_WEL_02,Wellness,2,387.22,36.88,CASH
TXN0002655,M006,C03294,2026-07-07 16:13:47,PRD_EAR_01,Earphones,2,1435.44,136.71,UPI
TXN0009520,M045,C02452,2026-07-07 16:20:24,PRD_DAI_02,Dairy,1,1575.78,75.04,CARD
TXN0001767,M039,C01113,2026-07-07 16:25:44,PRD_BABY_01,Baby Care,2,1391.25,132.5,WALLET
TXN0003169,M026,C03013,2026-07-07 16:35:35,PRD_DES_02,Desserts,2,180.0,296.4,WALLET
TXN0008347,M042,C01900,2026-07-07 16:41:45,PRD_BRD_01,Bread,1,711.16,33.86,UPI
TXN0007508,M046,C00422,2026-07-07 16:50:16,PRD_BEV_02,Beverages,2,286.3,27.27,WALLET
TXN0005725,M040,C02283,2026-07-07 16:52:35,PRD_DES_01,Desserts,1,220.0,75.04,UPI
TXN0007211,M046,C02173,2026-07-07 17:41:44,PRD_ESS_02,Daily Essentials,1,2226.0,106.0,CASH
TXN0000220,M040,C03337,2026-07-07 18:14:34,PRD_DES_01,Desserts,1,299.13,14.24,UPI
TXN0005884,M040,C02381,2026-07-07 18:19:20,PRD_SNK_02,Snacks,1,626.84,29.85,UPI
TXN0008047,M036,C02494,2026-07-07 18:19:26,PRD_HOU_01,Household,1,250.23,11.92,UPI
TXN0001510,M050,C00704,2026-07-07 18:47:17,PRD_BRD_02,Bread,2,431.53,41.1,UPI
TXN0006961,M039,C01702,2026-07-07 18:49:19,PRD_WEL_01,Wellness,1,1590.74,75.75,UPI
TXN0004508,M016,C00567,2026-07-07 18:52:53,PRD_BRD_02,Bread,1,807.73,38.46,UPI
TXN0002257,M012,C03144,2026-07-07 18:55:14,PRD_BEV_01,Beverages,1,469.4,22.35,WALLET
TXN0004943,M017,C01296,2026-07-07 19:01:29,PRD_OFF_02,Office Supplies,1,310.0,27.88,UPI
TXN0002254,M006,C01381,2026-07-07 19:07:49,PRD_EAR_01,Earphones,1,1299.0,748.99,UPI
TXN0007899,M020,C02839,2026-07-07 19:25:37,PRD_MOB_02,Mobiles,1,13490.58,642.41,UPI
TXN0002020,M016,C01860,2026-07-07 19:27:11,PRD_SNK_01,Snacks,3,147.9,21.14,UPI
TXN0002135,M021,C03483,2026-07-07 19:44:17,PRD_ART_02,Art Supplies,1,1001.7,47.7,WALLET
TXN0009628,M016,C01561,2026-07-07 19:53:21,PRD_PAS_01,Pastries,1,398.86,18.99,WALLET
TXN0005326,M001,C01758,2026-07-07 20:10:44,PRD_SNK_02,Snacks,1,376.3,17.92,UPI
TXN0009334,M030,C02463,2026-07-07 20:14:27,PRD_LAP_01,Laptops,1,4990.64,237.65,UPI
TXN0001733,M014,C03373,2026-07-07 20:25:42,PRD_PAS_02,Pastries,3,110.0,120.88,CARD
TXN0004107,M002,C01991,2026-07-07 20:44:14,PRD_BRD_01,Bread,1,492.03,23.43,CASH
TXN0002293,M028,C00968,2026-07-07 20:47:10,PRD_CAB_02,Cables,1,456.8,21.75,CASH
TXN0005948,M001,C02467,2026-07-07 20:49:05,PRD_BEV_01,Beverages,1,555.59,26.46,UPI
TXN0001313,M027,C00239,2026-07-07 21:24:47,PRD_ELE_02,Home Electronics,2,4295.51,409.1,UPI
TXN0000151,M019,C01775,2026-07-07 21:29:24,PRD_CAS_01,Cases,1,1072.98,51.09,UPI
TXN0005220,M015,C01619,2026-07-07 21:54:35,PRD_BRD_02,Bread,1,541.31,25.78,WALLET
TXN0006290,M028,C01407,2026-07-07 21:55:32,PRD_CAS_01,Cases,1,1495.82,71.23,UPI
TXN0005906,M018,C03059,2026-07-07 22:05:22,PRD_BEV_02,Beverages,1,831.22,39.58,UPI
TXN0000662,M042,C00926,2026-07-07 22:40:45,PRD_BRD_01,Bread,1,308.77,14.7,WALLET
TXN0009207,M002,C01117,2026-07-07 22:59:18,PRD_SNK_02,Snacks,1,225.0,77.44,CASH
TXN0002303,M036,C02335,2026-07-08 08:19:23,PRD_SNK_01,Snacks,1,804.08,38.29,UPI
TXN0000053,M050,C01719,2026-07-08 09:25:07,PRD_SNK_02,Snacks,3,420.0,60.0,UPI
TXN0000774,M009,C01355,2026-07-08 09:27:51,PRD_BABY_01,Baby Care,1,1179.37,56.16,UPI
TXN0004885,M019,C03492,2026-07-08 10:28:14,PRD_CHG_02,Chargers,2,999.0,683.71,UPI
TXN0008878,M026,C00180,2026-07-08 14:15:51,PRD_COF_01,Coffee,1,380.0,208.31,UPI
TXN0004485,M049,C00141,2026-07-08 14:28:34,PRD_COF_02,Coffee,1,280.0,173.6,UPI
TXN0002521,M045,C01580,2026-07-08 14:43:04,PRD_STA_01,Staples,1,1610.34,76.68,WALLET
TXN0003155,M005,C00517,2026-07-08 16:16:54,PRD_LAP_02,Laptops,1,4907.32,233.68,WALLET
TXN0003396,M027,C01720,2026-07-08 17:22:02,PRD_ACC_01,Accessories,1,6888.8,328.04,UPI
TXN0000606,M016,C01806,2026-07-08 17:22:11,PRD_BRD_02,Bread,1,163.36,7.78,UPI
TXN0006446,M036,C01888,2026-07-08 18:20:23,PRD_BEV_01,Beverages,1,806.9,38.42,UPI
TXN0003486,M033,C02515,2026-07-08 18:35:58,PRD_DAI_02,Dairy,1,915.19,43.58,UPI
TXN0008711,M004,C00012,2026-07-08 18:36:13,PRD_ELE_01,Home Electronics,1,1702.07,81.05,UPI
TXN0007631,M046,C01825,2026-07-08 18:39:38,PRD_HOU_02,Household,2,882.81,84.08,UPI
TXN0004512,M017,C00975,2026-07-08 19:13:52,PRD_NOT_01,Notebooks,1,160.0,15.77,UPI
TXN0000315,M032,C00796,2026-07-08 19:26:10,PRD_BABY_02,Baby Care,1,855.7,40.75,UPI
TXN0006457,M031,C01348,2026-07-08 20:07:29,PRD_ACC_01,Accessories,1,5916.23,281.73,UPI
TXN0005559,M030,C03004,2026-07-08 20:09:29,PRD_ELE_02,Home Electronics,2,5799.32,552.31,CASH
TXN0004936,M008,C02287,2026-07-08 20:14:01,PRD_COF_01,Coffee,1,380.0,184.8,UPI
TXN0006926,M050,C01829,2026-07-08 20:14:23,PRD_CAK_02,Cakes,1,514.27,24.49,UPI
TXN0000770,M039,C02431,2026-07-08 20:24:06,PRD_PER_01,Personal Care,1,1171.12,55.77,UPI
TXN0007825,M046,C01229,2026-07-08 20:43:39,PRD_BEV_02,Beverages,1,1642.27,78.2,UPI
TXN0001153,M005,C00161,2026-07-08 21:33:30,PRD_LAP_01,Laptops,1,7570.7,360.51,UPI
TXN0000967,M033,C00778,2026-07-08 22:33:02,PRD_SNK_02,Snacks,1,1018.73,48.51,UPI
TXN0006854,M040,C02106,2026-07-09 08:08:19,PRD_COF_01,Coffee,2,380.0,258.76,UPI
TXN0006812,M046,C00369,2026-07-09 09:52:32,PRD_HOU_02,Household,1,801.23,38.15,UPI
TXN0009778,M036,C02321,2026-07-09 10:06:02,PRD_HOU_01,Household,1,890.03,42.38,UPI
TXN0004267,M039,C01778,2026-07-09 12:40:41,PRD_PER_02,Personal Care,1,697.44,33.21,UPI
TXN0007776,M018,C01896,2026-07-09 12:46:58,PRD_MEA_01,Meals,1,506.95,24.14,UPI
TXN0004697,M014,C00182,2026-07-09 13:21:16,PRD_SNK_02,Snacks,1,296.42,14.12,UPI
TXN0001036,M002,C03429,2026-07-09 14:07:51,PRD_BRD_01,Bread,1,1114.55,53.07,WALLET
TXN0002931,M026,C00379,2026-07-09 14:55:49,PRD_COF_02,Coffee,1,280.0,168.31,UPI
TXN0007257,M018,C01151,2026-07-09 15:43:50,PRD_MEA_01,Meals,1,664.62,31.65,UPI
TXN0000139,M007,C00023,2026-07-09 16:16:32,PRD_STA_02,Staples,1,434.62,20.7,UPI
TXN0002992,M008,C00148,2026-07-09 16:23:40,PRD_COF_01,Coffee,3,380.0,644.94,UPI
TXN0008563,M013,C03240,2026-07-09 16:46:28,PRD_SNK_02,Snacks,1,225.0,57.29,UPI
TXN0008712,M033,C01512,2026-07-09 17:13:27,PRD_HOU_01,Household,1,978.27,46.58,UPI
TXN0007847,M007,C03311,2026-07-09 17:38:47,PRD_BEV_02,Beverages,1,516.71,24.61,UPI
TXN0000757,M031,C01415,2026-07-09 17:44:13,PRD_ELE_01,Home Electronics,1,8673.75,413.04,WALLET
TXN0005468,M030,C00077,2026-07-09 18:03:50,PRD_ELE_02,Home Electronics,1,2640.37,125.73,UPI
TXN0005026,M034,C02032,2026-07-09 18:06:46,PRD_ART_01,Art Supplies,4,320.0,735.69,CARD
TXN0002469,M006,C00499,2026-07-09 18:18:39,PRD_CHG_02,Chargers,1,999.0,69.9,UPI
TXN0006996,M019,C02447,2026-07-09 18:24:41,PRD_CAS_01,Cases,1,840.71,40.03,UPI
TXN0007205,M021,C00338,2026-07-09 18:33:51,PRD_NOT_02,Notebooks,1,383.19,18.25,UPI
TXN0005556,M045,C02149,2026-07-09 18:34:53,PRD_DAI_01,Dairy,2,788.83,75.12,CARD
TXN0001587,M018,C02133,2026-07-09 18:37:52,PRD_SNK_02,Snacks,1,727.08,34.62,UPI
TXN0005756,M016,C02418,2026-07-09 18:40:53,PRD_PAS_01,Pastries,3,368.7,52.68,CARD
TXN0003392,M031,C01912,2026-07-09 19:14:07,PRD_LAP_02,Laptops,1,7224.29,344.01,UPI
TXN0009114,M040,C01638,2026-07-09 19:14:54,PRD_COF_01,Coffee,1,380.0,148.62,UPI
TXN0007707,M035,C01088,2026-07-09 19:23:26,PRD_CAB_02,Cables,1,3150.0,150.0,UPI
TXN0001624,M025,C01124,2026-07-09 19:24:03,PRD_BRD_01,Bread,1,426.84,20.33,UPI
TXN0004631,M029,C00191,2026-07-09 19:29:36,PRD_ART_02,Art Supplies,1,312.5,14.88,UPI
TXN0002552,M024,C02939,2026-07-09 20:47:46,PRD_BEV_01,Beverages,1,682.17,32.48,UPI
TXN0000242,M039,C00542,2026-07-09 20:49:18,PRD_BABY_02,Baby Care,1,1505.39,71.69,UPI
TXN0003369,M031,C02672,2026-07-09 21:47:25,PRD_ELE_01,Home Electronics,1,7686.4,366.02,CASH
TXN0009230,M035,C01067,2026-07-09 22:27:14,PRD_CAB_02,Cables,1,1171.39,55.78,CARD
TXN0001343,M011,C00421,2026-07-09 22:30:10,PRD_NOT_01,Notebooks,2,399.45,38.04,UPI
TXN0001015,M035,C02905,2026-07-09 22:36:17,PRD_CAS_02,Cases,1,569.21,27.11,UPI
TXN0009637,M002,C01951,2026-07-09 22:57:43,PRD_CAK_01,Cakes,1,1260.0,60.0,UPI
TXN0000656,M013,C02167,2026-07-10 08:27:08,PRD_SNK_02,Snacks,1,1150.68,54.79,UPI
TXN0002828,M007,C00558,2026-07-10 11:35:11,PRD_DAI_01,Dairy,1,579.55,27.6,UPI
TXN0007654,M010,C01783,2026-07-10 13:25:31,PRD_SNK_02,Snacks,1,265.47,12.64,UPI
TXN0002961,M016,C02719,2026-07-10 13:28:20,PRD_CAK_01,Cakes,1,1260.0,60.0,UPI
TXN0003612,M013,C00493,2026-07-10 15:28:02,PRD_PAS_02,Pastries,1,529.0,25.19,UPI
TXN0002090,M046,C01865,2026-07-10 15:44:12,PRD_SNK_01,Snacks,1,1935.97,92.19,CARD
TXN0008831,M018,C02461,2026-07-10 16:11:50,PRD_DES_02,Desserts,1,358.42,17.07,UPI
TXN0007422,M028,C01600,2026-07-10 16:18:03,PRD_CAS_01,Cases,1,1768.32,84.21,CASH
TXN0002010,M026,C01990,2026-07-10 16:26:14,PRD_TEA_02,Tea,2,420.0,40.0,UPI
TXN0002644,M044,C02194,2026-07-10 16:57:53,PRD_KID_01,Kids,1,2852.01,135.81,UPI
TXN0002325,M030,C02856,2026-07-10 17:52:35,PRD_LAP_02,Laptops,1,4833.66,230.17,UPI
TXN0003971,M016,C03404,2026-07-10 18:04:23,PRD_SNK_01,Snacks,1,492.4,23.45,UPI
TXN0001234,M036,C00323,2026-07-10 18:05:58,PRD_SNK_02,Snacks,1,228.64,10.89,UPI
TXN0005015,M044,C03274,2026-07-10 18:13:03,PRD_KID_01,Kids,1,4289.4,204.26,CARD
TXN0006594,M032,C01341,2026-07-10 18:13:56,PRD_WEL_02,Wellness,1,280.0,68.15,UPI
TXN0000081,M011,C01907,2026-07-10 19:16:30,PRD_OFF_01,Office Supplies,2,175.0,138.09,UPI
TXN0008857,M029,C01472,2026-07-10 19:26:28,PRD_WRI_02,Writing,1,222.38,10.59,UPI
TXN0006091,M007,C01112,2026-07-10 19:33:58,PRD_STA_01,Staples,1,540.0,53.44,UPI
TXN0004957,M030,C01679,2026-07-10 19:46:09,PRD_MOB_02,Mobiles,1,11999.0,8652.83,UPI
TXN0007401,M011,C00626,2026-07-10 19:55:48,PRD_NOT_01,Notebooks,1,474.71,22.61,UPI
TXN0009299,M010,C01150,2026-07-10 19:57:14,PRD_SNK_02,Snacks,1,285.24,13.58,UPI
TXN0002841,M029,C01593,2026-07-10 20:04:10,PRD_WRI_01,Writing,1,198.08,9.43,UPI
TXN0001614,M028,C01503,2026-07-10 20:07:43,PRD_CHG_02,Chargers,1,999.0,480.02,UPI
TXN0000288,M004,C02508,2026-07-10 20:43:22,PRD_ELE_01,Home Electronics,1,899.0,171.04,WALLET
TXN0009076,M008,C01714,2026-07-10 21:04:25,PRD_COF_02,Coffee,1,840.0,40.0,UPI
TXN0001967,M044,C01632,2026-07-10 21:23:49,PRD_MEN_01,Men,1,3950.85,188.14,CASH
TXN0009343,M031,C00182,2026-07-10 21:28:33,PRD_ACC_02,Accessories,1,3017.47,143.69,UPI
TXN0008971,M031,C00934,2026-07-10 21:46:02,PRD_ELE_01,Home Electronics,1,7500.54,357.17,UPI
TXN0005548,M018,C02780,2026-07-10 22:36:16,PRD_SNK_02,Snacks,1,516.5,24.6,UPI
TXN0007643,M018,C01204,2026-07-10 22:37:30,PRD_BEV_01,Beverages,1,486.1,23.15,UPI
TXN0008920,M015,C01120,2026-07-10 22:51:59,PRD_SNK_02,Snacks,1,323.16,15.39,UPI
TXN0000252,M047,C03238,2026-07-10 22:57:59,PRD_MOB_01,Mobiles,1,14157.91,674.19,UPI
TXN0008651,M008,C00798,2026-07-11 08:11:50,PRD_TEA_02,Tea,1,210.0,112.71,UPI
TXN0000066,M047,C00233,2026-07-11 10:03:42,PRD_ACC_01,Accessories,1,6852.59,326.31,UPI
TXN0005676,M020,C01433,2026-07-11 10:19:38,PRD_LAP_02,Laptops,1,10782.21,513.44,WALLET
TXN0003797,M045,C03285,2026-07-11 10:22:04,PRD_SNK_01,Snacks,3,437.52,62.49,WALLET
TXN0003504,M033,C03415,2026-07-11 14:45:26,PRD_BEV_02,Beverages,2,629.26,59.92,WALLET
TXN0000484,M038,C02002,2026-07-11 15:56:13,PRD_CAB_01,Cables,1,2127.06,101.29,UPI
TXN0002802,M035,C01951,2026-07-11 17:16:24,PRD_CAB_02,Cables,1,544.05,25.91,UPI
TXN0008038,M011,C02122,2026-07-11 17:18:14,PRD_NOT_01,Notebooks,1,571.75,27.23,UPI
TXN0009973,M049,C01689,2026-07-11 17:21:35,PRD_SNK_02,Snacks,1,423.39,20.16,UPI
TXN0005091,M022,C01909,2026-07-11 17:36:11,PRD_MEN_01,Men,1,2058.72,98.03,UPI
TXN0008832,M035,C00053,2026-07-11 17:46:54,PRD_EAR_02,Earphones,1,3465.0,165.0,UPI
TXN0002232,M026,C03412,2026-07-11 18:28:40,PRD_SNK_01,Snacks,1,105.16,5.01,CASH
TXN0004554,M004,C01833,2026-07-11 19:04:01,PRD_LAP_02,Laptops,1,1604.83,76.42,CASH
TXN0007851,M046,C00865,2026-07-11 19:21:42,PRD_HOU_01,Household,1,418.97,19.95,UPI
TXN0007159,M006,C00413,2026-07-11 19:31:53,PRD_CHG_02,Chargers,1,999.0,266.47,UPI
TXN0009771,M043,C00482,2026-07-11 19:36:42,PRD_CAK_01,Cakes,1,1429.6,68.08,UPI
TXN0000958,M046,C00617,2026-07-11 19:46:19,PRD_SNK_02,Snacks,2,604.01,57.53,CARD
TXN0001567,M046,C02178,2026-07-11 20:05:51,PRD_ESS_01,Daily Essentials,1,946.05,45.05,UPI
TXN0007642,M038,C03417,2026-07-11 20:10:15,PRD_EAR_02,Earphones,1,2141.71,101.99,UPI
TXN0003707,M031,C01343,2026-07-11 20:12:06,PRD_MOB_01,Mobiles,1,6499.0,1180.55,UPI
TXN0000691,M046,C03234,2026-07-11 20:13:15,PRD_ESS_02,Daily Essentials,1,746.54,35.55,UPI
TXN0006508,M045,C00533,2026-07-11 20:19:38,PRD_STA_01,Staples,1,628.56,29.93,CARD
TXN0008030,M031,C00292,2026-07-11 20:26:38,PRD_ELE_02,Home Electronics,1,5246.5,249.83,UPI
TXN0008134,M039,C02851,2026-07-11 21:02:51,PRD_MED_01,Medicine,3,1023.09,146.16,UPI
TXN0000281,M045,C02046,2026-07-11 21:52:32,PRD_BEV_02,Beverages,1,283.11,13.48,WALLET
TXN0004477,M046,C01078,2026-07-11 22:06:21,PRD_ESS_01,Daily Essentials,1,756.83,36.04,UPI
TXN0007944,M006,C00876,2026-07-12 09:03:52,PRD_CHG_02,Chargers,1,2672.81,127.28,UPI
TXN0009938,M042,C02613,2026-07-12 09:27:34,PRD_CAK_01,Cakes,2,550.0,900.62,UPI
TXN0009367,M048,C01211,2026-07-12 11:45:53,PRD_CAB_02,Cables,1,516.38,24.59,CASH
TXN0006931,M018,C01353,2026-07-12 12:26:29,PRD_MEA_01,Meals,3,220.0,128.46,UPI
TXN0006131,M046,C01221,2026-07-12 12:43:06,PRD_HOU_02,Household,1,874.4,41.64,UPI
TXN0006532,M031,C01053,2026-07-12 12:54:07,PRD_MOB_01,Mobiles,1,6499.0,455.38,UPI
TXN0008583,M002,C00664,2026-07-12 13:02:06,PRD_BRD_02,Bread,2,506.93,48.28,CARD
TXN0008652,M022,C00995,2026-07-12 13:57:27,PRD_MEN_01,Men,1,4397.02,209.38,UPI
TXN0002757,M005,C02142,2026-07-12 16:28:33,PRD_MOB_02,Mobiles,1,11999.0,10255.99,UPI
TXN0003933,M048,C03280,2026-07-12 16:47:45,PRD_EAR_01,Earphones,4,1299.0,4389.65,UPI
TXN0008172,M035,C01150,2026-07-12 17:05:45,PRD_CAS_02,Cases,1,3465.0,165.0,CARD
TXN0008729,M031,C02256,2026-07-12 17:36:21,PRD_MOB_01,Mobiles,1,15480.77,737.18,UPI
TXN0004077,M042,C01901,2026-07-12 18:02:40,PRD_SNK_02,Snacks,2,225.0,28.67,UPI
TXN0004982,M008,C00861,2026-07-12 18:05:41,PRD_COF_01,Coffee,2,462.0,44.0,CASH
TXN0000716,M001,C00951,2026-07-12 18:08:42,PRD_SNK_02,Snacks,4,225.0,226.2,CARD
TXN0002103,M003,C01969,2026-07-12 18:11:44,PRD_COF_01,Coffee,2,545.16,51.92,UPI
TXN0006876,M038,C02483,2026-07-12 18:38:36,PRD_EAR_02,Earphones,1,896.99,42.71,UPI
TXN0007042,M036,C02978,2026-07-12 19:16:59,PRD_BEV_01,Beverages,2,243.0,23.15,WALLET
TXN0008216,M008,C02689,2026-07-12 19:40:57,PRD_SNK_02,Snacks,1,304.15,14.48,UPI
TXN0001094,M035,C00780,2026-07-12 19:58:45,PRD_CHG_01,Chargers,1,2151.58,102.46,WALLET
TXN0008963,M042,C01684,2026-07-12 20:05:51,PRD_SNK_02,Snacks,1,225.0,137.0,CARD
TXN0006940,M018,C01915,2026-07-12 20:21:01,PRD_BEV_01,Beverages,2,364.92,34.76,UPI
TXN0004625,M005,C01234,2026-07-12 20:25:05,PRD_MOB_02,Mobiles,1,17325.0,825.0,CARD
TXN0003528,M016,C02763,2026-07-12 20:28:00,PRD_SNK_01,Snacks,2,693.0,66.0,UPI
TXN0007381,M038,C02805,2026-07-12 20:41:54,PRD_CHG_02,Chargers,1,2840.69,135.27,UPI
TXN0003584,M021,C01102,2026-07-12 21:09:17,PRD_WRI_01,Writing,1,143.58,6.84,UPI
TXN0003878,M044,C00752,2026-07-12 21:55:58,PRD_MEN_02,Men,1,1668.75,79.46,UPI
TXN0004929,M006,C03322,2026-07-13 10:54:18,PRD_CHG_01,Chargers,1,878.57,41.84,UPI
TXN0002817,M011,C02105,2026-07-13 12:36:10,PRD_OFF_02,Office Supplies,1,630.59,30.03,UPI
TXN0003603,M013,C00755,2026-07-13 15:26:10,PRD_PAS_01,Pastries,1,614.28,29.25,UPI
TXN0001759,M038,C01190,2026-07-13 16:02:26,PRD_EAR_02,Earphones,1,1140.95,54.33,UPI
TXN0004172,M022,C03376,2026-07-13 16:16:14,PRD_KID_01,Kids,1,1792.07,85.34,UPI
TXN0007780,M048,C01054,2026-07-13 17:34:37,PRD_EAR_02,Earphones,1,1179.46,56.16,WALLET
TXN0009640,M023,C03305,2026-07-13 17:40:28,PRD_SNK_01,Snacks,1,479.0,22.81,CARD
TXN0009783,M040,C02124,2026-07-13 18:01:28,PRD_DES_02,Desserts,1,180.0,86.57,UPI
TXN0001290,M006,C00682,2026-07-13 18:16:13,PRD_CHG_01,Chargers,1,755.53,35.98,UPI
TXN0006666,M018,C01488,2026-07-13 18:17:15,PRD_BEV_02,Beverages,1,393.67,18.75,UPI
TXN0002843,M014,C00613,2026-07-13 18:21:50,PRD_SNK_01,Snacks,1,178.2,8.49,WALLET
TXN0003538,M046,C01319,2026-07-13 18:41:49,PRD_HOU_02,Household,1,773.41,36.83,UPI
TXN0005446,M007,C00387,2026-07-13 18:44:11,PRD_DAI_01,Dairy,1,586.45,27.93,UPI
TXN0002708,M023,C03148,2026-07-13 18:45:27,PRD_BEV_02,Beverages,1,596.67,28.41,UPI
TXN0009911,M047,C03248,2026-07-13 19:03:42,PRD_LAP_01,Laptops,1,10545.1,502.15,WALLET
TXN0001679,M036,C01864,2026-07-13 19:08:35,PRD_SNK_02,Snacks,1,426.57,20.31,UPI
TXN0001091,M027,C00398,2026-07-13 19:13:40,PRD_LAP_01,Laptops,1,2205.8,105.04,CASH
TXN0007379,M022,C02450,2026-07-13 19:24:25,PRD_KID_02,Kids,1,1973.23,93.96,UPI
TXN0008702,M037,C01676,2026-07-13 19:29:24,PRD_EAR_01,Earphones,2,1299.0,593.67,CARD
TXN0002967,M046,C00743,2026-07-13 19:34:25,PRD_ESS_02,Daily Essentials,1,2259.84,107.61,UPI
TXN0008363,M003,C01670,2026-07-13 19:54:51,PRD_COF_01,Coffee,1,692.31,32.97,UPI
TXN0007052,M006,C01785,2026-07-13 20:53:21,PRD_CAS_02,Cases,2,450.0,333.95,UPI
TXN0004668,M014,C01855,2026-07-13 21:38:08,PRD_PAS_01,Pastries,1,1260.0,60.0,UPI
TXN0005262,M004,C02898,2026-07-13 22:12:11,PRD_LAP_02,Laptops,1,4540.87,216.23,CASH
TXN0002759,M016,C01520,2026-07-14 08:54:59,PRD_BRD_01,Bread,2,147.95,14.09,UPI
TXN0004937,M008,C00283,2026-07-14 09:06:05,PRD_DES_02,Desserts,1,475.64,22.65,CARD
TXN0002261,M039,C00075,2026-07-14 09:17:08,PRD_BABY_01,Baby Care,2,799.0,945.88,WALLET
TXN0003463,M025,C00021,2026-07-14 09:28:29,PRD_CAK_02,Cakes,1,665.4,31.69,CASH
TXN0002486,M046,C00436,2026-07-14 09:29:46,PRD_BEV_01,Beverages,1,220.32,10.49,UPI
TXN0008261,M018,C01491,2026-07-14 09:51:36,PRD_MEA_02,Meals,1,651.03,31.0,UPI
TXN0006014,M008,C03073,2026-07-14 11:08:42,PRD_SNK_01,Snacks,1,584.2,27.82,UPI
TXN0004440,M008,C00013,2026-07-14 11:59:02,PRD_TEA_02,Tea,2,210.0,90.3,CARD
TXN0005863,M018,C00248,2026-07-14 15:00:34,PRD_SNK_01,Snacks,1,836.23,39.82,CASH
TXN0003469,M004,C01548,2026-07-14 15:38:16,PRD_ACC_02,Accessories,1,7223.37,343.97,UPI
TXN0008294,M017,C02716,2026-07-14 15:55:58,PRD_ART_01,Art Supplies,1,945.0,45.0,CASH
TXN0008061,M047,C00367,2026-07-14 16:08:08,PRD_MOB_02,Mobiles,1,11999.0,1271.2,CASH
TXN0004018,M002,C00310,2026-07-14 16:33:41,PRD_CAK_01,Cakes,1,1260.0,60.0,UPI
TXN0006409,M003,C01123,2026-07-14 16:37:33,PRD_SNK_02,Snacks,2,420.0,40.0,CASH
TXN0006593,M044,C01201,2026-07-14 17:30:53,PRD_KID_01,Kids,1,1381.88,65.8,UPI
TXN0002455,M047,C00318,2026-07-14 17:57:38,PRD_MOB_02,Mobiles,2,11999.0,19722.36,UPI
TXN0008798,M001,C03058,2026-07-14 18:19:13,PRD_STA_01,Staples,1,540.0,182.89,UPI
TXN0001964,M036,C02744,2026-07-14 18:23:04,PRD_SNK_02,Snacks,1,978.79,46.61,CASH
TXN0005968,M031,C01864,2026-07-14 18:33:37,PRD_ACC_01,Accessories,1,4463.3,212.54,CARD
TXN0009830,M035,C01772,2026-07-14 18:46:34,PRD_CAB_02,Cables,1,879.45,41.88,UPI
TXN0004637,M026,C02806,2026-07-14 18:50:25,PRD_TEA_01,Tea,1,500.58,23.84,CARD
TXN0001797,M015,C01401,2026-07-14 19:09:03,PRD_SNK_02,Snacks,1,1486.8,70.8,UPI
TXN0009831,M025,C01086,2026-07-14 19:35:49,PRD_CAK_01,Cakes,1,770.42,36.69,UPI
TXN0009163,M029,C00140,2026-07-14 19:50:50,PRD_ART_02,Art Supplies,2,175.0,215.87,CARD
TXN0001448,M029,C02637,2026-07-14 19:58:09,PRD_OFF_01,Office Supplies,2,175.0,304.14,CASH
TXN0001288,M044,C00368,2026-07-14 19:59:20,PRD_KID_02,Kids,3,625.57,89.38,UPI
TXN0005504,M003,C02813,2026-07-14 20:18:15,PRD_COF_01,Coffee,2,495.6,47.2,UPI
TXN0006343,M038,C02615,2026-07-14 20:54:52,PRD_CAB_02,Cables,1,873.24,41.58,UPI
TXN0009688,M032,C00714,2026-07-14 21:12:49,PRD_BABY_01,Baby Care,1,986.88,46.99,UPI
TXN0007690,M029,C02306,2026-07-14 21:18:30,PRD_OFF_02,Office Supplies,2,310.0,354.84,UPI
TXN0003645,M032,C03038,2026-07-14 21:20:28,PRD_WEL_01,Wellness,2,1285.97,122.47,CARD
TXN0009998,M004,C00815,2026-07-14 21:49:50,PRD_ELE_02,Home Electronics,3,1180.61,168.65,UPI
TXN0008851,M004,C03376,2026-07-15 11:02:51,PRD_ELE_01,Home Electronics,1,7977.32,379.87,UPI
TXN0006460,M025,C02220,2026-07-15 11:08:31,PRD_CAK_02,Cakes,1,450.0,267.3,UPI
TXN0005740,M035,C01637,2026-07-15 12:49:23,PRD_CHG_01,Chargers,2,725.29,69.08,UPI
TXN0009864,M017,C02640,2026-07-15 12:56:06,PRD_WRI_02,Writing,2,115.0,35.88,UPI
TXN0006351,M002,C01686,2026-07-15 13:58:01,PRD_SNK_01,Snacks,1,990.16,47.15,UPI
TXN0008601,M047,C02636,2026-07-15 15:27:42,PRD_ELE_02,Home Electronics,2,1140.09,108.58,CARD
TXN0006173,M033,C02138,2026-07-15 15:39:08,PRD_BEV_01,Beverages,1,597.38,28.45,UPI
TXN0006572,M017,C01876,2026-07-15 15:42:14,PRD_NOT_02,Notebooks,2,260.0,292.52,UPI
TXN0000493,M017,C03337,2026-07-15 15:56:45,PRD_OFF_01,Office Supplies,1,945.0,45.0,UPI
TXN0008367,M047,C01659,2026-07-15 16:39:00,PRD_LAP_02,Laptops,2,4125.9,392.95,WALLET
TXN0009282,M026,C02247,2026-07-15 16:43:10,PRD_COF_01,Coffee,1,441.44,21.02,UPI
TXN0004221,M048,C01158,2026-07-15 17:08:27,PRD_CHG_02,Chargers,1,1225.86,58.37,UPI
TXN0000940,M016,C02163,2026-07-15 17:08:50,PRD_BRD_01,Bread,1,186.49,8.88,UPI
TXN0009262,M046,C00975,2026-07-15 17:35:26,PRD_BEV_02,Beverages,1,647.69,30.84,UPI
TXN0001353,M050,C03253,2026-07-15 18:03:57,PRD_CAK_01,Cakes,1,550.0,268.64,UPI
TXN0001588,M050,C03373,2026-07-15 18:52:24,PRD_PAS_02,Pastries,3,381.26,54.46,UPI
TXN0004627,M028,C01515,2026-07-15 19:02:18,PRD_EAR_01,Earphones,1,3150.0,150.0,WALLET
TXN0001752,M013,C02987,2026-07-15 19:14:31,PRD_CAK_02,Cakes,2,450.0,328.88,UPI
TXN0003834,M005,C02870,2026-07-15 19:18:46,PRD_ELE_01,Home Electronics,1,5636.99,268.43,UPI
TXN0008050,M004,C02524,2026-07-15 19:30:29,PRD_ELE_02,Home Electronics,1,3284.05,156.38,CARD
TXN0000192,M018,C02105,2026-07-15 19:31:40,PRD_MEA_01,Meals,1,1534.98,73.09,WALLET
TXN0004405,M029,C02081,2026-07-15 19:40:32,PRD_WRI_02,Writing,1,457.61,21.79,UPI
TXN0006842,M028,C03135,2026-07-15 19:41:31,PRD_CAS_01,Cases,1,386.25,18.39,UPI
TXN0005699,M008,C01699,2026-07-15 19:42:12,PRD_DES_02,Desserts,2,180.0,228.27,UPI
TXN0000747,M001,C00919,2026-07-15 22:09:59,PRD_DAI_01,Dairy,2,464.11,44.2,UPI
TXN0001438,M046,C00944,2026-07-16 10:18:28,PRD_SNK_02,Snacks,1,291.17,13.87,CASH
TXN0005142,M016,C02211,2026-07-16 10:54:55,PRD_SNK_01,Snacks,3,96.17,13.74,UPI
TXN0005710,M029,C00468,2026-07-16 10:55:36,PRD_OFF_02,Office Supplies,1,405.41,19.31,UPI
TXN0000868,M041,C00737,2026-07-16 11:08:53,PRD_BEV_01,Beverages,1,235.0,11.19,CASH
TXN0003742,M029,C01947,2026-07-16 12:54:08,PRD_NOT_02,Notebooks,1,671.21,31.96,UPI
TXN0000550,M030,C02057,2026-07-16 13:33:27,PRD_MOB_01,Mobiles,1,11264.58,536.41,UPI
TXN0003478,M026,C01395,2026-07-16 13:33:35,PRD_COF_02,Coffee,1,280.0,189.56,UPI
TXN0007716,M045,C03039,2026-07-16 15:30:10,PRD_HOU_01,Household,1,188.6,8.98,UPI
TXN0002599,M020,C00570,2026-07-16 16:06:06,PRD_MOB_02,Mobiles,1,11999.0,9188.27,UPI
TXN0001842,M038,C00532,2026-07-16 17:32:24,PRD_CAB_01,Cables,1,1867.83,88.94,UPI
TXN0007547,M008,C00170,2026-07-16 17:39:54,PRD_DES_02,Desserts,1,204.1,9.72,UPI
TXN0009403,M004,C00078,2026-07-16 18:11:25,PRD_ELE_01,Home Electronics,1,1547.9,73.71,UPI
TXN0005275,M002,C02284,2026-07-16 18:18:16,PRD_PAS_02,Pastries,1,1029.7,49.03,WALLET
TXN0009719,M033,C00499,2026-07-16 18:28:21,PRD_SNK_01,Snacks,2,329.04,31.33,UPI
TXN0004381,M019,C02502,2026-07-16 18:54:11,PRD_EAR_02,Earphones,1,406.69,19.37,UPI
TXN0007390,M036,C02749,2026-07-16 18:58:48,PRD_STA_01,Staples,1,1515.51,72.17,UPI
TXN0008265,M029,C02916,2026-07-16 20:02:55,PRD_WRI_02,Writing,1,229.82,10.94,UPI
TXN0009758,M033,C02684,2026-07-16 20:05:03,PRD_HOU_01,Household,1,627.03,29.86,UPI
TXN0002900,M016,C00208,2026-07-16 20:20:16,PRD_CAK_02,Cakes,1,450.0,313.39,UPI
TXN0007417,M018,C02703,2026-07-16 20:54:02,PRD_BEV_01,Beverages,3,265.55,37.94,UPI
TXN0002096,M017,C00913,2026-07-16 20:57:09,PRD_WRI_02,Writing,1,362.86,17.28,UPI
TXN0005197,M032,C02619,2026-07-16 21:22:29,PRD_BABY_01,Baby Care,1,799.0,352.83,UPI
TXN0007424,M005,C00146,2026-07-16 21:41:46,PRD_LAP_02,Laptops,1,5375.38,255.97,UPI
TXN0008616,M001,C01095,2026-07-16 21:54:03,PRD_SNK_01,Snacks,1,833.15,39.67,UPI
TXN0009877,M036,C00414,2026-07-16 22:38:29,PRD_HOU_02,Household,1,1802.36,85.83,WALLET
TXN0002929,M040,C00703,2026-07-17 08:43:09,PRD_SNK_01,Snacks,1,299.63,14.27,UPI
TXN0000247,M013,C03091,2026-07-17 09:05:58,PRD_PAS_02,Pastries,2,517.6,49.3,UPI
TXN0002357,M012,C00652,2026-07-17 10:13:29,PRD_HOU_01,Household,1,2100.0,100.0,UPI
TXN0002077,M047,C02261,2026-07-17 10:39:41,PRD_ACC_02,Accessories,1,6027.65,287.03,UPI
TXN0005231,M047,C00489,2026-07-17 11:18:25,PRD_ACC_01,Accessories,1,4570.67,217.65,UPI
TXN0001764,M044,C02887,2026-07-17 11:56:07,PRD_MEN_02,Men,2,1199.0,1909.4,CASH
TXN0009457,M003,C02974,2026-07-17 12:54:17,PRD_SNK_01,Snacks,1,281.15,13.39,CARD
TXN0009935,M049,C00969,2026-07-17 13:12:27,PRD_COF_02,Coffee,1,280.0,85.98,UPI
TXN0003525,M044,C01084,2026-07-17 14:31:53,PRD_KID_01,Kids,2,559.6,53.29,UPI
TXN0008263,M030,C03454,2026-07-17 16:02:52,PRD_LAP_02,Laptops,1,2892.14,137.72,UPI
TXN0009225,M001,C03266,2026-07-17 16:27:57,PRD_SNK_01,Snacks,2,638.63,60.82,UPI
TXN0008376,M001,C01952,2026-07-17 17:22:15,PRD_DAI_02,Dairy,1,1890.0,90.0,UPI
TXN0000515,M045,C03251,2026-07-17 17:32:39,PRD_DAI_01,Dairy,1,417.65,19.89,UPI
TXN0006141,M043,C02613,2026-07-17 17:35:50,PRD_CAK_02,Cakes,3,450.0,193.24,UPI
TXN0004114,M028,C01362,2026-07-17 17:38:37,PRD_CAB_01,Cables,1,3150.0,150.0,UPI
TXN0002695,M046,C02688,2026-07-17 17:48:52,PRD_ESS_02,Daily Essentials,1,716.48,34.12,UPI
TXN0003226,M002,C01521,2026-07-17 17:49:02,PRD_CAK_01,Cakes,1,550.0,151.52,CARD
TXN0007644,M050,C02435,2026-07-17 18:06:24,PRD_BRD_02,Bread,1,470.35,22.4,UPI
TXN0001568,M013,C01449,2026-07-17 18:10:50,PRD_CAK_01,Cakes,2,550.0,965.88,UPI
TXN0005181,M032,C00948,2026-07-17 18:28:54,PRD_BABY_02,Baby Care,1,1345.41,64.07,UPI
TXN0003731,M011,C03204,2026-07-17 18:43:48,PRD_NOT_01,Notebooks,2,160.0,179.36,UPI
TXN0000392,M016,C01789,2026-07-17 18:47:14,PRD_SNK_02,Snacks,1,1260.0,60.0,UPI
TXN0000150,M035,C00703,2026-07-17 19:08:23,PRD_EAR_01,Earphones,1,1299.0,708.94,CASH
TXN0007222,M017,C02159,2026-07-17 19:15:29,PRD_WRI_02,Writing,1,169.9,8.09,UPI
TXN0000876,M003,C02196,2026-07-17 19:18:20,PRD_DES_01,Desserts,1,336.41,16.02,CARD
TXN0000397,M018,C01446,2026-07-17 19:20:00,PRD_DES_02,Desserts,2,516.84,49.22,UPI
TXN0004672,M009,C02807,2026-07-17 19:36:38,PRD_PER_01,Personal Care,1,2098.66,99.94,WALLET
TXN0008513,M019,C01670,2026-07-17 19:44:28,PRD_CAB_02,Cables,1,1290.72,61.46,UPI
TXN0003513,M010,C03282,2026-07-17 20:25:24,PRD_SNK_01,Snacks,1,403.68,19.22,UPI
TXN0000934,M028,C01226,2026-07-17 20:32:12,PRD_EAR_02,Earphones,1,1745.72,83.13,UPI
TXN0009606,M015,C02714,2026-07-17 20:45:06,PRD_CAK_01,Cakes,2,550.0,868.94,UPI
TXN0003083,M003,C02067,2026-07-17 21:23:36,PRD_SNK_02,Snacks,1,229.91,10.95,UPI
TXN0002830,M027,C00345,2026-07-17 22:14:14,PRD_LAP_01,Laptops,1,15750.0,750.0,CARD
TXN0009648,M037,C00343,2026-07-18 09:00:33,PRD_EAR_02,Earphones,1,3465.0,165.0,UPI
TXN0000719,M020,C02219,2026-07-18 10:30:20,PRD_ELE_01,Home Electronics,1,1910.97,91.0,CARD
TXN0006159,M004,C03362,2026-07-18 12:04:11,PRD_ACC_02,Accessories,4,1598.08,304.41,UPI
TXN0009886,M037,C01490,2026-07-18 15:50:22,PRD_CAB_01,Cables,1,1122.89,53.47,UPI
TXN0003566,M002,C03254,2026-07-18 16:06:31,PRD_CAK_02,Cakes,1,450.0,166.52,CASH
TXN0004571,M034,C01372,2026-07-18 16:55:29,PRD_WRI_01,Writing,1,339.87,16.18,UPI
TXN0008117,M049,C01486,2026-07-18 17:41:47,PRD_SNK_02,Snacks,1,225.0,54.79,UPI
TXN0004648,M001,C01968,2026-07-18 18:06:46,PRD_SNK_01,Snacks,4,145.42,27.7,UPI
TXN0008858,M033,C00055,2026-07-18 18:36:01,PRD_BEV_02,Beverages,1,401.79,19.13,UPI
TXN0009013,M032,C03010,2026-07-18 20:35:10,PRD_MED_01,Medicine,1,433.18,20.63,CARD
TXN0003691,M019,C01887,2026-07-18 21:42:12,PRD_CAB_02,Cables,1,1318.47,62.78,UPI
TXN0004718,M014,C00748,2026-07-18 22:08:04,PRD_CAK_01,Cakes,3,550.0,1352.16,UPI
TXN0000739,M029,C03128,2026-07-18 22:14:03,PRD_NOT_02,Notebooks,4,260.0,348.95,UPI
TXN0008127,M006,C02948,2026-07-18 22:26:46,PRD_CAS_01,Cases,1,1701.96,81.05,UPI
TXN0002168,M031,C00363,2026-07-18 22:28:41,PRD_MOB_02,Mobiles,1,11999.0,7881.47,UPI
TXN0000973,M042,C01793,2026-07-19 10:46:25,PRD_BRD_01,Bread,1,482.01,22.95,CARD
TXN0006983,M029,C02103,2026-07-19 10:53:36,PRD_NOT_02,Notebooks,1,409.89,19.52,UPI
TXN0000835,M028,C03259,2026-07-19 12:53:59,PRD_CAS_01,Cases,1,3465.0,165.0,UPI
TXN0009318,M036,C03076,2026-07-19 13:05:18,PRD_DAI_02,Dairy,2,333.4,31.76,UPI
TXN0009697,M046,C01351,2026-07-19 15:26:40,PRD_SNK_01,Snacks,2,283.37,26.98,UPI
TXN0003150,M036,C00657,2026-07-19 15:49:01,PRD_SNK_02,Snacks,1,225.0,101.3,UPI
TXN0008607,M028,C03190,2026-07-19 15:54:20,PRD_CAS_01,Cases,1,3465.0,165.0,UPI
TXN0009776,M011,C00356,2026-07-19 16:50:41,PRD_WRI_02,Writing,1,124.05,5.91,CASH
TXN0002490,M013,C00635,2026-07-19 17:09:49,PRD_CAK_01,Cakes,1,550.0,321.38,UPI
TXN0007840,M008,C02507,2026-07-19 17:17:42,PRD_COF_02,Coffee,1,280.0,214.0,UPI
TXN0002389,M005,C01081,2026-07-19 17:45:52,PRD_ACC_01,Accessories,1,15514.83,738.8,UPI
TXN0005661,M038,C02907,2026-07-19 18:19:34,PRD_CAB_02,Cables,4,349.0,838.82,UPI
TXN0000351,M015,C02530,2026-07-19 18:26:39,PRD_SNK_01,Snacks,1,456.9,21.76,CARD
TXN0001116,M044,C03231,2026-07-19 18:35:10,PRD_WOM_02,Women,2,1551.32,147.75,UPI
TXN0003549,M017,C01356,2026-07-19 19:19:49,PRD_OFF_01,Office Supplies,1,220.72,10.51,UPI
TXN0004311,M029,C03116,2026-07-19 20:02:27,PRD_OFF_02,Office Supplies,1,767.55,36.55,UPI
TXN0003821,M045,C02283,2026-07-19 20:30:41,PRD_SNK_01,Snacks,1,473.21,22.53,CASH
TXN0006661,M026,C03321,2026-07-19 20:32:40,PRD_DES_02,Desserts,2,462.0,44.0,UPI
TXN0009371,M008,C01183,2026-07-19 20:33:24,PRD_TEA_01,Tea,1,240.0,66.07,UPI
TXN0009018,M011,C02915,2026-07-19 20:40:23,PRD_ART_02,Art Supplies,1,405.87,19.33,UPI
TXN0006062,M037,C00555,2026-07-19 20:51:26,PRD_CAB_01,Cables,1,378.47,18.02,WALLET
TXN0005241,M048,C01331,2026-07-19 20:57:55,PRD_CAB_02,Cables,1,2275.78,108.37,UPI
TXN0009800,M005,C00378,2026-07-19 21:06:49,PRD_ELE_01,Home Electronics,1,6172.78,293.94,UPI
TXN0006715,M046,C02986,2026-07-19 22:33:59,PRD_HOU_02,Household,1,350.26,16.68,UPI
TXN0002588,M013,C02204,2026-07-19 22:43:58,PRD_BRD_01,Bread,1,1345.94,64.09,UPI
TXN0005272,M016,C00693,2026-07-20 08:06:13,PRD_BRD_02,Bread,2,140.0,38.43,WALLET
TXN0004985,M043,C00281,2026-07-20 08:10:59,PRD_PAS_01,Pastries,1,224.61,10.7,UPI
TXN0008726,M019,C01814,2026-07-20 08:55:01,PRD_CAS_02,Cases,1,2059.61,98.08,UPI
TXN0000339,M015,C02694,2026-07-20 09:47:25,PRD_CAK_01,Cakes,1,670.55,31.93,UPI
TXN0002059,M007,C02815,2026-07-20 10:48:20,PRD_DAI_02,Dairy,1,979.15,46.63,WALLET
TXN0008623,M044,C01090,2026-07-20 10:49:03,PRD_KID_01,Kids,2,2625.0,250.0,WALLET
TXN0006305,M006,C01529,2026-07-20 11:31:12,PRD_EAR_02,Earphones,1,1067.31,50.82,UPI
TXN0009699,M022,C01693,2026-07-20 12:19:28,PRD_KID_01,Kids,1,1176.56,56.03,UPI
TXN0009242,M036,C01872,2026-07-20 13:29:23,PRD_SNK_02,Snacks,2,229.25,21.84,UPI
TXN0008106,M011,C00788,2026-07-20 14:30:41,PRD_ART_01,Art Supplies,1,396.94,18.9,UPI
TXN0002495,M046,C01918,2026-07-20 15:34:15,PRD_ESS_02,Daily Essentials,1,377.92,18.0,UPI
TXN0003183,M001,C01465,2026-07-20 16:09:47,PRD_SNK_01,Snacks,1,208.06,9.91,WALLET
TXN0001942,M026,C02588,2026-07-20 16:35:58,PRD_DES_02,Desserts,1,322.34,15.35,UPI
TXN0000518,M003,C02715,2026-07-20 17:04:51,PRD_TEA_01,Tea,1,603.69,28.75,UPI
TXN0007663,M044,C03311,2026-07-20 17:24:34,PRD_ACC_02,Accessories,1,1183.64,56.36,UPI
TXN0009588,M044,C02039,2026-07-20 17:33:08,PRD_WOM_01,Women,1,5250.0,250.0,UPI
TXN0007297,M009,C02639,2026-07-20 17:50:27,PRD_BABY_02,Baby Care,1,160.0,31.9,CARD
TXN0002688,M036,C02683,2026-07-20 18:00:35,PRD_SNK_01,Snacks,2,365.43,34.8,UPI
TXN0001583,M020,C00138,2026-07-20 18:18:00,PRD_MOB_02,Mobiles,1,11999.0,10968.3,UPI
TXN0003582,M016,C01003,2026-07-20 18:26:34,PRD_SNK_01,Snacks,1,448.14,21.34,CARD
TXN0007727,M044,C02754,2026-07-20 18:39:13,PRD_MEN_02,Men,1,1199.0,328.59,UPI
TXN0001609,M013,C02856,2026-07-20 18:55:36,PRD_CAK_01,Cakes,1,550.0,239.29,UPI
TXN0004189,M042,C02958,2026-07-20 19:07:48,PRD_CAK_02,Cakes,1,703.91,33.52,WALLET
TXN0001496,M010,C01952,2026-07-20 19:15:46,PRD_STA_01,Staples,1,540.0,271.33,UPI
TXN0002501,M020,C02241,2026-07-20 19:29:44,PRD_MOB_02,Mobiles,2,11999.0,18262.15,UPI
TXN0001177,M029,C00884,2026-07-20 19:53:07,PRD_WRI_01,Writing,2,162.7,15.5,WALLET
TXN0001046,M019,C02201,2026-07-20 20:21:41,PRD_EAR_02,Earphones,2,492.49,46.9,UPI
TXN0000841,M025,C03238,2026-07-20 20:36:13,PRD_CAK_01,Cakes,1,550.0,215.45,WALLET
TXN0008980,M038,C01069,2026-07-20 20:48:44,PRD_CAS_02,Cases,1,3717.0,177.0,UPI
TXN0001056,M038,C01965,2026-07-20 21:17:34,PRD_CAS_01,Cases,1,420.12,20.01,UPI
TXN0009069,M013,C02643,2026-07-20 21:34:24,PRD_PAS_02,Pastries,1,1260.0,60.0,UPI
TXN0007489,M020,C01007,2026-07-20 21:39:51,PRD_LAP_01,Laptops,1,5014.55,238.79,WALLET
TXN0001334,M048,C01438,2026-07-20 21:46:40,PRD_EAR_02,Earphones,1,1755.12,83.58,WALLET
TXN0004085,M010,C03439,2026-07-20 22:20:47,PRD_BEV_01,Beverages,1,931.82,44.37,UPI
TXN0000900,M034,C01147,2026-07-20 22:22:58,PRD_NOT_02,Notebooks,1,661.94,31.52,CARD
TXN0004002,M027,C03320,2026-07-21 12:25:53,PRD_MOB_01,Mobiles,1,9307.57,443.22,UPI
TXN0003148,M033,C00819,2026-07-21 13:17:27,PRD_HOU_02,Household,1,862.55,41.07,UPI
TXN0007692,M029,C01759,2026-07-21 14:47:58,PRD_ART_01,Art Supplies,1,320.0,128.48,UPI
TXN0002537,M019,C01061,2026-07-21 15:13:47,PRD_CAB_02,Cables,1,1125.27,53.58,UPI
TXN0008236,M008,C01639,2026-07-21 16:00:36,PRD_SNK_01,Snacks,1,87.3,4.16,CASH
TXN0005191,M019,C02355,2026-07-21 17:11:10,PRD_CAB_02,Cables,1,1321.95,62.95,UPI
TXN0002173,M002,C02597,2026-07-21 17:14:01,PRD_PAS_01,Pastries,2,253.24,24.11,UPI
TXN0008211,M035,C01956,2026-07-21 17:50:30,PRD_CAS_02,Cases,1,1118.37,53.26,UPI
TXN0005821,M013,C00977,2026-07-21 18:23:56,PRD_SNK_01,Snacks,1,373.21,17.77,CARD
TXN0005657,M050,C01123,2026-07-21 18:27:46,PRD_BRD_02,Bread,1,290.84,13.85,UPI
TXN0004056,M037,C02180,2026-07-21 18:29:13,PRD_EAR_01,Earphones,1,1299.0,1019.98,WALLET
TXN0007702,M040,C02831,2026-07-21 18:40:47,PRD_TEA_02,Tea,2,210.0,182.95,UPI
TXN0000224,M030,C03400,2026-07-21 18:43:56,PRD_ELE_01,Home Electronics,1,2346.05,111.72,UPI
TXN0003748,M005,C01021,2026-07-21 19:05:12,PRD_LAP_02,Laptops,3,1255.08,179.31,UPI
TXN0003213,M046,C01130,2026-07-21 19:09:51,PRD_SNK_01,Snacks,2,948.13,90.29,WALLET
TXN0006347,M031,C02777,2026-07-21 19:10:51,PRD_ELE_02,Home Electronics,1,7677.03,365.57,UPI
TXN0007790,M046,C01407,2026-07-21 19:18:39,PRD_HOU_01,Household,1,1236.68,58.89,CARD
TXN0001467,M003,C02299,2026-07-21 19:38:09,PRD_COF_02,Coffee,1,280.0,36.64,UPI
TXN0002539,M013,C02225,2026-07-21 19:42:58,PRD_SNK_01,Snacks,1,575.07,27.38,UPI
TXN0002576,M036,C01231,2026-07-21 20:53:14,PRD_DAI_02,Dairy,1,384.96,18.33,UPI
TXN0001238,M031,C00459,2026-07-21 21:27:12,PRD_ELE_01,Home Electronics,1,2809.19,133.77,UPI
TXN0005705,M041,C00522,2026-07-21 21:37:10,PRD_DES_02,Desserts,1,313.29,14.92,UPI
TXN0006770,M007,C02418,2026-07-21 22:05:25,PRD_DAI_01,Dairy,1,759.26,36.16,UPI
TXN0008829,M049,C01554,2026-07-21 22:20:21,PRD_TEA_02,Tea,1,529.96,25.24,UPI
TXN0009526,M044,C03136,2026-07-21 22:21:26,PRD_KID_01,Kids,1,589.9,28.09,UPI
TXN0001646,M030,C01000,2026-07-21 22:34:20,PRD_ELE_02,Home Electronics,3,3795.49,542.2,CARD
TXN0009866,M015,C01044,2026-07-21 22:38:37,PRD_CAK_01,Cakes,1,1260.0,60.0,UPI
TXN0000472,M036,C00974,2026-07-22 09:42:59,PRD_DAI_02,Dairy,1,481.2,22.91,UPI
TXN0003224,M039,C01441,2026-07-22 12:40:30,PRD_BABY_01,Baby Care,3,799.0,487.57,UPI
TXN0004715,M007,C00457,2026-07-22 16:49:58,PRD_SNK_02,Snacks,1,430.59,20.5,UPI
TXN0006946,M034,C00717,2026-07-22 17:23:27,PRD_ART_01,Art Supplies,1,320.0,154.11,UPI
TXN0003000,M009,C02428,2026-07-22 18:13:48,PRD_PER_02,Personal Care,1,1190.3,56.68,UPI
TXN0009348,M001,C00518,2026-07-22 18:24:14,PRD_SNK_01,Snacks,1,572.16,27.25,CARD
TXN0005999,M017,C00172,2026-07-22 18:25:36,PRD_ART_02,Art Supplies,2,472.5,45.0,UPI
TXN0006941,M042,C01859,2026-07-22 18:34:11,PRD_SNK_01,Snacks,1,275.99,13.14,UPI
TXN0005667,M036,C01704,2026-07-22 18:35:12,PRD_BEV_02,Beverages,1,458.21,21.82,UPI
TXN0007691,M016,C00856,2026-07-22 18:58:59,PRD_PAS_01,Pastries,1,412.82,19.66,UPI
TXN0006736,M011,C00933,2026-07-22 19:04:03,PRD_OFF_02,Office Supplies,1,358.08,17.05,CARD
TXN0004238,M034,C00016,2026-07-22 19:11:37,PRD_ART_01,Art Supplies,1,945.0,45.0,UPI
TXN0005277,M010,C02921,2026-07-22 19:30:29,PRD_SNK_02,Snacks,1,374.07,17.81,UPI
TXN0009834,M022,C02084,2026-07-22 19:37:40,PRD_ACC_01,Accessories,1,697.94,33.24,UPI
TXN0005771,M040,C02819,2026-07-22 19:47:58,PRD_TEA_02,Tea,1,286.07,13.62,UPI
TXN0001278,M049,C00115,2026-07-22 20:15:29,PRD_COF_01,Coffee,1,380.0,38.65,WALLET
TXN0002240,M034,C00755,2026-07-22 20:29:11,PRD_ART_02,Art Supplies,2,332.06,31.62,CARD
TXN0006503,M030,C02820,2026-07-22 20:39:00,PRD_ACC_01,Accessories,1,14876.21,708.39,CASH
TXN0002189,M008,C02603,2026-07-22 21:00:04,PRD_SNK_02,Snacks,1,243.01,11.57,WALLET
TXN0004641,M014,C00502,2026-07-22 21:09:48,PRD_PAS_01,Pastries,1,1260.0,60.0,CASH
TXN0004738,M014,C00467,2026-07-22 21:25:42,PRD_SNK_02,Snacks,2,242.0,23.05,UPI
TXN0006033,M002,C01281,2026-07-22 21:47:41,PRD_PAS_01,Pastries,1,734.01,34.95,CASH
TXN0000613,M015,C00573,2026-07-22 22:19:55,PRD_CAK_02,Cakes,2,450.0,221.55,CARD
TXN0002472,M004,C00113,2026-07-23 09:21:36,PRD_ACC_01,Accessories,1,2878.18,137.06,CARD
TXN0004028,M021,C02622,2026-07-23 12:04:44,PRD_NOT_02,Notebooks,2,260.0,281.19,CARD
TXN0003235,M034,C03407,2026-07-23 12:40:21,PRD_NOT_01,Notebooks,2,168.77,16.07,UPI
TXN0000815,M005,C01200,2026-07-23 13:16:43,PRD_ELE_02,Home Electronics,1,15750.0,750.0,UPI
TXN0002663,M028,C03290,2026-07-23 14:31:55,PRD_CAS_01,Cases,1,249.65,11.89,UPI
TXN0008555,M036,C02959,2026-07-23 15:32:54,PRD_SNK_02,Snacks,1,280.16,13.34,CASH
TXN0002218,M038,C03274,2026-07-23 15:58:09,PRD_CAS_01,Cases,1,1035.95,49.33,UPI
TXN0003443,M025,C02510,2026-07-23 16:51:16,PRD_CAK_02,Cakes,1,450.0,217.98,UPI
TXN0002873,M010,C03307,2026-07-23 18:10:36,PRD_SNK_01,Snacks,1,605.71,28.84,UPI
TXN0008565,M043,C01031,2026-07-23 18:24:38,PRD_BRD_02,Bread,4,140.0,335.17,UPI
TXN0009086,M048,C01717,2026-07-23 18:42:55,PRD_CHG_01,Chargers,1,3150.0,150.0,UPI
TXN0006030,M020,C01390,2026-07-23 18:48:16,PRD_ELE_02,Home Electronics,1,11958.88,569.47,WALLET
TXN0000034,M037,C03325,2026-07-23 19:21:48,PRD_EAR_01,Earphones,1,2430.1,115.72,UPI
TXN0005107,M046,C03175,2026-07-23 20:04:34,PRD_ESS_02,Daily Essentials,1,230.22,10.96,UPI
TXN0009722,M043,C02505,2026-07-23 20:07:18,PRD_BRD_01,Bread,1,664.77,31.66,UPI
TXN0000086,M036,C00124,2026-07-23 20:36:56,PRD_HOU_02,Household,1,320.0,91.13,UPI
TXN0001687,M021,C00573,2026-07-23 21:00:19,PRD_NOT_01,Notebooks,1,715.53,34.07,UPI
TXN0001806,M033,C01308,2026-07-23 21:08:14,PRD_SNK_02,Snacks,3,270.54,38.64,WALLET
TXN0004979,M031,C00358,2026-07-23 21:58:05,PRD_MOB_01,Mobiles,1,13709.9,652.85,CARD
TXN0002771,M004,C00400,2026-07-23 22:47:11,PRD_MOB_02,Mobiles,3,11999.0,30677.4,UPI
TXN0006537,M046,C03300,2026-07-23 22:50:58,PRD_ESS_01,Daily Essentials,1,1294.21,61.63,UPI
TXN0005930,M002,C02131,2026-07-24 09:15:13,PRD_PAS_02,Pastries,1,284.33,13.54,UPI
TXN0008503,M046,C01438,2026-07-24 10:02:03,PRD_HOU_01,Household,1,278.14,13.24,UPI
TXN0009922,M032,C02595,2026-07-24 11:03:15,PRD_MED_02,Medicine,1,299.78,14.28,UPI
TXN0006613,M031,C00399,2026-07-24 11:08:06,PRD_MOB_01,Mobiles,2,6499.0,11025.02,UPI
TXN0005534,M006,C03219,2026-07-24 11:22:35,PRD_CAS_02,Cases,1,1175.35,55.97,UPI
TXN0006152,M010,C01653,2026-07-24 11:29:56,PRD_HOU_01,Household,1,1890.0,90.0,UPI
TXN0003355,M029,C00076,2026-07-24 11:51:46,PRD_NOT_02,Notebooks,2,260.0,353.32,UPI
TXN0006076,M026,C01456,2026-07-24 11:55:11,PRD_COF_01,Coffee,1,380.0,83.91,CASH
TXN0009948,M016,C00920,2026-07-24 12:07:24,PRD_BRD_02,Bread,1,578.74,27.56,UPI
TXN0009241,M013,C03449,2026-07-24 12:27:26,PRD_BRD_01,Bread,1,313.68,14.94,CASH
TXN0008163,M046,C00590,2026-07-24 13:09:52,PRD_BEV_02,Beverages,2,515.89,49.14,UPI
TXN0006199,M005,C01774,2026-07-24 14:52:46,PRD_ELE_01,Home Electronics,1,7010.21,333.82,UPI
TXN0005638,M038,C01479,2026-07-24 15:13:56,PRD_CAB_02,Cables,1,496.93,23.66,UPI
TXN0008426,M031,C00342,2026-07-24 15:26:20,PRD_LAP_01,Laptops,1,11644.34,554.49,UPI
TXN0002080,M016,C00189,2026-07-24 15:40:40,PRD_SNK_02,Snacks,1,225.0,19.1,UPI
TXN0006903,M013,C00604,2026-07-24 16:23:46,PRD_CAK_01,Cakes,2,550.0,758.88,UPI
TXN0008637,M005,C00391,2026-07-24 16:44:08,PRD_ACC_02,Accessories,1,8026.58,382.22,UPI
TXN0001742,M047,C01649,2026-07-24 17:00:46,PRD_ELE_01,Home Electronics,1,3760.19,179.06,UPI
TXN0008003,M036,C03367,2026-07-24 17:10:31,PRD_SNK_02,Snacks,1,349.45,16.64,UPI
TXN0002441,M019,C00248,2026-07-24 17:27:47,PRD_EAR_01,Earphones,2,1299.0,2401.34,UPI
TXN0006902,M031,C03397,2026-07-24 17:40:35,PRD_ACC_02,Accessories,1,747.31,35.59,UPI
TXN0007834,M005,C03149,2026-07-24 17:41:59,PRD_LAP_01,Laptops,2,1369.21,130.41,UPI
TXN0001124,M046,C00398,2026-07-24 17:56:27,PRD_ESS_02,Daily Essentials,1,346.88,16.52,CARD
TXN0006620,M005,C00950,2026-07-24 18:06:17,PRD_LAP_01,Laptops,2,2684.77,255.7,UPI
TXN0006180,M037,C01682,2026-07-24 18:39:18,PRD_EAR_02,Earphones,1,2629.97,125.24,UPI
TXN0000450,M044,C01193,2026-07-24 18:49:23,PRD_MEN_01,Men,1,2566.02,122.19,CASH
TXN0005886,M039,C00521,2026-07-24 18:52:04,PRD_MED_02,Medicine,1,3097.5,147.5,UPI
TXN0005696,M036,C00107,2026-07-24 18:56:31,PRD_HOU_01,Household,1,837.87,39.9,UPI
TXN0000197,M025,C02996,2026-07-24 19:05:30,PRD_BRD_02,Bread,3,140.0,317.04,UPI
TXN0006752,M002,C01848,2026-07-24 19:08:13,PRD_SNK_01,Snacks,4,45.0,100.0,WALLET
TXN0006444,M031,C01746,2026-07-24 19:08:40,PRD_MOB_02,Mobiles,1,11999.0,3594.02,WALLET
TXN0009884,M008,C02531,2026-07-24 19:19:57,PRD_TEA_01,Tea,2,240.0,241.09,UPI
TXN0005629,M039,C02981,2026-07-24 19:21:22,PRD_PER_02,Personal Care,1,429.71,20.46,CASH
TXN0007486,M039,C02578,2026-07-24 19:22:30,PRD_WEL_01,Wellness,1,1054.16,50.2,UPI
TXN0007109,M018,C01438,2026-07-24 19:57:25,PRD_DES_02,Desserts,1,186.25,8.87,UPI
TXN0005007,M008,C03031,2026-07-24 19:58:30,PRD_TEA_01,Tea,1,840.0,40.0,UPI
TXN0003109,M005,C02036,2026-07-24 20:24:53,PRD_MOB_02,Mobiles,1,12943.12,616.34,CASH
TXN0005162,M040,C02487,2026-07-24 20:31:12,PRD_COF_01,Coffee,1,421.84,20.09,WALLET
TXN0007659,M011,C00973,2026-07-25 08:25:31,PRD_NOT_02,Notebooks,1,418.68,19.94,UPI
TXN0009552,M030,C01586,2026-07-25 10:37:39,PRD_LAP_01,Laptops,1,2419.39,115.21,UPI
TXN0002083,M022,C01631,2026-07-25 10:38:52,PRD_KID_02,Kids,2,319.0,30.38,UPI
TXN0001114,M008,C00965,2026-07-25 11:01:57,PRD_DES_01,Desserts,1,220.0,120.15,UPI
TXN0001172,M005,C00308,2026-07-25 13:58:40,PRD_MOB_02,Mobiles,1,11999.0,8058.89,UPI
TXN0002408,M036,C02593,2026-07-25 14:42:47,PRD_DAI_01,Dairy,1,1001.71,47.7,UPI
TXN0009300,M031,C03179,2026-07-25 16:14:50,PRD_LAP_02,Laptops,1,17325.0,825.0,CASH
TXN0005997,M018,C01121,2026-07-25 16:56:51,PRD_SNK_01,Snacks,1,138.6,6.6,UPI
TXN0000886,M034,C03264,2026-07-25 17:17:52,PRD_ART_02,Art Supplies,1,1026.34,48.87,CARD
TXN0005795,M015,C01558,2026-07-25 17:20:18,PRD_CAK_01,Cakes,1,555.5,26.45,UPI
TXN0005854,M008,C01880,2026-07-25 18:02:09,PRD_TEA_02,Tea,1,361.65,17.22,CARD
TXN0008727,M007,C00672,2026-07-25 18:06:55,PRD_STA_01,Staples,2,540.0,569.81,UPI
TXN0003514,M042,C02102,2026-07-25 18:15:44,PRD_CAK_02,Cakes,2,450.0,720.13,WALLET
TXN0007474,M019,C01598,2026-07-25 18:31:39,PRD_EAR_01,Earphones,1,1359.0,64.71,CARD
TXN0000095,M019,C02309,2026-07-25 18:38:28,PRD_EAR_02,Earphones,3,349.0,70.49,UPI
TXN0009616,M026,C00102,2026-07-25 18:48:53,PRD_COF_01,Coffee,2,380.0,623.89,UPI
TXN0008284,M045,C01924,2026-07-25 19:17:58,PRD_HOU_02,Household,1,320.0,124.35,UPI
TXN0007451,M050,C03320,2026-07-25 19:42:02,PRD_SNK_01,Snacks,1,409.01,19.48,UPI
TXN0003483,M013,C02600,2026-07-25 19:51:34,PRD_SNK_02,Snacks,1,225.0,54.12,UPI
TXN0000309,M043,C02556,2026-07-25 20:20:28,PRD_SNK_01,Snacks,1,249.32,11.87,UPI
TXN0002105,M033,C00806,2026-07-25 20:22:25,PRD_DAI_02,Dairy,1,2079.0,99.0,UPI
TXN0006693,M009,C02734,2026-07-25 20:28:56,PRD_PER_01,Personal Care,3,1135.75,162.25,UPI
TXN0009971,M034,C01005,2026-07-25 20:31:33,PRD_WRI_02,Writing,1,353.67,16.84,WALLET
TXN0007858,M047,C03138,2026-07-25 20:58:09,PRD_MOB_01,Mobiles,1,6499.0,1314.66,CARD
TXN0005369,M016,C03294,2026-07-25 21:18:37,PRD_SNK_02,Snacks,1,1386.0,66.0,UPI
TXN0000959,M044,C01456,2026-07-25 21:20:43,PRD_MEN_01,Men,1,3229.84,153.8,UPI
TXN0002901,M007,C01051,2026-07-25 21:28:21,PRD_STA_02,Staples,1,245.0,35.4,UPI
TXN0006801,M008,C00270,2026-07-26 08:04:56,PRD_SNK_01,Snacks,2,261.57,24.92,UPI
TXN0005825,M033,C00681,2026-07-26 09:45:26,PRD_HOU_02,Household,1,434.69,20.7,CASH
TXN0002205,M026,C01697,2026-07-26 12:59:59,PRD_COF_01,Coffee,1,380.0,273.19,CASH
TXN0007762,M015,C02320,2026-07-26 14:53:04,PRD_BRD_02,Bread,1,327.03,15.57,UPI
TXN0009005,M033,C02328,2026-07-26 15:10:46,PRD_DAI_01,Dairy,1,243.55,11.6,UPI
TXN0007220,M016,C00961,2026-07-26 15:46:08,PRD_SNK_02,Snacks,1,1126.39,53.64,UPI
TXN0006638,M046,C02355,2026-07-26 15:54:30,PRD_BEV_01,Beverages,1,475.98,22.67,UPI
TXN0009391,M047,C00947,2026-07-26 16:21:26,PRD_LAP_02,Laptops,1,5534.76,263.56,UPI
TXN0006146,M023,C03111,2026-07-26 16:59:33,PRD_BEV_01,Beverages,1,340.75,16.23,CARD
TXN0004366,M027,C00745,2026-07-26 17:00:20,PRD_MOB_02,Mobiles,2,11999.0,20437.89,CASH
TXN0003050,M035,C02641,2026-07-26 17:15:52,PRD_CAB_01,Cables,1,3443.97,164.0,CARD
TXN0000698,M015,C00767,2026-07-26 18:15:30,PRD_CAK_02,Cakes,1,450.0,106.62,UPI
TXN0005475,M025,C00456,2026-07-26 18:38:07,PRD_PAS_01,Pastries,1,131.03,6.24,UPI
TXN0003897,M009,C00587,2026-07-26 18:57:45,PRD_MED_02,Medicine,2,293.66,27.96,UPI
TXN0003239,M030,C00258,2026-07-26 18:58:50,PRD_ACC_01,Accessories,1,1676.65,79.84,UPI
TXN0004453,M004,C01211,2026-07-26 19:15:32,PRD_MOB_02,Mobiles,1,11999.0,7781.51,UPI
TXN0001475,M013,C01003,2026-07-26 19:21:38,PRD_PAS_01,Pastries,1,338.83,16.13,CASH
TXN0007477,M050,C02919,2026-07-26 19:22:08,PRD_CAK_02,Cakes,1,738.64,35.17,UPI
TXN0002332,M031,C01717,2026-07-26 19:25:01,PRD_ACC_01,Accessories,1,2407.11,114.62,UPI
TXN0003487,M016,C02107,2026-07-26 19:32:18,PRD_CAK_02,Cakes,1,1114.66,53.08,WALLET
TXN0002977,M009,C03336,2026-07-26 19:33:08,PRD_MED_01,Medicine,1,2566.82,122.23,CARD
TXN0009055,M002,C02782,2026-07-26 19:46:42,PRD_SNK_02,Snacks,1,331.72,15.8,UPI
TXN0008495,M037,C00512,2026-07-26 19:57:07,PRD_CAB_01,Cables,1,2939.29,139.97,WALLET
TXN0002892,M048,C01911,2026-07-26 21:21:31,PRD_CAS_02,Cases,1,745.88,35.52,UPI
TXN0001034,M021,C00170,2026-07-26 21:36:23,PRD_NOT_01,Notebooks,1,899.42,42.83,UPI
TXN0003610,M008,C03461,2026-07-26 21:58:27,PRD_DES_02,Desserts,1,379.88,18.09,WALLET
TXN0007658,M026,C02717,2026-07-26 22:13:33,PRD_COF_01,Coffee,1,380.0,54.49,UPI
TXN0002604,M019,C03270,2026-07-26 22:38:20,PRD_CAS_02,Cases,1,3465.0,165.0,UPI
TXN0009146,M003,C02647,2026-07-26 22:47:54,PRD_TEA_01,Tea,1,240.0,133.28,CASH
TXN0007854,M046,C02760,2026-07-27 11:17:16,PRD_BEV_02,Beverages,1,274.08,13.05,UPI
TXN0008130,M035,C02342,2026-07-27 11:37:09,PRD_EAR_01,Earphones,1,1968.2,93.72,UPI
TXN0004654,M014,C02484,2026-07-27 11:40:24,PRD_BRD_02,Bread,3,233.29,33.34,UPI
TXN0006794,M014,C00792,2026-07-27 16:18:18,PRD_CAK_01,Cakes,2,550.0,980.01,CARD
TXN0008092,M044,C01678,2026-07-27 16:33:59,PRD_ACC_02,Accessories,1,3993.3,190.16,WALLET
TXN0008761,M007,C03218,2026-07-27 17:07:57,PRD_BEV_01,Beverages,1,1430.19,68.1,UPI
TXN0009923,M021,C02945,2026-07-27 17:35:02,PRD_WRI_02,Writing,1,133.77,6.37,UPI
TXN0008042,M035,C01827,2026-07-27 17:38:31,PRD_CAS_01,Cases,1,1321.15,62.91,UPI
TXN0003587,M039,C01953,2026-07-27 17:42:08,PRD_MED_02,Medicine,1,329.86,15.71,UPI
TXN0009046,M008,C01213,2026-07-27 17:44:04,PRD_TEA_01,Tea,2,273.5,26.04,UPI
TXN0001246,M005,C03220,2026-07-27 17:55:29,PRD_MOB_02,Mobiles,2,11999.0,18841.17,UPI
TXN0001329,M048,C01868,2026-07-27 18:13:41,PRD_CHG_01,Chargers,1,1573.42,74.92,UPI
TXN0002652,M033,C02239,2026-07-27 18:32:15,PRD_BEV_02,Beverages,1,697.28,33.2,UPI
TXN0000279,M005,C03034,2026-07-27 19:29:11,PRD_ACC_01,Accessories,1,7920.33,377.16,UPI
TXN0003220,M026,C00012,2026-07-27 19:42:31,PRD_TEA_02,Tea,1,221.27,10.54,UPI
TXN0000272,M043,C01627,2026-07-27 20:03:14,PRD_PAS_01,Pastries,1,605.12,28.82,UPI
TXN0006481,M005,C00730,2026-07-27 20:22:05,PRD_LAP_02,Laptops,2,4797.79,456.94,CARD
TXN0005779,M041,C00593,2026-07-27 20:23:35,PRD_BEV_01,Beverages,2,787.5,75.0,UPI
TXN0005823,M034,C03029,2026-07-27 20:43:40,PRD_OFF_02,Office Supplies,1,310.0,41.75,CARD
TXN0009123,M018,C00469,2026-07-27 20:55:05,PRD_BEV_01,Beverages,1,460.25,21.92,CASH
TXN0003476,M014,C01304,2026-07-27 21:37:29,PRD_SNK_02,Snacks,1,456.35,21.73,UPI
TXN0008114,M034,C00763,2026-07-27 21:44:34,PRD_NOT_01,Notebooks,2,160.0,213.82,UPI
TXN0000083,M035,C01734,2026-07-27 21:45:37,PRD_CHG_02,Chargers,1,999.0,429.27,UPI
TXN0004237,M028,C01507,2026-07-27 22:02:52,PRD_CHG_01,Chargers,1,902.63,42.98,UPI
TXN0005982,M050,C01938,2026-07-27 22:06:44,PRD_PAS_02,Pastries,1,404.62,19.27,UPI
TXN0002195,M046,C00971,2026-07-27 22:13:53,PRD_BEV_01,Beverages,1,823.22,39.2,UPI
TXN0003619,M026,C00014,2026-07-27 22:28:09,PRD_TEA_02,Tea,1,210.0,51.11,UPI
TXN0008706,M003,C02803,2026-07-28 13:02:47,PRD_COF_01,Coffee,1,545.95,26.0,UPI
TXN0000883,M016,C01207,2026-07-28 15:05:26,PRD_SNK_02,Snacks,1,594.07,28.29,UPI
TXN0007680,M011,C01821,2026-07-28 15:42:01,PRD_OFF_01,Office Supplies,2,175.0,157.68,UPI
TXN0005761,M002,C01022,2026-07-28 16:28:20,PRD_BRD_02,Bread,1,140.0,54.95,UPI
TXN0007728,M030,C00785,2026-07-28 17:01:22,PRD_LAP_01,Laptops,1,2821.44,134.35,CARD
TXN0007320,M003,C01092,2026-07-28 17:18:49,PRD_DES_02,Desserts,1,304.99,14.52,UPI
TXN0007987,M013,C02057,2026-07-28 17:37:56,PRD_SNK_01,Snacks,1,408.0,19.43,UPI
TXN0007386,M031,C01878,2026-07-28 17:40:47,PRD_MOB_02,Mobiles,1,11999.0,6958.45,UPI
TXN0002113,M016,C02865,2026-07-28 18:06:27,PRD_PAS_01,Pastries,1,317.47,15.12,UPI
TXN0005748,M006,C00335,2026-07-28 18:15:13,PRD_CAB_02,Cables,1,3150.0,150.0,UPI
TXN0002544,M029,C02284,2026-07-28 18:46:34,PRD_NOT_01,Notebooks,2,160.0,213.49,UPI
TXN0000442,M039,C01299,2026-07-28 19:03:27,PRD_BABY_02,Baby Care,1,1888.76,89.94,UPI
TXN0001264,M046,C00494,2026-07-28 19:03:34,PRD_ESS_01,Daily Essentials,1,363.28,17.3,UPI
TXN0007418,M033,C00739,2026-07-28 19:06:44,PRD_SNK_02,Snacks,1,642.89,30.61,WALLET
TXN0008866,M046,C00037,2026-07-28 19:20:15,PRD_BEV_01,Beverages,1,354.71,16.89,UPI
TXN0005402,M015,C02595,2026-07-28 20:04:26,PRD_CAK_02,Cakes,1,450.0,58.96,CASH
TXN0009883,M050,C02143,2026-07-28 20:16:50,PRD_SNK_01,Snacks,2,172.06,16.38,UPI
TXN0006859,M039,C01380,2026-07-28 20:25:31,PRD_BABY_02,Baby Care,2,379.55,36.15,CARD
TXN0009016,M021,C03177,2026-07-28 20:39:39,PRD_OFF_01,Office Supplies,2,175.0,182.64,CARD
TXN0005586,M039,C00635,2026-07-28 21:03:29,PRD_PER_02,Personal Care,1,666.2,31.72,UPI
TXN0007173,M004,C01110,2026-07-28 21:05:01,PRD_LAP_01,Laptops,1,4878.03,232.29,UPI
TXN0002803,M030,C00694,2026-07-28 21:51:47,PRD_MOB_02,Mobiles,1,11999.0,3863.9,UPI
TXN0009311,M029,C00808,2026-07-28 21:56:05,PRD_ART_01,Art Supplies,1,342.81,16.32,UPI
TXN0005827,M023,C00696,2026-07-28 21:57:16,PRD_BEV_02,Beverages,1,527.66,25.13,WALLET
TXN0009015,M007,C02195,2026-07-28 21:59:26,PRD_BEV_01,Beverages,2,318.68,30.36,CASH
TXN0007737,M002,C01926,2026-07-28 22:38:34,PRD_PAS_02,Pastries,1,383.44,18.26,UPI
TXN0005503,M039,C02222,2026-07-28 22:49:44,PRD_WEL_01,Wellness,1,375.0,39.86,CARD
TXN0000295,M046,C00642,2026-07-29 08:01:19,PRD_HOU_02,Household,2,381.0,36.29,WALLET
TXN0002463,M008,C01555,2026-07-29 10:36:05,PRD_DES_01,Desserts,1,255.95,12.19,UPI
TXN0004680,M042,C02803,2026-07-29 10:58:11,PRD_BRD_02,Bread,1,277.97,13.24,UPI
TXN0000203,M028,C00981,2026-07-29 11:38:19,PRD_CAB_01,Cables,1,1479.69,70.46,UPI
TXN0001259,M050,C02970,2026-07-29 11:50:13,PRD_SNK_02,Snacks,4,225.0,533.05,UPI
TXN0001027,M045,C02407,2026-07-29 12:22:56,PRD_SNK_01,Snacks,1,935.06,44.53,UPI
TXN0004632,M020,C03161,2026-07-29 12:35:14,PRD_MOB_02,Mobiles,1,11999.0,9923.43,UPI
TXN0008270,M003,C02057,2026-07-29 16:02:50,PRD_COF_01,Coffee,1,396.31,18.87,UPI
TXN0000245,M046,C01853,2026-07-29 16:38:55,PRD_BEV_02,Beverages,1,765.47,36.45,UPI
TXN0003370,M006,C03472,2026-07-29 16:39:12,PRD_CAS_01,Cases,1,845.84,40.28,CARD
TXN0007513,M048,C02423,2026-07-29 17:21:52,PRD_CHG_02,Chargers,1,2632.0,125.33,UPI
TXN0007306,M043,C02473,2026-07-29 17:24:39,PRD_BRD_01,Bread,1,276.18,13.15,UPI
TXN0000870,M046,C00527,2026-07-29 18:04:30,PRD_BEV_02,Beverages,1,2106.48,100.31,UPI
TXN0007761,M018,C03264,2026-07-29 18:09:44,PRD_BEV_01,Beverages,1,1184.14,56.39,UPI
TXN0009897,M014,C00887,2026-07-29 18:10:40,PRD_SNK_02,Snacks,1,894.55,42.6,UPI
TXN0000842,M048,C02203,2026-07-29 18:41:03,PRD_CHG_01,Chargers,1,1636.94,77.95,UPI
TXN0003122,M017,C01877,2026-07-29 19:25:52,PRD_WRI_02,Writing,2,115.0,158.14,UPI
TXN0009885,M016,C03339,2026-07-29 19:40:27,PRD_BRD_01,Bread,1,602.56,28.69,UPI
TXN0002832,M007,C02167,2026-07-29 19:47:07,PRD_DAI_02,Dairy,1,818.67,38.98,UPI
TXN0006437,M017,C01904,2026-07-29 20:01:30,PRD_WRI_01,Writing,1,90.0,35.33,UPI
TXN0005650,M011,C03177,2026-07-29 20:15:14,PRD_ART_02,Art Supplies,1,431.33,20.54,UPI
TXN0003180,M037,C00554,2026-07-29 20:35:54,PRD_CHG_01,Chargers,1,1399.07,66.62,WALLET
TXN0008419,M049,C00590,2026-07-29 20:45:18,PRD_SNK_02,Snacks,1,238.08,11.34,UPI
TXN0009698,M028,C01974,2026-07-29 20:48:27,PRD_CAB_01,Cables,1,1180.6,56.22,UPI
TXN0005867,M035,C00302,2026-07-29 21:16:22,PRD_CAS_02,Cases,1,854.13,40.67,UPI
TXN0002081,M030,C03064,2026-07-29 21:55:13,PRD_MOB_01,Mobiles,3,6499.0,15807.3,UPI
TXN0002063,M030,C01163,2026-07-29 22:04:02,PRD_ACC_02,Accessories,1,4043.71,192.56,UPI
TXN0004094,M049,C01328,2026-07-29 22:04:33,PRD_TEA_01,Tea,1,360.27,17.16,CASH
TXN0000018,M047,C02619,2026-07-30 09:34:40,PRD_MOB_02,Mobiles,1,11999.0,1076.5,CASH
TXN0005670,M039,C03480,2026-07-30 10:14:17,PRD_PER_01,Personal Care,1,465.15,22.15,UPI
TXN0009313,M039,C03216,2026-07-30 11:19:36,PRD_BABY_02,Baby Care,1,2625.0,125.0,WALLET
TXN0009451,M029,C00360,2026-07-30 11:26:50,PRD_OFF_01,Office Supplies,1,175.0,41.9,UPI
TXN0006039,M029,C00063,2026-07-30 11:49:13,PRD_OFF_02,Office Supplies,1,419.44,19.97,UPI
TXN0005386,M005,C00263,2026-07-30 14:00:35,PRD_MOB_01,Mobiles,1,8147.72,387.99,UPI
TXN0003120,M006,C01231,2026-07-30 14:17:56,PRD_CAS_02,Cases,1,922.93,43.95,UPI
TXN0004384,M039,C00833,2026-07-30 15:29:42,PRD_PER_01,Personal Care,1,2625.0,125.0,CARD
TXN0003660,M027,C03456,2026-07-30 16:20:42,PRD_MOB_02,Mobiles,1,11999.0,5014.56,UPI
TXN0008103,M008,C01792,2026-07-30 16:23:32,PRD_DES_01,Desserts,4,220.0,121.64,UPI
TXN0005240,M046,C02208,2026-07-30 16:50:30,PRD_ESS_02,Daily Essentials,1,690.42,32.88,CARD
TXN0009820,M016,C03169,2026-07-30 17:04:40,PRD_PAS_01,Pastries,1,253.21,12.06,UPI
TXN0008707,M029,C02715,2026-07-30 17:31:23,PRD_NOT_02,Notebooks,1,432.77,20.61,UPI
TXN0003142,M009,C01773,2026-07-30 17:56:33,PRD_BABY_01,Baby Care,1,799.0,283.54,UPI
TXN0002741,M006,C03498,2026-07-30 18:25:47,PRD_CAS_02,Cases,2,691.56,65.86,UPI
TXN0000414,M008,C00300,2026-07-30 18:31:18,PRD_DES_01,Desserts,2,228.19,21.74,UPI
TXN0009057,M005,C03409,2026-07-30 18:35:57,PRD_LAP_02,Laptops,2,3306.49,314.91,UPI
TXN0001239,M002,C02476,2026-07-30 18:36:05,PRD_BRD_01,Bread,1,241.35,11.49,UPI
TXN0009338,M014,C02547,2026-07-30 18:41:51,PRD_BRD_02,Bread,1,457.16,21.77,CARD
TXN0009538,M013,C01063,2026-07-30 18:44:41,PRD_BRD_01,Bread,2,279.62,26.64,UPI
TXN0009363,M026,C00459,2026-07-30 18:47:36,PRD_DES_02,Desserts,1,622.0,29.62,UPI
TXN0005698,M037,C01807,2026-07-30 19:00:44,PRD_EAR_01,Earphones,1,1299.0,91.11,UPI
TXN0002499,M047,C03448,2026-07-30 19:11:46,PRD_ELE_02,Home Electronics,1,8733.8,415.9,UPI
TXN0000336,M029,C02500,2026-07-30 19:20:52,PRD_OFF_01,Office Supplies,1,175.0,44.08,UPI
TXN0004064,M003,C00296,2026-07-30 19:43:56,PRD_TEA_02,Tea,1,247.32,11.78,CASH
TXN0000717,M041,C02227,2026-07-30 19:44:54,PRD_DES_01,Desserts,1,333.94,15.9,UPI
TXN0002710,M035,C02333,2026-07-30 19:54:29,PRD_EAR_02,Earphones,2,373.9,35.61,UPI
TXN0007398,M023,C01857,2026-07-30 19:56:31,PRD_DES_01,Desserts,2,503.02,47.91,UPI
TXN0001905,M030,C01395,2026-07-30 20:00:23,PRD_ACC_02,Accessories,2,5790.54,551.48,UPI
TXN0007828,M046,C01048,2026-07-30 20:07:22,PRD_BEV_01,Beverages,1,653.9,31.14,UPI
TXN0004729,M006,C00445,2026-07-30 20:25:51,PRD_CAB_02,Cables,1,2993.66,142.56,UPI
TXN0002109,M048,C01601,2026-07-30 20:54:57,PRD_CHG_01,Chargers,1,1521.75,72.46,UPI
TXN0008286,M035,C02368,2026-07-30 20:59:30,PRD_CHG_02,Chargers,2,999.0,690.31,UPI
TXN0000314,M038,C01904,2026-07-30 22:56:19,PRD_CAS_01,Cases,1,985.2,46.91,UPI
TXN0002358,M005,C01195,2026-07-31 13:36:16,PRD_ELE_02,Home Electronics,3,2347.63,335.37,UPI
TXN0002618,M008,C00130,2026-07-31 13:52:28,PRD_SNK_01,Snacks,1,273.65,13.03,CASH
TXN0004970,M050,C01092,2026-07-31 14:02:02,PRD_SNK_02,Snacks,1,719.1,34.24,UPI
TXN0007612,M038,C02668,2026-07-31 16:03:18,PRD_CAB_01,Cables,1,1906.49,90.79,UPI
TXN0004265,M030,C03118,2026-07-31 16:36:30,PRD_ELE_02,Home Electronics,1,8502.28,404.87,UPI
TXN0008962,M013,C00711,2026-07-31 16:40:04,PRD_BRD_01,Bread,3,375.77,53.67,UPI
TXN0001150,M006,C01820,2026-07-31 16:44:25,PRD_CAS_02,Cases,1,450.0,101.36,UPI
TXN0000663,M016,C00513,2026-07-31 16:46:15,PRD_CAK_01,Cakes,1,550.0,101.53,UPI
TXN0005467,M041,C00599,2026-07-31 17:13:27,PRD_DES_02,Desserts,1,191.06,9.1,UPI
TXN0002838,M005,C03354,2026-07-31 17:17:32,PRD_ELE_01,Home Electronics,2,4236.44,403.48,UPI
TXN0009404,M042,C01056,2026-07-31 17:19:59,PRD_SNK_02,Snacks,1,225.0,103.44,UPI
TXN0002952,M017,C01050,2026-07-31 17:38:27,PRD_ART_01,Art Supplies,1,320.0,68.46,CASH
TXN0003337,M040,C01196,2026-07-31 17:56:50,PRD_SNK_02,Snacks,1,717.74,34.18,CARD
TXN0008076,M001,C01358,2026-07-31 18:42:30,PRD_HOU_01,Household,1,217.69,10.37,CARD
TXN0000644,M005,C00706,2026-07-31 18:50:20,PRD_LAP_02,Laptops,1,3935.18,187.39,UPI
TXN0007200,M038,C01941,2026-07-31 19:06:49,PRD_EAR_01,Earphones,2,1299.0,1140.33,CARD
TXN0006442,M029,C00871,2026-07-31 19:13:59,PRD_WRI_02,Writing,1,333.51,15.88,CARD
TXN0004723,M033,C02303,2026-07-31 19:14:14,PRD_DAI_01,Dairy,1,1890.0,90.0,UPI
TXN0004844,M002,C00556,2026-07-31 19:26:51,PRD_CAK_02,Cakes,1,450.0,236.05,UPI
TXN0008016,M014,C01299,2026-07-31 19:27:01,PRD_BRD_01,Bread,1,181.51,8.64,UPI
TXN0009852,M036,C00285,2026-07-31 19:34:28,PRD_HOU_02,Household,1,1453.46,69.21,UPI
TXN0009854,M005,C00265,2026-07-31 19:49:54,PRD_ELE_01,Home Electronics,2,1690.74,161.03,UPI
TXN0001830,M046,C00215,2026-07-31 19:57:12,PRD_BEV_02,Beverages,1,965.35,45.97,CARD
TXN0002872,M033,C01736,2026-07-31 19:58:17,PRD_STA_01,Staples,1,931.41,44.35,UPI
TXN0000759,M024,C03141,2026-07-31 20:00:18,PRD_HOU_02,Household,1,2100.0,100.0,CARD
TXN0006526,M034,C03369,2026-07-31 20:27:47,PRD_ART_01,Art Supplies,1,596.59,28.41,CASH
TXN0007971,M044,C02709,2026-07-31 20:33:25,PRD_KID_02,Kids,1,1027.62,48.93,CARD
TXN0005522,M030,C00491,2026-07-31 20:33:44,PRD_MOB_01,Mobiles,2,6499.0,7752.69,UPI
TXN0001118,M018,C02041,2026-07-31 21:25:48,PRD_MEA_02,Meals,1,329.51,15.69,CARD
TXN0000382,M016,C03233,2026-07-31 21:25:52,PRD_BRD_01,Bread,1,1048.99,49.95,UPI
TXN0001740,M033,C00530,2026-07-31 21:30:59,PRD_HOU_02,Household,3,320.0,473.37,UPI
TXN0009730,M005,C03484,2026-07-31 21:46:06,PRD_LAP_01,Laptops,1,2278.38,108.49,UPI
TXN0007649,M048,C02756,2026-08-01 08:10:57,PRD_CAS_02,Cases,1,791.02,37.67,UPI
TXN0002155,M033,C00860,2026-08-01 08:30:49,PRD_STA_01,Staples,3,540.0,1327.44,UPI
TXN0008303,M012,C02302,2026-08-01 08:38:20,PRD_BEV_02,Beverages,2,247.58,23.58,UPI
TXN0006096,M022,C00805,2026-08-01 10:42:14,PRD_WOM_01,Women,1,699.0,150.05,UPI
TXN0002335,M028,C02696,2026-08-01 11:45:00,PRD_CHG_02,Chargers,1,999.0,362.8,UPI
TXN0009528,M008,C03295,2026-08-01 11:45:34,PRD_TEA_01,Tea,2,489.72,46.64,UPI
TXN0009235,M003,C00091,2026-08-01 12:47:33,PRD_TEA_02,Tea,1,223.7,10.65,UPI
TXN0006782,M038,C01628,2026-08-01 13:38:22,PRD_CHG_01,Chargers,1,1073.45,51.12,UPI
TXN0002342,M043,C00177,2026-08-01 13:42:55,PRD_CAK_02,Cakes,2,734.58,69.96,UPI
TXN0000294,M009,C02978,2026-08-01 16:17:59,PRD_WEL_01,Wellness,1,702.86,33.47,UPI
TXN0001526,M013,C00102,2026-08-01 16:30:45,PRD_BRD_02,Bread,1,1469.16,69.96,WALLET
TXN0001593,M031,C03173,2026-08-01 16:56:17,PRD_LAP_01,Laptops,1,13408.82,638.52,UPI
TXN0002630,M046,C03208,2026-08-01 17:03:12,PRD_SNK_02,Snacks,1,2448.6,116.6,CARD
TXN0007624,M014,C02568,2026-08-01 17:04:25,PRD_PAS_01,Pastries,1,1469.16,69.96,UPI
TXN0008769,M012,C00469,2026-08-01 17:18:01,PRD_ESS_02,Daily Essentials,1,398.01,18.95,UPI
TXN0008066,M034,C02051,2026-08-01 17:56:06,PRD_NOT_01,Notebooks,1,350.75,16.7,WALLET
TXN0003574,M001,C01796,2026-08-01 17:58:41,PRD_SNK_02,Snacks,2,432.63,41.21,UPI
TXN0008196,M002,C01865,2026-08-01 18:00:16,PRD_CAK_01,Cakes,1,550.0,177.31,CARD
TXN0009591,M026,C00362,2026-08-01 18:15:55,PRD_SNK_02,Snacks,1,337.07,16.05,UPI
TXN0004399,M044,C01906,2026-08-01 18:33:35,PRD_WOM_01,Women,1,1249.58,59.5,CARD
TXN0003181,M002,C00100,2026-08-01 19:21:01,PRD_CAK_02,Cakes,1,697.42,33.21,UPI
TXN0001311,M049,C01407,2026-08-01 19:32:24,PRD_SNK_01,Snacks,1,724.83,34.52,UPI
TXN0006689,M005,C02391,2026-08-01 19:46:54,PRD_MOB_02,Mobiles,1,18364.5,874.5,UPI
TXN0007239,M043,C01706,2026-08-01 20:23:44,PRD_PAS_01,Pastries,1,543.31,25.87,CASH
TXN0001789,M029,C00549,2026-08-01 20:26:43,PRD_WRI_02,Writing,2,241.85,23.03,UPI
TXN0009813,M014,C02671,2026-08-01 20:28:44,PRD_PAS_01,Pastries,1,869.4,41.4,WALLET
TXN0009970,M045,C02202,2026-08-01 20:58:15,PRD_DAI_02,Dairy,1,1265.24,60.25,CARD
TXN0008029,M046,C02677,2026-08-01 21:06:05,PRD_SNK_01,Snacks,2,325.21,30.98,UPI
TXN0005244,M043,C01528,2026-08-01 22:18:34,PRD_BRD_02,Bread,1,748.97,35.67,CARD
TXN0004152,M019,C02597,2026-08-02 08:37:37,PRD_CAS_01,Cases,1,1210.66,57.65,UPI
TXN0005017,M029,C00692,2026-08-02 08:45:13,PRD_NOT_02,Notebooks,2,260.0,373.16,UPI
TXN0006035,M047,C00409,2026-08-02 15:39:18,PRD_ACC_01,Accessories,2,2141.42,203.95,UPI
TXN0004614,M006,C00192,2026-08-02 16:34:38,PRD_CAS_02,Cases,1,1743.18,83.01,WALLET
TXN0001997,M002,C03117,2026-08-02 16:35:50,PRD_BRD_01,Bread,1,728.9,34.71,UPI
TXN0002245,M027,C02146,2026-08-02 16:43:48,PRD_ELE_02,Home Electronics,1,6964.2,331.63,UPI
TXN0009460,M042,C03028,2026-08-02 18:12:12,PRD_PAS_01,Pastries,1,822.23,39.15,UPI
TXN0006833,M029,C01413,2026-08-02 18:12:29,PRD_NOT_02,Notebooks,2,260.0,90.9,WALLET
TXN0004828,M012,C02395,2026-08-02 18:26:02,PRD_SNK_01,Snacks,1,2448.6,116.6,UPI
TXN0006683,M048,C02354,2026-08-02 18:40:42,PRD_CHG_02,Chargers,2,999.0,279.95,UPI
TXN0003451,M019,C01985,2026-08-02 18:44:50,PRD_CAB_01,Cables,1,2283.97,108.76,UPI
TXN0008529,M006,C03160,2026-08-02 19:10:12,PRD_CAB_02,Cables,1,1662.0,79.14,WALLET
TXN0000475,M031,C03298,2026-08-02 19:20:01,PRD_ELE_01,Home Electronics,1,10659.57,507.6,UPI
TXN0006868,M046,C01580,2026-08-02 19:53:36,PRD_BEV_02,Beverages,2,1227.7,116.93,UPI
TXN0007919,M023,C03070,2026-08-02 20:27:28,PRD_BEV_01,Beverages,1,964.44,45.93,UPI
TXN0004768,M021,C00850,2026-08-02 20:27:30,PRD_OFF_02,Office Supplies,1,896.4,42.69,CARD
TXN0007014,M036,C00438,2026-08-02 20:36:35,PRD_HOU_01,Household,1,2203.74,104.94,UPI
TXN0008716,M008,C02034,2026-08-02 20:47:10,PRD_DES_02,Desserts,1,710.09,33.81,CARD
TXN0001774,M003,C01402,2026-08-02 21:19:10,PRD_DES_01,Desserts,1,220.0,137.45,CASH
TXN0005743,M036,C00090,2026-08-03 08:49:43,PRD_DAI_02,Dairy,1,324.67,15.46,UPI
TXN0004945,M026,C02217,2026-08-03 09:56:41,PRD_TEA_01,Tea,1,643.58,30.65,UPI
TXN0001514,M013,C03056,2026-08-03 13:26:30,PRD_CAK_02,Cakes,1,450.0,325.51,UPI
TXN0000525,M002,C01844,2026-08-03 13:54:16,PRD_CAK_01,Cakes,1,550.0,224.03,UPI
TXN0003652,M036,C00605,2026-08-03 13:56:27,PRD_BEV_02,Beverages,1,488.52,23.26,UPI
TXN0005239,M046,C00323,2026-08-03 14:37:09,PRD_SNK_01,Snacks,2,593.09,56.48,UPI
TXN0008911,M015,C01609,2026-08-03 15:24:46,PRD_PAS_02,Pastries,2,429.23,40.88,UPI
TXN0002980,M033,C00954,2026-08-03 15:26:30,PRD_HOU_01,Household,1,556.43,26.5,UPI
TXN0001008,M005,C01362,2026-08-03 16:01:38,PRD_MOB_02,Mobiles,1,11999.0,10900.31,CASH
TXN0007028,M050,C00632,2026-08-03 16:07:44,PRD_CAK_01,Cakes,1,550.0,355.71,UPI
TXN0000115,M005,C01262,2026-08-03 16:14:45,PRD_LAP_02,Laptops,3,5565.0,795.0,UPI
TXN0003434,M031,C00306,2026-08-03 16:25:17,PRD_LAP_01,Laptops,1,4233.46,201.59,UPI
TXN0008041,M035,C02553,2026-08-03 16:27:05,PRD_CAB_02,Cables,1,1067.8,50.85,UPI
TXN0008095,M042,C01859,2026-08-03 16:29:48,PRD_CAK_01,Cakes,2,550.0,818.61,UPI
TXN0004949,M026,C02276,2026-08-03 16:40:10,PRD_SNK_02,Snacks,1,225.0,142.11,UPI
TXN0002283,M015,C03083,2026-08-03 16:48:45,PRD_CAK_01,Cakes,1,550.0,270.22,UPI
TXN0006473,M013,C02855,2026-08-03 17:38:15,PRD_SNK_02,Snacks,1,225.0,117.94,CASH
TXN0002233,M026,C00756,2026-08-03 18:10:10,PRD_TEA_01,Tea,1,240.0,80.69,CARD
TXN0001817,M023,C00025,2026-08-03 18:18:26,PRD_DES_02,Desserts,1,208.14,9.91,UPI
TXN0006003,M001,C01548,2026-08-03 18:24:06,PRD_STA_01,Staples,3,540.0,1300.56,WALLET
TXN0004036,M027,C00234,2026-08-03 18:46:45,PRD_ACC_02,Accessories,1,5125.55,244.07,UPI
TXN0002645,M050,C01910,2026-08-03 18:53:55,PRD_CAK_01,Cakes,1,935.96,44.57,WALLET
TXN0007263,M006,C03435,2026-08-03 19:28:53,PRD_CAS_02,Cases,2,599.68,57.11,UPI
TXN0009792,M029,C02427,2026-08-03 19:39:13,PRD_ART_01,Art Supplies,2,500.85,47.7,CASH
TXN0003736,M024,C02396,2026-08-03 19:39:32,PRD_HOU_02,Household,1,378.46,18.02,UPI
TXN0002706,M011,C02583,2026-08-03 19:47:00,PRD_WRI_01,Writing,1,342.79,16.32,UPI
TXN0000533,M015,C00131,2026-08-03 20:32:21,PRD_BRD_02,Bread,1,322.41,15.35,UPI
TXN0000943,M035,C03377,2026-08-03 20:48:47,PRD_CHG_01,Chargers,1,1428.3,68.01,UPI
TXN0005541,M036,C01131,2026-08-03 20:57:13,PRD_BEV_02,Beverages,1,529.65,25.22,UPI
TXN0009750,M010,C00985,2026-08-03 22:09:10,PRD_HOU_01,Household,1,634.65,30.22,CARD
TXN0006275,M042,C01533,2026-08-04 09:26:25,PRD_BRD_02,Bread,2,208.65,19.87,CARD
TXN0006005,M006,C00962,2026-08-04 09:49:59,PRD_CAS_01,Cases,1,591.99,28.19,UPI
TXN0001952,M049,C03469,2026-08-04 10:00:34,PRD_TEA_02,Tea,1,210.0,111.32,CARD
TXN0007984,M031,C00743,2026-08-04 10:39:12,PRD_ELE_01,Home Electronics,1,2140.15,101.91,WALLET
TXN0004240,M038,C02424,2026-08-04 11:17:55,PRD_CHG_02,Chargers,2,999.0,318.28,WALLET
TXN0009309,M023,C00237,2026-08-04 12:32:09,PRD_BEV_01,Beverages,1,511.47,24.36,CASH
TXN0000345,M026,C00104,2026-08-04 14:10:26,PRD_SNK_02,Snacks,1,359.82,17.13,WALLET
TXN0004390,M006,C01630,2026-08-04 15:17:55,PRD_CHG_01,Chargers,1,1021.01,48.62,UPI
TXN0003212,M027,C02074,2026-08-04 16:25:07,PRD_MOB_02,Mobiles,1,11999.0,8802.21,UPI
TXN0008905,M004,C00827,2026-08-04 17:06:04,PRD_ELE_01,Home Electronics,1,5672.71,270.13,CARD
TXN0003919,M047,C02829,2026-08-04 17:20:33,PRD_MOB_02,Mobiles,3,11999.0,33886.08,CARD
TXN0005325,M022,C02438,2026-08-04 17:41:31,PRD_WOM_01,Women,1,726.54,34.6,UPI
TXN0007244,M046,C03277,2026-08-04 18:56:42,PRD_SNK_02,Snacks,1,1767.86,84.18,UPI
TXN0002398,M018,C03424,2026-08-04 19:04:32,PRD_DES_01,Desserts,1,1653.38,78.73,CARD
TXN0007701,M010,C02249,2026-08-04 19:07:03,PRD_DAI_02,Dairy,1,423.64,20.17,CARD
TXN0003373,M039,C00287,2026-08-04 19:07:40,PRD_WEL_01,Wellness,1,375.0,54.22,UPI
TXN0008415,M013,C00772,2026-08-04 19:26:27,PRD_SNK_02,Snacks,1,680.47,32.4,UPI
TXN0008671,M030,C00220,2026-08-04 19:34:08,PRD_ACC_01,Accessories,1,4921.27,234.35,UPI
TXN0003252,M001,C03206,2026-08-04 19:49:05,PRD_BEV_02,Beverages,1,1672.83,79.66,WALLET
TXN0008187,M016,C02972,2026-08-04 19:50:12,PRD_BRD_01,Bread,1,978.67,46.6,UPI
TXN0008491,M032,C03272,2026-08-04 19:56:04,PRD_PER_02,Personal Care,1,653.72,31.13,UPI
TXN0004313,M012,C03315,2026-08-04 19:59:20,PRD_SNK_01,Snacks,1,1031.55,49.12,UPI
TXN0004373,M026,C00574,2026-08-04 20:39:27,PRD_DES_02,Desserts,1,260.24,12.39,UPI
TXN0008584,M002,C00815,2026-08-04 20:47:16,PRD_BRD_01,Bread,1,255.1,12.15,CARD
TXN0005218,M045,C00111,2026-08-04 21:18:34,PRD_STA_02,Staples,1,2003.4,95.4,UPI
TXN0007017,M036,C03083,2026-08-04 21:28:02,PRD_DAI_01,Dairy,1,232.98,11.09,UPI
TXN0006908,M010,C00974,2026-08-04 21:28:50,PRD_STA_02,Staples,2,806.47,76.8,WALLET
TXN0002854,M036,C00573,2026-08-04 21:37:44,PRD_BEV_01,Beverages,1,2003.4,95.4,UPI
TXN0008207,M033,C01760,2026-08-04 21:37:59,PRD_DAI_02,Dairy,1,693.7,33.03,CASH
TXN0004712,M003,C00126,2026-08-04 21:54:44,PRD_SNK_01,Snacks,2,414.88,39.51,UPI
TXN0005964,M017,C00095,2026-08-04 22:26:31,PRD_NOT_02,Notebooks,1,307.67,14.65,UPI
TXN0002768,M031,C02962,2026-08-04 22:37:00,PRD_MOB_01,Mobiles,1,13992.27,666.3,UPI
TXN0009860,M031,C00442,2026-08-04 22:43:50,PRD_LAP_02,Laptops,1,8298.73,395.18,UPI
TXN0007334,M005,C01997,2026-08-05 08:48:29,PRD_ELE_01,Home Electronics,2,6085.29,579.55,UPI
TXN0008450,M048,C01165,2026-08-05 09:11:07,PRD_CAS_02,Cases,1,1550.21,73.82,UPI
TXN0009625,M006,C02385,2026-08-05 09:56:05,PRD_EAR_01,Earphones,1,1299.0,812.53,UPI
TXN0007960,M006,C01713,2026-08-05 10:54:15,PRD_EAR_02,Earphones,1,349.0,42.41,UPI
TXN0003422,M025,C00616,2026-08-05 12:04:48,PRD_BRD_01,Bread,1,1114.15,53.05,UPI
TXN0009031,M046,C00134,2026-08-05 12:21:22,PRD_BEV_02,Beverages,2,315.09,30.01,WALLET
TXN0004675,M039,C01789,2026-08-05 15:03:00,PRD_MED_01,Medicine,2,543.13,51.72,UPI
TXN0002024,M039,C00059,2026-08-05 15:19:27,PRD_MED_02,Medicine,1,240.0,25.68,UPI
TXN0004431,M038,C03424,2026-08-05 15:21:36,PRD_EAR_01,Earphones,3,1299.0,717.0,CARD
TXN0006809,M036,C00337,2026-08-05 15:33:13,PRD_HOU_02,Household,1,380.14,18.1,UPI
TXN0000457,M028,C02098,2026-08-05 15:34:14,PRD_CAB_01,Cables,1,3339.0,159.0,UPI
TXN0002796,M050,C03153,2026-08-05 15:46:21,PRD_SNK_02,Snacks,1,225.0,140.2,CASH
TXN0001903,M018,C00745,2026-08-05 16:38:20,PRD_MEA_01,Meals,1,276.77,13.18,CARD
TXN0002309,M016,C03451,2026-08-05 16:52:33,PRD_PAS_02,Pastries,1,674.19,32.1,UPI
TXN0007838,M036,C01723,2026-08-05 17:23:25,PRD_SNK_01,Snacks,1,771.78,36.75,WALLET
TXN0007470,M031,C01669,2026-08-05 17:34:21,PRD_MOB_02,Mobiles,1,11999.0,10648.7,UPI
TXN0009753,M045,C01066,2026-08-05 18:43:05,PRD_DAI_01,Dairy,1,611.84,29.14,UPI
TXN0000337,M007,C01075,2026-08-05 18:45:14,PRD_BEV_02,Beverages,1,1228.03,58.48,CARD
TXN0006793,M033,C02060,2026-08-05 18:47:54,PRD_BEV_01,Beverages,2,233.8,22.26,UPI
TXN0001518,M024,C00754,2026-08-05 18:50:27,PRD_ESS_02,Daily Essentials,1,346.87,16.52,UPI
TXN0009109,M046,C00118,2026-08-05 19:29:41,PRD_SNK_01,Snacks,1,612.29,29.16,CARD
TXN0006431,M018,C01752,2026-08-05 19:57:21,PRD_MEA_02,Meals,1,907.8,43.23,UPI
TXN0002320,M025,C03175,2026-08-05 20:05:18,PRD_SNK_01,Snacks,1,201.24,9.58,WALLET
TXN0000682,M036,C02153,2026-08-05 20:17:41,PRD_SNK_02,Snacks,1,413.2,19.68,UPI
TXN0005928,M044,C03327,2026-08-05 20:29:16,PRD_WOM_01,Women,1,1453.05,69.19,UPI
TXN0009720,M010,C03113,2026-08-05 20:38:29,PRD_DAI_02,Dairy,1,282.32,13.44,UPI
TXN0009724,M018,C02055,2026-08-05 21:13:47,PRD_SNK_01,Snacks,2,755.89,71.99,UPI
TXN0009059,M050,C01703,2026-08-05 21:17:23,PRD_CAK_02,Cakes,1,561.52,26.74,CASH
TXN0004433,M037,C00429,2026-08-05 21:23:00,PRD_EAR_01,Earphones,1,2588.4,123.26,UPI
TXN0001173,M008,C00898,2026-08-05 22:26:58,PRD_TEA_02,Tea,1,443.43,21.12,UPI
TXN0003117,M029,C01880,2026-08-06 09:25:37,PRD_ART_01,Art Supplies,1,936.27,44.58,CARD
TXN0002118,M018,C03221,2026-08-06 11:14:50,PRD_MEA_02,Meals,1,1669.5,79.5,UPI
TXN0001061,M043,C02618,2026-08-06 12:24:42,PRD_BRD_01,Bread,1,439.65,20.94,UPI
TXN0006861,M032,C00831,2026-08-06 13:02:17,PRD_PER_02,Personal Care,1,805.3,38.35,UPI
TXN0009125,M043,C02480,2026-08-06 15:34:41,PRD_CAK_01,Cakes,1,550.0,166.72,UPI
TXN0006510,M041,C01314,2026-08-06 16:24:20,PRD_BEV_02,Beverages,1,376.22,17.92,UPI
TXN0003077,M046,C00311,2026-08-06 16:35:20,PRD_ESS_01,Daily Essentials,1,441.94,21.04,UPI
TXN0005701,M007,C02810,2026-08-06 16:42:22,PRD_STA_02,Staples,4,245.0,360.85,UPI
TXN0008689,M049,C02336,2026-08-06 17:29:51,PRD_TEA_01,Tea,1,375.41,17.88,UPI
TXN0009786,M005,C02735,2026-08-06 18:02:58,PRD_ELE_02,Home Electronics,1,16643.42,792.54,UPI
TXN0009112,M018,C00509,2026-08-06 18:11:07,PRD_MEA_01,Meals,1,220.0,54.98,CARD
TXN0008396,M031,C01182,2026-08-06 18:12:47,PRD_ELE_02,Home Electronics,1,1820.14,86.67,UPI
TXN0007262,M029,C02634,2026-08-06 18:39:03,PRD_ART_01,Art Supplies,1,320.0,38.99,UPI
TXN0009139,M044,C00279,2026-08-06 18:57:10,PRD_MEN_02,Men,1,1199.0,641.34,UPI
TXN0008012,M029,C00026,2026-08-06 19:33:04,PRD_ART_01,Art Supplies,1,320.0,75.58,UPI
TXN0006719,M017,C02404,2026-08-06 19:35:31,PRD_NOT_02,Notebooks,1,472.01,22.48,WALLET
TXN0008993,M029,C02695,2026-08-06 19:49:27,PRD_ART_01,Art Supplies,1,320.0,15.39,UPI
TXN0009324,M013,C02235,2026-08-06 20:46:33,PRD_PAS_02,Pastries,1,863.92,41.14,WALLET
TXN0008641,M020,C03201,2026-08-06 20:54:40,PRD_LAP_01,Laptops,1,10147.63,483.22,UPI
TXN0001063,M050,C03428,2026-08-06 20:58:59,PRD_SNK_02,Snacks,1,619.28,29.49,UPI
TXN0002920,M038,C01091,2026-08-06 21:11:12,PRD_EAR_01,Earphones,1,2164.52,103.07,UPI
TXN0003489,M046,C02308,2026-08-06 21:13:37,PRD_ESS_02,Daily Essentials,1,889.47,42.36,WALLET
TXN0001820,M043,C02496,2026-08-06 21:22:24,PRD_BRD_01,Bread,1,601.87,28.66,UPI
TXN0004178,M050,C00285,2026-08-06 21:43:37,PRD_BRD_02,Bread,1,140.0,55.2,UPI
TXN0003948,M020,C00439,2026-08-06 21:55:58,PRD_ACC_01,Accessories,2,2259.35,215.18,UPI
TXN0000175,M033,C03003,2026-08-06 22:15:35,PRD_BEV_02,Beverages,1,272.8,12.99,UPI
TXN0006283,M010,C01946,2026-08-06 22:58:11,PRD_BEV_01,Beverages,1,1436.2,68.39,UPI
TXN0009819,M029,C01543,2026-08-07 08:12:43,PRD_OFF_02,Office Supplies,1,1001.7,47.7,CARD
TXN0009799,M002,C01078,2026-08-07 10:10:43,PRD_PAS_01,Pastries,1,339.86,16.18,UPI
TXN0005377,M026,C01823,2026-08-07 10:32:26,PRD_SNK_02,Snacks,1,518.22,24.68,CARD
TXN0006426,M045,C03198,2026-08-07 11:42:12,PRD_STA_01,Staples,1,540.0,305.62,UPI
TXN0009703,M026,C03304,2026-08-07 16:03:41,PRD_TEA_02,Tea,2,210.0,87.1,CARD
TXN0007101,M005,C00670,2026-08-07 16:48:23,PRD_ACC_01,Accessories,1,3042.55,144.88,UPI
TXN0003625,M010,C03198,2026-08-07 17:05:26,PRD_DAI_02,Dairy,2,159.34,15.17,CARD
TXN0006205,M013,C00367,2026-08-07 17:37:07,PRD_BRD_01,Bread,1,1232.11,58.67,UPI
TXN0003116,M046,C00412,2026-08-07 17:45:39,PRD_SNK_02,Snacks,1,704.77,33.56,UPI
TXN0001225,M006,C03258,2026-08-07 17:49:00,PRD_CAS_01,Cases,1,2494.79,118.8,UPI
TXN0009103,M040,C01650,2026-08-07 17:56:29,PRD_DES_02,Desserts,1,547.18,26.06,UPI
TXN0006329,M014,C03285,2026-08-07 18:01:47,PRD_SNK_01,Snacks,1,133.81,6.37,CASH
TXN0006301,M001,C01234,2026-08-07 18:11:06,PRD_DAI_02,Dairy,1,399.28,19.01,CASH
TXN0001350,M027,C02996,2026-08-07 18:22:14,PRD_ELE_01,Home Electronics,1,1559.55,74.26,UPI
TXN0006625,M036,C00890,2026-08-07 18:41:02,PRD_BEV_02,Beverages,1,1183.05,56.34,UPI
TXN0003822,M010,C00969,2026-08-07 19:07:48,PRD_DAI_01,Dairy,1,562.7,26.8,UPI
TXN0005518,M040,C01435,2026-08-07 19:09:19,PRD_TEA_02,Tea,1,210.0,104.86,UPI
TXN0001928,M023,C01950,2026-08-07 19:17:47,PRD_SNK_01,Snacks,1,1970.01,93.81,UPI
TXN0004506,M014,C01600,2026-08-07 19:35:11,PRD_SNK_02,Snacks,4,225.0,598.69,UPI
TXN0005902,M007,C02610,2026-08-07 20:23:53,PRD_BEV_01,Beverages,1,584.47,27.83,UPI
TXN0004727,M038,C01456,2026-08-07 20:41:41,PRD_EAR_02,Earphones,1,824.73,39.27,UPI
TXN0001960,M035,C03445,2026-08-07 21:13:54,PRD_CAS_01,Cases,1,1686.1,80.29,UPI
TXN0000349,M006,C02983,2026-08-07 21:49:27,PRD_CAS_02,Cases,1,839.78,39.99,CARD
TXN0004939,M007,C02672,2026-08-08 08:19:10,PRD_HOU_01,Household,1,235.66,11.22,CARD
TXN0009193,M017,C00157,2026-08-08 10:04:33,PRD_NOT_02,Notebooks,1,397.17,18.91,WALLET
TXN0000360,M002,C01269,2026-08-08 11:08:10,PRD_PAS_01,Pastries,1,439.53,20.93,UPI
TXN0001536,M008,C01076,2026-08-08 11:55:26,PRD_TEA_02,Tea,1,667.85,31.8,CASH
TXN0009663,M018,C02095,2026-08-08 13:24:33,PRD_BEV_01,Beverages,1,342.01,16.29,UPI
TXN0009761,M045,C01860,2026-08-08 13:35:32,PRD_DAI_02,Dairy,2,370.77,35.32,WALLET
TXN0006980,M013,C02289,2026-08-08 13:56:37,PRD_CAK_01,Cakes,3,550.0,651.85,UPI
TXN0006901,M027,C02107,2026-08-08 14:23:33,PRD_ELE_02,Home Electronics,1,4592.06,218.67,UPI
TXN0004010,M026,C01605,2026-08-08 15:15:18,PRD_COF_01,Coffee,1,464.14,22.1,UPI
TXN0002540,M026,C02396,2026-08-08 15:44:34,PRD_SNK_02,Snacks,1,225.0,13.79,UPI
TXN0006890,M012,C02594,2026-08-08 15:50:42,PRD_SNK_01,Snacks,1,406.06,19.34,WALLET
TXN0007431,M046,C01826,2026-08-08 16:58:47,PRD_ESS_02,Daily Essentials,1,2310.0,110.0,WALLET
TXN0007152,M019,C02574,2026-08-08 17:11:51,PRD_CHG_01,Chargers,1,2477.79,117.99,UPI
TXN0009496,M008,C01834,2026-08-08 17:30:21,PRD_TEA_02,Tea,1,512.48,24.4,UPI
TXN0001322,M046,C03244,2026-08-08 17:37:36,PRD_HOU_01,Household,1,673.83,32.09,UPI
TXN0000742,M045,C01611,2026-08-08 18:02:17,PRD_HOU_02,Household,1,1234.0,58.76,UPI
TXN0008954,M002,C03369,2026-08-08 18:17:07,PRD_CAK_01,Cakes,4,550.0,1954.61,UPI
TXN0001661,M044,C01863,2026-08-08 18:18:31,PRD_MEN_02,Men,2,1199.0,654.22,UPI
TXN0004292,M028,C03225,2026-08-08 18:19:45,PRD_EAR_01,Earphones,1,1299.0,520.98,UPI
TXN0002726,M018,C01201,2026-08-08 18:41:15,PRD_SNK_02,Snacks,1,1596.15,76.01,UPI
TXN0001297,M025,C01364,2026-08-08 19:12:14,PRD_CAK_01,Cakes,1,550.0,225.03,UPI
TXN0004677,M010,C00458,2026-08-08 19:13:03,PRD_HOU_02,Household,1,320.0,44.75,UPI
TXN0003182,M003,C00004,2026-08-08 19:13:38,PRD_SNK_01,Snacks,1,132.91,6.33,UPI
TXN0009862,M043,C01418,2026-08-08 19:15:36,PRD_PAS_02,Pastries,2,173.22,16.5,UPI
TXN0008739,M030,C01178,2026-08-08 19:18:38,PRD_LAP_01,Laptops,1,4442.25,211.54,CARD
TXN0006534,M040,C01932,2026-08-08 19:25:01,PRD_COF_02,Coffee,1,280.0,102.68,UPI
TXN0004934,M031,C01833,2026-08-08 19:39:01,PRD_MOB_01,Mobiles,4,6499.0,22998.41,CARD
TXN0004020,M025,C01092,2026-08-08 19:39:41,PRD_BRD_02,Bread,1,413.16,19.67,CARD
TXN0001427,M021,C00917,2026-08-08 19:42:21,PRD_WRI_01,Writing,1,1039.5,49.5,UPI
TXN0009376,M036,C00964,2026-08-08 19:59:30,PRD_BEV_02,Beverages,1,446.66,21.27,UPI
TXN0004007,M032,C03362,2026-08-08 20:00:21,PRD_WEL_01,Wellness,1,375.0,104.79,UPI
TXN0004281,M030,C00110,2026-08-08 20:34:42,PRD_ELE_02,Home Electronics,1,2302.92,109.66,UPI
TXN0005703,M013,C01358,2026-08-08 20:41:15,PRD_CAK_01,Cakes,1,767.78,36.56,WALLET
TXN0005204,M021,C00816,2026-08-08 20:57:28,PRD_NOT_02,Notebooks,1,466.43,22.21,UPI
TXN0006144,M002,C01855,2026-08-08 21:15:16,PRD_CAK_01,Cakes,1,713.56,33.98,UPI
TXN0002917,M047,C03064,2026-08-08 21:49:05,PRD_ACC_02,Accessories,1,17325.0,825.0,CASH
TXN0005783,M031,C02622,2026-08-08 21:53:58,PRD_LAP_01,Laptops,1,2847.72,135.61,CASH
TXN0009824,M032,C01275,2026-08-08 22:00:55,PRD_PER_02,Personal Care,2,533.35,50.8,UPI
TXN0004253,M009,C02042,2026-08-08 22:37:33,PRD_MED_01,Medicine,1,2887.5,137.5,CARD
TXN0002265,M003,C01198,2026-08-08 22:50:22,PRD_SNK_02,Snacks,1,681.67,32.46,WALLET
TXN0006722,M011,C01123,2026-08-09 08:19:42,PRD_WRI_01,Writing,1,501.29,23.87,UPI
TXN0005175,M005,C02423,2026-08-09 13:27:45,PRD_MOB_02,Mobiles,1,17325.0,825.0,UPI
TXN0002680,M006,C02037,2026-08-09 13:39:32,PRD_CHG_01,Chargers,1,877.87,41.8,CARD
TXN0001126,M005,C02631,2026-08-09 14:50:54,PRD_ACC_02,Accessories,2,1413.03,134.58,UPI
TXN0000913,M020,C02169,2026-08-09 16:04:15,PRD_MOB_01,Mobiles,1,15314.31,729.25,UPI
TXN0009416,M050,C00443,2026-08-09 16:13:44,PRD_BRD_02,Bread,1,300.82,14.32,CARD
TXN0007576,M008,C02230,2026-08-09 16:16:48,PRD_COF_01,Coffee,1,598.05,28.48,UPI
TXN0002471,M046,C01149,2026-08-09 16:48:06,PRD_SNK_02,Snacks,1,225.0,42.16,UPI
TXN0005404,M048,C02337,2026-08-09 17:16:55,PRD_CAB_01,Cables,1,1135.29,54.06,UPI
TXN0008156,M024,C01079,2026-08-09 18:38:15,PRD_SNK_02,Snacks,1,565.24,26.92,UPI
TXN0009130,M043,C02252,2026-08-09 18:46:49,PRD_SNK_01,Snacks,1,1442.49,68.69,UPI
TXN0001896,M033,C00244,2026-08-09 19:01:50,PRD_BEV_02,Beverages,1,563.06,26.81,UPI
TXN0009981,M014,C01997,2026-08-09 19:16:47,PRD_CAK_01,Cakes,1,728.53,34.69,UPI
TXN0000112,M024,C01039,2026-08-09 19:29:39,PRD_HOU_02,Household,1,850.5,40.5,UPI
TXN0004452,M042,C02931,2026-08-09 19:37:24,PRD_SNK_01,Snacks,1,675.08,32.15,CASH
TXN0001619,M049,C02308,2026-08-09 19:52:17,PRD_COF_02,Coffee,1,280.0,97.68,UPI
TXN0006393,M033,C02584,2026-08-09 20:02:31,PRD_BEV_01,Beverages,1,493.14,23.48,UPI
TXN0007287,M038,C01428,2026-08-09 20:15:06,PRD_CHG_02,Chargers,1,2707.33,128.92,UPI
TXN0009173,M047,C00260,2026-08-09 20:32:10,PRD_MOB_01,Mobiles,1,6499.0,3110.66,UPI
TXN0004255,M002,C00544,2026-08-09 20:43:37,PRD_CAK_02,Cakes,1,450.0,251.02,WALLET
TXN0001856,M044,C02863,2026-08-09 20:44:07,PRD_MEN_01,Men,1,5775.0,275.0,CASH
TXN0000395,M043,C02877,2026-08-09 20:46:32,PRD_BRD_02,Bread,1,670.56,31.93,UPI
TXN0007764,M036,C00113,2026-08-09 20:52:59,PRD_SNK_01,Snacks,1,476.0,22.67,CARD
TXN0002675,M039,C01346,2026-08-09 20:53:46,PRD_PER_02,Personal Care,1,1843.18,87.77,UPI
TXN0003687,M006,C00173,2026-08-09 20:57:53,PRD_CHG_01,Chargers,1,3421.19,162.91,UPI
TXN0007203,M021,C02115,2026-08-09 21:21:13,PRD_OFF_02,Office Supplies,1,310.0,180.51,UPI
TXN0007387,M029,C03226,2026-08-09 22:40:19,PRD_NOT_01,Notebooks,1,593.04,28.24,UPI
TXN0005379,M032,C02498,2026-08-09 22:45:36,PRD_MED_02,Medicine,1,1420.81,67.66,UPI
TXN0009249,M049,C02417,2026-08-10 12:33:40,PRD_SNK_01,Snacks,1,450.91,21.47,CARD
TXN0007448,M004,C00500,2026-08-10 12:51:34,PRD_MOB_02,Mobiles,1,11999.0,8883.3,UPI
TXN0007676,M009,C01445,2026-08-10 15:40:20,PRD_WEL_01,Wellness,1,966.57,46.03,UPI
TXN0000956,M012,C02907,2026-08-10 15:46:15,PRD_ESS_02,Daily Essentials,1,979.46,46.64,UPI
TXN0005185,M014,C01801,2026-08-10 15:46:58,PRD_SNK_01,Snacks,1,311.14,14.82,UPI
TXN0008338,M034,C00091,2026-08-10 16:05:29,PRD_NOT_02,Notebooks,1,260.0,27.19,UPI
TXN0009742,M001,C02246,2026-08-10 16:44:10,PRD_SNK_01,Snacks,2,644.06,61.34,CASH
TXN0005837,M007,C00773,2026-08-10 16:51:23,PRD_BEV_02,Beverages,1,242.96,11.57,UPI
TXN0007242,M008,C02605,2026-08-10 17:02:27,PRD_DES_01,Desserts,1,256.2,12.2,UPI
TXN0009542,M049,C02537,2026-08-10 17:18:07,PRD_SNK_02,Snacks,1,225.0,74.69,WALLET
TXN0004662,M016,C01879,2026-08-10 17:52:16,PRD_SNK_01,Snacks,1,259.65,12.36,UPI
TXN0003914,M018,C02933,2026-08-10 18:21:34,PRD_MEA_02,Meals,2,250.0,380.0,UPI
TXN0009063,M031,C00106,2026-08-10 19:04:04,PRD_ACC_01,Accessories,4,1618.4,308.25,UPI
TXN0004208,M003,C00389,2026-08-10 19:10:24,PRD_SNK_02,Snacks,1,225.0,41.73,UPI
TXN0001132,M039,C01591,2026-08-10 19:27:43,PRD_BABY_01,Baby Care,1,799.0,534.81,UPI
TXN0004649,M022,C01802,2026-08-10 19:32:41,PRD_MEN_02,Men,1,1199.0,764.0,UPI
TXN0008484,M013,C02833,2026-08-10 19:35:42,PRD_PAS_01,Pastries,1,264.2,12.58,UPI
TXN0002366,M049,C00465,2026-08-10 19:43:25,PRD_TEA_02,Tea,1,210.0,41.09,UPI
TXN0002066,M006,C01531,2026-08-10 19:56:14,PRD_CAB_01,Cables,1,904.02,43.05,UPI
TXN0007092,M036,C02072,2026-08-10 20:07:27,PRD_BEV_02,Beverages,1,1403.82,66.85,UPI
TXN0007300,M038,C02703,2026-08-10 20:27:30,PRD_CAS_01,Cases,1,1840.64,87.65,UPI
TXN0005419,M031,C00259,2026-08-10 20:56:04,PRD_ACC_02,Accessories,1,3016.42,143.64,UPI
TXN0009668,M002,C00378,2026-08-10 22:01:20,PRD_CAK_01,Cakes,1,550.0,382.0,CASH
TXN0002346,M022,C02550,2026-08-10 22:24:19,PRD_MEN_02,Men,1,5250.0,250.0,UPI
TXN0001035,M039,C01293,2026-08-10 22:25:09,PRD_PER_01,Personal Care,1,317.89,15.14,UPI
TXN0004811,M007,C02656,2026-08-10 22:32:25,PRD_BEV_02,Beverages,1,244.34,11.64,UPI
TXN0005233,M020,C01756,2026-08-10 22:38:56,PRD_MOB_01,Mobiles,1,8000.78,380.99,UPI
TXN0005344,M027,C02675,2026-08-10 22:50:02,PRD_MOB_02,Mobiles,1,11999.0,10120.0,WALLET
TXN0000012,M049,C01967,2026-08-11 09:13:22,PRD_SNK_01,Snacks,1,414.62,19.74,UPI
TXN0003297,M017,C01614,2026-08-11 09:15:28,PRD_OFF_02,Office Supplies,1,310.0,216.16,UPI
TXN0004561,M017,C00692,2026-08-11 10:08:46,PRD_NOT_01,Notebooks,1,945.0,45.0,UPI
TXN0004425,M014,C00975,2026-08-11 10:36:58,PRD_SNK_02,Snacks,1,620.75,29.56,UPI
TXN0001148,M019,C01220,2026-08-11 10:45:49,PRD_CHG_01,Chargers,1,3150.0,150.0,UPI
TXN0001756,M026,C03128,2026-08-11 15:06:48,PRD_DES_02,Desserts,2,180.0,252.41,UPI
TXN0003415,M015,C02785,2026-08-11 15:29:02,PRD_BRD_01,Bread,1,589.06,28.05,UPI
TXN0009435,M035,C00733,2026-08-11 15:47:49,PRD_EAR_02,Earphones,1,1517.02,72.24,UPI
TXN0007003,M023,C00636,2026-08-11 16:11:00,PRD_DES_01,Desserts,1,239.78,11.42,WALLET
TXN0000721,M046,C02656,2026-08-11 16:12:56,PRD_ESS_02,Daily Essentials,1,918.81,43.75,UPI
TXN0009868,M018,C01678,2026-08-11 17:12:07,PRD_SNK_01,Snacks,1,625.11,29.77,UPI
TXN0001515,M038,C01267,2026-08-11 17:12:25,PRD_CAS_02,Cases,2,450.0,127.49,UPI
TXN0005339,M038,C01269,2026-08-11 17:18:13,PRD_CAB_01,Cables,1,679.75,32.37,CASH
TXN0001095,M003,C00776,2026-08-11 18:08:10,PRD_SNK_02,Snacks,1,610.93,29.09,UPI
TXN0008618,M008,C03133,2026-08-11 18:18:56,PRD_TEA_01,Tea,1,536.69,25.56,CASH
TXN0002379,M043,C02655,2026-08-11 18:20:08,PRD_CAK_02,Cakes,1,450.0,135.28,UPI
TXN0006493,M044,C01396,2026-08-11 18:44:17,PRD_WOM_01,Women,1,759.82,36.18,CARD
TXN0006193,M036,C01878,2026-08-11 18:46:19,PRD_HOU_02,Household,1,1890.0,90.0,UPI
TXN0009197,M014,C02443,2026-08-11 18:48:42,PRD_PAS_01,Pastries,1,907.2,43.2,UPI
TXN0009258,M026,C01111,2026-08-11 18:50:17,PRD_COF_02,Coffee,1,313.11,14.91,CASH
TXN0007047,M029,C01910,2026-08-11 19:01:21,PRD_WRI_01,Writing,1,260.34,12.4,UPI
TXN0000976,M001,C03216,2026-08-11 19:51:57,PRD_DAI_02,Dairy,1,152.33,7.25,UPI
TXN0008945,M017,C01857,2026-08-11 19:55:10,PRD_ART_01,Art Supplies,1,320.0,74.36,UPI
TXN0002683,M038,C00064,2026-08-11 20:09:38,PRD_CHG_02,Chargers,1,999.0,525.08,UPI
TXN0005474,M029,C01583,2026-08-11 20:14:03,PRD_NOT_01,Notebooks,1,337.93,16.09,UPI
TXN0004356,M023,C00395,2026-08-11 20:35:25,PRD_SNK_02,Snacks,4,225.0,134.87,CARD
TXN0002274,M006,C01306,2026-08-11 20:39:02,PRD_EAR_01,Earphones,1,3054.41,145.45,UPI
TXN0009547,M049,C01237,2026-08-11 20:39:20,PRD_TEA_02,Tea,1,236.43,11.26,UPI
TXN0009192,M046,C00638,2026-08-11 20:40:09,PRD_BEV_01,Beverages,1,1579.08,75.19,UPI
TXN0004793,M034,C03206,2026-08-11 21:10:45,PRD_OFF_02,Office Supplies,3,310.0,494.66,UPI
TXN0001933,M025,C02753,2026-08-11 21:15:45,PRD_PAS_01,Pastries,1,302.93,14.43,UPI
TXN0008184,M018,C03120,2026-08-11 22:51:36,PRD_SNK_02,Snacks,1,717.82,34.18,UPI
TXN0001085,M020,C03420,2026-08-12 08:07:32,PRD_ELE_01,Home Electronics,1,7979.07,379.96,UPI
TXN0004438,M014,C03322,2026-08-12 08:54:05,PRD_CAK_02,Cakes,1,450.0,275.2,WALLET
TXN0009675,M019,C02156,2026-08-12 10:51:39,PRD_CHG_01,Chargers,1,2444.41,116.4,UPI
TXN0008296,M014,C03468,2026-08-12 11:03:52,PRD_SNK_02,Snacks,1,483.85,23.04,UPI
TXN0006584,M031,C02796,2026-08-12 14:41:26,PRD_ELE_01,Home Electronics,2,1239.99,118.09,UPI
TXN0008160,M005,C00545,2026-08-12 14:47:37,PRD_LAP_02,Laptops,1,11636.45,554.12,UPI
TXN0002629,M004,C01375,2026-08-12 15:32:38,PRD_ELE_01,Home Electronics,1,4635.39,220.73,CASH
TXN0008457,M018,C01269,2026-08-12 15:46:11,PRD_BEV_02,Beverages,1,750.25,35.73,UPI
TXN0000087,M030,C02987,2026-08-12 15:54:47,PRD_ACC_01,Accessories,3,1139.17,162.73,UPI
TXN0009030,M024,C02665,2026-08-12 16:15:23,PRD_SNK_02,Snacks,1,354.61,16.89,CARD
TXN0003403,M007,C01052,2026-08-12 16:51:50,PRD_STA_01,Staples,1,540.0,82.73,CARD
TXN0004728,M042,C00703,2026-08-12 17:09:09,PRD_BRD_02,Bread,1,190.34,9.06,CASH
TXN0005482,M003,C02796,2026-08-12 17:16:50,PRD_TEA_01,Tea,1,240.0,43.0,CARD
TXN0006413,M030,C00356,2026-08-12 17:19:31,PRD_LAP_02,Laptops,1,9360.58,445.74,UPI
TXN0002476,M020,C00511,2026-08-12 18:19:20,PRD_MOB_01,Mobiles,1,11406.66,543.17,UPI
TXN0008838,M036,C00977,2026-08-12 19:47:18,PRD_HOU_02,Household,2,539.71,51.41,UPI
TXN0006749,M017,C00374,2026-08-12 20:00:40,PRD_WRI_01,Writing,2,154.4,14.71,UPI
TXN0004585,M017,C02641,2026-08-12 20:19:23,PRD_ART_02,Art Supplies,2,368.23,35.07,UPI
TXN0005303,M042,C00029,2026-08-12 20:31:55,PRD_SNK_01,Snacks,1,353.37,16.83,UPI
TXN0003227,M006,C02351,2026-08-12 20:34:05,PRD_EAR_02,Earphones,1,907.66,43.22,UPI
TXN0006248,M049,C00410,2026-08-12 20:54:19,PRD_COF_01,Coffee,1,384.92,18.33,UPI
TXN0008791,M013,C01464,2026-08-12 22:09:01,PRD_PAS_02,Pastries,1,325.88,15.52,CARD
TXN0001921,M002,C02014,2026-08-12 22:21:26,PRD_CAK_01,Cakes,1,550.0,44.37,UPI
TXN0005683,M043,C02252,2026-08-12 22:29:31,PRD_BRD_02,Bread,1,551.68,26.27,UPI
TXN0008562,M040,C02453,2026-08-12 22:51:08,PRD_TEA_01,Tea,1,324.79,15.47,UPI
TXN0004587,M013,C01296,2026-08-13 08:07:14,PRD_CAK_02,Cakes,1,450.0,316.27,UPI
TXN0009273,M045,C00707,2026-08-13 08:13:14,PRD_BEV_01,Beverages,1,1672.66,79.65,UPI
TXN0009967,M005,C01985,2026-08-13 08:13:17,PRD_ELE_02,Home Electronics,1,1549.02,73.76,WALLET
TXN0008736,M010,C02413,2026-08-13 08:39:19,PRD_DAI_01,Dairy,1,1890.0,90.0,WALLET
TXN0007817,M018,C02437,2026-08-13 09:03:57,PRD_BEV_02,Beverages,1,1257.18,59.87,WALLET
TXN0004309,M018,C01614,2026-08-13 09:28:25,PRD_DES_01,Desserts,1,622.35,29.64,UPI
TXN0001770,M016,C01655,2026-08-13 10:47:25,PRD_SNK_02,Snacks,1,563.22,26.82,WALLET
TXN0007647,M005,C02443,2026-08-13 11:06:35,PRD_LAP_01,Laptops,1,4859.95,231.43,UPI
TXN0000219,M030,C01983,2026-08-13 13:00:01,PRD_ACC_02,Accessories,1,4404.95,209.76,UPI
TXN0005232,M030,C00288,2026-08-13 14:25:00,PRD_ACC_01,Accessories,2,7875.0,750.0,UPI
TXN0005279,M007,C00140,2026-08-13 15:40:02,PRD_STA_02,Staples,2,245.0,107.17,UPI
TXN0008332,M048,C01217,2026-08-13 17:27:59,PRD_EAR_01,Earphones,2,1299.0,2153.66,UPI
TXN0006648,M024,C00421,2026-08-13 17:33:08,PRD_HOU_02,Household,4,320.0,995.76,UPI
TXN0008342,M019,C00589,2026-08-13 18:01:54,PRD_CHG_01,Chargers,1,1474.46,70.21,UPI
TXN0007617,M023,C00280,2026-08-13 18:16:25,PRD_DES_02,Desserts,3,342.97,49.01,CARD
TXN0003353,M046,C02348,2026-08-13 18:32:41,PRD_HOU_01,Household,2,987.78,94.08,UPI
TXN0003375,M044,C02025,2026-08-13 18:39:26,PRD_WOM_02,Women,1,4277.63,203.7,UPI
TXN0003063,M045,C02938,2026-08-13 18:40:08,PRD_HOU_01,Household,2,284.86,27.13,CARD
TXN0006453,M039,C03040,2026-08-13 19:00:53,PRD_WEL_02,Wellness,1,1018.84,48.52,CASH
TXN0009812,M014,C00389,2026-08-13 19:54:36,PRD_PAS_01,Pastries,1,262.96,12.52,UPI
TXN0005679,M029,C03051,2026-08-13 20:10:12,PRD_ART_02,Art Supplies,2,348.24,33.17,UPI
TXN0003423,M050,C00589,2026-08-13 20:23:03,PRD_SNK_01,Snacks,1,906.59,43.17,CASH
TXN0008806,M031,C03230,2026-08-13 20:25:12,PRD_LAP_02,Laptops,1,5754.86,274.04,UPI
TXN0003599,M021,C00813,2026-08-13 20:25:24,PRD_OFF_01,Office Supplies,1,199.79,9.51,UPI
TXN0002086,M050,C00644,2026-08-13 20:30:45,PRD_BRD_02,Bread,1,461.59,21.98,CARD
TXN0001117,M016,C01684,2026-08-13 21:38:23,PRD_BRD_01,Bread,2,158.8,15.12,UPI
TXN0003303,M045,C00562,2026-08-13 21:45:23,PRD_STA_02,Staples,2,245.0,388.07,CASH
TXN0005113,M005,C03309,2026-08-13 22:23:46,PRD_ELE_01,Home Electronics,1,7657.67,364.65,UPI
TXN0001844,M024,C00075,2026-08-14 08:03:10,PRD_HOU_02,Household,3,320.0,176.43,UPI
TXN0005775,M003,C02052,2026-08-14 08:19:44,PRD_TEA_01,Tea,1,240.0,106.49,UPI
TXN0004758,M031,C02688,2026-08-14 09:48:01,PRD_MOB_02,Mobiles,3,11999.0,33035.68,UPI
TXN0001304,M040,C00621,2026-08-14 12:49:02,PRD_DES_01,Desserts,1,612.6,29.17,UPI
TXN0006829,M032,C00326,2026-08-14 14:21:47,PRD_MED_02,Medicine,1,240.0,102.95,UPI
TXN0000096,M015,C02408,2026-08-14 14:29:38,PRD_BRD_01,Bread,1,464.54,22.12,UPI
TXN0003710,M015,C00803,2026-08-14 14:37:06,PRD_SNK_02,Snacks,1,593.04,28.24,WALLET
TXN0009894,M013,C03374,2026-08-14 15:01:23,PRD_PAS_01,Pastries,1,364.94,17.38,CASH
TXN0000037,M046,C02417,2026-08-14 15:22:01,PRD_BEV_02,Beverages,1,121.19,5.77,UPI
TXN0001955,M002,C00228,2026-08-14 15:44:23,PRD_PAS_01,Pastries,1,262.29,12.49,CARD
TXN0005744,M006,C01576,2026-08-14 16:04:07,PRD_CAB_02,Cables,1,1232.49,58.69,UPI
TXN0009266,M032,C00762,2026-08-14 16:07:46,PRD_BABY_01,Baby Care,1,799.0,366.07,UPI
TXN0003920,M025,C02771,2026-08-14 16:18:34,PRD_CAK_02,Cakes,1,651.01,31.0,UPI
TXN0006068,M009,C00634,2026-08-14 16:25:31,PRD_PER_01,Personal Care,1,522.4,24.88,UPI
TXN0006183,M044,C02056,2026-08-14 16:37:09,PRD_ACC_02,Accessories,1,699.0,399.0,UPI
TXN0001521,M024,C00895,2026-08-14 17:02:52,PRD_BEV_01,Beverages,1,496.43,23.64,UPI
TXN0003620,M004,C01618,2026-08-14 17:05:04,PRD_LAP_02,Laptops,1,4921.23,234.34,UPI
TXN0008960,M001,C00482,2026-08-14 17:20:02,PRD_HOU_01,Household,1,957.35,45.59,UPI
TXN0001713,M021,C03436,2026-08-14 17:25:12,PRD_WRI_02,Writing,1,579.62,27.6,UPI
TXN0003521,M039,C03260,2026-08-14 17:36:56,PRD_BABY_01,Baby Care,2,799.0,434.31,UPI
TXN0002760,M029,C00634,2026-08-14 17:38:34,PRD_OFF_02,Office Supplies,1,310.0,136.18,UPI
TXN0009593,M004,C01769,2026-08-14 18:16:15,PRD_MOB_01,Mobiles,1,8554.42,407.35,UPI
TXN0009727,M036,C01526,2026-08-14 18:23:36,PRD_HOU_02,Household,3,320.0,485.5,UPI
TXN0000264,M006,C03290,2026-08-14 19:01:53,PRD_CHG_01,Chargers,1,1296.06,61.72,WALLET
TXN0007536,M020,C02642,2026-08-14 19:02:29,PRD_LAP_02,Laptops,1,13808.29,657.54,UPI
TXN0007251,M007,C01571,2026-08-14 19:26:14,PRD_DAI_01,Dairy,1,752.45,35.83,UPI
TXN0009336,M045,C03307,2026-08-14 19:29:30,PRD_HOU_02,Household,1,320.0,146.58,CASH
TXN0002151,M002,C02928,2026-08-14 19:31:57,PRD_BRD_01,Bread,1,142.55,6.79,UPI
TXN0009455,M003,C01659,2026-08-14 20:10:11,PRD_TEA_02,Tea,1,210.0,139.2,WALLET
TXN0007563,M035,C00127,2026-08-14 21:03:31,PRD_CAB_01,Cables,2,840.56,80.05,CARD
TXN0001694,M026,C02351,2026-08-14 21:15:09,PRD_TEA_02,Tea,3,210.0,309.71,UPI
TXN0002184,M031,C00917,2026-08-14 21:25:23,PRD_LAP_01,Laptops,1,6225.63,296.46,UPI
TXN0002610,M014,C02577,2026-08-14 21:32:59,PRD_CAK_02,Cakes,1,450.0,313.54,UPI
TXN0002157,M009,C00457,2026-08-14 21:56:04,PRD_WEL_01,Wellness,1,1573.3,74.92,UPI
TXN0004629,M025,C01305,2026-08-14 21:58:19,PRD_CAK_02,Cakes,1,450.0,182.44,UPI
TXN0008446,M032,C02756,2026-08-14 22:17:18,PRD_WEL_01,Wellness,2,521.53,49.66,UPI
TXN0007699,M013,C00310,2026-08-14 22:41:54,PRD_SNK_02,Snacks,1,272.01,12.95,UPI
TXN0002987,M013,C00223,2026-08-14 22:47:15,PRD_BRD_01,Bread,1,134.74,6.42,UPI
TXN0009842,M018,C03357,2026-08-15 09:58:44,PRD_BEV_02,Beverages,1,1347.31,64.16,UPI
TXN0009893,M041,C02222,2026-08-15 12:31:24,PRD_DES_01,Desserts,1,1272.4,60.59,CARD
TXN0004875,M031,C01440,2026-08-15 12:35:22,PRD_ELE_02,Home Electronics,1,1099.0,134.69,WALLET
TXN0003086,M017,C03108,2026-08-15 13:46:15,PRD_NOT_01,Notebooks,1,295.38,14.07,UPI
TXN0003503,M035,C01769,2026-08-15 15:36:50,PRD_EAR_02,Earphones,1,701.38,33.4,CARD
TXN0006358,M045,C03495,2026-08-15 16:02:29,PRD_BEV_01,Beverages,1,2079.0,99.0,UPI
TXN0002731,M047,C02403,2026-08-15 16:43:44,PRD_LAP_02,Laptops,2,5594.54,532.81,UPI
TXN0003071,M019,C02981,2026-08-15 17:04:54,PRD_CHG_01,Chargers,1,699.0,529.89,UPI
TXN0003955,M022,C02829,2026-08-15 17:05:06,PRD_MEN_02,Men,1,5775.0,275.0,UPI
TXN0007256,M017,C02694,2026-08-15 17:22:45,PRD_WRI_01,Writing,1,690.44,32.88,CARD
TXN0005603,M016,C02333,2026-08-15 17:37:26,PRD_CAK_02,Cakes,1,450.0,359.44,UPI
TXN0000501,M020,C03013,2026-08-15 18:07:30,PRD_MOB_01,Mobiles,2,6499.0,5375.15,UPI
TXN0003755,M020,C01850,2026-08-15 18:14:41,PRD_LAP_02,Laptops,1,20443.5,973.5,CASH
TXN0006971,M013,C02833,2026-08-15 18:30:44,PRD_PAS_01,Pastries,1,750.41,35.73,WALLET
TXN0004106,M049,C00102,2026-08-15 19:10:01,PRD_SNK_02,Snacks,1,314.12,14.96,UPI
TXN0004606,M016,C00626,2026-08-15 19:16:16,PRD_PAS_01,Pastries,1,259.64,12.36,UPI
TXN0006454,M049,C02851,2026-08-15 19:26:10,PRD_DES_02,Desserts,2,180.0,209.13,CARD
TXN0001197,M024,C02880,2026-08-15 19:29:08,PRD_HOU_01,Household,1,231.03,11.0,UPI
TXN0005893,M043,C00779,2026-08-15 20:17:40,PRD_PAS_02,Pastries,1,628.76,29.94,UPI
TXN0000410,M001,C02740,2026-08-15 20:42:27,PRD_SNK_01,Snacks,1,2079.0,99.0,UPI
TXN0000324,M003,C00416,2026-08-15 21:40:47,PRD_SNK_02,Snacks,1,664.77,31.66,UPI
TXN0009326,M047,C01894,2026-08-15 21:44:03,PRD_LAP_01,Laptops,1,6759.64,321.89,UPI
TXN0005562,M003,C01955,2026-08-15 22:05:59,PRD_COF_02,Coffee,1,924.0,44.0,UPI
TXN0005809,M013,C01694,2026-08-15 22:25:42,PRD_PAS_01,Pastries,1,610.38,29.07,CARD
TXN0009569,M003,C02151,2026-08-16 10:50:36,PRD_TEA_02,Tea,1,345.13,16.43,CARD
TXN0005717,M016,C02690,2026-08-16 11:07:03,PRD_SNK_01,Snacks,1,471.3,22.44,CARD
TXN0008758,M032,C00996,2026-08-16 12:26:08,PRD_WEL_02,Wellness,1,2887.5,137.5,CASH
TXN0001026,M007,C00106,2026-08-16 15:29:10,PRD_DAI_01,Dairy,1,485.12,23.1,CASH
TXN0007797,M019,C00911,2026-08-16 15:34:38,PRD_CHG_02,Chargers,1,3465.0,165.0,UPI
TXN0007630,M021,C03405,2026-08-16 15:39:58,PRD_NOT_01,Notebooks,1,216.62,10.32,CARD
TXN0003458,M019,C02485,2026-08-16 15:55:50,PRD_CAS_02,Cases,1,570.18,27.15,UPI
TXN0001885,M035,C02454,2026-08-16 16:16:12,PRD_CAS_01,Cases,1,268.95,12.81,UPI
TXN0002097,M023,C01623,2026-08-16 16:16:29,PRD_SNK_02,Snacks,1,1247.4,59.4,UPI
TXN0003572,M015,C00402,2026-08-16 16:34:34,PRD_SNK_01,Snacks,1,457.69,21.79,UPI
TXN0009782,M029,C02238,2026-08-16 16:36:18,PRD_ART_02,Art Supplies,1,802.54,38.22,CARD
TXN0000326,M002,C01841,2026-08-16 16:48:55,PRD_PAS_01,Pastries,1,964.38,45.92,UPI
TXN0007008,M006,C01521,2026-08-16 17:15:09,PRD_CAS_02,Cases,2,610.44,58.13,UPI
TXN0005383,M019,C02000,2026-08-16 18:00:45,PRD_CHG_01,Chargers,1,1059.57,50.46,UPI
TXN0009048,M001,C03124,2026-08-16 18:05:52,PRD_STA_02,Staples,1,563.75,26.85,WALLET
TXN0007534,M007,C01116,2026-08-16 18:32:23,PRD_HOU_01,Household,2,217.47,20.72,UPI
TXN0000709,M035,C00611,2026-08-16 19:20:12,PRD_CAS_02,Cases,1,789.76,37.61,UPI
TXN0000088,M010,C02495,2026-08-16 19:20:59,PRD_SNK_01,Snacks,1,2033.87,96.85,UPI
TXN0003425,M044,C02883,2026-08-16 19:24:53,PRD_MEN_02,Men,2,1199.0,1205.23,UPI
TXN0003776,M007,C00688,2026-08-16 19:25:53,PRD_BEV_01,Beverages,1,211.64,10.08,UPI
TXN0008107,M010,C02858,2026-08-16 19:26:31,PRD_BEV_02,Beverages,1,718.85,34.23,UPI
TXN0008538,M050,C02026,2026-08-16 19:36:49,PRD_BRD_01,Bread,1,1141.99,54.38,WALLET
TXN0009410,M046,C00337,2026-08-16 19:48:38,PRD_HOU_02,Household,1,568.73,27.08,UPI
TXN0009708,M036,C01135,2026-08-16 20:04:37,PRD_DAI_01,Dairy,1,2079.0,99.0,UPI
TXN0005090,M019,C01104,2026-08-16 20:14:47,PRD_CAS_02,Cases,1,1101.94,52.47,UPI
TXN0002395,M010,C02774,2026-08-16 20:20:19,PRD_BEV_01,Beverages,1,723.96,34.47,UPI
TXN0008447,M048,C02182,2026-08-16 20:28:06,PRD_EAR_02,Earphones,1,571.02,27.19,UPI
TXN0009557,M002,C00222,2026-08-16 20:28:50,PRD_PAS_01,Pastries,1,303.84,14.47,WALLET
TXN0005792,M041,C01932,2026-08-16 20:48:49,PRD_BEV_02,Beverages,1,1732.5,82.5,UPI
TXN0008738,M044,C00522,2026-08-16 20:59:51,PRD_WOM_01,Women,2,699.0,533.81,CARD
TXN0005528,M030,C00307,2026-08-16 21:09:50,PRD_LAP_02,Laptops,1,16172.39,770.11,UPI
TXN0008493,M035,C00215,2026-08-16 21:26:33,PRD_EAR_01,Earphones,1,1299.0,694.12,WALLET
TXN0006365,M050,C03432,2026-08-16 21:36:07,PRD_PAS_02,Pastries,1,120.66,5.75,UPI
TXN0006166,M037,C00250,2026-08-16 21:58:06,PRD_CHG_01,Chargers,1,972.06,46.29,UPI
TXN0006354,M013,C00570,2026-08-16 22:04:11,PRD_BRD_02,Bread,1,475.45,22.64,UPI
TXN0006296,M017,C00928,2026-08-16 22:17:51,PRD_ART_01,Art Supplies,1,835.17,39.77,UPI
TXN0000710,M037,C02512,2026-08-17 08:31:19,PRD_EAR_02,Earphones,1,2028.84,96.61,UPI
TXN0003565,M018,C02150,2026-08-17 09:08:43,PRD_BEV_01,Beverages,1,492.39,23.45,UPI
TXN0005042,M018,C03330,2026-08-17 09:41:10,PRD_SNK_02,Snacks,3,225.0,223.83,CARD
TXN0002991,M032,C02090,2026-08-17 09:42:48,PRD_MED_01,Medicine,1,1573.24,74.92,UPI
TXN0003624,M016,C02445,2026-08-17 11:33:34,PRD_CAK_02,Cakes,1,450.0,195.26,CARD
TXN0006355,M017,C01696,2026-08-17 11:49:13,PRD_NOT_01,Notebooks,1,452.97,21.57,UPI
TXN0007498,M005,C00339,2026-08-17 12:27:31,PRD_MOB_02,Mobiles,1,11999.0,8035.55,UPI
TXN0001721,M032,C03262,2026-08-17 13:24:06,PRD_MED_01,Medicine,1,2357.88,112.28,WALLET
TXN0002099,M009,C03169,2026-08-17 16:02:22,PRD_WEL_02,Wellness,3,767.89,109.71,UPI
TXN0007772,M030,C00401,2026-08-17 16:47:50,PRD_ELE_01,Home Electronics,2,1135.85,108.17,WALLET
TXN0006937,M001,C01382,2026-08-17 16:51:39,PRD_HOU_02,Household,3,441.33,63.04,CASH
TXN0004547,M015,C01469,2026-08-17 16:58:50,PRD_CAK_01,Cakes,1,560.62,26.7,CARD
TXN0005587,M029,C01428,2026-08-17 17:21:01,PRD_OFF_02,Office Supplies,1,310.0,34.4,CARD
TXN0002767,M050,C00087,2026-08-17 17:21:18,PRD_SNK_01,Snacks,1,290.22,13.82,UPI
TXN0008138,M043,C03014,2026-08-17 17:44:32,PRD_SNK_02,Snacks,2,247.74,23.59,UPI
TXN0001957,M010,C00619,2026-08-17 17:44:46,PRD_SNK_01,Snacks,1,1868.62,88.98,UPI
TXN0000654,M039,C00870,2026-08-17 18:02:30,PRD_MED_02,Medicine,1,2256.12,107.43,UPI
TXN0005473,M020,C02130,2026-08-17 18:10:42,PRD_ELE_01,Home Electronics,1,11334.21,539.72,UPI
TXN0000469,M031,C02646,2026-08-17 18:19:18,PRD_ACC_02,Accessories,1,4796.19,228.39,UPI
TXN0000483,M005,C01326,2026-08-17 18:21:20,PRD_ACC_01,Accessories,1,5666.5,269.83,CASH
TXN0009420,M031,C03077,2026-08-17 18:50:26,PRD_ACC_02,Accessories,1,8436.93,401.76,UPI
TXN0007496,M016,C00968,2026-08-17 18:51:36,PRD_SNK_01,Snacks,1,514.34,24.49,UPI
TXN0000800,M008,C00478,2026-08-17 19:02:42,PRD_TEA_02,Tea,1,480.34,22.87,UPI
TXN0001608,M038,C01646,2026-08-17 19:06:16,PRD_CHG_01,Chargers,1,699.0,235.12,CARD
TXN0004047,M036,C03246,2026-08-17 19:30:15,PRD_DAI_02,Dairy,1,393.69,18.75,UPI
TXN0001520,M009,C02329,2026-08-17 19:48:09,PRD_BABY_01,Baby Care,1,1378.78,65.66,UPI
TXN0003547,M031,C02316,2026-08-17 19:51:21,PRD_ELE_02,Home Electronics,1,3400.79,161.94,UPI
TXN0009203,M003,C02448,2026-08-17 20:00:49,PRD_SNK_01,Snacks,1,254.26,12.11,UPI
TXN0001730,M044,C02616,2026-08-17 20:20:08,PRD_KID_02,Kids,3,275.0,371.41,UPI
TXN0000153,M026,C01819,2026-08-17 20:33:00,PRD_TEA_01,Tea,1,328.22,15.63,UPI
TXN0001210,M049,C01366,2026-08-17 20:50:56,PRD_TEA_02,Tea,1,346.98,16.52,CARD
TXN0009250,M029,C01155,2026-08-17 20:56:53,PRD_WRI_01,Writing,1,165.48,7.88,UPI
TXN0007131,M003,C01288,2026-08-17 21:35:19,PRD_TEA_02,Tea,1,210.0,26.1,UPI
TXN0001460,M031,C00470,2026-08-17 22:30:15,PRD_LAP_01,Laptops,1,6889.24,328.06,UPI
TXN0009539,M043,C02408,2026-08-18 09:14:50,PRD_CAK_02,Cakes,1,575.72,27.42,UPI
TXN0000805,M038,C02373,2026-08-18 13:40:02,PRD_CAS_01,Cases,1,690.06,32.86,UPI
TXN0009411,M017,C00279,2026-08-18 15:48:53,PRD_OFF_02,Office Supplies,1,310.0,113.95,UPI
TXN0004603,M013,C00382,2026-08-18 16:04:12,PRD_PAS_01,Pastries,1,165.65,7.89,UPI
TXN0003221,M035,C01619,2026-08-18 16:13:54,PRD_CAS_02,Cases,1,708.0,33.71,UPI
TXN0002668,M038,C00334,2026-08-18 16:17:19,PRD_CAS_01,Cases,1,1002.08,47.72,UPI
TXN0000257,M047,C01274,2026-08-18 16:38:50,PRD_ELE_02,Home Electronics,1,10276.23,489.34,UPI
TXN0003477,M006,C01084,2026-08-18 16:49:05,PRD_CAS_01,Cases,1,2866.04,136.48,UPI
TXN0006270,M031,C01721,2026-08-18 17:14:06,PRD_LAP_02,Laptops,1,3881.71,184.84,UPI
TXN0001621,M032,C02857,2026-08-18 18:07:17,PRD_MED_01,Medicine,2,506.87,48.27,UPI
TXN0005265,M047,C00982,2026-08-18 18:07:21,PRD_LAP_02,Laptops,1,10125.5,482.17,UPI
TXN0000054,M046,C00751,2026-08-18 18:07:50,PRD_SNK_01,Snacks,2,472.49,44.99,UPI
TXN0009271,M034,C00602,2026-08-18 18:54:36,PRD_WRI_02,Writing,1,272.94,13.0,UPI
TXN0009559,M015,C01689,2026-08-18 19:11:56,PRD_SNK_01,Snacks,2,174.98,16.66,UPI
TXN0003145,M006,C00705,2026-08-18 19:18:14,PRD_CAS_02,Cases,1,450.0,50.33,UPI
TXN0001884,M007,C03113,2026-08-18 19:20:42,PRD_SNK_01,Snacks,1,514.87,24.52,UPI
TXN0005989,M048,C00832,2026-08-18 19:22:03,PRD_CAB_02,Cables,1,2116.52,100.79,UPI
TXN0000701,M001,C02491,2026-08-18 19:36:18,PRD_DAI_01,Dairy,1,1689.54,80.45,UPI
TXN0000950,M044,C03252,2026-08-18 19:50:26,PRD_WOM_02,Women,2,1499.0,1616.34,CASH
TXN0005147,M045,C00299,2026-08-18 19:52:03,PRD_DAI_01,Dairy,1,1842.96,87.76,UPI
TXN0004337,M020,C01848,2026-08-18 20:11:41,PRD_MOB_02,Mobiles,1,11999.0,9463.83,UPI
TXN0000031,M035,C00595,2026-08-18 20:37:31,PRD_CAB_01,Cables,1,814.51,38.79,WALLET
TXN0004054,M033,C02017,2026-08-18 20:48:12,PRD_STA_02,Staples,1,547.54,26.07,UPI
TXN0002301,M037,C03411,2026-08-18 21:09:03,PRD_CHG_01,Chargers,1,937.04,44.62,UPI
TXN0001493,M029,C01771,2026-08-18 21:15:17,PRD_WRI_02,Writing,2,470.81,44.84,CARD
TXN0008999,M017,C03202,2026-08-18 21:31:06,PRD_NOT_01,Notebooks,1,160.0,114.57,UPI
TXN0004492,M006,C00996,2026-08-18 21:31:15,PRD_CHG_02,Chargers,1,1708.56,81.36,CARD
TXN0008556,M006,C00591,2026-08-18 21:39:33,PRD_CHG_01,Chargers,1,699.0,193.12,UPI
TXN0006483,M011,C01531,2026-08-18 21:58:33,PRD_WRI_02,Writing,3,115.0,208.96,UPI
TXN0002800,M003,C02913,2026-08-18 22:02:20,PRD_COF_01,Coffee,1,410.57,19.55,UPI
TXN0002504,M015,C03308,2026-08-18 22:26:59,PRD_SNK_02,Snacks,1,835.41,39.78,UPI
TXN0004482,M044,C00607,2026-08-18 22:34:49,PRD_WOM_01,Women,2,699.0,116.73,UPI
TXN0001270,M043,C03073,2026-08-19 10:58:54,PRD_CAK_02,Cakes,1,450.0,160.72,UPI
TXN0006830,M036,C00117,2026-08-19 11:12:19,PRD_SNK_01,Snacks,1,257.07,12.24,WALLET
TXN0002898,M025,C01752,2026-08-19 14:18:19,PRD_CAK_02,Cakes,1,450.0,321.0,CARD
TXN0007656,M039,C03171,2026-08-19 14:26:30,PRD_BABY_01,Baby Care,1,1324.35,63.06,CARD
TXN0009620,M042,C01059,2026-08-19 15:05:57,PRD_CAK_02,Cakes,2,450.0,47.52,UPI
TXN0000213,M037,C03308,2026-08-19 15:12:25,PRD_CAB_01,Cables,2,299.0,413.1,UPI
TXN0003912,M016,C01363,2026-08-19 15:19:45,PRD_PAS_02,Pastries,1,681.35,32.45,UPI
TXN0008140,M034,C00760,2026-08-19 15:51:46,PRD_NOT_01,Notebooks,3,160.0,319.2,CARD
TXN0000391,M008,C00036,2026-08-19 16:48:46,PRD_DES_02,Desserts,1,290.93,13.85,UPI
TXN0004721,M015,C01381,2026-08-19 17:10:58,PRD_CAK_01,Cakes,2,550.0,913.11,UPI
TXN0009794,M005,C01246,2026-08-19 17:12:46,PRD_ELE_02,Home Electronics,1,1099.0,590.43,UPI
TXN0001992,M013,C00353,2026-08-19 17:53:03,PRD_PAS_01,Pastries,1,95.0,15.0,UPI
TXN0005492,M021,C02464,2026-08-19 18:02:46,PRD_ART_02,Art Supplies,1,442.17,21.06,UPI
TXN0008079,M030,C02459,2026-08-19 18:14:28,PRD_LAP_01,Laptops,1,3083.97,146.86,UPI
TXN0003685,M041,C02561,2026-08-19 18:22:56,PRD_DES_02,Desserts,1,948.5,45.17,UPI
TXN0007529,M002,C03118,2026-08-19 18:27:08,PRD_SNK_01,Snacks,1,294.02,14.0,UPI
TXN0001029,M007,C01611,2026-08-19 18:51:28,PRD_HOU_02,Household,1,1890.0,90.0,CASH
TXN0000740,M005,C01702,2026-08-19 19:00:00,PRD_ACC_01,Accessories,1,1416.37,67.45,CARD
TXN0002941,M022,C00491,2026-08-19 19:11:45,PRD_WOM_02,Women,1,2484.16,118.29,CASH
TXN0000548,M050,C00582,2026-08-19 19:23:32,PRD_BRD_01,Bread,1,811.02,38.62,UPI
TXN0008008,M041,C01321,2026-08-19 19:52:27,PRD_SNK_02,Snacks,1,1575.0,75.0,UPI
TXN0007526,M042,C01341,2026-08-19 20:06:04,PRD_SNK_01,Snacks,2,55.17,5.25,UPI
TXN0002936,M031,C00447,2026-08-19 20:53:48,PRD_ACC_02,Accessories,1,8392.09,399.62,CASH
TXN0009763,M039,C02496,2026-08-19 20:55:35,PRD_WEL_01,Wellness,3,375.0,891.11,UPI
TXN0007991,M047,C02836,2026-08-19 22:10:12,PRD_ACC_02,Accessories,2,1544.22,147.07,UPI
TXN0007433,M016,C01435,2026-08-19 22:50:13,PRD_CAK_01,Cakes,1,550.0,371.88,WALLET
TXN0006615,M016,C00070,2026-08-19 22:57:26,PRD_SNK_02,Snacks,1,229.83,10.94,UPI
TXN0008633,M008,C03098,2026-08-20 10:08:25,PRD_COF_01,Coffee,1,380.0,132.72,UPI
TXN0009945,M005,C00773,2026-08-20 14:06:44,PRD_LAP_02,Laptops,2,4340.87,413.41,UPI
TXN0008627,M020,C00294,2026-08-20 14:54:10,PRD_LAP_01,Laptops,1,2409.58,114.74,UPI
TXN0006826,M030,C01523,2026-08-20 14:59:39,PRD_LAP_02,Laptops,4,1262.16,240.42,CARD
TXN0003173,M026,C01469,2026-08-20 16:07:20,PRD_COF_01,Coffee,2,380.0,574.1,UPI
TXN0003653,M004,C00514,2026-08-20 16:48:45,PRD_ELE_02,Home Electronics,1,6830.86,325.28,UPI
TXN0003277,M043,C00063,2026-08-20 17:08:21,PRD_PAS_01,Pastries,1,95.0,21.14,UPI
TXN0000517,M041,C01612,2026-08-20 17:21:03,PRD_BEV_02,Beverages,1,423.32,20.16,UPI
TXN0001675,M031,C02774,2026-08-20 18:12:14,PRD_LAP_01,Laptops,1,3983.97,189.71,UPI
TXN0002857,M014,C00245,2026-08-20 18:35:13,PRD_BRD_02,Bread,2,220.47,21.0,UPI
TXN0004737,M046,C00193,2026-08-20 18:58:58,PRD_HOU_01,Household,1,592.42,28.21,UPI
TXN0004262,M015,C00780,2026-08-20 19:44:31,PRD_CAK_02,Cakes,1,1486.8,70.8,UPI
TXN0006170,M006,C01736,2026-08-20 19:47:55,PRD_CAB_01,Cables,1,986.36,46.97,UPI
TXN0006731,M017,C01520,2026-08-20 20:04:40,PRD_NOT_02,Notebooks,2,260.0,479.74,UPI
TXN0001043,M028,C02022,2026-08-20 20:10:06,PRD_EAR_01,Earphones,1,1299.0,865.61,UPI
TXN0007291,M043,C00932,2026-08-20 20:15:36,PRD_SNK_02,Snacks,2,225.0,84.7,UPI
TXN0006324,M035,C00714,2026-08-20 20:40:07,PRD_EAR_01,Earphones,1,2271.45,108.16,UPI
TXN0004222,M039,C02119,2026-08-20 20:43:13,PRD_WEL_02,Wellness,1,1504.93,71.66,UPI
TXN0003804,M006,C00730,2026-08-20 20:44:46,PRD_EAR_01,Earphones,2,1299.0,1682.86,CARD
TXN0007237,M039,C01862,2026-08-20 21:27:45,PRD_MED_02,Medicine,1,440.4,20.97,UPI
TXN0003242,M036,C02975,2026-08-20 22:11:30,PRD_STA_01,Staples,1,770.33,36.68,UPI
TXN0002955,M013,C02845,2026-08-20 22:11:59,PRD_BRD_02,Bread,1,624.94,29.76,CARD
TXN0004933,M029,C00970,2026-08-20 22:37:30,PRD_OFF_01,Office Supplies,1,175.0,108.63,UPI
TXN0005577,M005,C00673,2026-08-20 22:37:53,PRD_ELE_02,Home Electronics,1,1932.28,92.01,CARD
TXN0008667,M044,C01183,2026-08-21 08:50:07,PRD_KID_01,Kids,1,1365.51,65.02,UPI
TXN0009281,M031,C01882,2026-08-21 10:21:58,PRD_ACC_02,Accessories,1,2633.76,125.42,UPI
TXN0002064,M013,C01381,2026-08-21 11:32:47,PRD_SNK_01,Snacks,1,592.29,28.2,UPI
TXN0006549,M021,C01148,2026-08-21 12:39:47,PRD_OFF_02,Office Supplies,1,310.0,149.62,UPI
TXN0001442,M004,C00223,2026-08-21 13:18:09,PRD_LAP_01,Laptops,1,2209.0,105.19,CARD
TXN0008953,M036,C03161,2026-08-21 15:09:47,PRD_HOU_02,Household,1,1540.54,73.36,UPI
TXN0008301,M029,C02360,2026-08-21 15:34:08,PRD_ART_01,Art Supplies,4,320.0,531.71,UPI
TXN0002409,M001,C00618,2026-08-21 15:46:37,PRD_SNK_02,Snacks,1,371.42,17.69,UPI
TXN0000996,M034,C01725,2026-08-21 16:13:20,PRD_ART_01,Art Supplies,1,320.0,144.8,UPI
TXN0000069,M043,C02806,2026-08-21 16:38:58,PRD_CAK_02,Cakes,1,450.0,207.84,UPI
TXN0000084,M006,C00084,2026-08-21 16:46:07,PRD_CAB_01,Cables,2,299.0,85.41,UPI
TXN0002983,M033,C00796,2026-08-21 17:01:26,PRD_HOU_02,Household,1,634.87,30.23,UPI
TXN0006502,M033,C02534,2026-08-21 17:19:58,PRD_SNK_01,Snacks,2,285.43,27.19,WALLET
TXN0007210,M019,C03249,2026-08-21 18:34:01,PRD_CAS_02,Cases,2,783.44,74.61,UPI
TXN0007956,M010,C03236,2026-08-21 18:37:16,PRD_DAI_01,Dairy,1,278.13,13.24,UPI
TXN0005955,M044,C01361,2026-08-21 18:39:10,PRD_WOM_02,Women,4,1499.0,4793.54,UPI
TXN0000011,M001,C01101,2026-08-21 18:51:40,PRD_DAI_01,Dairy,1,1094.1,52.1,UPI
TXN0002905,M018,C02119,2026-08-21 19:33:43,PRD_MEA_02,Meals,2,473.76,45.12,UPI
TXN0007652,M010,C00168,2026-08-21 19:41:02,PRD_DAI_01,Dairy,2,100.31,9.56,CARD
TXN0000792,M003,C00532,2026-08-21 20:04:15,PRD_DES_02,Desserts,2,180.0,237.14,UPI
TXN0006587,M044,C00024,2026-08-21 20:11:50,PRD_ACC_01,Accessories,1,680.54,32.41,UPI
TXN0004966,M020,C03297,2026-08-21 20:15:40,PRD_MOB_02,Mobiles,1,11999.0,7634.04,UPI
TXN0004158,M031,C00485,2026-08-21 20:18:31,PRD_ELE_01,Home Electronics,1,1818.86,86.61,UPI
TXN0009779,M026,C01261,2026-08-21 20:28:28,PRD_SNK_02,Snacks,1,225.0,32.5,UPI
TXN0008083,M017,C01865,2026-08-21 20:38:38,PRD_NOT_01,Notebooks,1,320.95,15.28,UPI
TXN0008490,M006,C02764,2026-08-21 21:05:18,PRD_CAS_02,Cases,1,3150.0,150.0,CARD
TXN0002026,M033,C03292,2026-08-21 21:12:15,PRD_SNK_01,Snacks,1,269.65,12.84,UPI
TXN0001959,M008,C01830,2026-08-21 21:38:56,PRD_TEA_02,Tea,1,840.0,40.0,UPI
TXN0008508,M001,C00285,2026-08-21 22:55:25,PRD_BEV_01,Beverages,1,1828.8,87.09,CASH
TXN0003766,M007,C02430,2026-08-22 10:29:47,PRD_BEV_02,Beverages,1,830.87,39.57,UPI
TXN0005935,M046,C02965,2026-08-22 11:18:50,PRD_SNK_01,Snacks,1,1575.83,75.04,UPI
TXN0005673,M046,C03025,2026-08-22 13:15:04,PRD_BEV_02,Beverages,1,212.54,10.12,CARD
TXN0007293,M045,C01884,2026-08-22 13:55:03,PRD_STA_01,Staples,1,618.33,29.44,UPI
TXN0007394,M018,C03141,2026-08-22 16:22:28,PRD_BEV_02,Beverages,1,278.44,13.26,UPI
TXN0000256,M029,C00483,2026-08-22 16:52:54,PRD_WRI_01,Writing,2,90.0,49.32,UPI
TXN0000991,M003,C02453,2026-08-22 17:07:56,PRD_DES_02,Desserts,1,362.55,17.26,WALLET
TXN0008750,M001,C00317,2026-08-22 17:34:10,PRD_BEV_01,Beverages,1,771.44,36.74,UPI
TXN0006818,M029,C02774,2026-08-22 17:44:46,PRD_NOT_02,Notebooks,1,260.0,23.07,UPI
TXN0003866,M050,C00789,2026-08-22 18:01:59,PRD_PAS_01,Pastries,1,163.72,7.8,WALLET
TXN0006060,M009,C00277,2026-08-22 18:24:53,PRD_PER_02,Personal Care,1,1222.97,58.24,UPI
TXN0002543,M003,C00155,2026-08-22 18:31:49,PRD_TEA_01,Tea,1,971.41,46.26,WALLET
TXN0006425,M014,C00415,2026-08-22 18:49:20,PRD_SNK_02,Snacks,1,379.57,18.07,CARD
TXN0008056,M013,C03371,2026-08-22 19:06:28,PRD_BRD_01,Bread,1,199.25,9.49,CARD
TXN0001750,M046,C02738,2026-08-22 19:11:31,PRD_BEV_02,Beverages,1,664.89,31.66,UPI
TXN0009732,M034,C02270,2026-08-22 19:20:13,PRD_ART_01,Art Supplies,1,320.0,18.77,UPI
TXN0003222,M041,C02180,2026-08-22 19:42:44,PRD_MEA_02,Meals,2,250.0,135.73,UPI
TXN0000609,M018,C00717,2026-08-22 19:51:38,PRD_MEA_01,Meals,1,1326.67,63.17,UPI
TXN0007490,M019,C01278,2026-08-22 20:02:51,PRD_CHG_02,Chargers,1,999.0,230.43,UPI
TXN0009975,M011,C01208,2026-08-22 20:25:10,PRD_WRI_01,Writing,1,362.6,17.27,UPI
TXN0001709,M008,C01344,2026-08-22 20:37:17,PRD_DES_02,Desserts,1,180.0,15.31,UPI
TXN0009398,M002,C02130,2026-08-22 20:48:05,PRD_CAK_01,Cakes,1,550.0,52.56,UPI
TXN0006404,M027,C00880,2026-08-22 20:57:41,PRD_MOB_02,Mobiles,1,13424.24,639.25,UPI
TXN0001839,M007,C02070,2026-08-22 21:50:20,PRD_BEV_01,Beverages,1,1164.38,55.45,CARD
TXN0009187,M029,C00065,2026-08-22 22:00:14,PRD_NOT_02,Notebooks,1,987.74,47.04,CARD
TXN0007710,M031,C02719,2026-08-22 22:14:00,PRD_MOB_01,Mobiles,1,6499.0,3534.65,UPI
TXN0008260,M008,C00246,2026-08-22 22:14:40,PRD_DES_02,Desserts,1,428.08,20.38,UPI
TXN0007869,M045,C03390,2026-08-23 08:46:02,PRD_DAI_01,Dairy,1,1028.11,48.96,UPI
TXN0000626,M013,C00953,2026-08-23 09:18:42,PRD_CAK_02,Cakes,3,462.0,66.0,UPI
TXN0003028,M017,C01793,2026-08-23 09:38:58,PRD_ART_01,Art Supplies,1,581.75,27.7,UPI
TXN0004954,M017,C00874,2026-08-23 09:43:26,PRD_NOT_02,Notebooks,1,463.29,22.06,UPI
TXN0009978,M047,C02069,2026-08-23 11:35:25,PRD_ELE_01,Home Electronics,1,4307.33,205.11,UPI
TXN0008757,M047,C03219,2026-08-23 12:08:33,PRD_LAP_02,Laptops,1,14492.31,690.11,UPI
TXN0005724,M005,C03254,2026-08-23 13:39:23,PRD_MOB_01,Mobiles,1,6499.0,576.43,UPI
TXN0008654,M045,C01797,2026-08-23 14:44:24,PRD_HOU_02,Household,1,702.32,33.44,UPI
TXN0009019,M035,C03121,2026-08-23 15:25:49,PRD_CAS_01,Cases,1,1662.11,79.15,UPI
TXN0001696,M047,C03053,2026-08-23 16:12:20,PRD_ELE_02,Home Electronics,1,4439.49,211.4,UPI
TXN0004584,M008,C00982,2026-08-23 16:28:13,PRD_SNK_01,Snacks,2,254.64,24.26,UPI
TXN0002807,M010,C03150,2026-08-23 17:07:26,PRD_STA_02,Staples,1,1287.58,61.31,UPI
TXN0007783,M043,C01001,2026-08-23 17:08:00,PRD_CAK_01,Cakes,4,550.0,2035.65,CARD
TXN0007629,M044,C00929,2026-08-23 17:08:26,PRD_ACC_02,Accessories,1,1460.08,69.53,UPI
TXN0007464,M031,C01239,2026-08-23 17:24:29,PRD_ELE_01,Home Electronics,1,2434.02,115.91,CARD
TXN0002223,M043,C03068,2026-08-23 17:42:01,PRD_SNK_02,Snacks,1,312.55,14.88,CARD
TXN0003387,M036,C03140,2026-08-23 18:50:26,PRD_SNK_01,Snacks,1,796.94,37.95,UPI
TXN0007824,M014,C01947,2026-08-23 18:52:25,PRD_BRD_02,Bread,2,396.5,37.76,UPI
TXN0008820,M040,C03435,2026-08-23 18:54:42,PRD_TEA_01,Tea,1,353.86,16.85,UPI
TXN0003729,M019,C01494,2026-08-23 19:00:26,PRD_CAB_02,Cables,1,3465.0,165.0,UPI
TXN0004751,M029,C01389,2026-08-23 19:34:58,PRD_NOT_01,Notebooks,1,380.88,18.14,CARD
TXN0000755,M030,C01757,2026-08-23 20:19:11,PRD_LAP_02,Laptops,2,670.99,63.9,UPI
TXN0001822,M010,C00569,2026-08-23 21:01:18,PRD_SNK_01,Snacks,1,708.3,33.73,UPI
TXN0005252,M013,C01453,2026-08-23 21:45:32,PRD_CAK_02,Cakes,3,450.0,1009.28,WALLET
TXN0002327,M037,C00896,2026-08-24 08:08:43,PRD_CAS_01,Cases,2,897.64,85.48,UPI
TXN0009869,M006,C00913,2026-08-24 08:17:08,PRD_CAB_02,Cables,1,2014.27,95.92,UPI
TXN0008441,M018,C01091,2026-08-24 08:25:31,PRD_BEV_01,Beverages,2,127.56,12.15,WALLET
TXN0008292,M048,C01462,2026-08-24 09:51:17,PRD_CHG_02,Chargers,3,999.0,2427.23,UPI
TXN0004372,M025,C02552,2026-08-24 10:34:12,PRD_CAK_01,Cakes,1,682.45,32.5,CARD
TXN0003786,M026,C01645,2026-08-24 10:47:43,PRD_DES_02,Desserts,1,502.84,23.94,WALLET
TXN0000765,M035,C01239,2026-08-24 11:04:58,PRD_CAB_01,Cables,1,919.81,43.8,CASH
TXN0002239,M046,C02521,2026-08-24 12:14:05,PRD_BEV_02,Beverages,1,882.84,42.04,UPI
TXN0004576,M050,C02652,2026-08-24 14:56:27,PRD_SNK_01,Snacks,1,195.96,9.33,UPI
TXN0000270,M001,C02791,2026-08-24 15:20:11,PRD_DAI_02,Dairy,1,808.32,38.49,UPI
TXN0002831,M017,C01493,2026-08-24 15:22:45,PRD_NOT_01,Notebooks,1,582.84,27.75,UPI
TXN0008046,M049,C03112,2026-08-24 16:02:10,PRD_TEA_02,Tea,1,210.0,62.76,UPI
TXN0001277,M003,C01308,2026-08-24 16:17:57,PRD_TEA_01,Tea,1,240.0,90.53,UPI
TXN0008938,M025,C02456,2026-08-24 16:52:21,PRD_PAS_02,Pastries,1,205.28,9.78,UPI
TXN0007805,M036,C02430,2026-08-24 18:04:27,PRD_DAI_01,Dairy,1,312.63,14.89,WALLET
TXN0006221,M032,C03247,2026-08-24 18:14:17,PRD_PER_02,Personal Care,1,871.0,41.48,UPI
TXN0006542,M042,C00769,2026-08-24 18:35:03,PRD_CAK_01,Cakes,1,1260.0,60.0,CARD
TXN0003432,M026,C02899,2026-08-24 19:16:03,PRD_DES_02,Desserts,1,840.0,40.0,UPI
TXN0004894,M031,C01337,2026-08-24 19:16:31,PRD_MOB_01,Mobiles,1,6499.0,4099.76,UPI
TXN0006441,M036,C00357,2026-08-24 19:47:46,PRD_HOU_02,Household,2,495.52,47.2,UPI
TXN0009829,M025,C02863,2026-08-24 20:56:30,PRD_BRD_01,Bread,1,410.54,19.55,UPI
TXN0008154,M047,C02552,2026-08-24 20:59:42,PRD_MOB_02,Mobiles,1,11999.0,9271.13,CASH
TXN0000667,M020,C01492,2026-08-24 21:50:06,PRD_ELE_01,Home Electronics,1,3309.31,157.59,WALLET
TXN0003745,M024,C03489,2026-08-25 11:41:50,PRD_HOU_02,Household,1,735.77,35.04,WALLET
TXN0000649,M044,C00057,2026-08-25 12:21:00,PRD_ACC_01,Accessories,1,669.4,31.88,UPI
TXN0009147,M039,C02143,2026-08-25 15:17:19,PRD_WEL_02,Wellness,1,707.64,33.7,CASH
TXN0006581,M026,C00628,2026-08-25 15:25:50,PRD_COF_01,Coffee,1,380.0,36.94,UPI
TXN0008057,M039,C00575,2026-08-25 15:29:27,PRD_MED_02,Medicine,1,711.87,33.9,UPI
TXN0005755,M014,C02177,2026-08-25 15:34:33,PRD_SNK_01,Snacks,1,333.23,15.87,UPI
TXN0009132,M028,C02619,2026-08-25 16:00:41,PRD_EAR_02,Earphones,1,349.0,241.0,CASH
TXN0009634,M004,C00548,2026-08-25 16:12:30,PRD_ACC_01,Accessories,1,9368.93,446.14,UPI
TXN0008835,M031,C01059,2026-08-25 16:22:06,PRD_MOB_02,Mobiles,3,11999.0,28278.41,UPI
TXN0004591,M009,C00066,2026-08-25 16:36:58,PRD_MED_01,Medicine,1,521.79,24.85,UPI
TXN0001949,M044,C02996,2026-08-25 16:43:20,PRD_ACC_02,Accessories,2,699.0,311.03,CARD
TXN0009308,M030,C01400,2026-08-25 17:26:09,PRD_ELE_01,Home Electronics,1,3907.55,186.07,UPI
TXN0000628,M012,C02537,2026-08-25 18:04:37,PRD_SNK_02,Snacks,1,971.62,46.27,CARD
TXN0001861,M047,C00874,2026-08-25 18:17:29,PRD_ACC_01,Accessories,1,3978.74,189.46,UPI
TXN0004101,M045,C02721,2026-08-25 18:32:03,PRD_STA_02,Staples,1,509.96,24.28,CASH
TXN0005660,M012,C02584,2026-08-25 19:17:01,PRD_ESS_01,Daily Essentials,1,1006.08,47.91,CASH
TXN0004220,M038,C01818,2026-08-25 19:20:39,PRD_CAS_02,Cases,2,1858.5,177.0,UPI
TXN0001630,M017,C00419,2026-08-25 19:20:56,PRD_NOT_01,Notebooks,1,467.36,22.26,UPI
TXN0005167,M022,C02422,2026-08-25 19:37:10,PRD_ACC_02,Accessories,1,1271.72,60.56,UPI
TXN0009176,M040,C01638,2026-08-25 19:47:31,PRD_TEA_01,Tea,1,240.0,140.07,UPI
TXN0008129,M043,C00878,2026-08-25 19:56:15,PRD_SNK_02,Snacks,1,418.88,19.95,CASH
TXN0000645,M031,C01420,2026-08-25 19:57:55,PRD_MOB_01,Mobiles,1,6499.0,2841.63,UPI
TXN0006577,M031,C03217,2026-08-25 20:13:25,PRD_LAP_02,Laptops,1,4397.24,209.39,UPI
TXN0008486,M007,C00455,2026-08-25 21:05:40,PRD_DAI_01,Dairy,1,194.5,9.26,UPI
TXN0007043,M009,C02828,2026-08-25 21:05:49,PRD_WEL_02,Wellness,1,1999.37,95.21,UPI
TXN0006751,M026,C03158,2026-08-25 21:44:05,PRD_TEA_01,Tea,1,376.88,17.95,CARD
TXN0005221,M003,C01580,2026-08-25 21:57:40,PRD_DES_02,Desserts,1,180.0,109.2,UPI
TXN0000867,M038,C02515,2026-08-25 22:31:02,PRD_CHG_01,Chargers,1,1598.57,76.12,UPI
TXN0007532,M041,C00074,2026-08-26 10:38:03,PRD_MEA_02,Meals,1,555.05,26.43,UPI
TXN0001606,M048,C01952,2026-08-26 11:07:45,PRD_EAR_01,Earphones,2,1299.0,1340.19,UPI
TXN0000042,M043,C03119,2026-08-26 14:24:42,PRD_BRD_02,Bread,4,140.0,185.78,UPI
TXN0005366,M016,C02532,2026-08-26 14:27:08,PRD_PAS_01,Pastries,1,114.8,5.47,UPI
TXN0005149,M044,C00775,2026-08-26 15:48:18,PRD_MEN_02,Men,1,1199.0,164.42,UPI
TXN0005389,M016,C03240,2026-08-26 16:01:18,PRD_BRD_01,Bread,1,222.35,10.59,CASH
TXN0006972,M025,C02587,2026-08-26 16:04:38,PRD_CAK_02,Cakes,1,793.19,37.77,UPI
TXN0004973,M033,C00727,2026-08-26 16:11:43,PRD_STA_01,Staples,1,719.08,34.24,WALLET
TXN0004468,M038,C00687,2026-08-26 16:12:12,PRD_CAB_02,Cables,1,1143.32,54.44,CASH
TXN0008120,M048,C01825,2026-08-26 16:37:00,PRD_CHG_01,Chargers,1,779.86,37.14,UPI
TXN0006242,M021,C02666,2026-08-26 16:41:56,PRD_WRI_02,Writing,4,115.0,287.56,UPI
TXN0006449,M031,C02679,2026-08-26 16:45:11,PRD_MOB_01,Mobiles,1,6499.0,3618.24,UPI
TXN0008379,M031,C00423,2026-08-26 17:01:04,PRD_ACC_02,Accessories,4,699.0,842.34,UPI
TXN0008281,M043,C00863,2026-08-26 17:19:11,PRD_PAS_01,Pastries,1,484.24,23.06,UPI
TXN0000142,M014,C03271,2026-08-26 17:32:25,PRD_SNK_02,Snacks,1,225.0,18.51,UPI
TXN0002095,M016,C03307,2026-08-26 17:44:43,PRD_BRD_01,Bread,1,549.55,26.17,UPI
TXN0003891,M029,C01429,2026-08-26 18:00:00,PRD_NOT_02,Notebooks,1,346.26,16.49,WALLET
TXN0009122,M024,C00474,2026-08-26 18:08:49,PRD_HOU_01,Household,1,353.34,16.83,UPI
TXN0003732,M042,C03093,2026-08-26 18:22:35,PRD_SNK_02,Snacks,1,225.0,43.39,UPI
TXN0003751,M020,C01783,2026-08-26 18:32:40,PRD_LAP_01,Laptops,1,17307.96,824.19,UPI
TXN0003576,M046,C02580,2026-08-26 18:52:56,PRD_ESS_02,Daily Essentials,1,2478.0,118.0,UPI
TXN0002249,M013,C00087,2026-08-26 18:56:41,PRD_SNK_01,Snacks,1,517.12,24.62,UPI
TXN0000862,M017,C02161,2026-08-26 19:33:41,PRD_ART_02,Art Supplies,1,305.32,14.54,UPI
TXN0004956,M008,C02535,2026-08-26 19:35:58,PRD_SNK_01,Snacks,1,63.0,3.0,UPI
TXN0007185,M019,C00740,2026-08-26 19:38:06,PRD_CAB_02,Cables,1,550.92,26.23,UPI
TXN0001579,M032,C02744,2026-08-26 19:42:07,PRD_MED_01,Medicine,1,2625.0,125.0,UPI
TXN0000780,M049,C02110,2026-08-26 20:11:40,PRD_SNK_02,Snacks,1,282.72,13.46,UPI
TXN0008212,M043,C01649,2026-08-26 20:36:01,PRD_SNK_01,Snacks,1,366.53,17.45,CARD
TXN0002108,M005,C03447,2026-08-26 20:37:26,PRD_MOB_02,Mobiles,3,11999.0,24815.0,CASH
TXN0005520,M031,C01834,2026-08-26 20:42:51,PRD_ELE_01,Home Electronics,1,3564.2,169.72,UPI
TXN0004295,M026,C00549,2026-08-26 20:58:56,PRD_COF_02,Coffee,1,663.74,31.61,CASH
TXN0005909,M001,C01543,2026-08-26 20:59:28,PRD_BEV_01,Beverages,1,266.94,12.71,CARD
TXN0004742,M015,C02073,2026-08-26 21:22:29,PRD_SNK_02,Snacks,2,228.57,21.76,UPI
TXN0004467,M026,C01945,2026-08-26 22:05:28,PRD_TEA_01,Tea,1,497.64,23.7,CARD
TXN0007767,M046,C00261,2026-08-27 11:25:39,PRD_BEV_02,Beverages,1,1548.26,73.73,UPI
TXN0008592,M009,C01796,2026-08-27 13:10:55,PRD_BABY_01,Baby Care,1,799.0,271.06,UPI
TXN0003836,M016,C02981,2026-08-27 13:22:20,PRD_SNK_02,Snacks,1,500.98,23.86,UPI
TXN0000357,M011,C02123,2026-08-27 15:52:17,PRD_OFF_01,Office Supplies,2,472.5,45.0,UPI
TXN0001941,M047,C01757,2026-08-27 16:14:15,PRD_LAP_02,Laptops,1,6424.15,305.91,UPI
TXN0008693,M041,C03444,2026-08-27 16:43:07,PRD_MEA_01,Meals,1,220.0,11.99,UPI
TXN0001233,M024,C00688,2026-08-27 16:44:15,PRD_HOU_02,Household,1,1053.03,50.14,UPI
TXN0008429,M036,C00349,2026-08-27 17:07:50,PRD_HOU_01,Household,1,791.57,37.69,UPI
TXN0002775,M020,C03065,2026-08-27 17:21:20,PRD_ACC_02,Accessories,1,2286.34,108.87,UPI
TXN0006757,M033,C00868,2026-08-27 17:37:03,PRD_BEV_01,Beverages,4,312.83,59.57,UPI
TXN0003357,M036,C02055,2026-08-27 17:41:25,PRD_SNK_02,Snacks,4,472.5,90.0,UPI
TXN0001660,M013,C00790,2026-08-27 18:18:07,PRD_CAK_01,Cakes,1,550.0,84.96,UPI
TXN0003273,M005,C01279,2026-08-27 18:52:15,PRD_ACC_02,Accessories,1,14107.41,671.78,UPI
TXN0002466,M039,C00913,2026-08-27 19:18:04,PRD_WEL_01,Wellness,3,375.0,650.17,CASH
TXN0008770,M019,C00769,2026-08-27 19:22:42,PRD_EAR_02,Earphones,1,1033.5,49.21,UPI
TXN0009504,M048,C01574,2026-08-27 19:32:54,PRD_CAB_01,Cables,1,1759.66,83.79,UPI
TXN0003426,M045,C03096,2026-08-27 19:52:20,PRD_SNK_02,Snacks,1,225.0,130.98,UPI
TXN0002411,M030,C02549,2026-08-27 20:04:59,PRD_LAP_01,Laptops,1,2280.9,108.61,CASH
TXN0009986,M018,C00266,2026-08-27 20:09:12,PRD_MEA_02,Meals,2,327.25,31.17,CARD
TXN0002482,M031,C02964,2026-08-27 20:20:58,PRD_ELE_01,Home Electronics,4,899.0,352.64,UPI
TXN0003860,M018,C00049,2026-08-27 20:21:17,PRD_BEV_02,Beverages,1,895.7,42.65,UPI
TXN0005873,M042,C00105,2026-08-27 20:39:51,PRD_PAS_01,Pastries,1,154.65,7.36,UPI
TXN0005094,M015,C01158,2026-08-27 20:51:32,PRD_CAK_02,Cakes,1,450.0,318.38,CARD
TXN0004448,M008,C02955,2026-08-27 20:54:51,PRD_TEA_01,Tea,1,440.49,20.98,WALLET
TXN0006967,M029,C00238,2026-08-27 21:17:50,PRD_NOT_02,Notebooks,1,260.0,144.21,UPI
TXN0005594,M005,C03034,2026-08-27 22:45:44,PRD_ACC_01,Accessories,1,15750.0,750.0,UPI
TXN0009042,M031,C02866,2026-08-27 22:59:46,PRD_ELE_02,Home Electronics,2,3850.12,366.68,UPI
TXN0006860,M016,C03033,2026-08-28 10:11:09,PRD_PAS_01,Pastries,1,380.52,18.12,UPI
TXN0008932,M032,C01788,2026-08-28 10:48:31,PRD_WEL_02,Wellness,1,803.08,38.24,UPI
TXN0002413,M018,C03362,2026-08-28 14:00:31,PRD_BEV_01,Beverages,1,727.08,34.62,UPI
TXN0007094,M014,C03098,2026-08-28 15:24:35,PRD_PAS_02,Pastries,1,187.27,8.92,WALLET
TXN0008496,M047,C00821,2026-08-28 15:33:11,PRD_LAP_01,Laptops,1,15750.0,750.0,CARD
TXN0007086,M027,C02429,2026-08-28 15:33:30,PRD_MOB_02,Mobiles,3,11999.0,33877.44,UPI
TXN0009372,M004,C00066,2026-08-28 15:38:19,PRD_MOB_01,Mobiles,1,7699.42,366.64,UPI
TXN0004484,M005,C02902,2026-08-28 15:50:49,PRD_LAP_02,Laptops,1,7197.03,342.72,UPI
TXN0007413,M043,C02727,2026-08-28 16:16:01,PRD_CAK_01,Cakes,1,550.0,61.26,UPI
TXN0004345,M012,C01807,2026-08-28 16:52:57,PRD_SNK_02,Snacks,1,1091.93,52.0,CARD
TXN0004075,M005,C01150,2026-08-28 17:33:58,PRD_MOB_01,Mobiles,1,6499.0,4672.12,UPI
TXN0005133,M021,C02639,2026-08-28 17:44:55,PRD_OFF_02,Office Supplies,1,310.0,200.27,CARD
TXN0007948,M011,C00147,2026-08-28 17:58:00,PRD_ART_01,Art Supplies,1,527.62,25.12,UPI
TXN0000852,M024,C01453,2026-08-28 18:00:46,PRD_ESS_02,Daily Essentials,1,622.32,29.63,UPI
TXN0008958,M006,C00369,2026-08-28 18:35:07,PRD_CAB_01,Cables,1,1989.73,94.75,UPI
TXN0004773,M026,C01579,2026-08-28 18:42:22,PRD_SNK_02,Snacks,2,225.0,189.56,UPI
TXN0005578,M003,C03477,2026-08-28 18:43:12,PRD_DES_01,Desserts,1,388.88,18.52,UPI
TXN0004035,M010,C02835,2026-08-28 18:44:20,PRD_STA_02,Staples,1,435.7,20.75,WALLET
TXN0006571,M014,C00978,2026-08-28 19:11:24,PRD_CAK_01,Cakes,1,550.0,300.11,CASH
TXN0000832,M040,C02273,2026-08-28 19:14:38,PRD_COF_02,Coffee,1,351.94,16.76,WALLET
TXN0004863,M009,C00143,2026-08-28 19:23:05,PRD_MED_01,Medicine,2,208.52,19.85,UPI
TXN0009747,M042,C03179,2026-08-28 19:25:08,PRD_CAK_02,Cakes,1,671.25,31.96,CASH
TXN0006851,M002,C00951,2026-08-28 19:29:22,PRD_CAK_01,Cakes,1,550.0,348.2,UPI
TXN0001337,M028,C02094,2026-08-28 21:13:59,PRD_CAB_02,Cables,2,602.8,57.41,UPI
TXN0004214,M026,C00584,2026-08-28 21:16:09,PRD_SNK_01,Snacks,1,241.32,11.49,UPI
TXN0008177,M019,C00350,2026-08-28 22:35:31,PRD_EAR_02,Earphones,1,1170.86,55.76,UPI
TXN0000856,M050,C03167,2026-08-29 09:36:34,PRD_BRD_01,Bread,4,50.0,95.16,UPI
TXN0002597,M042,C03482,2026-08-29 09:50:24,PRD_SNK_02,Snacks,1,358.7,17.08,CARD
TXN0005911,M045,C01804,2026-08-29 11:10:25,PRD_STA_01,Staples,1,1836.81,87.47,UPI
TXN0001407,M006,C00996,2026-08-29 13:22:18,PRD_CAB_02,Cables,2,418.13,39.83,WALLET
TXN0008819,M039,C00953,2026-08-29 15:42:59,PRD_BABY_01,Baby Care,1,951.28,45.3,UPI
TXN0008874,M049,C02652,2026-08-29 16:35:58,PRD_SNK_02,Snacks,1,771.58,36.74,UPI
TXN0007375,M001,C01851,2026-08-29 16:56:22,PRD_STA_01,Staples,1,540.0,411.04,WALLET
TXN0006114,M043,C00587,2026-08-29 17:09:14,PRD_PAS_02,Pastries,2,388.91,37.04,UPI
TXN0008629,M043,C03251,2026-08-29 17:25:05,PRD_SNK_01,Snacks,2,159.29,15.17,UPI
TXN0001268,M006,C02033,2026-08-29 18:02:32,PRD_CAS_02,Cases,2,1732.5,165.0,WALLET
TXN0009716,M030,C03318,2026-08-29 18:09:24,PRD_MOB_01,Mobiles,1,6499.0,1115.55,UPI
TXN0002593,M050,C01375,2026-08-29 18:34:49,PRD_PAS_02,Pastries,1,890.8,42.42,UPI
TXN0004961,M020,C03312,2026-08-29 18:35:42,PRD_ACC_01,Accessories,2,2148.72,204.64,UPI
TXN0001634,M046,C01366,2026-08-29 18:37:27,PRD_SNK_02,Snacks,1,249.81,11.9,UPI
TXN0005817,M030,C01221,2026-08-29 18:42:00,PRD_ACC_01,Accessories,1,3890.57,185.27,UPI
TXN0005260,M012,C00852,2026-08-29 18:42:35,PRD_HOU_02,Household,1,676.79,32.23,UPI
TXN0005364,M020,C03198,2026-08-29 18:42:35,PRD_MOB_01,Mobiles,2,6499.0,8784.74,WALLET
TXN0000837,M021,C03420,2026-08-29 18:43:40,PRD_NOT_02,Notebooks,1,260.0,71.05,UPI
TXN0009260,M025,C03170,2026-08-29 19:18:49,PRD_SNK_01,Snacks,1,1386.0,66.0,UPI
TXN0008754,M008,C03293,2026-08-29 19:39:29,PRD_TEA_02,Tea,2,210.0,139.14,CASH
TXN0008951,M006,C01210,2026-08-29 19:43:32,PRD_CAB_01,Cables,2,1353.66,128.92,UPI
TXN0000426,M024,C02769,2026-08-29 19:54:45,PRD_ESS_02,Daily Essentials,4,160.0,451.43,UPI
TXN0008560,M013,C02784,2026-08-29 19:59:37,PRD_SNK_01,Snacks,1,210.03,10.0,UPI
TXN0002022,M005,C01028,2026-08-29 20:15:32,PRD_ACC_02,Accessories,1,11622.41,553.45,UPI
TXN0000552,M046,C01013,2026-08-29 20:23:41,PRD_HOU_01,Household,1,533.22,25.39,UPI
TXN0007873,M025,C01338,2026-08-29 20:57:01,PRD_PAS_02,Pastries,1,221.64,10.55,WALLET
TXN0009895,M037,C02364,2026-08-29 20:57:04,PRD_CAS_01,Cases,2,265.18,25.26,UPI
TXN0007331,M028,C00354,2026-08-29 21:32:21,PRD_CAB_02,Cables,1,1975.65,94.08,UPI
TXN0001551,M047,C02893,2026-08-29 21:46:29,PRD_MOB_01,Mobiles,1,6499.0,1764.1,UPI
TXN0004177,M036,C00459,2026-08-29 21:50:48,PRD_HOU_02,Household,1,502.77,23.94,UPI
TXN0001570,M035,C01268,2026-08-29 21:57:06,PRD_EAR_01,Earphones,1,1558.55,74.22,UPI
TXN0007672,M012,C00031,2026-08-29 22:15:29,PRD_SNK_02,Snacks,2,225.0,168.45,UPI
TXN0005436,M047,C02566,2026-08-29 22:32:34,PRD_ELE_01,Home Electronics,1,899.0,349.0,UPI
TXN0006717,M050,C00831,2026-08-29 22:44:11,PRD_PAS_02,Pastries,1,403.83,19.23,UPI
TXN0008460,M044,C03378,2026-08-30 08:15:15,PRD_MEN_01,Men,1,1617.88,77.04,UPI
TXN0008393,M008,C03309,2026-08-30 08:48:51,PRD_SNK_02,Snacks,1,377.25,17.96,UPI
TXN0006022,M039,C00658,2026-08-30 10:49:46,PRD_WEL_01,Wellness,1,946.43,45.07,UPI
TXN0005824,M018,C03145,2026-08-30 11:34:00,PRD_MEA_02,Meals,2,364.42,34.71,UPI
TXN0009265,M001,C01526,2026-08-30 12:45:31,PRD_BEV_01,Beverages,1,110.0,7.39,UPI
TXN0009969,M032,C03416,2026-08-30 14:04:39,PRD_PER_02,Personal Care,1,456.9,21.76,UPI
TXN0005209,M008,C01503,2026-08-30 15:07:11,PRD_DES_01,Desserts,1,790.47,37.64,UPI
TXN0002326,M034,C01069,2026-08-30 16:17:59,PRD_WRI_02,Writing,1,634.55,30.22,UPI
TXN0002869,M029,C00517,2026-08-30 16:19:56,PRD_NOT_01,Notebooks,1,625.51,29.79,UPI
TXN0008681,M029,C02810,2026-08-30 16:28:41,PRD_NOT_02,Notebooks,1,635.37,30.26,CARD
TXN0006927,M011,C02040,2026-08-30 16:55:33,PRD_OFF_01,Office Supplies,1,418.3,19.92,UPI
TXN0009293,M038,C01962,2026-08-30 16:56:00,PRD_CAB_02,Cables,1,3465.0,165.0,UPI
TXN0008360,M039,C02601,2026-08-30 17:00:50,PRD_MED_01,Medicine,2,562.55,53.58,UPI
TXN0002561,M038,C00774,2026-08-30 17:07:20,PRD_CHG_02,Chargers,2,999.0,614.69,CARD
TXN0001580,M024,C03482,2026-08-30 17:15:44,PRD_BEV_01,Beverages,1,435.13,20.72,UPI
TXN0002717,M021,C02641,2026-08-30 17:36:23,PRD_WRI_02,Writing,1,189.48,9.02,UPI
TXN0004861,M016,C02580,2026-08-30 17:41:09,PRD_BRD_01,Bread,1,296.76,14.13,CARD
TXN0002605,M046,C00371,2026-08-30 18:03:06,PRD_BEV_02,Beverages,1,379.31,18.06,UPI
TXN0005998,M035,C00897,2026-08-30 18:36:52,PRD_CAB_01,Cables,1,3465.0,165.0,CASH
TXN0000422,M019,C03421,2026-08-30 18:46:25,PRD_EAR_02,Earphones,1,1527.98,72.76,CARD
TXN0005460,M036,C01039,2026-08-30 19:40:25,PRD_STA_01,Staples,1,540.0,124.89,CARD
TXN0004116,M040,C02321,2026-08-30 19:42:25,PRD_DES_02,Desserts,2,260.64,24.82,UPI
TXN0000671,M017,C00817,2026-08-30 19:48:42,PRD_NOT_01,Notebooks,2,519.75,49.5,UPI
TXN0002078,M046,C00159,2026-08-30 19:53:35,PRD_SNK_02,Snacks,1,2725.8,129.8,UPI
TXN0000250,M007,C01890,2026-08-30 19:57:52,PRD_SNK_01,Snacks,1,1976.7,94.13,UPI
TXN0001319,M003,C00247,2026-08-30 20:01:32,PRD_DES_02,Desserts,1,181.16,8.63,WALLET
TXN0005907,M023,C01897,2026-08-30 20:30:47,PRD_SNK_01,Snacks,1,482.51,22.98,UPI
TXN0007076,M018,C02182,2026-08-30 20:34:35,PRD_SNK_02,Snacks,1,1477.74,70.37,UPI
TXN0004367,M044,C01802,2026-08-30 20:57:29,PRD_ACC_01,Accessories,1,826.78,39.37,WALLET
TXN0003407,M001,C00608,2026-08-30 21:20:43,PRD_BEV_02,Beverages,1,756.24,36.01,UPI
TXN0001409,M036,C02980,2026-08-30 21:21:20,PRD_SNK_01,Snacks,1,2079.0,99.0,UPI
TXN0005352,M010,C02768,2026-08-30 22:15:05,PRD_STA_02,Staples,1,288.62,13.74,CASH
TXN0001794,M031,C02322,2026-08-31 08:09:56,PRD_MOB_01,Mobiles,1,6499.0,585.17,UPI
TXN0009447,M033,C00348,2026-08-31 08:23:51,PRD_STA_02,Staples,1,742.74,35.37,CARD
TXN0002243,M020,C01766,2026-08-31 08:38:57,PRD_LAP_01,Laptops,1,2477.54,117.98,UPI
TXN0001370,M021,C01942,2026-08-31 11:32:28,PRD_OFF_02,Office Supplies,1,310.0,223.79,UPI
TXN0006341,M044,C00760,2026-08-31 14:37:04,PRD_MEN_01,Men,1,1539.56,73.31,UPI
TXN0006259,M039,C00599,2026-08-31 14:40:41,PRD_PER_02,Personal Care,1,2625.0,125.0,UPI
TXN0009494,M030,C02375,2026-08-31 14:46:05,PRD_ACC_01,Accessories,1,15750.0,750.0,UPI
TXN0003280,M045,C03178,2026-08-31 15:10:19,PRD_STA_02,Staples,1,1760.19,83.82,UPI
TXN0000966,M012,C02350,2026-08-31 15:59:11,PRD_BEV_01,Beverages,1,2100.0,100.0,UPI
TXN0000529,M012,C03328,2026-08-31 16:14:38,PRD_HOU_02,Household,2,1018.69,97.01,WALLET
TXN0002919,M022,C00912,2026-08-31 16:47:11,PRD_KID_01,Kids,1,2199.76,104.75,WALLET
TXN0003376,M020,C02694,2026-08-31 17:00:50,PRD_LAP_02,Laptops,1,3112.07,148.19,WALLET
TXN0007936,M033,C02386,2026-08-31 17:10:23,PRD_DAI_01,Dairy,1,580.57,27.65,UPI
TXN0004560,M050,C00772,2026-08-31 17:11:39,PRD_PAS_02,Pastries,1,617.85,29.42,CARD
TXN0004661,M045,C02136,2026-08-31 17:29:45,PRD_STA_01,Staples,1,540.0,379.3,UPI
TXN0008473,M033,C01722,2026-08-31 17:40:45,PRD_SNK_02,Snacks,1,1535.64,73.13,UPI
TXN0000890,M017,C01009,2026-08-31 18:14:10,PRD_OFF_01,Office Supplies,2,175.0,28.04,CASH
TXN0009791,M015,C01136,2026-08-31 18:41:28,PRD_CAK_02,Cakes,1,450.0,146.88,UPI
TXN0005212,M036,C02923,2026-08-31 18:50:27,PRD_STA_01,Staples,1,760.56,36.22,UPI
TXN0002381,M003,C02998,2026-08-31 19:27:25,PRD_COF_02,Coffee,1,280.0,206.53,UPI
TXN0000534,M030,C02284,2026-08-31 19:40:27,PRD_ELE_01,Home Electronics,1,3830.43,182.4,UPI
TXN0005582,M046,C02079,2026-08-31 19:45:49,PRD_BEV_02,Beverages,2,342.5,32.62,UPI
TXN0004581,M015,C02300,2026-08-31 19:56:54,PRD_BRD_01,Bread,1,133.09,6.34,UPI
TXN0005424,M035,C00927,2026-08-31 19:57:30,PRD_EAR_02,Earphones,1,1008.81,48.04,CARD
TXN0003435,M027,C01238,2026-08-31 20:05:00,PRD_ELE_01,Home Electronics,1,8467.5,403.21,CASH
TXN0005136,M033,C00528,2026-08-31 20:09:10,PRD_HOU_02,Household,1,612.09,29.15,UPI
TXN0003789,M018,C03325,2026-08-31 20:23:19,PRD_SNK_01,Snacks,1,1575.0,75.0,CASH
TXN0009116,M015,C00114,2026-08-31 20:29:35,PRD_SNK_02,Snacks,1,227.16,10.82,UPI
TXN0005201,M007,C00972,2026-08-31 20:59:45,PRD_STA_01,Staples,1,540.0,215.01,UPI
TXN0006000,M003,C01576,2026-08-31 21:04:17,PRD_COF_02,Coffee,1,327.6,15.6,UPI
TXN0009087,M018,C02768,2026-08-31 21:26:11,PRD_SNK_01,Snacks,4,69.53,13.24,UPI
TXN0008488,M033,C02470,2026-08-31 21:31:19,PRD_SNK_02,Snacks,1,929.59,44.27,UPI
TXN0007613,M021,C00696,2026-09-01 08:36:20,PRD_WRI_01,Writing,1,350.11,16.67,UPI
TXN0003859,M012,C02943,2026-09-01 08:54:29,PRD_ESS_02,Daily Essentials,1,730.76,34.8,UPI
TXN0009581,M006,C00779,2026-09-01 09:33:53,PRD_CAB_01,Cables,1,3339.0,159.0,CASH
TXN0007846,M032,C02154,2026-09-01 09:42:39,PRD_PER_02,Personal Care,1,831.63,39.6,CASH
TXN0003491,M036,C01945,2026-09-01 16:20:58,PRD_SNK_01,Snacks,1,697.11,33.2,UPI
TXN0006105,M021,C01124,2026-09-01 16:27:56,PRD_OFF_02,Office Supplies,1,591.58,28.17,CASH
TXN0004464,M033,C00674,2026-09-01 16:47:59,PRD_BEV_01,Beverages,1,966.71,46.03,UPI
TXN0009240,M039,C02897,2026-09-01 17:23:34,PRD_PER_02,Personal Care,1,1443.24,68.73,UPI
TXN0000887,M031,C00880,2026-09-01 17:52:36,PRD_ACC_01,Accessories,1,6889.05,328.05,UPI
TXN0001627,M010,C03312,2026-09-01 18:10:47,PRD_SNK_02,Snacks,2,598.48,56.99,UPI
TXN0008690,M048,C01766,2026-09-01 18:14:24,PRD_EAR_01,Earphones,1,1981.08,94.34,UPI
TXN0007669,M020,C01651,2026-09-01 18:40:14,PRD_ACC_02,Accessories,1,9031.25,430.06,UPI
TXN0006645,M019,C00942,2026-09-01 18:47:17,PRD_EAR_01,Earphones,2,1299.0,2082.03,UPI
TXN0007562,M026,C02338,2026-09-01 18:47:53,PRD_SNK_02,Snacks,1,269.07,12.81,UPI
TXN0001654,M017,C02980,2026-09-01 18:52:42,PRD_NOT_01,Notebooks,1,1001.7,47.7,UPI
TXN0006697,M047,C01948,2026-09-01 18:54:46,PRD_ELE_02,Home Electronics,3,3078.79,439.83,UPI
TXN0001810,M036,C01851,2026-09-01 19:01:28,PRD_SNK_01,Snacks,1,952.2,45.34,WALLET
TXN0003111,M006,C01504,2026-09-01 19:05:09,PRD_CAB_02,Cables,1,1760.07,83.81,UPI
TXN0004577,M022,C01724,2026-09-01 19:06:05,PRD_KID_01,Kids,4,521.18,99.28,CASH
TXN0003381,M029,C02188,2026-09-01 19:14:24,PRD_NOT_02,Notebooks,1,671.58,31.98,UPI
TXN0004860,M015,C00925,2026-09-01 19:18:47,PRD_SNK_01,Snacks,1,329.68,15.7,UPI
TXN0003728,M018,C02291,2026-09-01 19:52:04,PRD_DES_02,Desserts,1,656.33,31.25,CASH
TXN0005431,M045,C02882,2026-09-01 19:53:48,PRD_DAI_01,Dairy,1,114.83,5.47,UPI
TXN0001868,M017,C00781,2026-09-01 19:54:12,PRD_OFF_02,Office Supplies,1,433.15,20.63,CASH
TXN0008148,M049,C02112,2026-09-01 20:35:09,PRD_TEA_01,Tea,1,289.89,13.8,UPI
TXN0002859,M031,C02363,2026-09-01 20:44:31,PRD_LAP_02,Laptops,2,1351.83,128.74,UPI
TXN0001332,M011,C03387,2026-09-01 20:50:53,PRD_NOT_01,Notebooks,1,160.0,106.22,UPI
TXN0002559,M030,C01634,2026-09-01 21:14:46,PRD_MOB_02,Mobiles,1,11999.0,4142.33,CARD
TXN0006500,M001,C01127,2026-09-01 21:29:04,PRD_HOU_01,Household,2,289.1,27.54,UPI
TXN0007071,M049,C00783,2026-09-01 21:31:28,PRD_COF_02,Coffee,2,280.0,96.88,UPI
TXN0002181,M016,C00374,2026-09-01 21:38:22,PRD_CAK_01,Cakes,1,550.0,163.72,UPI
TXN0001640,M006,C01734,2026-09-01 21:40:57,PRD_CHG_02,Chargers,1,999.0,76.0,UPI
TXN0008059,M002,C02924,2026-09-01 21:43:50,PRD_BRD_01,Bread,1,348.0,16.57,UPI
TXN0006184,M017,C00819,2026-09-01 22:53:26,PRD_ART_02,Art Supplies,2,175.0,182.7,UPI
TXN0000553,M026,C01124,2026-09-02 08:07:21,PRD_DES_01,Desserts,1,335.11,15.96,WALLET
TXN0004878,M039,C00838,2026-09-02 09:33:38,PRD_BABY_02,Baby Care,1,907.66,43.22,CARD
TXN0004796,M019,C03039,2026-09-02 10:01:59,PRD_EAR_01,Earphones,1,1299.0,210.86,UPI
TXN0007264,M002,C02645,2026-09-02 11:50:09,PRD_BRD_02,Bread,1,503.53,23.98,UPI
TXN0008577,M029,C00749,2026-09-02 15:04:00,PRD_ART_01,Art Supplies,1,320.0,82.33,UPI
TXN0001348,M005,C02029,2026-09-02 15:18:39,PRD_ACC_02,Accessories,2,2711.38,258.22,WALLET
TXN0008002,M020,C01376,2026-09-02 16:20:12,PRD_ELE_01,Home Electronics,1,16143.9,768.76,UPI
TXN0002997,M016,C00410,2026-09-02 16:34:04,PRD_CAK_02,Cakes,1,450.0,355.13,UPI
TXN0003696,M039,C02406,2026-09-02 16:59:38,PRD_PER_01,Personal Care,1,1066.58,50.79,UPI
TXN0002124,M019,C00190,2026-09-02 17:37:11,PRD_CHG_02,Chargers,1,3339.0,159.0,CASH
TXN0004328,M033,C00601,2026-09-02 19:48:45,PRD_HOU_01,Household,1,456.75,21.75,UPI
TXN0007579,M033,C02166,2026-09-02 19:54:37,PRD_SNK_02,Snacks,1,856.22,40.77,CARD
TXN0001232,M027,C00632,2026-09-02 20:07:05,PRD_MOB_01,Mobiles,1,6499.0,3773.25,UPI
TXN0005000,M029,C03333,2026-09-02 20:11:39,PRD_NOT_02,Notebooks,1,493.08,23.48,UPI
TXN0002011,M028,C01128,2026-09-02 21:52:12,PRD_EAR_01,Earphones,1,1299.0,568.69,WALLET
TXN0008237,M046,C00663,2026-09-02 22:44:03,PRD_SNK_02,Snacks,1,490.09,23.34,UPI
TXN0004227,M003,C00723,2026-09-03 09:33:25,PRD_COF_01,Coffee,1,435.53,20.74,UPI
TXN0007168,M043,C00419,2026-09-03 14:12:33,PRD_BRD_02,Bread,1,961.63,45.79,CARD
TXN0006364,M001,C00370,2026-09-03 14:57:03,PRD_DAI_01,Dairy,1,1263.95,60.19,UPI
TXN0007275,M039,C01787,2026-09-03 16:20:27,PRD_WEL_02,Wellness,1,2570.43,122.4,WALLET
TXN0008598,M038,C02860,2026-09-03 16:48:17,PRD_CHG_01,Chargers,1,994.82,47.37,UPI
TXN0008895,M042,C02543,2026-09-03 16:51:40,PRD_BRD_02,Bread,3,158.51,22.65,UPI
TXN0004304,M012,C01677,2026-09-03 17:11:07,PRD_BEV_01,Beverages,2,1113.0,106.0,UPI
TXN0001511,M020,C01916,2026-09-03 17:48:08,PRD_LAP_02,Laptops,1,16695.0,795.0,CASH
TXN0002943,M008,C01544,2026-09-03 18:05:57,PRD_SNK_01,Snacks,1,287.35,13.68,CARD
TXN0007016,M020,C02231,2026-09-03 18:17:20,PRD_ELE_02,Home Electronics,1,2947.22,140.34,UPI
TXN0008293,M044,C01984,2026-09-03 18:20:55,PRD_MEN_01,Men,1,2380.55,113.36,UPI
TXN0003005,M048,C02964,2026-09-03 18:20:57,PRD_CAS_02,Cases,3,450.0,849.03,UPI
TXN0000813,M006,C00308,2026-09-03 18:30:08,PRD_CHG_01,Chargers,1,704.31,33.54,UPI
TXN0009023,M022,C02769,2026-09-03 18:41:47,PRD_WOM_02,Women,1,4686.48,223.17,UPI
TXN0002590,M044,C01004,2026-09-03 19:02:45,PRD_WOM_01,Women,1,718.67,34.22,UPI
TXN0009386,M030,C02398,2026-09-03 19:30:00,PRD_LAP_02,Laptops,1,5122.08,243.91,UPI
TXN0001705,M026,C02670,2026-09-03 19:52:19,PRD_TEA_01,Tea,1,412.0,19.62,CASH
TXN0007706,M049,C02220,2026-09-03 20:01:25,PRD_TEA_02,Tea,1,210.0,86.06,UPI
TXN0003413,M030,C01968,2026-09-03 20:02:26,PRD_ELE_01,Home Electronics,1,2608.59,124.22,UPI
TXN0009855,M006,C02677,2026-09-03 20:09:40,PRD_CAB_02,Cables,1,2832.4,134.88,UPI
TXN0005874,M044,C02919,2026-09-03 20:33:43,PRD_MEN_01,Men,1,3651.22,173.87,WALLET
TXN0004771,M025,C02154,2026-09-03 20:58:45,PRD_PAS_02,Pastries,2,110.0,12.97,CASH
TXN0003683,M032,C01581,2026-09-04 08:18:53,PRD_BABY_01,Baby Care,1,799.0,227.0,UPI
TXN0006921,M049,C00246,2026-09-04 10:09:07,PRD_DES_02,Desserts,1,695.32,33.11,UPI
TXN0008224,M001,C02558,2026-09-04 10:10:36,PRD_SNK_01,Snacks,1,148.37,7.07,WALLET
TXN0003106,M021,C02496,2026-09-04 10:44:35,PRD_ART_02,Art Supplies,1,199.5,9.5,UPI
TXN0004039,M019,C00845,2026-09-04 11:03:30,PRD_CAB_01,Cables,1,1350.48,64.31,UPI
TXN0001569,M038,C02678,2026-09-04 13:04:35,PRD_CHG_02,Chargers,1,3257.53,155.12,UPI
TXN0004443,M002,C01576,2026-09-04 14:53:28,PRD_PAS_01,Pastries,1,593.18,28.25,UPI
TXN0000685,M050,C03265,2026-09-04 14:57:48,PRD_SNK_02,Snacks,1,930.53,44.31,UPI
TXN0009085,M038,C02546,2026-09-04 15:19:37,PRD_CHG_01,Chargers,1,854.72,40.7,UPI
TXN0009659,M011,C01986,2026-09-04 16:16:55,PRD_OFF_02,Office Supplies,1,310.0,187.31,UPI
TXN0000873,M001,C00207,2026-09-04 16:40:13,PRD_BEV_01,Beverages,1,2003.4,95.4,UPI
TXN0007228,M048,C02725,2026-09-04 16:51:11,PRD_EAR_02,Earphones,2,547.9,52.18,UPI
TXN0008035,M017,C01842,2026-09-04 16:59:14,PRD_OFF_01,Office Supplies,1,218.38,10.4,CARD
TXN0000587,M035,C01998,2026-09-04 17:02:19,PRD_EAR_02,Earphones,1,887.7,42.27,WALLET
TXN0001673,M015,C00964,2026-09-04 17:19:48,PRD_PAS_01,Pastries,1,648.64,30.89,UPI
TXN0000507,M043,C02991,2026-09-04 18:19:56,PRD_CAK_02,Cakes,1,542.09,25.81,UPI
TXN0000639,M006,C03346,2026-09-04 18:30:48,PRD_CHG_01,Chargers,1,2047.26,97.49,CARD
TXN0001423,M038,C02554,2026-09-04 18:33:13,PRD_CAS_02,Cases,1,1646.68,78.41,UPI
TXN0006163,M049,C01693,2026-09-04 18:58:24,PRD_TEA_01,Tea,1,240.0,46.32,UPI
TXN0003113,M014,C01480,2026-09-04 19:01:05,PRD_BRD_02,Bread,1,961.63,45.79,CARD
TXN0005879,M007,C03074,2026-09-04 20:13:26,PRD_DAI_01,Dairy,2,66.0,11.63,UPI
TXN0005226,M046,C01246,2026-09-04 20:26:10,PRD_BEV_02,Beverages,1,688.41,32.78,UPI
TXN0006585,M007,C02631,2026-09-04 20:36:36,PRD_STA_01,Staples,2,540.0,504.0,UPI
TXN0004434,M001,C00451,2026-09-04 20:43:52,PRD_DAI_02,Dairy,1,708.91,33.76,UPI
TXN0008804,M018,C03104,2026-09-04 20:50:29,PRD_DES_01,Desserts,1,292.02,13.91,UPI
TXN0001686,M011,C00246,2026-09-04 21:27:31,PRD_ART_02,Art Supplies,1,281.34,13.4,WALLET
TXN0001429,M018,C00008,2026-09-04 22:01:59,PRD_DES_01,Desserts,1,794.01,37.81,UPI
TXN0005897,M046,C03239,2026-09-04 22:19:22,PRD_ESS_02,Daily Essentials,1,305.75,14.56,UPI
TXN0008369,M046,C01993,2026-09-04 22:42:48,PRD_HOU_01,Household,1,180.0,112.57,UPI
TXN0005986,M004,C02234,2026-09-05 10:42:52,PRD_ELE_02,Home Electronics,3,1629.81,232.84,CARD
TXN0006302,M006,C02471,2026-09-05 11:27:42,PRD_CHG_01,Chargers,2,959.21,91.36,WALLET
TXN0009795,M046,C03373,2026-09-05 11:41:14,PRD_ESS_02,Daily Essentials,1,2360.82,112.42,UPI
TXN0007559,M044,C02124,2026-09-05 12:03:36,PRD_KID_01,Kids,1,976.22,46.49,CARD
TXN0000968,M015,C01009,2026-09-05 14:59:16,PRD_PAS_02,Pastries,1,1243.61,59.22,UPI
TXN0007648,M004,C00733,2026-09-05 15:48:15,PRD_MOB_01,Mobiles,3,6499.0,14160.36,UPI
TXN0006725,M048,C01324,2026-09-05 16:01:24,PRD_CAB_02,Cables,1,683.83,32.56,UPI
TXN0008070,M046,C01410,2026-09-05 16:55:25,PRD_SNK_01,Snacks,1,686.65,32.7,CARD
TXN0004623,M031,C01249,2026-09-05 17:01:10,PRD_ELE_02,Home Electronics,1,7335.31,349.3,UPI
TXN0001100,M008,C01237,2026-09-05 17:15:19,PRD_TEA_01,Tea,1,307.31,14.63,UPI
TXN0001935,M003,C02851,2026-09-05 17:32:53,PRD_TEA_02,Tea,1,246.9,11.76,UPI
TXN0001549,M006,C01004,2026-09-05 17:37:45,PRD_EAR_01,Earphones,1,1940.91,92.42,CARD
TXN0005368,M012,C00690,2026-09-05 17:43:21,PRD_BEV_02,Beverages,1,259.99,12.38,UPI
TXN0006710,M019,C02543,2026-09-05 17:43:22,PRD_CAS_01,Cases,1,1155.13,55.01,CASH
TXN0005600,M041,C03185,2026-09-05 18:29:53,PRD_SNK_02,Snacks,1,713.17,33.96,UPI
TXN0000629,M025,C00576,2026-09-05 18:37:21,PRD_PAS_01,Pastries,1,1469.16,69.96,UPI
TXN0000132,M042,C02591,2026-09-05 19:07:43,PRD_PAS_02,Pastries,3,298.77,42.69,UPI
TXN0009531,M042,C00933,2026-09-05 19:10:56,PRD_SNK_01,Snacks,1,167.11,7.96,UPI
TXN0004578,M017,C02105,2026-09-05 19:22:56,PRD_ART_02,Art Supplies,1,290.82,13.85,CARD
TXN0004895,M021,C00168,2026-09-05 19:47:30,PRD_OFF_01,Office Supplies,1,210.85,10.04,UPI
TXN0003518,M042,C00768,2026-09-05 19:47:52,PRD_PAS_02,Pastries,1,665.87,31.71,UPI
TXN0005068,M006,C02404,2026-09-05 19:51:18,PRD_CHG_01,Chargers,3,699.0,624.01,UPI
TXN0002580,M036,C01928,2026-09-05 20:24:07,PRD_HOU_02,Household,1,320.0,183.92,WALLET
TXN0003055,M026,C02525,2026-09-05 20:31:05,PRD_COF_01,Coffee,4,380.0,1100.37,UPI
TXN0004257,M016,C01706,2026-09-05 20:33:58,PRD_CAK_02,Cakes,1,450.0,250.31,UPI
TXN0008511,M025,C02287,2026-09-05 20:38:32,PRD_SNK_01,Snacks,1,364.2,17.34,CASH
TXN0001664,M044,C02478,2026-09-05 20:39:12,PRD_MEN_02,Men,1,4858.05,231.34,CARD
TXN0003310,M004,C02941,2026-09-05 21:07:10,PRD_LAP_01,Laptops,1,3472.63,165.36,UPI
TXN0009208,M018,C00095,2026-09-05 21:39:25,PRD_MEA_02,Meals,1,250.0,110.08,UPI
TXN0006644,M042,C01961,2026-09-05 22:01:14,PRD_PAS_01,Pastries,3,95.0,191.72,UPI
TXN0003998,M046,C03443,2026-09-05 22:19:59,PRD_SNK_02,Snacks,2,682.58,65.0,UPI
TXN0006327,M014,C03314,2026-09-06 11:21:10,PRD_SNK_01,Snacks,1,554.91,26.42,UPI
TXN0008311,M040,C00362,2026-09-06 12:47:16,PRD_COF_02,Coffee,2,280.0,109.52,UPI
TXN0003472,M045,C00314,2026-09-06 14:55:11,PRD_SNK_01,Snacks,2,664.0,63.24,CASH
TXN0002375,M026,C02502,2026-09-06 15:35:51,PRD_DES_02,Desserts,1,341.59,16.27,CASH
TXN0004314,M015,C02708,2026-09-06 15:41:48,PRD_PAS_01,Pastries,1,658.82,31.37,UPI
TXN0004100,M011,C00784,2026-09-06 16:01:16,PRD_NOT_02,Notebooks,1,1101.87,52.47,UPI
TXN0005915,M021,C01496,2026-09-06 17:32:35,PRD_NOT_01,Notebooks,1,178.94,8.52,CARD
TXN0000736,M038,C03093,2026-09-06 17:59:18,PRD_EAR_02,Earphones,1,1009.25,48.06,CARD
TXN0001081,M003,C00600,2026-09-06 18:21:25,PRD_DES_01,Desserts,3,345.36,49.34,UPI
TXN0001985,M008,C03241,2026-09-06 18:31:26,PRD_SNK_02,Snacks,1,273.67,13.03,UPI
TXN0009215,M016,C02847,2026-09-06 18:35:11,PRD_SNK_01,Snacks,1,205.55,9.79,UPI
TXN0000438,M044,C00686,2026-09-06 19:12:28,PRD_WOM_02,Women,1,1499.0,779.66,UPI
TXN0003889,M002,C02955,2026-09-06 19:29:35,PRD_BRD_01,Bread,1,355.63,16.93,UPI
TXN0008262,M049,C01786,2026-09-06 19:39:31,PRD_COF_02,Coffee,1,885.14,42.15,UPI
TXN0007167,M013,C00666,2026-09-06 19:44:32,PRD_SNK_01,Snacks,1,320.26,15.25,WALLET
TXN0000006,M008,C03018,2026-09-06 20:29:56,PRD_TEA_02,Tea,1,291.24,13.87,CASH
TXN0003597,M027,C03457,2026-09-06 20:41:17,PRD_LAP_01,Laptops,1,15033.41,715.88,UPI
TXN0007856,M019,C00400,2026-09-06 21:01:22,PRD_EAR_02,Earphones,1,2978.13,141.82,CASH
TXN0006915,M047,C00285,2026-09-06 21:11:06,PRD_LAP_01,Laptops,1,15100.81,719.09,UPI
TXN0007292,M010,C01798,2026-09-06 21:20:58,PRD_DAI_02,Dairy,1,590.85,28.14,WALLET
TXN0000790,M050,C01762,2026-09-06 22:09:55,PRD_PAS_01,Pastries,1,294.69,14.03,CARD
TXN0003550,M041,C01830,2026-09-06 22:50:07,PRD_DES_02,Desserts,1,1836.45,87.45,CARD
TXN0006017,M007,C02395,2026-09-06 22:57:43,PRD_SNK_01,Snacks,1,709.16,33.77,UPI
TXN0008198,M003,C01046,2026-09-07 09:50:32,PRD_COF_02,Coffee,2,280.0,301.83,UPI
TXN0001577,M050,C01134,2026-09-07 10:59:18,PRD_CAK_01,Cakes,1,550.0,381.57,WALLET
TXN0002724,M039,C01286,2026-09-07 11:44:18,PRD_BABY_02,Baby Care,2,734.83,69.98,WALLET
TXN0003595,M025,C00605,2026-09-07 13:11:28,PRD_BRD_01,Bread,2,471.56,44.92,UPI
TXN0009766,M029,C00264,2026-09-07 14:41:05,PRD_ART_02,Art Supplies,1,575.69,27.41,CARD
TXN0000029,M029,C03259,2026-09-07 15:51:14,PRD_OFF_01,Office Supplies,1,252.75,12.04,UPI
TXN0007064,M008,C00758,2026-09-07 15:52:49,PRD_COF_02,Coffee,1,369.67,17.6,UPI
TXN0005016,M031,C00935,2026-09-07 16:35:27,PRD_MOB_01,Mobiles,2,6499.0,8116.53,UPI
TXN0002000,M018,C02155,2026-09-07 16:43:34,PRD_DES_02,Desserts,1,989.51,47.12,UPI
TXN0000965,M023,C00581,2026-09-07 16:45:08,PRD_MEA_01,Meals,1,220.0,13.75,CARD
TXN0008828,M016,C02128,2026-09-07 17:12:03,PRD_SNK_02,Snacks,1,267.97,12.76,UPI
TXN0007445,M049,C03325,2026-09-07 17:18:05,PRD_DES_01,Desserts,1,293.04,13.95,CASH
TXN0005072,M022,C02150,2026-09-07 17:49:27,PRD_KID_02,Kids,1,523.11,24.91,WALLET
TXN0004665,M035,C00290,2026-09-07 18:15:26,PRD_CHG_01,Chargers,1,702.07,33.43,UPI
TXN0005558,M008,C01473,2026-09-07 18:51:46,PRD_TEA_02,Tea,1,210.0,119.69,UPI
TXN0006881,M023,C03296,2026-09-07 19:15:15,PRD_MEA_01,Meals,2,429.44,40.9,CASH
TXN0004822,M030,C02367,2026-09-07 19:18:03,PRD_MOB_02,Mobiles,1,11999.0,6483.13,UPI
TXN0004953,M007,C01074,2026-09-07 19:21:22,PRD_BEV_01,Beverages,1,194.74,9.27,UPI
TXN0000082,M006,C01106,2026-09-07 19:27:57,PRD_CAS_02,Cases,1,1875.68,89.32,UPI
TXN0007590,M014,C01857,2026-09-07 19:33:13,PRD_SNK_01,Snacks,3,320.54,45.78,UPI
TXN0008611,M014,C03379,2026-09-07 19:33:27,PRD_CAK_02,Cakes,1,450.0,113.09,UPI
TXN0009100,M003,C00207,2026-09-07 19:46:11,PRD_SNK_01,Snacks,2,75.32,7.18,UPI
TXN0005773,M044,C02165,2026-09-07 19:50:55,PRD_WOM_02,Women,1,1624.47,77.36,UPI
TXN0005384,M040,C01058,2026-09-07 20:30:36,PRD_DES_01,Desserts,2,220.0,322.15,UPI
TXN0004567,M012,C00364,2026-09-07 21:25:13,PRD_HOU_02,Household,1,551.53,26.26,WALLET
TXN0005405,M042,C03475,2026-09-07 22:22:53,PRD_CAK_01,Cakes,1,1335.6,63.6,UPI
TXN0008380,M035,C00756,2026-09-07 22:58:51,PRD_EAR_02,Earphones,1,865.71,41.22,CASH
TXN0001119,M003,C01410,2026-09-08 08:21:23,PRD_TEA_01,Tea,4,240.0,883.35,UPI
TXN0008229,M010,C03214,2026-09-08 08:56:31,PRD_DAI_02,Dairy,3,233.49,33.36,UPI
TXN0005759,M049,C00980,2026-09-08 09:24:44,PRD_COF_01,Coffee,1,380.0,320.0,UPI
TXN0004316,M002,C01669,2026-09-08 09:25:48,PRD_CAK_02,Cakes,1,699.24,33.3,CARD
TXN0008352,M041,C00363,2026-09-08 11:01:30,PRD_BEV_01,Beverages,1,1366.91,65.09,WALLET
TXN0008014,M039,C02417,2026-09-08 12:32:02,PRD_MED_02,Medicine,1,2625.0,125.0,UPI
TXN0001900,M023,C01476,2026-09-08 12:49:59,PRD_BEV_01,Beverages,1,412.63,19.65,UPI
TXN0003315,M030,C03445,2026-09-08 13:48:05,PRD_LAP_02,Laptops,1,980.76,46.7,CARD
TXN0007778,M048,C00094,2026-09-08 13:48:44,PRD_CHG_01,Chargers,1,699.0,243.07,UPI
TXN0009943,M049,C02420,2026-09-08 14:45:01,PRD_DES_02,Desserts,1,343.37,16.35,CASH
TXN0002098,M020,C00908,2026-09-08 15:45:50,PRD_ACC_01,Accessories,2,2295.41,218.61,UPI
TXN0002551,M026,C00370,2026-09-08 16:25:55,PRD_TEA_02,Tea,1,210.0,25.78,UPI
TXN0007711,M017,C03130,2026-09-08 16:58:50,PRD_ART_01,Art Supplies,1,766.1,36.48,CARD
TXN0004944,M014,C01246,2026-09-08 17:26:30,PRD_CAK_02,Cakes,1,450.0,23.79,UPI
TXN0008169,M001,C02528,2026-09-08 17:31:29,PRD_DAI_01,Dairy,1,524.55,24.98,UPI
TXN0009849,M017,C01060,2026-09-08 17:37:39,PRD_ART_02,Art Supplies,1,484.6,23.08,CASH
TXN0009942,M019,C00190,2026-09-08 17:50:07,PRD_EAR_01,Earphones,1,2880.58,137.17,UPI
TXN0000830,M047,C03377,2026-09-08 17:51:54,PRD_LAP_02,Laptops,1,804.72,38.32,UPI
TXN0009248,M036,C02730,2026-09-08 17:56:53,PRD_STA_01,Staples,1,568.95,27.09,UPI
TXN0001392,M005,C03278,2026-09-08 18:42:07,PRD_ACC_02,Accessories,1,8252.27,392.97,UPI
TXN0002414,M001,C02903,2026-09-08 18:52:17,PRD_DAI_01,Dairy,1,249.46,11.88,UPI
TXN0000318,M038,C00174,2026-09-08 19:04:38,PRD_CAS_02,Cases,1,1752.11,83.43,UPI
TXN0003772,M016,C01952,2026-09-08 19:35:44,PRD_BRD_01,Bread,1,907.2,43.2,UPI
TXN0002185,M046,C02650,2026-09-08 21:15:34,PRD_ESS_02,Daily Essentials,1,410.0,19.52,UPI
TXN0006385,M029,C01464,2026-09-08 21:27:33,PRD_ART_01,Art Supplies,1,531.05,25.29,UPI
TXN0007603,M013,C01592,2026-09-08 21:46:17,PRD_BRD_02,Bread,1,1075.26,51.2,UPI
TXN0008772,M012,C03368,2026-09-08 22:10:05,PRD_SNK_01,Snacks,1,1314.36,62.59,UPI
TXN0006896,M050,C02873,2026-09-09 08:22:53,PRD_CAK_02,Cakes,2,450.0,820.0,UPI
TXN0007423,M003,C02039,2026-09-09 09:02:26,PRD_TEA_01,Tea,1,350.59,16.69,WALLET
TXN0006612,M001,C00224,2026-09-09 09:14:18,PRD_DAI_02,Dairy,1,363.95,17.33,UPI
TXN0002654,M013,C02203,2026-09-09 10:54:40,PRD_SNK_01,Snacks,1,847.28,40.35,CASH
TXN0001642,M050,C00132,2026-09-09 12:16:05,PRD_BRD_02,Bread,1,147.08,7.0,UPI
TXN0001937,M013,C01886,2026-09-09 12:33:34,PRD_CAK_01,Cakes,1,795.5,37.88,CASH
TXN0004765,M050,C02334,2026-09-09 13:35:05,PRD_PAS_02,Pastries,1,239.88,11.42,CASH
TXN0001805,M021,C00078,2026-09-09 13:38:03,PRD_OFF_01,Office Supplies,1,237.73,11.32,UPI
TXN0007505,M043,C01848,2026-09-09 14:14:55,PRD_SNK_02,Snacks,1,268.44,12.78,UPI
TXN0008889,M015,C02251,2026-09-09 14:46:18,PRD_CAK_01,Cakes,1,550.0,290.54,UPI
TXN0001335,M018,C02066,2026-09-09 16:07:19,PRD_DES_02,Desserts,1,1575.0,75.0,UPI
TXN0002356,M026,C00877,2026-09-09 17:00:15,PRD_TEA_01,Tea,1,301.09,14.34,UPI
TXN0001644,M006,C02126,2026-09-09 17:19:05,PRD_EAR_02,Earphones,1,1487.1,70.81,UPI
TXN0003335,M041,C02178,2026-09-09 18:18:04,PRD_MEA_01,Meals,1,521.83,24.85,UPI
TXN0002296,M006,C03315,2026-09-09 18:19:29,PRD_CAB_02,Cables,1,557.27,26.54,UPI
TXN0004981,M022,C01463,2026-09-09 18:28:20,PRD_WOM_01,Women,1,1998.2,95.15,UPI
TXN0007768,M005,C01076,2026-09-09 18:35:46,PRD_ACC_02,Accessories,2,2456.81,233.98,UPI
TXN0006110,M017,C00723,2026-09-09 18:51:58,PRD_ART_01,Art Supplies,2,320.0,208.22,UPI
TXN0007465,M021,C02540,2026-09-09 18:55:27,PRD_NOT_02,Notebooks,2,340.2,32.4,UPI
TXN0007884,M044,C01393,2026-09-09 19:14:09,PRD_KID_01,Kids,1,5250.0,250.0,UPI
TXN0000929,M006,C00232,2026-09-09 19:28:11,PRD_EAR_02,Earphones,1,1271.63,60.55,UPI
TXN0001217,M042,C00150,2026-09-09 19:28:13,PRD_PAS_01,Pastries,1,686.14,32.67,WALLET
TXN0003979,M015,C02028,2026-09-09 19:40:52,PRD_BRD_02,Bread,1,965.66,45.98,UPI
TXN0003264,M021,C01189,2026-09-09 20:14:30,PRD_ART_01,Art Supplies,1,320.0,203.24,UPI
TXN0000093,M006,C00022,2026-09-09 20:31:09,PRD_CAB_02,Cables,1,2347.75,111.8,UPI
TXN0000988,M031,C03189,2026-09-09 20:41:33,PRD_ACC_01,Accessories,2,4662.4,444.04,UPI
TXN0002498,M011,C00765,2026-09-09 20:54:19,PRD_ART_02,Art Supplies,1,258.32,12.3,UPI
TXN0009285,M033,C00371,2026-09-09 21:04:05,PRD_HOU_01,Household,1,1847.11,87.96,UPI
TXN0007682,M040,C02984,2026-09-09 21:53:46,PRD_COF_02,Coffee,1,840.0,40.0,UPI
TXN0002866,M041,C01249,2026-09-10 08:46:57,PRD_DES_01,Desserts,1,271.34,12.92,UPI
TXN0006999,M045,C02878,2026-09-10 11:28:07,PRD_DAI_02,Dairy,1,542.45,25.83,UPI
TXN0007753,M040,C01926,2026-09-10 13:18:34,PRD_DES_01,Desserts,1,358.47,17.07,UPI
TXN0002410,M049,C01732,2026-09-10 13:28:22,PRD_DES_02,Desserts,1,180.0,77.63,UPI
TXN0005117,M015,C00394,2026-09-10 13:44:38,PRD_SNK_01,Snacks,1,247.12,11.77,UPI
TXN0007067,M013,C02652,2026-09-10 15:15:00,PRD_CAK_02,Cakes,1,450.0,212.39,UPI
TXN0003389,M049,C02548,2026-09-10 15:18:35,PRD_SNK_01,Snacks,1,637.39,30.35,UPI
TXN0008487,M038,C02964,2026-09-10 15:40:39,PRD_EAR_02,Earphones,1,447.0,21.29,CARD
TXN0001013,M021,C02301,2026-09-10 15:40:50,PRD_OFF_01,Office Supplies,1,175.0,55.65,CARD
TXN0003157,M002,C00125,2026-09-10 16:11:20,PRD_BRD_02,Bread,2,453.6,43.2,CARD
TXN0006244,M029,C01893,2026-09-10 17:47:16,PRD_NOT_01,Notebooks,1,511.17,24.34,UPI
TXN0001676,M031,C02233,2026-09-10 17:54:38,PRD_ELE_02,Home Electronics,1,1991.07,94.81,UPI
TXN0000804,M030,C02535,2026-09-10 17:54:52,PRD_ACC_01,Accessories,4,2570.33,489.59,UPI
TXN0006995,M033,C03128,2026-09-10 18:02:44,PRD_BEV_02,Beverages,1,1275.48,60.74,CASH
TXN0004713,M001,C00145,2026-09-10 18:06:48,PRD_STA_01,Staples,2,825.29,78.6,UPI
TXN0003867,M021,C01401,2026-09-10 18:25:25,PRD_OFF_02,Office Supplies,1,413.04,19.67,UPI
TXN0003118,M046,C00735,2026-09-10 18:26:14,PRD_SNK_01,Snacks,1,1109.0,52.81,UPI
TXN0002324,M030,C00901,2026-09-10 18:27:08,PRD_ELE_02,Home Electronics,1,3621.46,172.45,CASH
TXN0003123,M042,C00198,2026-09-10 18:47:45,PRD_PAS_01,Pastries,1,247.62,11.79,UPI
TXN0005840,M036,C00431,2026-09-10 19:15:23,PRD_BEV_02,Beverages,1,201.24,9.58,UPI
TXN0001542,M044,C00566,2026-09-10 19:58:08,PRD_ACC_01,Accessories,1,2875.33,136.92,UPI
TXN0009781,M036,C02942,2026-09-10 20:10:46,PRD_BEV_02,Beverages,1,325.8,15.51,UPI
TXN0005878,M029,C01989,2026-09-10 20:13:25,PRD_OFF_01,Office Supplies,1,945.0,45.0,WALLET
TXN0009690,M049,C00686,2026-09-10 20:23:52,PRD_SNK_02,Snacks,1,502.68,23.94,WALLET
TXN0005651,M002,C01651,2026-09-10 21:44:34,PRD_BRD_01,Bread,1,150.57,7.17,UPI
TXN0007370,M046,C00311,2026-09-10 22:14:59,PRD_HOU_02,Household,1,1660.12,79.05,UPI
TXN0005591,M009,C01255,2026-09-11 10:16:03,PRD_PER_01,Personal Care,2,1312.5,125.0,UPI
TXN0005459,M036,C00962,2026-09-11 11:32:25,PRD_DAI_02,Dairy,1,1890.0,90.0,UPI
TXN0003372,M036,C00771,2026-09-11 11:43:33,PRD_HOU_01,Household,1,789.94,37.62,UPI
TXN0003886,M013,C02195,2026-09-11 11:49:10,PRD_CAK_02,Cakes,1,1260.0,60.0,UPI
TXN0001796,M026,C02673,2026-09-11 13:00:18,PRD_SNK_01,Snacks,1,489.97,23.33,UPI
TXN0001832,M029,C01588,2026-09-11 13:09:52,PRD_WRI_02,Writing,1,276.34,13.16,UPI
TXN0009889,M008,C03374,2026-09-11 14:40:29,PRD_SNK_01,Snacks,2,216.05,20.58,UPI
TXN0002417,M021,C01341,2026-09-11 14:45:54,PRD_NOT_02,Notebooks,1,260.0,200.12,UPI
TXN0002779,M050,C01742,2026-09-11 14:50:12,PRD_SNK_01,Snacks,1,1260.0,60.0,UPI
TXN0000821,M012,C01652,2026-09-11 15:08:08,PRD_HOU_02,Household,3,396.94,56.7,UPI
TXN0004783,M006,C00933,2026-09-11 15:22:37,PRD_CHG_01,Chargers,1,699.0,200.64,UPI
TXN0001582,M005,C02951,2026-09-11 16:05:11,PRD_ACC_02,Accessories,1,9003.9,428.76,CARD
TXN0006922,M018,C00701,2026-09-11 16:28:30,PRD_DES_01,Desserts,1,605.19,28.82,CARD
TXN0004975,M045,C00874,2026-09-11 17:02:18,PRD_BEV_02,Beverages,1,735.42,35.02,UPI
TXN0003216,M017,C00034,2026-09-11 17:16:35,PRD_OFF_01,Office Supplies,1,191.14,9.1,CARD
TXN0008408,M009,C02626,2026-09-11 17:18:39,PRD_PER_02,Personal Care,2,235.0,176.17,CARD
TXN0008166,M038,C01682,2026-09-11 17:20:25,PRD_CAB_01,Cables,1,299.0,32.06,UPI
TXN0004565,M038,C00312,2026-09-11 17:31:11,PRD_EAR_02,Earphones,1,1427.93,68.0,UPI
TXN0008800,M021,C02697,2026-09-11 17:32:48,PRD_WRI_01,Writing,1,109.22,5.2,UPI
TXN0002913,M001,C01785,2026-09-11 19:01:21,PRD_DAI_02,Dairy,1,1481.48,70.55,UPI
TXN0004708,M035,C00415,2026-09-11 19:06:41,PRD_CHG_01,Chargers,2,699.0,314.18,UPI
TXN0006356,M039,C02619,2026-09-11 19:20:57,PRD_PER_02,Personal Care,1,1157.1,55.1,UPI
TXN0008466,M027,C03335,2026-09-11 19:34:04,PRD_ELE_01,Home Electronics,2,8058.86,767.52,CARD
TXN0007655,M036,C00056,2026-09-11 19:40:00,PRD_STA_02,Staples,1,403.5,19.21,UPI
TXN0000582,M041,C01368,2026-09-11 19:43:48,PRD_SNK_01,Snacks,1,338.26,16.11,UPI
TXN0004582,M004,C01955,2026-09-11 19:52:48,PRD_LAP_02,Laptops,1,15172.54,722.5,WALLET
TXN0000097,M026,C01016,2026-09-11 19:58:54,PRD_SNK_01,Snacks,1,93.4,4.45,UPI
TXN0008409,M047,C01252,2026-09-11 20:10:11,PRD_LAP_02,Laptops,1,5797.16,276.06,UPI
TXN0006044,M017,C01458,2026-09-11 20:31:20,PRD_ART_01,Art Supplies,2,361.02,34.38,CARD
TXN0001892,M014,C03436,2026-09-11 20:51:40,PRD_SNK_02,Snacks,2,225.0,172.56,CARD
TXN0006525,M016,C01862,2026-09-11 21:34:06,PRD_CAK_01,Cakes,1,550.0,408.34,UPI
TXN0000274,M023,C01676,2026-09-11 22:06:43,PRD_BEV_02,Beverages,1,131.0,6.24,UPI
TXN0003829,M036,C03280,2026-09-12 09:54:14,PRD_HOU_01,Household,2,1039.5,99.0,WALLET
TXN0008959,M010,C02482,2026-09-12 10:30:47,PRD_BEV_02,Beverages,2,247.78,23.6,UPI
TXN0006235,M024,C02798,2026-09-12 10:51:17,PRD_ESS_01,Daily Essentials,1,2310.0,110.0,UPI
TXN0002009,M047,C02553,2026-09-12 11:59:21,PRD_ELE_02,Home Electronics,1,11410.57,543.36,CARD
TXN0006326,M015,C02727,2026-09-12 12:31:32,PRD_SNK_01,Snacks,2,382.29,36.41,UPI
TXN0001338,M008,C00036,2026-09-12 13:04:15,PRD_SNK_02,Snacks,1,262.98,12.52,UPI
TXN0001024,M026,C01577,2026-09-12 15:31:00,PRD_SNK_01,Snacks,1,219.2,10.44,UPI
TXN0008155,M016,C01491,2026-09-12 15:33:02,PRD_PAS_02,Pastries,1,688.91,32.81,UPI
TXN0008774,M016,C02252,2026-09-12 16:29:00,PRD_SNK_01,Snacks,1,961.78,45.8,UPI
TXN0009965,M026,C01067,2026-09-12 16:33:10,PRD_TEA_02,Tea,2,210.0,236.73,UPI
TXN0007411,M049,C00117,2026-09-12 17:39:12,PRD_DES_01,Desserts,1,550.01,26.19,CASH
TXN0002450,M029,C00294,2026-09-12 18:03:04,PRD_WRI_02,Writing,1,1039.5,49.5,UPI
TXN0005337,M005,C02324,2026-09-12 18:24:07,PRD_LAP_01,Laptops,3,2140.09,305.72,CASH
TXN0007382,M049,C02402,2026-09-12 18:34:10,PRD_TEA_02,Tea,4,210.0,212.52,UPI
TXN0008541,M033,C02293,2026-09-12 18:37:57,PRD_HOU_01,Household,2,206.23,19.64,UPI
TXN0006667,M016,C01758,2026-09-12 18:38:18,PRD_PAS_02,Pastries,2,110.0,44.8,WALLET
TXN0001273,M046,C03389,2026-09-12 18:45:18,PRD_HOU_01,Household,1,2725.8,129.8,UPI
TXN0001785,M046,C03340,2026-09-12 19:22:48,PRD_HOU_02,Household,3,320.0,619.41,CASH
TXN0006966,M025,C01982,2026-09-12 19:43:24,PRD_SNK_01,Snacks,2,498.01,47.43,UPI
TXN0001758,M020,C01953,2026-09-12 19:45:27,PRD_ACC_02,Accessories,1,2459.23,117.11,UPI
TXN0006955,M049,C00050,2026-09-12 20:07:54,PRD_TEA_01,Tea,1,593.89,28.28,UPI
TXN0001989,M031,C03378,2026-09-12 20:10:59,PRD_MOB_02,Mobiles,1,11999.0,7838.12,UPI
TXN0007075,M036,C03138,2026-09-12 20:25:45,PRD_HOU_01,Household,1,488.5,23.26,UPI
TXN0008099,M046,C01356,2026-09-12 20:54:35,PRD_HOU_02,Household,1,1575.75,75.04,UPI
TXN0007972,M004,C00640,2026-09-12 20:58:16,PRD_ACC_01,Accessories,1,3231.82,153.9,UPI
TXN0005668,M006,C01423,2026-09-12 21:06:22,PRD_CAB_02,Cables,1,2330.94,111.0,UPI
TXN0006610,M005,C00421,2026-09-12 21:12:34,PRD_ACC_01,Accessories,1,4399.98,209.52,UPI
TXN0006737,M046,C02033,2026-09-12 21:18:36,PRD_SNK_02,Snacks,1,660.41,31.45,CARD
TXN0006789,M038,C01918,2026-09-12 21:25:52,PRD_CAS_01,Cases,3,351.94,50.27,UPI
TXN0007757,M002,C00061,2026-09-12 22:15:00,PRD_SNK_02,Snacks,1,388.42,18.5,WALLET
TXN0008476,M028,C02897,2026-09-12 22:23:13,PRD_EAR_01,Earphones,1,2037.57,97.03,UPI
TXN0007951,M026,C03459,2026-09-12 22:28:09,PRD_TEA_02,Tea,1,210.0,117.49,UPI
TXN0006858,M014,C00355,2026-09-12 22:42:11,PRD_CAK_01,Cakes,2,550.0,955.85,CARD
TXN0008519,M016,C02554,2026-09-13 08:24:12,PRD_SNK_02,Snacks,2,225.0,374.3,UPI
TXN0007708,M004,C02703,2026-09-13 09:19:34,PRD_MOB_01,Mobiles,1,8521.95,405.81,UPI
TXN0005454,M044,C02323,2026-09-13 11:52:02,PRD_ACC_02,Accessories,1,2780.66,132.41,UPI
TXN0004619,M014,C00959,2026-09-13 15:23:54,PRD_SNK_01,Snacks,1,673.81,32.09,CARD
TXN0004595,M007,C01528,2026-09-13 16:06:18,PRD_SNK_02,Snacks,1,491.76,23.42,CASH
TXN0000591,M009,C02300,2026-09-13 16:09:08,PRD_BABY_01,Baby Care,1,1407.79,67.04,UPI
TXN0005607,M046,C03152,2026-09-13 16:16:24,PRD_BEV_02,Beverages,1,974.87,46.42,UPI
TXN0002371,M027,C02210,2026-09-13 16:56:17,PRD_ACC_01,Accessories,1,2529.18,120.44,UPI
TXN0000557,M010,C01210,2026-09-13 17:17:43,PRD_STA_02,Staples,1,1407.79,67.04,CARD
TXN0008321,M001,C00990,2026-09-13 17:19:01,PRD_SNK_01,Snacks,1,268.68,12.79,WALLET
TXN0002705,M038,C02496,2026-09-13 17:25:00,PRD_CHG_02,Chargers,1,1002.67,47.75,UPI
TXN0001662,M016,C01062,2026-09-13 17:59:14,PRD_BRD_01,Bread,1,253.29,12.06,CARD
TXN0009185,M033,C00139,2026-09-13 18:10:36,PRD_BEV_02,Beverages,1,1240.67,59.08,WALLET
TXN0006951,M023,C03215,2026-09-13 18:14:32,PRD_BEV_01,Beverages,1,1471.93,70.09,UPI
TXN0003030,M009,C02628,2026-09-13 18:26:33,PRD_BABY_02,Baby Care,1,1673.21,79.68,UPI
TXN0008399,M020,C02657,2026-09-13 18:27:29,PRD_ELE_01,Home Electronics,3,2286.99,326.71,UPI
TXN0006527,M050,C02954,2026-09-13 18:28:14,PRD_BRD_02,Bread,1,373.75,17.8,UPI
TXN0003901,M048,C00198,2026-09-13 18:55:11,PRD_EAR_01,Earphones,1,1530.66,72.89,UPI
TXN0004228,M033,C00289,2026-09-13 19:32:50,PRD_SNK_02,Snacks,1,419.82,19.99,UPI
TXN0001559,M014,C03403,2026-09-13 19:41:43,PRD_PAS_01,Pastries,1,478.72,22.8,UPI
TXN0000926,M034,C01315,2026-09-13 19:52:33,PRD_WRI_02,Writing,2,115.0,38.39,UPI
TXN0000441,M034,C01282,2026-09-13 20:14:02,PRD_OFF_01,Office Supplies,1,538.4,25.64,UPI
TXN0006478,M014,C00130,2026-09-13 21:08:34,PRD_BRD_02,Bread,1,569.32,27.11,UPI
TXN0009152,M044,C03434,2026-09-13 22:50:19,PRD_MEN_01,Men,2,1475.69,140.55,CARD
TXN0000672,M001,C02645,2026-09-14 09:16:07,PRD_HOU_02,Household,1,1325.73,63.13,UPI
TXN0002922,M023,C00649,2026-09-14 11:49:45,PRD_DES_01,Desserts,2,220.0,80.45,UPI
TXN0000712,M039,C00918,2026-09-14 12:23:48,PRD_PER_02,Personal Care,1,329.28,15.68,UPI
TXN0004618,M040,C01529,2026-09-14 12:53:42,PRD_TEA_01,Tea,1,240.25,11.44,UPI
TXN0007121,M050,C00608,2026-09-14 15:25:55,PRD_PAS_02,Pastries,1,110.0,30.0,UPI
TXN0002169,M015,C02230,2026-09-14 15:41:30,PRD_SNK_01,Snacks,1,107.78,5.13,UPI
TXN0008026,M027,C00388,2026-09-14 15:53:18,PRD_MOB_02,Mobiles,1,11999.0,6744.87,UPI
TXN0009497,M038,C01289,2026-09-14 15:54:16,PRD_CHG_01,Chargers,2,699.0,817.11,UPI
TXN0007660,M018,C00405,2026-09-14 16:08:13,PRD_SNK_02,Snacks,1,349.74,16.65,UPI
TXN0004855,M046,C00553,2026-09-14 16:43:04,PRD_SNK_01,Snacks,1,534.41,25.45,UPI
TXN0001490,M043,C02395,2026-09-14 17:35:40,PRD_BRD_02,Bread,4,169.71,32.34,UPI
TXN0008271,M028,C01371,2026-09-14 18:27:32,PRD_CAS_01,Cases,1,425.26,20.25,UPI
TXN0006320,M011,C02932,2026-09-14 19:18:01,PRD_WRI_02,Writing,1,706.44,33.64,CARD
TXN0003953,M029,C00781,2026-09-14 19:19:10,PRD_NOT_01,Notebooks,1,191.6,9.12,WALLET
TXN0006604,M038,C00624,2026-09-14 19:36:49,PRD_CAS_02,Cases,2,450.0,47.32,UPI
TXN0005198,M045,C02005,2026-09-14 20:07:12,PRD_DAI_01,Dairy,1,1146.16,54.58,WALLET
TXN0003809,M002,C00755,2026-09-14 20:29:12,PRD_BRD_02,Bread,1,140.0,14.98,UPI
TXN0001635,M046,C01818,2026-09-14 20:29:36,PRD_SNK_01,Snacks,1,1482.4,70.59,UPI
TXN0000599,M049,C02607,2026-09-14 20:44:59,PRD_TEA_02,Tea,2,272.76,25.97,UPI
TXN0004791,M042,C03254,2026-09-14 20:55:26,PRD_PAS_01,Pastries,1,400.46,19.07,UPI
TXN0000388,M003,C03316,2026-09-14 22:56:11,PRD_DES_02,Desserts,1,463.67,22.08,UPI
TXN0008202,M036,C00989,2026-09-14 22:57:26,PRD_DAI_01,Dairy,4,259.12,49.36,UPI
TXN0009915,M028,C02311,2026-09-15 08:32:54,PRD_CAB_02,Cables,1,1024.47,48.78,UPI
TXN0000969,M013,C02008,2026-09-15 09:12:35,PRD_PAS_01,Pastries,1,155.05,7.38,UPI
TXN0000434,M030,C02065,2026-09-15 09:13:28,PRD_MOB_02,Mobiles,1,15750.0,750.0,CARD
TXN0005832,M029,C01381,2026-09-15 11:08:49,PRD_NOT_01,Notebooks,1,167.19,7.96,UPI
TXN0009874,M018,C01112,2026-09-15 13:52:54,PRD_SNK_02,Snacks,1,1575.0,75.0,UPI
TXN0009683,M003,C01813,2026-09-15 15:21:00,PRD_DES_01,Desserts,1,319.78,15.23,UPI
TXN0006989,M028,C00092,2026-09-15 16:01:44,PRD_EAR_02,Earphones,1,497.2,23.68,WALLET
TXN0008970,M011,C00479,2026-09-15 16:09:40,PRD_ART_01,Art Supplies,1,764.97,36.43,WALLET
TXN0001780,M031,C01954,2026-09-15 16:28:26,PRD_LAP_02,Laptops,1,2962.97,141.09,UPI
TXN0002217,M003,C01431,2026-09-15 17:17:31,PRD_DES_01,Desserts,1,657.68,31.32,UPI
TXN0002795,M036,C02222,2026-09-15 17:59:11,PRD_SNK_02,Snacks,1,225.0,116.86,CARD
TXN0004747,M012,C01583,2026-09-15 18:03:23,PRD_HOU_01,Household,2,1050.0,100.0,UPI
TXN0005115,M029,C00938,2026-09-15 18:06:47,PRD_NOT_02,Notebooks,1,260.0,77.96,WALLET
TXN0003341,M041,C00532,2026-09-15 18:39:08,PRD_SNK_01,Snacks,1,585.47,27.88,UPI
TXN0008527,M048,C00436,2026-09-15 18:41:52,PRD_CHG_02,Chargers,2,1565.59,149.1,CASH
TXN0002018,M039,C02817,2026-09-15 18:44:22,PRD_MED_01,Medicine,2,479.7,45.69,CARD
TXN0009678,M036,C00643,2026-09-15 19:03:49,PRD_HOU_02,Household,1,476.97,22.71,WALLET
TXN0008834,M001,C01765,2026-09-15 19:15:04,PRD_BEV_01,Beverages,3,110.0,126.2,UPI
TXN0001391,M014,C03125,2026-09-15 19:22:32,PRD_SNK_02,Snacks,2,225.0,137.28,UPI
TXN0001038,M043,C02772,2026-09-15 19:32:23,PRD_CAK_01,Cakes,1,803.71,38.27,UPI
TXN0007720,M005,C02485,2026-09-15 19:36:32,PRD_MOB_02,Mobiles,1,11999.0,7521.36,UPI
TXN0006306,M020,C03173,2026-09-15 19:52:01,PRD_LAP_01,Laptops,1,2844.91,135.47,UPI
TXN0008448,M042,C00339,2026-09-15 20:18:06,PRD_SNK_02,Snacks,1,913.96,43.52,UPI
TXN0002737,M027,C03087,2026-09-15 20:28:17,PRD_ACC_01,Accessories,1,5755.73,274.08,CASH
TXN0006151,M037,C01446,2026-09-15 20:39:35,PRD_CAS_02,Cases,1,1621.23,77.2,UPI
TXN0000731,M024,C01230,2026-09-15 21:21:03,PRD_BEV_01,Beverages,1,856.75,40.8,CASH
TXN0006799,M026,C02118,2026-09-15 21:23:04,PRD_SNK_02,Snacks,1,225.0,165.0,UPI
TXN0002473,M020,C00123,2026-09-15 22:32:09,PRD_LAP_01,Laptops,2,2119.62,201.87,UPI
TXN0009337,M001,C03026,2026-09-16 09:22:13,PRD_STA_02,Staples,1,362.01,17.24,CARD
TXN0003257,M045,C03109,2026-09-16 10:18:33,PRD_DAI_01,Dairy,1,567.76,27.04,UPI
TXN0007011,M035,C02943,2026-09-16 11:52:17,PRD_CHG_02,Chargers,1,2198.78,104.7,UPI
TXN0003524,M013,C00820,2026-09-16 12:22:32,PRD_CAK_01,Cakes,1,550.0,197.92,UPI
TXN0006834,M018,C00821,2026-09-16 13:07:25,PRD_SNK_02,Snacks,1,225.0,72.11,UPI
TXN0005951,M027,C02256,2026-09-16 13:31:43,PRD_ELE_01,Home Electronics,1,7062.04,336.29,UPI
TXN0002743,M029,C02027,2026-09-16 14:06:50,PRD_OFF_02,Office Supplies,1,310.0,180.53,CASH
TXN0004906,M001,C00123,2026-09-16 14:16:52,PRD_STA_01,Staples,1,1277.44,60.83,UPI
TXN0006134,M025,C00655,2026-09-16 14:37:02,PRD_PAS_02,Pastries,1,276.81,13.18,UPI
TXN0008977,M027,C02044,2026-09-16 16:44:26,PRD_LAP_01,Laptops,1,9810.4,467.16,UPI
TXN0002347,M045,C00673,2026-09-16 16:49:40,PRD_DAI_02,Dairy,1,652.58,31.08,UPI
TXN0005112,M009,C02072,2026-09-16 17:01:24,PRD_MED_01,Medicine,1,853.38,40.64,UPI
TXN0004599,M031,C00401,2026-09-16 17:17:22,PRD_ELE_02,Home Electronics,1,5162.76,245.85,CASH
TXN0008283,M036,C01759,2026-09-16 17:49:50,PRD_SNK_01,Snacks,1,365.95,17.43,WALLET
TXN0009850,M033,C00843,2026-09-16 17:51:44,PRD_STA_02,Staples,1,404.68,19.27,UPI
TXN0002165,M015,C02608,2026-09-16 18:10:57,PRD_BRD_01,Bread,1,641.51,30.55,CASH
TXN0003006,M021,C01231,2026-09-16 18:15:31,PRD_NOT_02,Notebooks,1,260.0,221.9,CARD
TXN0005848,M028,C01244,2026-09-16 18:22:30,PRD_CAB_01,Cables,1,463.25,22.06,UPI
TXN0000243,M035,C02348,2026-09-16 18:39:52,PRD_EAR_02,Earphones,2,512.77,48.84,CARD
TXN0008189,M015,C02649,2026-09-16 18:49:32,PRD_PAS_01,Pastries,1,549.28,26.16,UPI
TXN0008069,M047,C01465,2026-09-16 18:53:38,PRD_LAP_02,Laptops,1,12921.19,615.29,WALLET
TXN0007766,M028,C01096,2026-09-16 18:59:21,PRD_EAR_01,Earphones,1,2268.0,108.0,UPI
TXN0002957,M005,C01159,2026-09-16 19:25:40,PRD_ELE_02,Home Electronics,1,10206.39,486.02,CARD
TXN0002550,M030,C01362,2026-09-16 19:25:42,PRD_MOB_01,Mobiles,1,6499.0,5999.0,WALLET
TXN0007139,M001,C00449,2026-09-16 20:25:26,PRD_HOU_02,Household,1,1220.37,58.11,CARD
TXN0004733,M032,C01022,2026-09-16 20:25:29,PRD_MED_01,Medicine,1,719.99,34.29,UPI
TXN0008892,M033,C01919,2026-09-16 20:28:16,PRD_SNK_02,Snacks,1,649.78,30.94,UPI
TXN0007176,M023,C01267,2026-09-16 20:36:56,PRD_SNK_01,Snacks,1,350.53,16.69,UPI
TXN0001623,M028,C00620,2026-09-16 22:30:03,PRD_CHG_02,Chargers,2,999.0,807.76,UPI
TXN0001164,M022,C01413,2026-09-17 09:01:40,PRD_ACC_01,Accessories,1,615.98,29.33,UPI
TXN0003981,M005,C00237,2026-09-17 12:23:49,PRD_LAP_02,Laptops,1,7357.53,350.36,UPI
TXN0008996,M031,C01122,2026-09-17 14:46:26,PRD_ELE_01,Home Electronics,1,7010.15,333.82,UPI
TXN0003473,M046,C00070,2026-09-17 16:53:10,PRD_HOU_02,Household,1,1183.0,56.33,UPI
TXN0009107,M041,C00824,2026-09-17 17:05:14,PRD_MEA_01,Meals,1,1415.2,67.39,UPI
TXN0003705,M031,C00253,2026-09-17 17:16:42,PRD_LAP_02,Laptops,1,1536.22,73.15,UPI
TXN0005245,M016,C00081,2026-09-17 17:34:20,PRD_PAS_01,Pastries,1,218.95,10.43,WALLET
TXN0000254,M018,C01535,2026-09-17 17:40:27,PRD_MEA_02,Meals,1,712.76,33.94,UPI
TXN0006109,M011,C02414,2026-09-17 17:44:45,PRD_OFF_01,Office Supplies,1,223.06,10.62,CASH
TXN0008934,M002,C03183,2026-09-17 18:27:51,PRD_SNK_02,Snacks,1,351.84,16.75,UPI
TXN0002953,M031,C00045,2026-09-17 18:28:04,PRD_ACC_01,Accessories,1,4960.98,236.24,UPI
TXN0009553,M036,C00182,2026-09-17 19:10:57,PRD_STA_02,Staples,1,962.17,45.82,UPI
TXN0003539,M035,C00547,2026-09-17 19:47:12,PRD_CAB_01,Cables,1,1216.73,57.94,UPI
TXN0006979,M003,C01399,2026-09-17 19:57:13,PRD_SNK_02,Snacks,1,699.01,33.29,UPI
TXN0004070,M014,C00624,2026-09-17 21:25:53,PRD_BRD_01,Bread,1,286.2,13.63,UPI
TXN0008826,M015,C03323,2026-09-18 09:03:46,PRD_BRD_02,Bread,2,140.0,92.74,UPI
TXN0007314,M011,C01247,2026-09-18 09:13:22,PRD_OFF_01,Office Supplies,1,562.97,26.81,UPI
TXN0003588,M050,C01599,2026-09-18 09:41:03,PRD_SNK_02,Snacks,1,931.89,44.38,UPI
TXN0003190,M015,C02416,2026-09-18 09:49:06,PRD_BRD_01,Bread,1,521.85,24.85,UPI
TXN0003580,M003,C02995,2026-09-18 11:57:14,PRD_TEA_02,Tea,1,210.0,31.52,WALLET
TXN0003791,M015,C01467,2026-09-18 12:35:33,PRD_PAS_01,Pastries,1,301.2,14.34,WALLET
TXN0007839,M036,C02990,2026-09-18 13:08:25,PRD_SNK_02,Snacks,1,799.54,38.07,UPI
TXN0001130,M006,C03278,2026-09-18 14:58:47,PRD_CAB_01,Cables,1,1290.74,61.46,WALLET
TXN0006407,M050,C01655,2026-09-18 15:08:26,PRD_CAK_02,Cakes,1,647.08,30.81,UPI
TXN0002339,M030,C01809,2026-09-18 15:43:58,PRD_ACC_01,Accessories,3,1487.08,212.45,CASH
TXN0000310,M002,C01422,2026-09-18 15:44:41,PRD_CAK_02,Cakes,1,450.0,240.81,UPI
TXN0001218,M025,C01016,2026-09-18 16:04:56,PRD_PAS_01,Pastries,1,762.26,36.3,UPI
TXN0002927,M005,C01945,2026-09-18 16:14:11,PRD_LAP_02,Laptops,1,5497.59,261.79,UPI
TXN0003961,M046,C00333,2026-09-18 17:12:40,PRD_ESS_01,Daily Essentials,1,375.73,17.89,CARD
TXN0008731,M009,C02915,2026-09-18 17:14:45,PRD_BABY_02,Baby Care,2,333.55,31.76,UPI
TXN0006844,M031,C01900,2026-09-18 17:49:57,PRD_LAP_01,Laptops,2,5670.0,540.0,CASH
TXN0006423,M029,C01023,2026-09-18 18:33:28,PRD_NOT_02,Notebooks,2,260.0,282.56,UPI
TXN0006398,M002,C01705,2026-09-18 18:46:09,PRD_PAS_01,Pastries,1,267.79,12.75,UPI
TXN0002915,M032,C02442,2026-09-18 18:48:07,PRD_MED_02,Medicine,1,2625.0,125.0,UPI
TXN0005575,M003,C01377,2026-09-18 19:10:20,PRD_COF_01,Coffee,1,506.09,24.1,UPI
TXN0008255,M021,C03024,2026-09-18 19:18:02,PRD_OFF_02,Office Supplies,1,310.0,85.77,UPI
TXN0004990,M006,C02097,2026-09-18 19:26:32,PRD_CAS_01,Cases,2,1190.45,113.38,UPI
TXN0008890,M049,C00826,2026-09-18 19:35:40,PRD_SNK_02,Snacks,1,225.0,19.99,UPI
TXN0005497,M016,C02468,2026-09-18 19:47:12,PRD_BRD_01,Bread,1,230.5,10.98,UPI
TXN0006203,M029,C01237,2026-09-18 20:33:43,PRD_NOT_02,Notebooks,1,945.0,45.0,CARD
TXN0006906,M001,C01475,2026-09-18 20:35:23,PRD_BEV_01,Beverages,1,1890.0,90.0,CARD
TXN0004188,M013,C02339,2026-09-18 20:46:01,PRD_PAS_02,Pastries,1,256.27,12.2,UPI
TXN0002365,M031,C03295,2026-09-18 20:55:33,PRD_ACC_01,Accessories,1,2818.03,134.19,UPI
TXN0001241,M027,C03041,2026-09-19 09:07:11,PRD_ACC_02,Accessories,1,7971.92,379.62,UPI
TXN0009049,M008,C01600,2026-09-19 11:43:45,PRD_TEA_01,Tea,2,240.0,101.78,CASH
TXN0001200,M016,C02296,2026-09-19 12:46:02,PRD_CAK_02,Cakes,1,450.0,318.1,UPI
TXN0000125,M021,C03483,2026-09-19 12:53:56,PRD_NOT_01,Notebooks,1,356.39,16.97,UPI
TXN0003593,M042,C02815,2026-09-19 13:31:34,PRD_BRD_02,Bread,1,603.7,28.75,UPI
TXN0006845,M029,C01010,2026-09-19 14:17:41,PRD_WRI_01,Writing,2,272.0,25.91,UPI
TXN0000999,M008,C01859,2026-09-19 14:26:05,PRD_TEA_02,Tea,3,210.0,546.66,UPI
TXN0003175,M002,C02681,2026-09-19 14:31:15,PRD_PAS_01,Pastries,1,303.74,14.46,CARD
TXN0000937,M031,C02655,2026-09-19 14:53:28,PRD_LAP_02,Laptops,1,4177.6,198.93,UPI
TXN0007123,M009,C00954,2026-09-19 16:04:08,PRD_WEL_01,Wellness,1,375.0,148.48,CASH
TXN0004003,M025,C01023,2026-09-19 16:14:12,PRD_CAK_02,Cakes,1,792.77,37.75,UPI
TXN0003143,M039,C01869,2026-09-19 17:05:18,PRD_WEL_01,Wellness,1,1108.0,52.76,UPI
TXN0007801,M009,C01107,2026-09-19 17:38:22,PRD_BABY_02,Baby Care,1,884.0,42.1,WALLET
TXN0001653,M022,C00710,2026-09-19 17:44:50,PRD_ACC_01,Accessories,2,908.83,86.55,UPI
TXN0002354,M018,C00787,2026-09-19 18:02:23,PRD_BEV_02,Beverages,1,374.09,17.81,UPI
TXN0004911,M009,C00644,2026-09-19 18:04:56,PRD_WEL_01,Wellness,1,2955.93,140.76,WALLET
TXN0001393,M049,C00099,2026-09-19 18:19:20,PRD_COF_02,Coffee,1,822.57,39.17,UPI
TXN0006289,M048,C01612,2026-09-19 18:25:24,PRD_CAS_01,Cases,1,1557.93,74.19,CASH
TXN0000350,M014,C00658,2026-09-19 18:29:41,PRD_CAK_02,Cakes,1,450.0,138.25,CARD
TXN0006817,M026,C00377,2026-09-19 18:33:19,PRD_SNK_01,Snacks,1,276.26,13.16,UPI
TXN0005776,M043,C01028,2026-09-19 18:41:53,PRD_CAK_02,Cakes,1,450.0,227.68,UPI
TXN0007079,M050,C02068,2026-09-19 18:52:04,PRD_SNK_01,Snacks,1,141.68,6.75,UPI
TXN0004889,M037,C00578,2026-09-19 18:55:29,PRD_CAB_02,Cables,1,2467.17,117.48,CARD
TXN0001670,M046,C02373,2026-09-19 19:06:17,PRD_SNK_01,Snacks,1,223.89,10.66,UPI
TXN0002591,M011,C03261,2026-09-19 19:57:55,PRD_ART_02,Art Supplies,1,950.28,45.25,UPI
TXN0000490,M015,C02240,2026-09-19 19:58:10,PRD_PAS_01,Pastries,1,1205.35,57.4,UPI
TXN0009000,M044,C01372,2026-09-19 20:20:51,PRD_MEN_02,Men,1,1217.07,57.96,UPI
TXN0002784,M046,C01563,2026-09-19 20:51:46,PRD_BEV_01,Beverages,1,2725.8,129.8,UPI
TXN0008366,M010,C00823,2026-09-19 21:00:38,PRD_STA_02,Staples,1,750.94,35.76,UPI
TXN0000437,M012,C03372,2026-09-19 21:46:13,PRD_BEV_01,Beverages,1,828.02,39.43,UPI
TXN0002746,M031,C02792,2026-09-19 21:59:26,PRD_LAP_02,Laptops,2,952.46,90.72,UPI
TXN0008175,M017,C00642,2026-09-19 22:16:37,PRD_WRI_01,Writing,1,557.82,26.56,UPI
TXN0004480,M036,C01259,2026-09-20 10:27:04,PRD_BEV_02,Beverages,1,204.0,9.71,UPI
TXN0000167,M003,C02409,2026-09-20 11:19:19,PRD_COF_01,Coffee,1,497.43,23.69,UPI
TXN0004121,M013,C01462,2026-09-20 12:38:07,PRD_CAK_02,Cakes,1,454.21,21.63,UPI
TXN0001913,M001,C01841,2026-09-20 13:03:50,PRD_HOU_01,Household,1,433.07,20.62,CASH
TXN0001320,M009,C01355,2026-09-20 14:44:02,PRD_BABY_02,Baby Care,2,634.49,60.42,UPI
TXN0006889,M037,C00145,2026-09-20 15:23:13,PRD_EAR_01,Earphones,1,3465.0,165.0,UPI
TXN0007524,M016,C03019,2026-09-20 15:24:54,PRD_BRD_02,Bread,2,144.44,13.76,UPI
TXN0006143,M041,C01544,2026-09-20 16:21:01,PRD_BEV_01,Beverages,1,195.57,9.31,UPI
TXN0000636,M036,C00423,2026-09-20 16:35:13,PRD_HOU_02,Household,1,786.89,37.47,WALLET
TXN0005830,M021,C01382,2026-09-20 16:42:45,PRD_ART_01,Art Supplies,1,748.44,35.64,WALLET
TXN0007231,M018,C00093,2026-09-20 16:43:50,PRD_DES_02,Desserts,1,963.48,45.88,WALLET
TXN0008579,M017,C01973,2026-09-20 16:44:15,PRD_ART_01,Art Supplies,2,320.0,497.93,UPI
TXN0009745,M047,C02945,2026-09-20 16:54:36,PRD_ELE_02,Home Electronics,2,2081.59,198.25,UPI
TXN0005527,M022,C01494,2026-09-20 17:01:16,PRD_MEN_01,Men,1,1042.56,49.65,WALLET
TXN0003758,M036,C03254,2026-09-20 17:17:34,PRD_BEV_02,Beverages,1,1071.24,51.01,UPI
TXN0004888,M010,C00547,2026-09-20 17:20:20,PRD_BEV_01,Beverages,1,416.75,19.85,UPI
TXN0005455,M038,C03132,2026-09-20 17:29:47,PRD_CHG_02,Chargers,1,1777.8,84.66,CASH
TXN0004517,M001,C01271,2026-09-20 17:30:45,PRD_STA_01,Staples,1,940.19,44.77,UPI
TXN0007958,M004,C00441,2026-09-20 17:34:52,PRD_ACC_02,Accessories,1,6953.07,331.1,UPI
TXN0009976,M049,C00274,2026-09-20 18:07:21,PRD_COF_01,Coffee,1,380.0,76.23,UPI
TXN0003559,M025,C00269,2026-09-20 18:07:25,PRD_SNK_02,Snacks,2,622.59,59.29,UPI
TXN0008599,M038,C01058,2026-09-20 18:15:37,PRD_CAB_01,Cables,1,299.0,28.92,UPI
TXN0001016,M017,C02019,2026-09-20 18:23:26,PRD_WRI_02,Writing,1,261.33,12.44,UPI
TXN0009171,M019,C00200,2026-09-20 18:46:08,PRD_EAR_01,Earphones,1,2354.77,112.13,UPI
TXN0002553,M042,C02668,2026-09-20 18:46:54,PRD_PAS_02,Pastries,2,110.0,42.36,UPI
TXN0008909,M046,C00311,2026-09-20 18:49:31,PRD_BEV_01,Beverages,1,765.26,36.44,UPI
TXN0009349,M004,C03340,2026-09-20 18:50:27,PRD_ACC_02,Accessories,1,13285.12,632.62,UPI
TXN0008621,M019,C03051,2026-09-20 19:23:04,PRD_CAB_01,Cables,1,917.19,43.68,UPI
TXN0003906,M026,C00121,2026-09-20 19:31:05,PRD_COF_02,Coffee,2,280.0,274.98,UPI
TXN0006596,M019,C01195,2026-09-20 21:10:16,PRD_CHG_01,Chargers,1,1449.04,69.0,UPI
TXN0008779,M017,C00521,2026-09-20 21:43:19,PRD_WRI_02,Writing,2,115.0,39.51,UPI
TXN0007415,M013,C03345,2026-09-20 22:05:44,PRD_CAK_01,Cakes,1,1386.0,66.0,WALLET
TXN0007844,M004,C00076,2026-09-21 08:25:36,PRD_LAP_02,Laptops,1,4203.01,200.14,UPI
TXN0006866,M006,C02495,2026-09-21 10:29:39,PRD_EAR_01,Earphones,1,1299.0,663.05,UPI
TXN0005620,M035,C02615,2026-09-21 12:45:17,PRD_CAB_02,Cables,2,391.79,37.32,CASH
TXN0006236,M017,C01006,2026-09-21 13:16:00,PRD_ART_01,Art Supplies,1,320.0,33.41,UPI
TXN0003658,M047,C00700,2026-09-21 14:02:31,PRD_ELE_02,Home Electronics,1,10441.06,497.19,CARD
TXN0007863,M048,C01092,2026-09-21 14:07:36,PRD_CAS_01,Cases,1,858.44,40.88,UPI
TXN0006092,M028,C02914,2026-09-21 15:22:53,PRD_EAR_02,Earphones,1,1603.96,76.38,CASH
TXN0001076,M029,C03257,2026-09-21 15:39:41,PRD_ART_01,Art Supplies,1,320.0,99.46,UPI
TXN0006730,M006,C02187,2026-09-21 15:49:11,PRD_CHG_02,Chargers,1,999.0,722.23,UPI
TXN0008675,M020,C00199,2026-09-21 16:25:45,PRD_ELE_01,Home Electronics,1,7265.51,345.98,UPI
TXN0003070,M033,C00310,2026-09-21 16:51:15,PRD_STA_02,Staples,1,288.8,13.75,UPI
TXN0002343,M030,C00157,2026-09-21 17:05:22,PRD_MOB_01,Mobiles,1,6499.0,2111.85,UPI
TXN0006907,M011,C03153,2026-09-21 17:05:54,PRD_NOT_02,Notebooks,2,366.25,34.88,UPI
TXN0002429,M048,C00974,2026-09-21 17:26:52,PRD_CAB_01,Cables,1,1055.28,50.25,UPI
TXN0006986,M049,C00597,2026-09-21 18:03:26,PRD_SNK_02,Snacks,1,991.2,47.2,UPI
TXN0004470,M010,C01353,2026-09-21 18:07:57,PRD_BEV_01,Beverages,2,346.78,33.02,UPI
TXN0002725,M018,C01174,2026-09-21 18:10:44,PRD_DES_02,Desserts,1,1575.0,75.0,UPI
TXN0003243,M033,C02149,2026-09-21 18:18:57,PRD_SNK_01,Snacks,1,1843.36,87.78,UPI
TXN0004355,M049,C02862,2026-09-21 18:32:34,PRD_SNK_02,Snacks,1,518.45,24.69,CASH
TXN0007937,M011,C02871,2026-09-21 18:45:13,PRD_OFF_01,Office Supplies,1,265.94,12.66,UPI
TXN0005319,M038,C02222,2026-09-21 18:55:47,PRD_CAB_02,Cables,1,3717.0,177.0,UPI
TXN0003236,M016,C00899,2026-09-21 19:00:00,PRD_PAS_01,Pastries,1,819.15,39.01,UPI
TXN0002214,M029,C03056,2026-09-21 19:01:26,PRD_ART_02,Art Supplies,2,175.0,68.55,UPI
TXN0002894,M016,C00454,2026-09-21 19:09:30,PRD_PAS_01,Pastries,1,907.2,43.2,UPI
TXN0009867,M017,C01587,2026-09-21 19:19:18,PRD_WRI_02,Writing,1,588.16,28.01,UPI
TXN0008387,M028,C03377,2026-09-21 19:41:17,PRD_CHG_01,Chargers,1,898.7,42.8,UPI
TXN0004363,M005,C01447,2026-09-21 19:43:03,PRD_MOB_02,Mobiles,1,11999.0,4864.49,CARD
TXN0005222,M037,C02184,2026-09-21 19:46:39,PRD_CHG_01,Chargers,1,895.5,42.64,UPI
TXN0003601,M041,C02043,2026-09-21 19:51:05,PRD_BEV_02,Beverages,3,95.0,24.64,UPI
TXN0005910,M050,C00801,2026-09-21 19:58:01,PRD_SNK_01,Snacks,1,1010.34,48.11,CASH
TXN0005401,M046,C02958,2026-09-21 20:04:03,PRD_ESS_02,Daily Essentials,1,1828.3,87.06,UPI
TXN0000728,M044,C01611,2026-09-21 20:18:16,PRD_MEN_01,Men,1,941.24,44.82,CARD
TXN0007903,M038,C02077,2026-09-21 20:22:28,PRD_EAR_02,Earphones,1,1019.9,48.57,CASH
TXN0009445,M032,C02454,2026-09-21 20:23:16,PRD_MED_01,Medicine,1,2574.31,122.59,UPI
TXN0004086,M036,C01746,2026-09-21 20:52:01,PRD_BEV_02,Beverages,1,1447.27,68.92,CASH
TXN0006998,M049,C00321,2026-09-21 21:02:41,PRD_DES_01,Desserts,1,220.0,46.25,UPI
TXN0007202,M049,C00865,2026-09-21 21:34:04,PRD_TEA_02,Tea,1,210.0,49.5,UPI
TXN0001317,M003,C00311,2026-09-21 21:38:06,PRD_SNK_01,Snacks,2,296.11,28.2,UPI
TXN0005099,M005,C02378,2026-09-21 21:44:17,PRD_LAP_02,Laptops,1,8348.21,397.53,UPI
TXN0009064,M039,C01330,2026-09-21 21:44:20,PRD_WEL_01,Wellness,1,412.87,19.66,CARD
TXN0002958,M034,C00625,2026-09-21 22:00:38,PRD_ART_02,Art Supplies,1,285.6,13.6,CARD
TXN0001500,M019,C02455,2026-09-22 08:25:19,PRD_CHG_01,Chargers,1,699.0,223.92,UPI
TXN0007049,M033,C01929,2026-09-22 08:27:29,PRD_SNK_02,Snacks,1,925.76,44.08,CARD
TXN0009427,M006,C02117,2026-09-22 10:03:20,PRD_EAR_01,Earphones,2,1299.0,2008.23,CARD
TXN0008307,M001,C00048,2026-09-22 10:39:27,PRD_STA_02,Staples,1,1866.22,88.87,CARD
TXN0003902,M033,C00904,2026-09-22 11:12:09,PRD_STA_01,Staples,1,1326.27,63.16,UPI
TXN0006505,M036,C03151,2026-09-22 12:28:34,PRD_HOU_02,Household,1,320.0,67.12,UPI
TXN0005430,M034,C02551,2026-09-22 13:07:42,PRD_WRI_01,Writing,1,264.13,12.58,CASH
TXN0006530,M027,C03243,2026-09-22 13:10:47,PRD_LAP_02,Laptops,1,3403.7,162.08,UPI
TXN0003474,M048,C01772,2026-09-22 13:51:27,PRD_CAS_01,Cases,2,619.06,58.96,WALLET
TXN0007598,M003,C02103,2026-09-22 14:10:20,PRD_TEA_02,Tea,1,840.0,40.0,UPI
TXN0007102,M002,C01734,2026-09-22 14:54:31,PRD_CAK_01,Cakes,1,550.0,457.48,UPI
TXN0003333,M046,C00993,2026-09-22 16:04:10,PRD_HOU_02,Household,1,712.71,33.94,UPI
TXN0000231,M027,C02609,2026-09-22 17:10:57,PRD_ELE_01,Home Electronics,1,5883.58,280.17,UPI
TXN0005977,M009,C01302,2026-09-22 17:22:16,PRD_BABY_02,Baby Care,4,549.58,104.67,UPI
TXN0000622,M016,C01500,2026-09-22 18:57:32,PRD_CAK_01,Cakes,2,550.0,236.0,CASH
TXN0007567,M021,C02650,2026-09-22 19:21:59,PRD_ART_02,Art Supplies,1,312.29,14.87,CASH
TXN0007392,M045,C01929,2026-09-22 19:26:23,PRD_HOU_01,Household,1,1648.8,78.51,WALLET
TXN0005719,M029,C01349,2026-09-22 19:38:26,PRD_ART_02,Art Supplies,1,734.8,34.99,CARD
TXN0008841,M008,C01704,2026-09-22 19:43:37,PRD_SNK_01,Snacks,1,194.48,9.26,UPI
TXN0008298,M033,C03057,2026-09-22 19:54:31,PRD_BEV_02,Beverages,1,924.26,44.01,UPI
TXN0004401,M029,C01093,2026-09-22 20:47:53,PRD_OFF_01,Office Supplies,1,717.34,34.16,UPI
TXN0000147,M008,C03138,2026-09-22 20:51:47,PRD_TEA_02,Tea,1,255.25,12.15,UPI
TXN0008427,M033,C03485,2026-09-22 21:03:25,PRD_HOU_01,Household,1,588.39,28.02,UPI
TXN0001816,M011,C03142,2026-09-22 21:42:46,PRD_OFF_02,Office Supplies,1,310.0,256.64,UPI
TXN0009532,M021,C00389,2026-09-22 21:44:10,PRD_NOT_01,Notebooks,1,283.97,13.52,UPI
TXN0001697,M026,C00914,2026-09-22 22:17:25,PRD_DES_02,Desserts,3,180.0,319.4,WALLET
TXN0000583,M040,C02611,2026-09-22 22:59:31,PRD_DES_01,Desserts,1,240.12,11.43,UPI
TXN0006316,M026,C01731,2026-09-23 09:13:45,PRD_COF_02,Coffee,1,446.48,21.26,UPI
TXN0007739,M026,C02021,2026-09-23 09:55:56,PRD_SNK_01,Snacks,1,840.0,40.0,UPI
TXN0001922,M022,C01382,2026-09-23 11:17:43,PRD_WOM_02,Women,1,1499.0,977.47,UPI
TXN0009477,M009,C01665,2026-09-23 11:24:01,PRD_BABY_01,Baby Care,1,816.13,38.86,UPI
TXN0004000,M050,C03073,2026-09-23 12:16:13,PRD_CAK_02,Cakes,1,715.13,34.05,UPI
TXN0009065,M034,C00943,2026-09-23 12:34:52,PRD_OFF_01,Office Supplies,1,627.43,29.88,CASH
TXN0000567,M046,C00783,2026-09-23 13:49:40,PRD_HOU_02,Household,1,387.92,18.47,UPI
TXN0003784,M029,C00956,2026-09-23 13:55:42,PRD_ART_01,Art Supplies,4,320.0,963.68,UPI
TXN0008744,M019,C00376,2026-09-23 16:08:16,PRD_CHG_02,Chargers,1,999.0,666.25,UPI
TXN0003151,M042,C01768,2026-09-23 16:13:50,PRD_CAK_01,Cakes,1,1069.2,50.91,UPI
TXN0003205,M011,C02349,2026-09-23 16:34:57,PRD_WRI_02,Writing,1,272.92,13.0,UPI
TXN0003626,M004,C02675,2026-09-23 16:40:45,PRD_LAP_01,Laptops,1,8076.76,384.61,CARD
TXN0004608,M017,C01068,2026-09-23 16:46:58,PRD_NOT_02,Notebooks,2,260.0,352.88,UPI
TXN0008319,M020,C03088,2026-09-23 16:59:31,PRD_ELE_01,Home Electronics,1,7920.61,377.17,UPI
TXN0000378,M046,C02290,2026-09-23 17:00:50,PRD_BEV_02,Beverages,1,747.98,35.62,UPI
TXN0007726,M029,C00811,2026-09-23 17:06:25,PRD_ART_01,Art Supplies,1,320.0,103.41,UPI
TXN0005049,M002,C00326,2026-09-23 17:40:12,PRD_SNK_02,Snacks,1,361.24,17.2,UPI
TXN0001255,M021,C02449,2026-09-23 17:55:04,PRD_ART_01,Art Supplies,4,320.0,1017.64,WALLET
TXN0001202,M018,C01686,2026-09-23 18:04:30,PRD_BEV_02,Beverages,1,450.62,21.46,UPI
TXN0002755,M001,C02210,2026-09-23 18:10:24,PRD_STA_01,Staples,1,1890.0,90.0,UPI
TXN0003701,M029,C02626,2026-09-23 18:49:30,PRD_WRI_02,Writing,3,115.0,277.7,UPI
TXN0004449,M018,C03239,2026-09-23 18:52:00,PRD_MEA_01,Meals,2,262.55,25.01,WALLET
TXN0009817,M011,C03322,2026-09-23 18:55:29,PRD_OFF_02,Office Supplies,2,472.5,45.0,UPI
TXN0003378,M001,C02908,2026-09-23 19:01:20,PRD_STA_01,Staples,1,1213.31,57.78,UPI
TXN0009301,M040,C02625,2026-09-23 19:04:03,PRD_TEA_02,Tea,1,210.0,26.87,UPI
TXN0007580,M021,C01467,2026-09-23 19:05:06,PRD_ART_01,Art Supplies,1,320.87,15.28,CARD
TXN0005975,M006,C00415,2026-09-23 19:07:00,PRD_CAB_02,Cables,1,946.98,45.09,UPI
TXN0004344,M050,C01846,2026-09-23 19:40:11,PRD_BRD_01,Bread,1,147.21,7.01,UPI
TXN0006001,M016,C01761,2026-09-23 20:04:03,PRD_CAK_02,Cakes,1,450.0,47.39,CASH
TXN0008581,M020,C02099,2026-09-23 20:11:52,PRD_LAP_01,Laptops,1,13742.85,654.42,UPI
TXN0002774,M031,C00929,2026-09-23 20:29:28,PRD_LAP_02,Laptops,1,3675.44,175.02,UPI
TXN0001726,M011,C02178,2026-09-23 20:54:27,PRD_ART_01,Art Supplies,1,320.0,68.72,CARD
TXN0008876,M045,C02496,2026-09-23 20:56:07,PRD_SNK_02,Snacks,1,594.23,28.3,UPI
TXN0006943,M048,C02673,2026-09-23 21:51:51,PRD_CAB_01,Cables,1,1341.94,63.9,UPI
TXN0006330,M034,C00690,2026-09-23 21:58:18,PRD_NOT_02,Notebooks,1,900.9,42.9,UPI
