customer_id,customer_name,customer_type,city,signup_date,customer_total_spend,customer_order_count,customer_average_order_value,customer_recency,customer_purchase_frequency,customer_first_purchase,customer_last_purchase
C03276,Customer_C03276,Repeat,Noida,2025-01-15,7384.11,2,3692.06,165.0,0.31,2025-10-01 11:14:09,2026-04-11 20:53:13
C03269,Customer_C03269,Repeat,Prayagraj,2025-01-15,738.93,2,369.46,352.0,11.15,2025-10-01 11:41:18,2025-10-06 20:51:49
C02166,Customer_C02166,Repeat,Noida,2025-01-15,6456.98,4,1614.24,21.1,0.36,2025-10-01 12:23:42,2026-09-02 19:54:37
C03172,Customer_C03172,Repeat,Lucknow,2025-01-15,4167.56,2,2083.78,97.5,0.23,2025-10-01 12:46:26,2026-06-18 08:56:25
C00105,Customer_C00105,Repeat,Patna,2025-01-15,5225.99,5,1045.2,27.1,0.45,2025-10-01 13:36:43,2026-08-27 20:39:51
C00662,Customer_C00662,Repeat,Kanpur,2025-01-15,1036.05,3,345.35,119.1,0.38,2025-10-01 13:48:50,2026-05-27 18:49:36
C02187,Customer_C02187,Repeat,Kanpur,2025-01-15,8094.57,6,1349.1,2.3,0.51,2025-10-01 16:26:17,2026-09-21 15:49:11
C00176,Customer_C00176,Repeat,Agra,2025-01-15,2527.69,4,631.92,97.2,0.46,2025-10-01 16:52:47,2026-06-18 17:17:23
C00536,Customer_C00536,Repeat,Jaipur,2025-01-15,1310.82,3,436.94,127.1,0.39,2025-10-01 17:09:06,2026-05-19 19:39:51
C01962,Customer_C01962,Repeat,Lucknow,2025-01-15,4060.23,3,1353.41,24.2,0.27,2025-10-01 17:15:41,2026-08-30 16:56:00
C02730,Customer_C02730,Repeat,Agra,2025-01-15,5256.36,6,876.06,15.2,0.53,2025-10-01 17:23:05,2026-09-08 17:56:53
C01969,Customer_C01969,Repeat,Noida,2025-01-15,2311.74,3,770.58,73.2,0.32,2025-10-01 18:05:29,2026-07-12 18:11:44
C01672,Customer_C01672,Repeat,Agra,2025-01-15,8408.38,6,1401.4,82.0,0.65,2025-10-01 18:07:00,2026-07-03 21:51:04
C00724,Customer_C00724,Repeat,Varanasi,2025-01-15,9080.17,3,3026.72,172.2,0.49,2025-10-01 18:31:02,2026-04-04 16:05:26
C02975,Customer_C02975,Repeat,Lucknow,2025-01-15,4048.87,4,1012.22,34.0,0.37,2025-10-01 18:34:01,2026-08-20 22:11:30
C00066,Customer_C00066,Repeat,Lucknow,2025-01-15,12026.71,6,2004.45,26.3,0.54,2025-10-01 18:36:44,2026-08-28 15:38:19
C02826,Customer_C02826,Repeat,Noida,2025-01-15,1517.6,4,379.4,139.5,0.55,2025-10-01 18:42:00,2026-05-07 09:59:39
C01369,Customer_C01369,Repeat,Noida,2025-01-15,9713.11,5,1942.62,83.1,0.55,2025-10-01 19:33:18,2026-07-02 18:38:50
C00767,Customer_C00767,Repeat,Prayagraj,2025-01-15,2138.8,5,427.76,59.2,0.5,2025-10-01 19:33:26,2026-07-26 18:15:30
C01458,Customer_C01458,Repeat,Jaipur,2025-01-15,3024.79,5,604.96,12.1,0.43,2025-10-01 19:40:54,2026-09-11 20:31:20
C02072,Customer_C02072,Repeat,Varanasi,2025-01-15,2890.35,4,722.59,7.2,0.34,2025-10-01 19:47:39,2026-09-16 17:01:24
C02989,Customer_C02989,Repeat,Noida,2025-01-15,3629.86,2,1814.93,191.3,0.36,2025-10-01 19:48:29,2026-03-16 14:29:08
C00360,Customer_C00360,Repeat,Jaipur,2025-01-15,1373.97,3,457.99,55.4,0.3,2025-10-01 19:51:55,2026-07-30 11:26:50
C02370,Customer_C02370,New,Patna,2025-01-15,1908.0,1,1908.0,357.1,30.0,2025-10-01 20:04:57,2025-10-01 20:04:57
C01230,Customer_C01230,Repeat,Lucknow,2025-01-15,3685.08,4,921.27,8.0,0.34,2025-10-01 20:17:54,2026-09-15 21:21:03
C01232,Customer_C01232,Repeat,Prayagraj,2025-01-15,6273.57,8,784.2,96.2,0.92,2025-10-01 20:18:58,2026-06-19 17:07:45
C02793,Customer_C02793,Repeat,Lucknow,2025-01-15,4868.43,7,695.49,116.2,0.87,2025-10-01 21:21:29,2026-05-30 16:29:00
C03459,Customer_C03459,Repeat,Lucknow,2025-01-15,7537.72,7,1076.82,11.0,0.61,2025-10-01 22:08:54,2026-09-12 22:28:09
C00871,Customer_C00871,Repeat,Noida,2025-01-15,25653.44,7,3664.78,54.1,0.69,2025-10-01 22:58:51,2026-07-31 19:13:59
C01158,Customer_C01158,Repeat,Prayagraj,2025-01-15,3368.68,6,561.45,27.0,0.55,2025-10-01 22:59:30,2026-08-27 20:51:32
C00040,Customer_C00040,Repeat,Varanasi,2025-01-15,3994.88,4,998.72,139.0,0.55,2025-10-02 08:32:04,2026-05-07 20:54:01
C00361,Customer_C00361,Repeat,Noida,2025-01-15,5218.64,4,1304.66,87.0,0.45,2025-10-02 09:40:35,2026-06-28 21:24:01
C00030,Customer_C00030,Repeat,Gorakhpur,2025-01-15,1463.62,3,487.87,81.0,0.33,2025-10-02 10:01:05,2026-07-04 20:46:38
C00629,Customer_C00629,New,Lucknow,2025-01-15,157.72,1,157.72,356.5,30.0,2025-10-02 10:06:51,2025-10-02 10:06:51
C00347,Customer_C00347,Repeat,Gorakhpur,2025-01-15,6502.92,2,3251.46,307.5,1.23,2025-10-02 10:24:49,2025-11-20 09:29:22
C01920,Customer_C01920,Repeat,Jaipur,2025-01-15,501.87,2,250.94,241.1,0.52,2025-10-02 11:10:17,2026-01-25 19:57:52
C02475,Customer_C02475,Repeat,Agra,2025-01-15,1577.3,3,525.77,156.1,0.45,2025-10-02 11:17:49,2026-04-20 19:20:36
C01756,Customer_C01756,Repeat,Agra,2025-01-15,10304.65,6,1717.44,44.0,0.58,2025-10-02 12:10:17,2026-08-10 22:38:56
C02030,Customer_C02030,Repeat,Patna,2025-01-15,1751.87,3,583.96,166.1,0.47,2025-10-02 12:24:14,2026-04-10 18:39:18
C02906,Customer_C02906,New,Delhi,2025-01-15,1117.31,1,1117.31,356.4,30.0,2025-10-02 13:03:12,2025-10-02 13:03:12
C01184,Customer_C01184,Repeat,Lucknow,2025-01-15,1394.1,2,697.05,333.0,2.58,2025-10-02 15:01:57,2025-10-25 20:52:45
C03442,Customer_C03442,Repeat,Agra,2025-01-15,1995.87,5,399.17,81.1,0.55,2025-10-02 15:43:59,2026-07-04 18:46:16
C00865,Customer_C00865,Repeat,Jaipur,2025-01-15,6076.32,6,1012.72,2.0,0.51,2025-10-02 16:15:51,2026-09-21 21:34:04
C02141,Customer_C02141,Repeat,Prayagraj,2025-01-15,1593.19,3,531.06,92.1,0.34,2025-10-02 16:22:33,2026-06-23 18:26:42
C01466,Customer_C01466,Repeat,Gorakhpur,2025-01-15,7487.06,6,1247.84,111.2,0.73,2025-10-02 16:44:25,2026-06-04 18:07:33
C01477,Customer_C01477,Repeat,Noida,2025-01-15,2582.84,2,1291.42,79.1,0.22,2025-10-02 17:19:07,2026-07-06 19:32:30
C02067,Customer_C02067,Repeat,Prayagraj,2025-01-15,3420.34,4,855.08,68.0,0.42,2025-10-02 17:21:58,2026-07-17 21:23:36
C00926,Customer_C00926,Repeat,Kanpur,2025-01-15,708.72,2,354.36,78.0,0.22,2025-10-02 17:39:11,2026-07-07 22:40:45
C01192,Customer_C01192,Repeat,Prayagraj,2025-01-15,5639.19,4,1409.8,120.0,0.51,2025-10-02 17:46:33,2026-05-26 21:33:33
C01249,Customer_C01249,Repeat,Gorakhpur,2025-01-15,8062.47,3,2687.49,13.5,0.26,2025-10-02 18:47:20,2026-09-10 08:46:57
C03123,Customer_C03123,Repeat,Gorakhpur,2025-01-15,3433.19,4,858.3,182.1,0.69,2025-10-02 19:12:22,2026-03-25 19:58:35
C00055,Customer_C00055,Repeat,Lucknow,2025-01-15,8079.75,4,2019.94,67.1,0.42,2025-10-02 19:37:33,2026-07-18 18:36:01
C01644,Customer_C01644,Repeat,Varanasi,2025-01-15,1158.86,2,579.43,168.0,0.32,2025-10-02 19:40:31,2026-04-08 22:40:57
C01853,Customer_C01853,Repeat,Lucknow,2025-01-15,2612.82,3,870.94,56.2,0.3,2025-10-02 19:46:24,2026-07-29 16:38:55
C02929,Customer_C02929,Repeat,Varanasi,2025-01-15,3128.66,4,782.16,171.4,0.65,2025-10-02 19:54:31,2026-04-05 13:33:49
C02786,Customer_C02786,Repeat,Lucknow,2025-01-15,14011.7,5,2802.34,140.2,0.69,2025-10-02 19:54:43,2026-05-06 17:21:30
C02101,Customer_C02101,New,Lucknow,2025-01-15,120.66,1,120.66,356.1,30.0,2025-10-02 20:19:42,2025-10-02 20:19:42
C02840,Customer_C02840,Repeat,Kanpur,2025-01-15,3852.92,4,963.23,149.0,0.58,2025-10-02 20:52:12,2026-04-27 21:44:58
C00290,Customer_C00290,Repeat,Prayagraj,2025-01-15,2898.77,5,579.75,16.2,0.44,2025-10-02 21:06:57,2026-09-07 18:15:26
C02649,Customer_C02649,Repeat,Lucknow,2025-01-15,4231.34,4,1057.84,7.1,0.34,2025-10-02 21:28:27,2026-09-16 18:49:32
C01063,Customer_C01063,Repeat,Gorakhpur,2025-01-15,5270.03,5,1054.01,55.1,0.5,2025-10-02 21:59:48,2026-07-30 18:44:41
C01081,Customer_C01081,Repeat,Lucknow,2025-01-15,20836.11,4,5209.03,66.2,0.41,2025-10-02 22:26:35,2026-07-19 17:45:52
C00444,Customer_C00444,New,Prayagraj,2025-01-15,525.17,1,525.17,355.4,30.0,2025-10-03 11:27:20,2025-10-03 11:27:20
C00606,Customer_C00606,Repeat,Prayagraj,2025-01-15,3142.09,3,1047.36,102.5,0.36,2025-10-03 12:45:41,2026-06-13 10:43:52
C00147,Customer_C00147,Repeat,Lucknow,2025-01-15,8887.71,5,1777.54,26.2,0.46,2025-10-03 13:26:20,2026-08-28 17:58:00
C02683,Customer_C02683,Repeat,Lucknow,2025-01-15,2146.55,4,536.64,65.2,0.41,2025-10-03 15:26:17,2026-07-20 18:00:35
C01490,Customer_C01490,Repeat,Lucknow,2025-01-15,4871.65,5,974.33,67.3,0.52,2025-10-03 15:32:20,2026-07-18 15:50:22
C01603,Customer_C01603,Repeat,Kanpur,2025-01-15,527.27,2,263.64,151.0,0.29,2025-10-03 16:23:32,2026-04-25 22:24:13
C01679,Customer_C01679,Repeat,Noida,2025-01-15,24728.52,5,4945.7,75.1,0.54,2025-10-03 17:34:56,2026-07-10 19:46:09
C03298,Customer_C03298,Repeat,Gorakhpur,2025-01-15,12221.48,3,4073.83,52.1,0.3,2025-10-03 17:53:53,2026-08-02 19:20:01
C02440,Customer_C02440,Repeat,Lucknow,2025-01-15,8354.42,4,2088.6,134.0,0.54,2025-10-03 18:21:45,2026-05-12 20:54:00
C00219,Customer_C00219,Repeat,Lucknow,2025-01-15,2985.85,5,597.17,129.6,0.66,2025-10-03 18:25:07,2026-05-17 08:33:08
C02647,Customer_C02647,Repeat,Jaipur,2025-01-15,2573.27,4,643.32,59.0,0.41,2025-10-03 18:33:50,2026-07-26 22:47:54
C01472,Customer_C01472,Repeat,Lucknow,2025-01-15,4661.45,6,776.91,75.1,0.64,2025-10-03 18:41:34,2026-07-10 19:26:28
C00001,Customer_C00001,Repeat,Agra,2025-01-15,13233.55,5,2646.71,122.2,0.64,2025-10-03 18:55:06,2026-05-24 17:01:17
C01026,Customer_C01026,Repeat,Kanpur,2025-01-15,1469.82,4,367.46,197.1,0.76,2025-10-03 18:58:47,2026-03-10 19:42:50
C03498,Customer_C03498,Repeat,Prayagraj,2025-01-15,1954.29,2,977.14,55.1,0.2,2025-10-03 19:00:59,2026-07-30 18:25:47
C01814,Customer_C01814,Repeat,Kanpur,2025-01-15,5590.12,6,931.69,65.5,0.62,2025-10-03 19:21:46,2026-07-20 08:55:01
C03465,Customer_C03465,Repeat,Noida,2025-01-15,3816.4,3,1272.13,237.2,0.76,2025-10-03 19:45:05,2026-01-29 16:09:19
C00112,Customer_C00112,Repeat,Lucknow,2025-01-15,2209.28,2,1104.64,162.5,0.31,2025-10-03 19:45:47,2026-04-14 09:35:30
C02321,Customer_C02321,Repeat,Lucknow,2025-01-15,7617.64,4,1904.41,24.1,0.36,2025-10-03 19:50:30,2026-08-30 19:42:25
C00638,Customer_C00638,Repeat,Gorakhpur,2025-01-15,11175.6,6,1862.6,43.1,0.58,2025-10-03 20:06:13,2026-08-11 20:40:09
C00995,Customer_C00995,Repeat,Kanpur,2025-01-15,4934.2,3,1644.73,73.3,0.32,2025-10-03 20:27:59,2026-07-12 13:57:27
C02652,Customer_C02652,Repeat,Noida,2025-01-15,10390.05,6,1731.68,13.3,0.53,2025-10-03 20:41:17,2026-09-10 15:15:00
C02571,Customer_C02571,Repeat,Varanasi,2025-01-15,13551.32,4,3387.83,239.2,1.04,2025-10-03 21:36:45,2026-01-27 16:29:53
C02509,Customer_C02509,Repeat,Lucknow,2025-01-15,2503.99,4,626.0,147.5,0.58,2025-10-03 22:18:57,2026-04-29 10:14:22
C03003,Customer_C03003,Repeat,Kanpur,2025-01-15,11967.27,3,3989.09,48.0,0.29,2025-10-04 09:12:18,2026-08-06 22:15:35
C02007,Customer_C02007,Repeat,Lucknow,2025-01-15,20239.16,4,5059.79,119.4,0.51,2025-10-04 09:52:02,2026-05-27 13:25:47
C01804,Customer_C01804,Repeat,Kanpur,2025-01-15,4975.31,4,1243.83,25.4,0.36,2025-10-04 10:10:59,2026-08-29 11:10:25
C02035,Customer_C02035,Repeat,Noida,2025-01-15,2875.18,2,1437.59,125.5,0.26,2025-10-04 10:28:52,2026-05-21 09:06:32
C02995,Customer_C02995,Repeat,Gorakhpur,2025-01-15,6002.68,3,2000.89,5.4,0.26,2025-10-04 10:37:00,2026-09-18 11:57:14
C00792,Customer_C00792,Repeat,Agra,2025-01-15,6327.65,5,1265.53,58.2,0.51,2025-10-04 10:59:56,2026-07-27 16:18:18
C02021,Customer_C02021,Repeat,Lucknow,2025-01-15,2552.98,3,850.99,0.5,0.25,2025-10-04 11:07:19,2026-09-23 09:55:56
C02672,Customer_C02672,Repeat,Prayagraj,2025-01-15,15230.19,7,2175.74,46.6,0.68,2025-10-04 11:12:05,2026-08-08 08:19:10
C02916,Customer_C02916,Repeat,Gorakhpur,2025-01-15,16583.98,3,5527.99,69.1,0.32,2025-10-04 12:06:04,2026-07-16 20:02:55
C02414,Customer_C02414,Repeat,Noida,2025-01-15,856.18,2,428.09,6.2,0.17,2025-10-04 12:28:57,2026-09-17 17:44:45
C01310,Customer_C01310,Repeat,Prayagraj,2025-01-15,6960.75,4,1740.19,104.3,0.48,2025-10-04 14:02:32,2026-06-11 15:36:44
C00900,Customer_C00900,New,Noida,2025-01-15,6329.63,1,6329.63,354.3,30.0,2025-10-04 14:05:51,2025-10-04 14:05:51
C01701,Customer_C01701,Repeat,Prayagraj,2025-01-15,4681.55,3,1560.52,108.4,0.37,2025-10-04 15:15:30,2026-06-07 11:15:08
C02073,Customer_C02073,Repeat,Varanasi,2025-01-15,1231.27,3,410.42,28.0,0.28,2025-10-04 15:22:09,2026-08-26 21:22:29
C02246,Customer_C02246,Repeat,Varanasi,2025-01-15,1650.2,3,550.07,44.2,0.39,2025-12-24 18:00:14,2026-08-10 16:44:10
C02994,Customer_C02994,Repeat,Lucknow,2025-01-15,15581.04,4,3895.26,199.1,0.77,2025-10-04 16:38:30,2026-03-08 18:52:42
C02094,Customer_C02094,Repeat,Prayagraj,2025-01-15,12704.37,4,3176.09,26.0,0.37,2025-10-04 16:48:01,2026-08-28 21:13:59
C02586,Customer_C02586,Repeat,Noida,2025-01-15,16564.19,3,5521.4,98.2,0.35,2025-10-04 17:39:37,2026-06-17 17:41:54
C01045,Customer_C01045,Repeat,Kanpur,2025-01-15,4126.24,5,825.25,174.1,0.83,2025-10-04 17:55:00,2026-04-02 19:10:19
C03103,Customer_C03103,Repeat,Lucknow,2025-01-15,24110.78,4,6027.7,295.0,2.03,2025-10-04 18:24:12,2025-12-02 21:47:25
C01066,Customer_C01066,Repeat,Kanpur,2025-01-15,2955.1,4,738.78,49.1,0.39,2025-10-04 18:30:13,2026-08-05 18:43:05
C02752,Customer_C02752,Repeat,Noida,2025-01-15,1899.26,3,633.09,298.0,1.61,2025-10-04 19:26:51,2025-11-29 21:09:30
C02890,Customer_C02890,Repeat,Gorakhpur,2025-01-15,6185.05,3,2061.68,82.2,0.33,2025-10-04 19:29:33,2026-07-03 16:37:47
C00280,Customer_C00280,Repeat,Varanasi,2025-01-15,20499.11,4,5124.78,41.2,0.38,2025-10-04 19:43:08,2026-08-13 18:16:25
C01866,Customer_C01866,Repeat,Noida,2025-01-15,1955.42,2,977.71,206.1,0.41,2025-10-04 20:13:13,2026-03-01 19:35:03
C00675,Customer_C00675,Repeat,Lucknow,2025-01-15,2516.08,3,838.69,132.2,0.41,2025-10-04 20:22:59,2026-05-14 17:49:08
C00520,Customer_C00520,Repeat,Gorakhpur,2025-01-15,4227.99,4,1057.0,187.2,0.72,2025-10-04 20:29:21,2026-03-20 17:53:11
C02081,Customer_C02081,Repeat,Noida,2025-01-15,12500.91,5,2500.18,70.1,0.53,2025-10-04 20:57:37,2026-07-15 19:40:32
C02977,Customer_C02977,Repeat,Noida,2025-01-15,5747.53,4,1436.88,151.1,0.59,2025-10-04 21:48:42,2026-04-25 19:26:47
C00932,Customer_C00932,Repeat,Patna,2025-01-15,5284.29,5,1056.86,34.1,0.47,2025-10-04 21:56:26,2026-08-20 20:15:36
C01541,Customer_C01541,Repeat,Noida,2025-01-15,9529.42,2,4764.71,177.5,0.34,2025-10-05 14:02:47,2026-03-30 10:09:02
C03319,Customer_C03319,Repeat,Lucknow,2025-01-15,7978.26,5,1595.65,89.1,0.57,2025-10-05 14:10:53,2026-06-26 19:09:31
C03088,Customer_C03088,Repeat,Varanasi,2025-01-15,8238.97,3,2746.32,0.2,0.25,2025-10-05 14:31:04,2026-09-23 16:59:31
C02671,Customer_C02671,Repeat,Lucknow,2025-01-15,8570.32,6,1428.39,53.1,0.6,2025-10-05 15:11:21,2026-08-01 20:28:44
C02894,Customer_C02894,Repeat,Kanpur,2025-01-15,4539.62,5,907.92,121.6,0.65,2025-10-05 16:15:50,2026-05-25 08:43:50
C01485,Customer_C01485,Repeat,Agra,2025-01-15,1352.52,3,450.84,307.3,1.96,2025-10-05 16:37:04,2025-11-20 15:39:25
C01372,Customer_C01372,Repeat,Noida,2025-01-15,1865.82,4,466.46,4.1,0.34,2025-10-05 17:48:53,2026-09-19 20:20:51
C02588,Customer_C02588,Repeat,Noida,2025-01-15,1255.27,3,418.42,65.2,0.31,2025-10-05 18:20:09,2026-07-20 16:35:58
C03435,Customer_C03435,Repeat,Varanasi,2025-01-15,19611.16,6,3268.53,31.1,0.56,2025-10-05 18:29:15,2026-08-23 18:54:42
C02112,Customer_C02112,Repeat,Noida,2025-01-15,1473.51,2,736.76,22.1,0.18,2025-10-05 18:48:47,2026-09-01 20:35:09
C02805,Customer_C02805,Repeat,Kanpur,2025-01-15,7656.96,4,1914.24,73.1,0.43,2025-10-05 18:59:32,2026-07-12 20:41:54
C02411,Customer_C02411,Repeat,Noida,2025-01-15,1070.86,2,535.43,176.1,0.34,2025-10-05 19:31:30,2026-03-31 20:04:35
C01977,Customer_C01977,Repeat,Varanasi,2025-01-15,1920.54,3,640.18,81.1,0.33,2025-10-05 19:42:31,2026-07-04 19:05:23
C00427,Customer_C00427,Repeat,Kanpur,2025-01-15,2550.23,3,850.08,135.2,0.41,2025-10-05 19:55:45,2026-05-11 16:15:11
C00853,Customer_C00853,Repeat,Gorakhpur,2025-01-15,4103.55,3,1367.85,155.5,0.46,2025-10-05 20:29:55,2026-04-21 08:47:06
C01075,Customer_C01075,Repeat,Prayagraj,2025-01-15,17778.07,8,2222.26,49.1,0.79,2025-10-05 20:38:44,2026-08-05 18:45:14
C00761,Customer_C00761,Repeat,Prayagraj,2025-01-15,5649.27,4,1412.32,345.0,14.87,2025-10-05 20:53:52,2025-10-13 22:32:30
C02764,Customer_C02764,Repeat,Kanpur,2025-01-15,9040.98,4,2260.24,33.0,0.38,2025-10-05 21:15:09,2026-08-21 21:05:18
C03190,Customer_C03190,Repeat,Prayagraj,2025-01-15,12128.58,4,3032.15,66.3,0.42,2025-10-05 21:42:45,2026-07-19 15:54:20
C00798,Customer_C00798,Repeat,Gorakhpur,2025-01-15,5907.18,4,1476.8,74.6,0.43,2025-10-05 21:55:50,2026-07-11 08:11:50
C01674,Customer_C01674,Repeat,Lucknow,2025-01-15,2431.21,3,810.4,86.5,0.34,2025-10-05 22:15:56,2026-06-29 08:47:26
C00849,Customer_C00849,Repeat,Gorakhpur,2025-01-15,1526.31,2,763.16,92.2,0.23,2025-10-05 22:51:44,2026-06-23 18:02:23
C00059,Customer_C00059,Repeat,Prayagraj,2025-01-15,2741.58,3,913.86,49.3,0.3,2025-10-06 08:01:56,2026-08-05 15:19:27
C01409,Customer_C01409,Repeat,Prayagraj,2025-01-15,5591.1,4,1397.78,193.2,0.75,2025-10-06 08:43:30,2026-03-14 18:19:00
C02903,Customer_C02903,Repeat,Kanpur,2025-01-15,8069.81,4,2017.45,15.1,0.36,2025-10-06 09:37:07,2026-09-08 18:52:17
C00585,Customer_C00585,Repeat,Agra,2025-01-15,9442.44,9,1049.16,113.0,1.13,2025-10-06 12:26:29,2026-06-02 22:24:27
C02556,Customer_C02556,Repeat,Agra,2025-01-15,4892.61,4,1223.15,60.1,0.41,2025-10-06 13:20:17,2026-07-25 20:20:28
C01806,Customer_C01806,Repeat,Jaipur,2025-01-15,347.06,2,173.53,77.2,0.22,2025-10-06 16:09:54,2026-07-08 17:22:11
C02125,Customer_C02125,Repeat,Noida,2025-01-15,4077.56,4,1019.39,82.2,0.44,2025-10-06 16:11:11,2026-07-03 17:08:00
C00912,Customer_C00912,Repeat,Noida,2025-01-15,8996.32,4,2249.08,23.2,0.36,2025-10-06 16:50:10,2026-08-31 16:47:11
C02558,Customer_C02558,Repeat,Lucknow,2025-01-15,8942.01,7,1277.43,19.5,0.63,2025-10-06 17:04:10,2026-09-04 10:10:36
C00547,Customer_C00547,Repeat,Gorakhpur,2025-01-15,24858.46,6,4143.08,3.2,0.52,2025-10-06 17:10:44,2026-09-20 17:20:20
C00788,Customer_C00788,Repeat,Jaipur,2025-01-15,3903.72,5,780.74,65.3,0.52,2025-10-06 17:20:27,2026-07-20 14:30:41
C01529,Customer_C01529,Repeat,Patna,2025-01-15,3117.91,5,623.58,9.4,0.44,2025-10-06 17:20:39,2026-09-14 12:53:42
C02958,Customer_C02958,Repeat,Agra,2025-01-15,3371.37,4,842.84,2.1,0.34,2025-10-06 17:29:05,2026-09-21 20:04:03
C02992,Customer_C02992,Repeat,Kanpur,2025-01-15,1352.48,2,676.24,211.0,0.43,2025-10-06 18:13:02,2026-02-24 20:59:04
C03396,Customer_C03396,Repeat,Lucknow,2025-01-15,2723.15,3,907.72,106.0,0.37,2025-10-06 18:31:49,2026-06-09 22:37:03
C02223,Customer_C02223,Repeat,Varanasi,2025-01-15,3649.93,3,1216.64,108.5,0.37,2025-10-06 18:43:24,2026-06-07 09:56:46
C00139,Customer_C00139,Repeat,Agra,2025-01-15,2164.26,3,721.42,10.2,0.26,2025-10-06 19:09:43,2026-09-13 18:10:36
C01574,Customer_C01574,Repeat,Kanpur,2025-01-15,13391.41,7,1913.06,27.1,0.65,2025-10-06 19:09:54,2026-08-27 19:32:54
C02631,Customer_C02631,Repeat,Kanpur,2025-01-15,6188.37,7,884.05,19.1,0.63,2025-10-06 20:08:44,2026-09-04 20:36:36
C03047,Customer_C03047,Repeat,Lucknow,2025-01-15,4123.6,5,824.72,104.0,0.6,2025-10-06 20:12:43,2026-06-11 21:05:57
C01169,Customer_C01169,Repeat,Kanpur,2025-01-15,2098.45,2,1049.22,345.1,8.55,2025-10-06 20:13:55,2025-10-13 20:41:01
C00715,Customer_C00715,Repeat,Noida,2025-01-15,4379.35,4,1094.84,91.0,0.46,2025-10-06 20:23:34,2026-06-24 21:30:32
C03280,Customer_C03280,Repeat,Kanpur,2025-01-15,4261.26,5,852.25,11.5,0.44,2025-10-06 20:54:44,2026-09-12 09:54:14
C02127,Customer_C02127,Repeat,Prayagraj,2025-01-15,703.94,3,234.65,280.2,1.25,2025-10-06 20:57:59,2025-12-17 16:27:05
C01791,Customer_C01791,Repeat,Varanasi,2025-01-15,3627.6,3,1209.2,171.6,0.5,2025-10-06 21:47:21,2026-04-05 08:27:35
C01423,Customer_C01423,Repeat,Prayagraj,2025-01-15,3470.92,3,1156.97,11.0,0.26,2025-10-06 21:56:39,2026-09-12 21:06:22
C02288,Customer_C02288,Repeat,Noida,2025-01-15,33642.48,5,6728.5,108.1,0.62,2025-10-07 08:31:40,2026-06-07 19:37:46
C03430,Customer_C03430,Repeat,Varanasi,2025-01-15,2415.67,3,805.22,155.5,0.46,2025-10-07 09:26:02,2026-04-21 09:50:03
C01304,Customer_C01304,Repeat,Lucknow,2025-01-15,11555.17,5,2311.03,58.0,0.51,2025-10-07 10:01:49,2026-07-27 21:37:29
C00752,Customer_C00752,Repeat,Gorakhpur,2025-01-15,7927.45,4,1981.86,73.0,0.43,2025-10-07 10:42:23,2026-07-12 21:55:58
C00904,Customer_C00904,Repeat,Lucknow,2025-01-15,3404.5,5,680.9,1.4,0.43,2025-10-07 14:25:07,2026-09-22 11:12:09
C00346,Customer_C00346,Repeat,Gorakhpur,2025-01-15,1976.08,2,988.04,320.1,1.92,2025-10-07 15:01:40,2025-11-07 20:08:07
C00457,Customer_C00457,Repeat,Gorakhpur,2025-01-15,3640.01,5,728.0,40.0,0.48,2025-10-07 15:51:14,2026-08-14 21:56:04
C02447,Customer_C02447,Repeat,Noida,2025-01-15,2720.71,3,906.9,76.1,0.33,2025-10-07 16:09:56,2026-07-09 18:24:41
C01503,Customer_C01503,Repeat,Lucknow,2025-01-15,17702.96,5,3540.59,24.3,0.46,2025-10-07 16:46:27,2026-08-30 15:07:11
C02574,Customer_C02574,Repeat,Lucknow,2025-01-15,3670.28,4,917.57,46.2,0.39,2025-10-07 16:47:04,2026-08-08 17:11:51
C00325,Customer_C00325,Repeat,Agra,2025-01-15,6264.05,4,1566.01,90.0,0.46,2025-10-07 17:25:03,2026-06-25 20:57:40
C01103,Customer_C01103,New,Kanpur,2025-01-15,668.38,1,668.38,351.2,30.0,2025-10-07 17:28:49,2025-10-07 17:28:49
C00644,Customer_C00644,Repeat,Gorakhpur,2025-01-15,7200.54,5,1440.11,4.2,0.43,2025-10-07 18:05:37,2026-09-19 18:04:56
C03049,Customer_C03049,New,Varanasi,2025-01-15,1932.7,1,1932.7,351.2,30.0,2025-10-07 18:14:31,2025-10-07 18:14:31
C02295,Customer_C02295,Repeat,Prayagraj,2025-01-15,17576.47,5,3515.29,82.2,0.56,2025-10-07 18:26:15,2026-07-03 17:11:11
C00254,Customer_C00254,Repeat,Kanpur,2025-01-15,3472.19,3,1157.4,135.1,0.42,2025-10-07 18:31:34,2026-05-11 19:55:36
C00673,Customer_C00673,Repeat,Prayagraj,2025-01-15,2720.24,3,906.75,7.2,0.26,2025-10-07 18:40:33,2026-09-16 16:49:40
C03023,Customer_C03023,Repeat,Noida,2025-01-15,2024.82,4,506.2,177.0,0.69,2025-10-07 18:45:40,2026-03-30 21:50:52
C01097,Customer_C01097,Repeat,Lucknow,2025-01-15,1516.08,2,758.04,239.3,0.54,2025-10-07 20:34:04,2026-01-27 15:10:07
C00384,Customer_C00384,Repeat,Noida,2025-01-15,7163.64,5,1432.73,185.2,0.9,2025-10-07 21:02:07,2026-03-22 16:46:14
C03113,Customer_C03113,Repeat,Agra,2025-01-15,2111.87,5,422.37,36.1,0.48,2025-10-08 09:04:23,2026-08-18 19:20:42
C01238,Customer_C01238,Repeat,Lucknow,2025-01-15,24502.56,4,6125.64,23.1,0.37,2025-10-08 09:40:59,2026-08-31 20:05:00
C00768,Customer_C00768,Repeat,Prayagraj,2025-01-15,2897.35,4,724.34,18.1,0.36,2025-10-08 12:54:26,2026-09-05 19:47:52
C03109,Customer_C03109,Repeat,Lucknow,2025-01-15,1946.32,6,324.39,7.5,0.52,2025-10-08 13:31:13,2026-09-16 10:18:33
C00249,Customer_C00249,Repeat,Prayagraj,2025-01-15,2507.15,3,835.72,110.1,0.37,2025-10-08 16:17:33,2026-06-05 19:24:17
C02841,Customer_C02841,Repeat,Kanpur,2025-01-15,506.07,2,253.04,273.1,0.78,2025-10-08 17:07:29,2025-12-24 20:04:59
C03177,Customer_C03177,Repeat,Lucknow,2025-01-15,4318.29,6,719.72,56.1,0.61,2025-10-08 17:12:15,2026-07-29 20:15:14
C00019,Customer_C00019,Repeat,Noida,2025-01-15,1559.66,3,519.89,176.2,0.52,2025-10-08 18:12:52,2026-03-31 18:10:13
C02889,Customer_C02889,Repeat,Prayagraj,2025-01-15,12279.58,3,4093.19,151.2,0.45,2025-10-08 19:00:03,2026-04-25 17:12:31
C01502,Customer_C01502,New,Noida,2025-01-15,335.15,1,335.15,350.1,30.0,2025-10-08 19:16:41,2025-10-08 19:16:41
C03432,Customer_C03432,Repeat,Agra,2025-01-15,394.63,3,131.54,38.0,0.42,2026-01-14 20:48:16,2026-08-16 21:36:07
C03342,Customer_C03342,Repeat,Noida,2025-01-15,3637.18,4,909.3,183.1,0.72,2025-10-08 19:32:13,2026-03-24 20:28:04
C00540,Customer_C00540,Repeat,Lucknow,2025-01-15,967.06,2,483.53,172.1,0.34,2025-10-08 19:37:44,2026-04-04 20:24:56
C01517,Customer_C01517,Repeat,Lucknow,2025-01-15,1628.32,3,542.77,211.0,0.65,2025-10-08 19:51:29,2026-02-24 21:00:29
C02079,Customer_C02079,Repeat,Noida,2025-01-15,1636.35,2,818.18,23.1,0.18,2025-10-08 20:30:47,2026-08-31 19:45:49
C02789,Customer_C02789,New,Jaipur,2025-01-15,786.7,1,786.7,350.0,30.0,2025-10-08 21:49:42,2025-10-08 21:49:42
C01719,Customer_C01719,Repeat,Noida,2025-01-15,7575.64,2,3787.82,77.5,0.22,2025-10-09 10:52:46,2026-07-08 09:25:07
C03044,Customer_C03044,Repeat,Gorakhpur,2025-01-15,757.94,2,378.97,133.5,0.28,2025-10-09 11:05:54,2026-05-13 10:34:50
C03136,Customer_C03136,Repeat,Gorakhpur,2025-01-15,2126.01,3,708.67,64.0,0.32,2025-10-09 12:04:58,2026-07-21 22:21:26
C02281,Customer_C02281,Repeat,Prayagraj,2025-01-15,944.6,2,472.3,272.1,0.78,2025-10-09 12:28:34,2025-12-25 19:49:28
C00888,Customer_C00888,Repeat,Noida,2025-01-15,1696.87,3,565.62,205.6,0.63,2025-10-09 13:12:00,2026-03-02 08:17:36
C01981,Customer_C01981,New,Noida,2025-01-15,534.88,1,534.88,349.3,30.0,2025-10-09 15:05:35,2025-10-09 15:05:35
C01781,Customer_C01781,Repeat,Lucknow,2025-01-15,13629.67,3,4543.22,209.2,0.64,2025-10-09 15:07:50,2026-02-26 18:09:39
C00569,Customer_C00569,Repeat,Noida,2025-01-15,3533.61,4,883.4,31.0,0.38,2025-10-09 15:30:09,2026-08-23 21:01:18
C02132,Customer_C02132,Repeat,Agra,2025-01-15,11356.84,2,5678.42,227.2,0.49,2025-10-09 16:07:24,2026-02-08 16:46:36
C00528,Customer_C00528,Repeat,Lucknow,2025-01-15,2570.96,5,514.19,23.1,0.46,2025-10-09 16:22:34,2026-08-31 20:09:10
C02523,Customer_C02523,Repeat,Agra,2025-01-15,1270.65,2,635.33,213.1,0.44,2025-10-09 16:29:13,2026-02-22 20:22:55
C00251,Customer_C00251,Repeat,Agra,2025-01-15,19085.62,3,6361.87,137.0,0.42,2025-10-09 16:38:37,2026-05-09 22:08:50
C02001,Customer_C02001,Repeat,Kanpur,2025-01-15,957.65,3,319.22,244.5,0.86,2025-10-09 17:13:53,2026-01-22 10:58:34
C01246,Customer_C01246,Repeat,Noida,2025-01-15,11093.09,5,2218.62,15.2,0.45,2025-10-09 17:21:10,2026-09-08 17:26:30
C03450,Customer_C03450,Repeat,Varanasi,2025-01-15,14507.51,5,2901.5,129.1,0.68,2025-10-09 17:25:03,2026-05-17 19:08:15
C00656,Customer_C00656,Repeat,Jaipur,2025-01-15,14619.72,3,4873.24,164.5,0.49,2025-10-09 17:44:57,2026-04-12 10:36:44
C02216,Customer_C02216,Repeat,Lucknow,2025-01-15,6948.77,7,992.68,101.1,0.85,2025-10-09 17:59:39,2026-06-14 19:25:51
C01665,Customer_C01665,Repeat,Noida,2025-01-15,9969.65,3,3323.22,0.4,0.26,2025-10-09 18:24:06,2026-09-23 11:24:01
C00422,Customer_C00422,Repeat,Prayagraj,2025-01-15,2961.98,4,740.5,78.2,0.44,2025-10-09 18:43:33,2026-07-07 16:50:16
C03107,Customer_C03107,Repeat,Gorakhpur,2025-01-15,2787.17,3,929.06,189.4,0.56,2025-10-09 18:52:31,2026-03-18 13:23:39
C02831,Customer_C02831,Repeat,Noida,2025-01-15,8510.8,4,2127.7,64.1,0.42,2025-10-09 18:54:06,2026-07-21 18:40:47
C01154,Customer_C01154,Repeat,Agra,2025-01-15,4187.88,3,1395.96,97.2,0.36,2025-10-09 19:54:49,2026-06-18 16:46:05
C02318,Customer_C02318,New,Noida,2025-01-15,1800.0,1,1800.0,349.0,30.0,2025-10-09 21:21:08,2025-10-09 21:21:08
C02276,Customer_C02276,Repeat,Noida,2025-01-15,3566.3,5,713.26,51.2,0.5,2025-10-09 22:25:52,2026-08-03 16:40:10
C01359,Customer_C01359,Repeat,Noida,2025-01-15,7580.41,6,1263.4,143.5,0.88,2025-10-09 22:26:51,2026-05-03 09:04:53
C01229,Customer_C01229,Repeat,Varanasi,2025-01-15,10242.76,9,1138.08,77.1,0.99,2025-10-10 08:28:19,2026-07-08 20:43:39
C01891,Customer_C01891,Repeat,Jaipur,2025-01-15,12038.32,3,4012.77,300.5,1.87,2025-10-10 08:42:47,2025-11-27 10:45:22
C02729,Customer_C02729,Repeat,Lucknow,2025-01-15,10737.41,5,2147.48,121.1,0.66,2025-10-10 09:41:01,2026-05-25 19:57:04
C03001,Customer_C03001,Repeat,Agra,2025-01-15,3570.24,2,1785.12,301.1,1.27,2025-10-10 10:29:16,2025-11-26 18:39:53
C02082,Customer_C02082,Repeat,Lucknow,2025-01-15,3828.8,3,1276.27,133.4,0.42,2025-10-10 13:12:53,2026-05-13 12:14:03
C02070,Customer_C02070,Repeat,Kanpur,2025-01-15,10873.65,6,1812.28,32.0,0.57,2025-10-10 15:04:16,2026-08-22 21:50:20
C02708,Customer_C02708,Repeat,Lucknow,2025-01-15,1798.95,4,449.74,17.3,0.36,2025-10-10 15:07:18,2026-09-06 15:41:48
C01743,Customer_C01743,Repeat,Gorakhpur,2025-01-15,17689.4,4,4422.35,246.1,1.18,2025-10-10 15:45:43,2026-01-20 18:24:14
C02560,Customer_C02560,Repeat,Lucknow,2025-01-15,9123.05,4,2280.76,242.5,1.13,2025-10-10 15:46:59,2026-01-24 10:49:20
C02346,Customer_C02346,Repeat,Lucknow,2025-01-15,3476.71,2,1738.36,151.1,0.3,2025-10-10 16:01:43,2026-04-25 18:53:16
C01675,Customer_C01675,Repeat,Prayagraj,2025-01-15,7262.44,4,1815.61,105.4,0.49,2025-10-10 16:33:31,2026-06-10 11:27:26
C01946,Customer_C01946,Repeat,Noida,2025-01-15,4725.16,5,945.03,48.0,0.5,2025-10-10 17:04:41,2026-08-06 22:58:11
C01525,Customer_C01525,Repeat,Varanasi,2025-01-15,1368.12,2,684.06,101.0,0.24,2025-10-10 17:14:19,2026-06-14 20:52:11
C00394,Customer_C00394,Repeat,Kanpur,2025-01-15,2446.6,5,489.32,13.3,0.45,2025-10-10 17:27:39,2026-09-10 13:44:38
C02146,Customer_C02146,Repeat,Kanpur,2025-01-15,8434.93,3,2811.64,52.2,0.3,2025-10-10 17:27:49,2026-08-02 16:43:48
C02947,Customer_C02947,Repeat,Agra,2025-01-15,17428.44,4,4357.11,84.2,0.45,2025-10-10 17:54:58,2026-07-01 17:02:41
C03289,Customer_C03289,Repeat,Delhi,2025-01-15,8511.25,3,2837.08,82.2,0.34,2025-10-10 18:13:09,2026-07-03 16:51:33
C00025,Customer_C00025,Repeat,Prayagraj,2025-01-15,1535.55,4,383.89,51.2,0.4,2025-10-10 18:23:41,2026-08-03 18:18:26
C00643,Customer_C00643,Repeat,Prayagraj,2025-01-15,1921.62,4,480.4,8.1,0.35,2025-10-10 18:46:32,2026-09-15 19:03:49
C01007,Customer_C01007,Repeat,Kanpur,2025-01-15,7336.1,4,1834.02,65.0,0.42,2025-10-10 19:48:12,2026-07-20 21:39:51
C01079,Customer_C01079,Repeat,Jaipur,2025-01-15,2523.8,3,841.27,45.1,0.3,2025-10-10 19:56:39,2026-08-09 18:38:15
C03005,Customer_C03005,Repeat,Lucknow,2025-01-15,6423.06,2,3211.53,341.0,8.49,2025-10-10 20:33:21,2025-10-17 22:13:45
C00812,Customer_C00812,Repeat,Noida,2025-01-15,538.41,2,269.2,219.1,0.47,2025-10-10 21:04:45,2026-02-16 19:11:55
C03125,Customer_C03125,Repeat,Lucknow,2025-01-15,1860.39,2,930.2,8.1,0.18,2025-10-10 21:13:51,2026-09-15 19:22:32
C02462,Customer_C02462,Repeat,Noida,2025-01-15,3696.96,3,1232.32,158.1,0.47,2025-10-10 21:19:37,2026-04-18 18:42:30
C02332,Customer_C02332,Repeat,Gorakhpur,2025-01-15,11572.49,4,2893.12,159.1,0.64,2025-10-11 08:26:59,2026-04-17 20:25:56
C00818,Customer_C00818,Repeat,Noida,2025-01-15,18432.59,3,6144.2,262.0,1.05,2025-10-11 15:21:13,2026-01-04 22:54:52
C03166,Customer_C03166,Repeat,Prayagraj,2025-01-15,582.55,2,291.28,315.0,1.86,2025-10-11 15:45:26,2025-11-12 22:44:07
C00740,Customer_C00740,Repeat,Gorakhpur,2025-01-15,11001.96,3,3667.32,28.1,0.28,2025-10-11 16:58:55,2026-08-26 19:38:06
C02514,Customer_C02514,Repeat,Gorakhpur,2025-01-15,761.36,2,380.68,153.1,0.31,2025-10-11 17:56:40,2026-04-23 19:29:23
C03223,Customer_C03223,Repeat,Kanpur,2025-01-15,3537.83,4,884.46,126.2,0.54,2025-10-11 18:17:34,2026-05-20 16:18:35
C00497,Customer_C00497,New,Agra,2025-01-15,190.86,1,190.86,347.1,30.0,2025-10-11 19:25:28,2025-10-11 19:25:28
C00004,Customer_C00004,Repeat,Lucknow,2025-01-15,2382.33,5,476.47,46.1,0.5,2025-10-11 19:25:58,2026-08-08 19:13:38
C00759,Customer_C00759,Repeat,Kanpur,2025-01-15,491.63,2,245.82,181.1,0.36,2025-10-11 19:34:04,2026-03-26 19:18:49
C00321,Customer_C00321,Repeat,Gorakhpur,2025-01-15,10273.54,5,2054.71,2.0,0.43,2025-10-11 19:42:35,2026-09-21 21:02:41
C01840,Customer_C01840,Repeat,Agra,2025-01-15,2601.69,3,867.23,142.1,0.44,2025-10-11 19:47:32,2026-05-04 19:35:00
C01688,Customer_C01688,New,Noida,2025-01-15,487.35,1,487.35,347.1,30.0,2025-10-11 20:09:08,2025-10-11 20:09:08
C03070,Customer_C03070,Repeat,Noida,2025-01-15,2630.24,4,657.56,52.1,0.41,2025-10-11 20:53:11,2026-08-02 20:27:28
C03382,Customer_C03382,Repeat,Jaipur,2025-01-15,16324.58,2,8162.29,189.3,0.38,2025-10-11 21:11:36,2026-03-18 15:03:35
C01404,Customer_C01404,Repeat,Varanasi,2025-01-15,17550.23,3,5850.08,179.2,0.54,2025-10-11 21:38:19,2026-03-28 16:25:42
C01908,Customer_C01908,Repeat,Noida,2025-01-15,10017.16,6,1669.53,79.4,0.67,2025-10-11 22:07:03,2026-07-06 13:30:28
C02014,Customer_C02014,Repeat,Kanpur,2025-01-15,1484.48,4,371.12,42.0,0.39,2025-10-11 22:25:24,2026-08-12 22:21:26
C01120,Customer_C01120,Repeat,Jaipur,2025-01-15,1733.34,3,577.78,75.0,0.33,2025-10-12 08:33:11,2026-07-10 22:51:59
C00191,Customer_C00191,Repeat,Noida,2025-01-15,5145.21,5,1029.04,76.1,0.55,2025-10-12 09:51:08,2026-07-09 19:29:36
C02662,Customer_C02662,Repeat,Lucknow,2025-01-15,750.77,2,375.38,341.1,11.18,2025-10-12 10:08:46,2025-10-17 18:58:47
C00246,Customer_C00246,Repeat,Lucknow,2025-01-15,17208.16,10,1720.82,19.0,0.92,2025-10-12 10:41:22,2026-09-04 21:27:31
C01979,Customer_C01979,Repeat,Varanasi,2025-01-15,10126.43,4,2531.61,170.1,0.68,2025-10-12 14:45:22,2026-04-06 19:14:10
C01911,Customer_C01911,Repeat,Agra,2025-01-15,1000.2,2,500.1,59.0,0.21,2025-10-12 16:49:43,2026-07-26 21:21:31
C02705,Customer_C02705,Repeat,Kanpur,2025-01-15,9019.4,2,4509.7,125.2,0.27,2025-10-12 17:32:06,2026-05-21 16:25:16
C01019,Customer_C01019,Repeat,Varanasi,2025-01-15,1354.21,2,677.1,325.0,2.83,2025-10-12 17:53:38,2025-11-02 22:52:05
C00797,Customer_C00797,Repeat,Lucknow,2025-01-15,17266.01,3,5755.34,278.2,1.32,2025-10-12 17:55:04,2025-12-19 18:13:55
C00737,Customer_C00737,Repeat,Noida,2025-01-15,4136.95,6,689.49,69.5,0.65,2025-10-12 18:41:05,2026-07-16 11:08:53
C01481,Customer_C01481,Repeat,Agra,2025-01-15,5231.54,5,1046.31,235.2,1.35,2025-10-12 19:03:21,2026-01-31 18:01:41
C01039,Customer_C01039,Repeat,Prayagraj,2025-01-15,1630.82,4,407.71,24.1,0.37,2025-10-12 19:05:41,2026-08-30 19:40:25
C03146,Customer_C03146,Repeat,Prayagraj,2025-01-15,3282.26,4,820.56,241.4,1.15,2025-10-12 19:52:17,2026-01-25 13:24:58
C00002,Customer_C00002,Repeat,Lucknow,2025-01-15,1813.12,2,906.56,273.3,0.82,2025-10-12 20:51:19,2025-12-24 15:30:10
C00103,Customer_C00103,Repeat,Gorakhpur,2025-01-15,10381.45,3,3460.48,147.1,0.45,2025-10-12 21:07:12,2026-04-29 19:09:23
C00096,Customer_C00096,Repeat,Noida,2025-01-15,5631.0,2,2815.5,195.3,0.4,2025-10-12 21:19:10,2026-03-12 15:39:23
C03304,Customer_C03304,Repeat,Prayagraj,2025-01-15,1271.08,3,423.69,47.2,0.3,2025-10-12 21:42:17,2026-08-07 16:03:41
C00409,Customer_C00409,Repeat,Noida,2025-01-15,6839.39,5,1367.88,52.3,0.51,2025-10-12 21:44:05,2026-08-02 15:39:18
C01591,Customer_C01591,Repeat,Lucknow,2025-01-15,790.24,3,263.41,44.1,0.45,2026-01-23 18:51:01,2026-08-10 19:27:43
C01125,Customer_C01125,New,Jaipur,2025-01-15,140.76,1,140.76,346.0,30.0,2025-10-12 22:31:39,2025-10-12 22:31:39
C03433,Customer_C03433,Repeat,Varanasi,2025-01-15,3289.72,3,1096.57,223.1,0.74,2025-10-13 08:38:24,2026-02-12 18:52:43
C01621,Customer_C01621,Repeat,Kanpur,2025-01-15,945.73,3,315.24,121.2,0.4,2025-10-13 14:22:05,2026-05-25 17:11:29
C00393,Customer_C00393,Repeat,Prayagraj,2025-01-15,1237.47,4,309.37,170.2,0.69,2025-10-13 15:09:23,2026-04-06 17:43:37
C01823,Customer_C01823,Repeat,Varanasi,2025-01-15,1771.32,3,590.44,47.5,0.3,2025-10-13 15:48:18,2026-08-07 10:32:26
C00190,Customer_C00190,Repeat,Agra,2025-01-15,7555.22,4,1888.8,15.2,0.36,2025-10-13 16:34:14,2026-09-08 17:50:07
C00549,Customer_C00549,Repeat,Agra,2025-01-15,1580.61,4,395.15,28.0,0.38,2025-10-13 17:29:48,2026-08-26 20:58:56
C00762,Customer_C00762,Repeat,Prayagraj,2025-01-15,2288.47,4,572.12,40.2,0.39,2025-10-13 17:31:22,2026-08-14 16:07:46
C02018,Customer_C02018,Repeat,Lucknow,2025-01-15,1408.76,3,469.59,199.1,0.62,2025-10-13 17:41:57,2026-03-08 19:56:06
C02604,Customer_C02604,Repeat,Lucknow,2025-01-15,1603.77,2,801.88,190.0,0.39,2025-10-13 17:42:00,2026-03-17 21:33:33
C02742,Customer_C02742,Repeat,Lucknow,2025-01-15,1922.76,2,961.38,288.6,1.06,2025-10-13 18:12:14,2025-12-09 08:39:13
C00750,Customer_C00750,Repeat,Noida,2025-01-15,2278.76,3,759.59,111.0,0.38,2025-10-13 18:42:20,2026-06-04 22:59:55
C02749,Customer_C02749,Repeat,Prayagraj,2025-01-15,8660.34,3,2886.78,69.1,0.33,2025-10-13 18:42:22,2026-07-16 18:58:48
C01594,Customer_C01594,New,Prayagraj,2025-01-15,638.26,1,638.26,345.1,30.0,2025-10-13 18:47:37,2025-10-13 18:47:37
C01993,Customer_C01993,Repeat,Noida,2025-01-15,2502.98,3,834.33,19.0,0.28,2025-10-13 18:55:16,2026-09-04 22:42:48
C01009,Customer_C01009,Repeat,Varanasi,2025-01-15,3238.21,5,647.64,18.3,0.46,2025-10-13 19:03:42,2026-09-05 14:59:16
C01128,Customer_C01128,Repeat,Lucknow,2025-01-15,2877.82,6,479.64,21.0,0.56,2025-10-13 19:21:50,2026-09-02 21:52:12
C02517,Customer_C02517,Repeat,Noida,2025-01-15,7113.3,2,3556.65,340.2,12.25,2025-10-13 19:46:38,2025-10-18 17:20:07
C03154,Customer_C03154,Repeat,Agra,2025-01-15,7799.61,2,3899.8,178.1,0.36,2025-10-13 20:24:50,2026-03-29 19:16:51
C01894,Customer_C01894,Repeat,Lucknow,2025-01-15,16999.41,7,2428.49,39.0,0.69,2025-10-13 20:27:22,2026-08-15 21:44:03
C01575,Customer_C01575,Repeat,Prayagraj,2025-01-15,905.36,2,452.68,251.2,0.64,2025-10-13 20:44:12,2026-01-15 17:14:08
C00837,Customer_C00837,Repeat,Gorakhpur,2025-01-15,4529.13,4,1132.28,133.2,0.57,2025-10-13 20:50:08,2026-05-13 17:59:02
C01439,Customer_C01439,Repeat,Jaipur,2025-01-15,1020.0,2,510.0,188.4,0.38,2025-10-13 22:17:19,2026-03-19 11:59:24
C03317,Customer_C03317,Repeat,Lucknow,2025-01-15,3094.12,2,1547.06,187.1,0.38,2025-10-13 22:32:11,2026-03-20 18:50:37
C01721,Customer_C01721,Repeat,Noida,2025-01-15,4632.6,2,2316.3,36.2,0.19,2025-10-13 22:56:42,2026-08-18 17:14:06
C01818,Customer_C01818,Repeat,Noida,2025-01-15,6156.95,5,1231.39,9.1,0.45,2025-10-14 08:09:24,2026-09-14 20:29:36
C02835,Customer_C02835,Repeat,Lucknow,2025-01-15,1838.64,2,919.32,26.1,0.19,2025-10-14 08:39:30,2026-08-28 18:44:20
C02684,Customer_C02684,Repeat,Lucknow,2025-01-15,3745.63,4,936.41,69.1,0.44,2025-10-14 09:32:11,2026-07-16 20:05:03
C03473,Customer_C03473,New,Noida,2025-01-15,232.92,1,232.92,344.3,30.0,2025-10-14 13:37:56,2025-10-14 13:37:56
C00735,Customer_C00735,Repeat,Gorakhpur,2025-01-15,13827.58,4,3456.9,13.1,0.36,2025-10-14 14:13:09,2026-09-10 18:26:14
C00206,Customer_C00206,Repeat,Kanpur,2025-01-15,6792.8,4,1698.2,138.3,0.58,2025-10-14 14:18:44,2026-05-08 15:14:05
C03397,Customer_C03397,Repeat,Noida,2025-01-15,16379.37,3,5459.79,61.2,0.32,2025-10-14 15:19:46,2026-07-24 17:40:35
C02723,Customer_C02723,Repeat,Patna,2025-01-15,2167.23,3,722.41,85.5,0.35,2025-10-14 17:37:25,2026-06-30 11:01:55
C01617,Customer_C01617,Repeat,Noida,2025-01-15,1742.67,3,580.89,119.0,0.4,2025-10-14 17:51:25,2026-05-27 22:04:17
C02375,Customer_C02375,Repeat,Varanasi,2025-01-15,20395.94,4,5098.99,23.3,0.37,2025-10-14 18:07:20,2026-08-31 14:46:05
C00707,Customer_C00707,Repeat,Prayagraj,2025-01-15,7028.34,7,1004.05,41.6,0.69,2025-10-14 18:59:41,2026-08-13 08:13:14
C01654,Customer_C01654,Repeat,Jaipur,2025-01-15,680.38,2,340.19,296.4,1.26,2025-10-14 19:02:54,2025-12-01 11:19:29
C00121,Customer_C00121,Repeat,Kanpur,2025-01-15,2734.9,4,683.72,3.1,0.35,2025-10-14 19:14:57,2026-09-20 19:31:05
C02584,Customer_C02584,Repeat,Gorakhpur,2025-01-15,9020.72,5,1804.14,29.1,0.48,2025-10-14 19:20:46,2026-08-25 19:17:01
C02614,Customer_C02614,Repeat,Agra,2025-01-15,3526.84,2,1763.42,337.1,8.55,2025-10-14 19:23:59,2025-10-21 19:45:29
C00044,Customer_C00044,Repeat,Agra,2025-01-15,373.83,2,186.92,216.5,0.47,2025-10-14 20:07:29,2026-02-19 10:43:39
C02019,Customer_C02019,Repeat,Prayagraj,2025-01-15,4387.62,4,1096.9,3.1,0.35,2025-10-14 20:57:57,2026-09-20 18:23:26
C01332,Customer_C01332,Repeat,Noida,2025-01-15,2030.17,5,406.03,188.1,0.96,2025-10-14 21:03:48,2026-03-19 20:20:51
C02335,Customer_C02335,Repeat,Lucknow,2025-01-15,7885.5,5,1577.1,77.6,0.56,2025-10-14 21:13:20,2026-07-08 08:19:23
C03303,Customer_C03303,New,Prayagraj,2025-01-15,1800.0,1,1800.0,344.0,30.0,2025-10-14 21:36:05,2025-10-14 21:36:05
C02174,Customer_C02174,Repeat,Noida,2025-01-15,4534.03,3,1511.34,315.2,3.13,2025-10-14 22:16:57,2025-11-12 16:24:35
C01497,Customer_C01497,Repeat,Lucknow,2025-01-15,1482.78,4,370.7,105.1,0.5,2025-10-15 10:53:29,2026-06-10 19:06:20
C03419,Customer_C03419,Repeat,Varanasi,2025-01-15,5079.1,4,1269.77,189.0,0.78,2025-10-15 13:31:27,2026-03-18 20:57:37
C01055,Customer_C01055,Repeat,Prayagraj,2025-01-15,1069.92,3,356.64,146.1,0.46,2025-10-15 14:06:09,2026-04-30 18:55:09
C01774,Customer_C01774,Repeat,Noida,2025-01-15,16860.88,2,8430.44,61.3,0.21,2025-10-15 15:46:41,2026-07-24 14:52:46
C00850,Customer_C00850,Repeat,Lucknow,2025-01-15,8714.54,4,2178.64,52.1,0.41,2025-10-15 16:28:13,2026-08-02 20:27:30
C02408,Customer_C02408,Repeat,Patna,2025-01-15,7952.56,6,1325.43,36.5,0.59,2025-10-15 16:34:52,2026-08-18 09:14:50
C00915,Customer_C00915,Repeat,Varanasi,2025-01-15,2324.74,2,1162.37,271.2,0.83,2025-10-15 16:48:33,2025-12-26 16:00:42
C02339,Customer_C02339,Repeat,Noida,2025-01-15,2866.68,6,477.78,5.1,0.53,2025-10-15 16:58:47,2026-09-18 20:46:01
C02427,Customer_C02427,Repeat,Kanpur,2025-01-15,5275.56,4,1318.89,51.1,0.41,2025-10-15 17:02:25,2026-08-03 19:39:13
C00909,Customer_C00909,Repeat,Kanpur,2025-01-15,1301.29,3,433.76,209.4,0.67,2025-10-15 17:04:36,2026-02-26 11:28:43
C02633,Customer_C02633,Repeat,Noida,2025-01-15,7396.56,3,2465.52,309.2,2.65,2025-10-15 17:55:38,2025-11-18 15:58:40
C01792,Customer_C01792,Repeat,Lucknow,2025-01-15,5938.0,3,1979.33,55.2,0.31,2025-10-15 18:00:42,2026-07-30 16:23:32
C01349,Customer_C01349,Repeat,Patna,2025-01-15,3172.91,3,1057.64,1.1,0.26,2025-10-15 18:20:30,2026-09-22 19:38:26
C01983,Customer_C01983,Repeat,Prayagraj,2025-01-15,11252.34,7,1607.48,41.4,0.7,2025-10-15 18:35:10,2026-08-13 13:00:01
C00403,Customer_C00403,Repeat,Kanpur,2025-01-15,1730.56,2,865.28,206.3,0.44,2025-10-15 18:39:22,2026-03-01 15:46:39
C00299,Customer_C00299,Repeat,Lucknow,2025-01-15,10862.84,5,2172.57,36.1,0.49,2025-10-15 18:46:04,2026-08-18 19:52:03
C01726,Customer_C01726,Repeat,Kanpur,2025-01-15,1464.67,2,732.34,204.0,0.43,2025-10-15 19:12:34,2026-03-03 21:10:03
C02491,Customer_C02491,Repeat,Gorakhpur,2025-01-15,12906.58,6,2151.1,36.1,0.59,2025-10-15 19:19:18,2026-08-18 19:36:18
C01361,Customer_C01361,Repeat,Varanasi,2025-01-15,2298.53,3,766.18,33.1,0.29,2025-10-15 19:39:00,2026-08-21 18:39:10
C00250,Customer_C00250,Repeat,Lucknow,2025-01-15,4796.96,4,1199.24,38.0,0.39,2025-10-15 22:19:13,2026-08-16 21:58:06
C01795,Customer_C01795,Repeat,Noida,2025-01-15,8155.05,3,2718.35,118.5,0.4,2025-10-16 10:48:18,2026-05-28 10:38:18
C01311,Customer_C01311,New,Lucknow,2025-01-15,307.88,1,307.88,342.5,30.0,2025-10-16 11:02:35,2025-10-16 11:02:35
C03453,Customer_C03453,New,Prayagraj,2025-01-15,424.0,1,424.0,342.4,30.0,2025-10-16 11:10:36,2025-10-16 11:10:36
C01289,Customer_C01289,Repeat,Kanpur,2025-01-15,17256.09,3,5752.03,9.3,0.27,2025-10-16 11:51:06,2026-09-14 15:54:16
C02618,Customer_C02618,Repeat,Noida,2025-01-15,2280.37,3,760.12,48.4,0.31,2025-10-16 15:26:14,2026-08-06 12:24:42
C00151,Customer_C00151,Repeat,Jaipur,2025-01-15,2194.49,3,731.5,116.1,0.4,2025-10-16 16:29:40,2026-05-30 20:18:26
C00448,Customer_C00448,Repeat,Agra,2025-01-15,1311.26,2,655.63,211.2,0.46,2025-10-16 17:42:29,2026-02-24 16:04:53
C00120,Customer_C00120,Repeat,Kanpur,2025-01-15,2204.47,2,1102.24,206.3,0.44,2025-10-16 18:28:52,2026-03-01 14:52:55
C02041,Customer_C02041,Repeat,Prayagraj,2025-01-15,3832.79,4,958.2,54.0,0.42,2025-10-16 18:30:20,2026-07-31 21:25:48
C00451,Customer_C00451,Repeat,Lucknow,2025-01-15,5148.3,5,1029.66,19.1,0.46,2025-10-16 18:55:01,2026-09-04 20:43:52
C01624,Customer_C01624,Repeat,Prayagraj,2025-01-15,9473.22,4,2368.3,145.4,0.61,2025-10-16 18:55:49,2026-05-01 11:55:10
C00665,Customer_C00665,New,Lucknow,2025-01-15,265.99,1,265.99,342.1,30.0,2025-10-16 19:06:43,2025-10-16 19:06:43
C01107,Customer_C01107,Repeat,Varanasi,2025-01-15,3457.78,5,691.56,4.2,0.44,2025-10-16 19:17:28,2026-09-19 17:38:22
C03246,Customer_C03246,Repeat,Gorakhpur,2025-01-15,13327.42,4,3331.86,37.1,0.39,2025-10-16 19:28:22,2026-08-17 19:30:15
C00436,Customer_C00436,Repeat,Prayagraj,2025-01-15,18375.99,6,3062.66,8.1,0.54,2025-10-16 19:46:28,2026-09-15 18:41:52
C00550,Customer_C00550,Repeat,Gorakhpur,2025-01-15,12806.59,5,2561.32,170.3,0.87,2025-10-16 20:00:14,2026-04-06 13:39:37
C02438,Customer_C02438,Repeat,Gorakhpur,2025-01-15,3253.18,5,650.64,50.2,0.51,2025-10-16 20:00:33,2026-08-04 17:41:31
C01605,Customer_C01605,Repeat,Lucknow,2025-01-15,3863.79,3,1287.93,46.3,0.3,2025-10-16 20:36:12,2026-08-08 15:15:18
C00362,Customer_C00362,Repeat,Gorakhpur,2025-01-15,1113.01,3,371.0,17.4,0.28,2025-10-16 20:37:07,2026-09-06 12:47:16
C01160,Customer_C01160,Repeat,Lucknow,2025-01-15,11457.48,2,5728.74,215.1,0.47,2025-10-16 20:44:33,2026-02-20 19:33:16
C01175,Customer_C01175,Repeat,Gorakhpur,2025-01-15,3523.49,2,1761.74,132.2,0.29,2025-10-16 20:50:31,2026-05-14 17:13:51
C02981,Customer_C02981,Repeat,Jaipur,2025-01-15,1144.87,4,286.22,27.4,0.38,2025-10-16 21:46:31,2026-08-27 13:22:20
C03101,Customer_C03101,New,Prayagraj,2025-01-15,477.5,1,477.5,342.0,30.0,2025-10-16 21:47:02,2025-10-16 21:47:02
C00917,Customer_C00917,Repeat,Gorakhpur,2025-01-15,23217.87,6,3869.64,40.0,0.6,2025-10-16 21:50:10,2026-08-14 21:25:23
C02668,Customer_C02668,Repeat,Varanasi,2025-01-15,3387.76,4,846.94,3.1,0.35,2025-10-16 21:54:06,2026-09-20 18:46:54
C02331,Customer_C02331,Repeat,Noida,2025-01-15,5643.89,5,1128.78,79.3,0.63,2025-11-11 19:39:58,2026-07-06 15:41:39
C00300,Customer_C00300,Repeat,Kanpur,2025-01-15,3019.3,6,503.22,55.1,0.63,2025-10-16 22:07:28,2026-07-30 18:31:18
C00447,Customer_C00447,Repeat,Agra,2025-01-15,9590.51,4,2397.63,35.0,0.39,2025-10-16 22:08:35,2026-08-19 20:53:48
C00149,Customer_C00149,New,Lucknow,2025-01-15,737.29,1,737.29,342.0,30.0,2025-10-16 22:31:45,2025-10-16 22:31:45
C00396,Customer_C00396,Repeat,Jaipur,2025-01-15,2316.0,2,1158.0,100.0,0.25,2025-10-16 22:43:08,2026-06-15 21:28:40
C01282,Customer_C01282,Repeat,Gorakhpur,2025-01-15,1604.14,4,401.04,10.1,0.36,2025-10-17 08:36:26,2026-09-13 20:14:02
C00981,Customer_C00981,Repeat,Gorakhpur,2025-01-15,10028.25,4,2507.06,56.4,0.42,2025-10-17 08:40:46,2026-07-29 11:38:19
C01347,Customer_C01347,Repeat,Agra,2025-01-15,1875.51,4,468.88,227.2,1.05,2025-10-17 10:38:51,2026-02-08 18:17:11
C01500,Customer_C01500,Repeat,Noida,2025-01-15,1380.09,2,690.04,1.1,0.18,2025-10-17 12:36:13,2026-09-22 18:57:32
C02991,Customer_C02991,Repeat,Lucknow,2025-01-15,1616.09,3,538.7,19.2,0.28,2025-10-17 13:01:47,2026-09-04 18:19:56
C01148,Customer_C01148,Repeat,Prayagraj,2025-01-15,8435.73,6,1405.96,33.4,0.58,2025-10-17 13:15:18,2026-08-21 12:39:47
C02939,Customer_C02939,Repeat,Prayagraj,2025-01-15,4426.91,6,737.82,76.0,0.68,2025-10-17 14:21:26,2026-07-09 20:47:46
C02549,Customer_C02549,Repeat,Gorakhpur,2025-01-15,13214.0,3,4404.67,27.1,0.29,2025-10-17 14:44:14,2026-08-27 20:04:59
C01931,Customer_C01931,Repeat,Gorakhpur,2025-01-15,958.33,3,319.44,116.5,0.4,2025-10-17 15:15:24,2026-05-30 09:17:27
C00786,Customer_C00786,Repeat,Prayagraj,2025-01-15,19006.75,5,3801.35,92.5,0.6,2025-10-17 15:22:46,2026-06-23 10:40:53
C01815,Customer_C01815,Repeat,Lucknow,2025-01-15,6717.78,3,2239.26,197.1,0.62,2025-10-17 15:24:21,2026-03-10 18:48:02
C03439,Customer_C03439,Repeat,Prayagraj,2025-01-15,2415.71,3,805.24,65.0,0.33,2025-10-17 15:39:00,2026-07-20 22:20:47
C01552,Customer_C01552,Repeat,Lucknow,2025-01-15,1503.42,3,501.14,123.1,0.41,2025-10-17 16:21:42,2026-05-23 20:09:13
C01708,Customer_C01708,Repeat,Prayagraj,2025-01-15,4970.83,4,1242.71,277.1,1.87,2025-10-17 16:46:43,2025-12-20 18:46:05
C01854,Customer_C01854,Repeat,Gorakhpur,2025-01-15,10161.97,3,3387.32,132.1,0.43,2025-10-17 17:22:26,2026-05-14 20:30:06
C00158,Customer_C00158,Repeat,Agra,2025-01-15,4542.33,3,1514.11,207.6,0.67,2025-10-17 17:55:31,2026-02-28 08:10:29
C01052,Customer_C01052,Repeat,Kanpur,2025-01-15,1603.66,2,801.83,42.2,0.2,2025-10-17 18:25:36,2026-08-12 16:51:50
C02732,Customer_C02732,Repeat,Noida,2025-01-15,4262.6,2,2131.3,255.0,0.7,2025-10-17 18:30:18,2026-01-11 22:43:25
C00713,Customer_C00713,Repeat,Prayagraj,2025-01-15,11885.88,2,5942.94,240.5,0.6,2025-10-17 18:30:45,2026-01-26 09:24:39
C00171,Customer_C00171,Repeat,Noida,2025-01-15,3312.6,4,828.15,91.5,0.48,2025-10-17 18:32:15,2026-06-24 10:28:45
C02373,Customer_C02373,Repeat,Noida,2025-01-15,8385.38,5,1677.08,4.1,0.45,2025-10-17 18:48:39,2026-09-19 19:06:17
C00861,Customer_C00861,Repeat,Noida,2025-01-15,3792.63,3,1264.21,73.2,0.34,2025-10-17 19:02:13,2026-07-12 18:05:41
C02741,Customer_C02741,Repeat,Prayagraj,2025-01-15,1243.82,2,621.91,237.1,0.58,2025-10-17 19:04:19,2026-01-29 19:20:50
C01296,Customer_C01296,Repeat,Noida,2025-01-15,14810.5,5,2962.1,41.6,0.5,2025-10-17 19:16:44,2026-08-13 08:07:14
C01114,Customer_C01114,New,Gorakhpur,2025-01-15,7264.52,1,7264.52,341.1,30.0,2025-10-17 19:38:27,2025-10-17 19:38:27
C00336,Customer_C00336,Repeat,Prayagraj,2025-01-15,948.91,3,316.3,95.5,0.37,2025-10-17 20:21:19,2026-06-20 09:17:41
C00043,Customer_C00043,Repeat,Noida,2025-01-15,9888.36,6,1648.06,118.5,0.81,2025-10-17 21:39:27,2026-05-28 11:09:18
C01771,Customer_C01771,Repeat,Noida,2025-01-15,1719.11,4,429.78,36.0,0.39,2025-10-17 21:55:18,2026-08-18 21:15:17
C03360,Customer_C03360,Repeat,Kanpur,2025-01-15,5344.75,5,1068.95,103.1,0.63,2025-10-17 22:10:13,2026-06-12 19:44:18
C01462,Customer_C01462,Repeat,Agra,2025-01-15,13710.47,8,1713.81,3.4,0.71,2025-10-17 22:20:46,2026-09-20 12:38:07
C00763,Customer_C00763,Repeat,Jaipur,2025-01-15,6946.7,4,1736.68,58.0,0.42,2025-10-18 08:50:11,2026-07-27 21:44:34
C01519,Customer_C01519,Repeat,Kanpur,2025-01-15,2905.99,3,968.66,175.2,0.54,2025-10-18 09:53:27,2026-04-01 17:37:51
C03375,Customer_C03375,Repeat,Lucknow,2025-01-15,13842.4,5,2768.48,115.0,0.67,2025-10-18 11:17:37,2026-05-31 22:20:23
C02095,Customer_C02095,Repeat,Noida,2025-01-15,629.56,2,314.78,46.4,0.2,2025-10-18 12:31:03,2026-08-08 13:24:33
C01197,Customer_C01197,Repeat,Gorakhpur,2025-01-15,4092.13,3,1364.04,220.5,0.75,2025-10-18 15:03:06,2026-02-15 10:00:02
C03016,Customer_C03016,Repeat,Lucknow,2025-01-15,3240.05,2,1620.02,299.5,1.47,2025-10-18 15:11:36,2025-11-28 09:34:39
C00365,Customer_C00365,New,Lucknow,2025-01-15,1107.46,1,1107.46,340.2,30.0,2025-10-18 17:18:41,2025-10-18 17:18:41
C01881,Customer_C01881,Repeat,Prayagraj,2025-01-15,639.91,2,319.96,322.4,3.38,2025-10-18 18:24:52,2025-11-05 12:29:37
C01626,Customer_C01626,Repeat,Kanpur,2025-01-15,1195.12,2,597.56,127.0,0.28,2025-10-18 18:54:29,2026-05-19 21:35:15
C02363,Customer_C02363,Repeat,Prayagraj,2025-01-15,13964.53,9,1551.61,22.1,0.85,2025-10-18 19:05:14,2026-09-01 20:44:31
C00407,Customer_C00407,Repeat,Jaipur,2025-01-15,8809.45,4,2202.36,123.4,0.55,2025-10-18 19:06:27,2026-05-23 12:56:27
C01878,Customer_C01878,Repeat,Prayagraj,2025-01-15,9701.32,6,1616.89,43.1,0.61,2025-10-18 19:07:43,2026-08-11 18:46:19
C00596,Customer_C00596,Repeat,Lucknow,2025-01-15,11023.76,7,1574.82,101.1,0.88,2025-10-18 19:12:16,2026-06-14 20:07:32
C01364,Customer_C01364,Repeat,Kanpur,2025-01-15,765.86,3,255.29,46.1,0.31,2025-10-18 19:20:09,2026-08-08 19:12:14
C02687,Customer_C02687,Repeat,Gorakhpur,2025-01-15,14812.02,4,3703.0,82.1,0.47,2025-10-18 19:21:02,2026-07-03 19:45:48
C01864,Customer_C01864,Repeat,Varanasi,2025-01-15,28155.83,10,2815.58,71.1,1.12,2025-10-18 19:24:29,2026-07-14 18:33:37
C01032,Customer_C01032,Repeat,Varanasi,2025-01-15,2199.98,4,550.0,252.1,1.36,2025-10-18 19:27:43,2026-01-14 20:13:56
C01437,Customer_C01437,Repeat,Kanpur,2025-01-15,2638.15,4,659.54,130.0,0.57,2025-10-18 20:41:06,2026-05-16 21:26:18
C01954,Customer_C01954,Repeat,Prayagraj,2025-01-15,19877.89,3,6625.96,8.2,0.27,2025-10-18 20:52:22,2026-09-15 16:28:26
C03389,Customer_C03389,Repeat,Patna,2025-01-15,2778.9,2,1389.45,11.1,0.18,2025-10-18 22:09:22,2026-09-12 18:45:18
C00087,Customer_C00087,Repeat,Varanasi,2025-01-15,1113.32,4,278.33,28.1,0.38,2025-10-18 22:20:38,2026-08-26 18:56:41
C02863,Customer_C02863,Repeat,Lucknow,2025-01-15,7069.92,3,2356.64,30.0,0.29,2025-10-18 22:24:33,2026-08-24 20:56:30
C02747,Customer_C02747,Repeat,Prayagraj,2025-01-15,1735.19,3,578.4,241.1,0.91,2025-10-18 22:31:29,2026-01-25 20:06:16
C00631,Customer_C00631,Repeat,Prayagraj,2025-01-15,2970.57,3,990.19,221.2,0.76,2025-10-19 08:50:43,2026-02-14 17:07:18
C00567,Customer_C00567,Repeat,Lucknow,2025-01-15,12595.46,4,3148.86,78.1,0.46,2025-10-19 08:57:12,2026-07-07 18:52:53
C02543,Customer_C02543,Repeat,Lucknow,2025-01-15,6502.47,6,1083.74,18.2,0.56,2025-10-19 09:14:28,2026-09-05 17:43:22
C01547,Customer_C01547,New,Lucknow,2025-01-15,241.2,1,241.2,339.5,30.0,2025-10-19 09:59:36,2025-10-19 09:59:36
C02266,Customer_C02266,Repeat,Noida,2025-01-15,1238.82,2,619.41,187.5,0.39,2025-10-19 11:01:44,2026-03-20 08:52:16
C00921,Customer_C00921,Repeat,Varanasi,2025-01-15,5106.0,4,1276.5,104.1,0.51,2025-10-19 11:45:48,2026-06-11 20:40:04
C02271,Customer_C02271,Repeat,Kanpur,2025-01-15,3794.61,6,632.44,111.2,0.79,2025-10-19 14:13:56,2026-06-04 17:22:14
C00723,Customer_C00723,Repeat,Lucknow,2025-01-15,13155.2,4,3288.8,14.1,0.37,2025-10-19 16:18:05,2026-09-09 18:51:58
C02636,Customer_C02636,Repeat,Jaipur,2025-01-15,9943.17,6,1657.2,70.3,0.67,2025-10-19 16:47:21,2026-07-15 15:27:42
C01883,Customer_C01883,Repeat,Jaipur,2025-01-15,7832.57,2,3916.29,211.6,0.47,2025-10-19 17:21:35,2026-02-24 08:16:53
C01682,Customer_C01682,Repeat,Prayagraj,2025-01-15,4673.02,4,1168.25,12.2,0.37,2025-10-19 17:53:20,2026-09-11 17:20:25
C01518,Customer_C01518,Repeat,Lucknow,2025-01-15,37513.33,5,7502.67,91.2,0.6,2025-10-19 18:11:05,2026-06-24 17:04:15
C02328,Customer_C02328,Repeat,Varanasi,2025-01-15,3042.05,4,760.51,59.3,0.43,2025-10-19 18:11:47,2026-07-26 15:10:46
C02665,Customer_C02665,Repeat,Gorakhpur,2025-01-15,14258.8,3,4752.93,42.2,0.3,2025-10-19 18:39:49,2026-08-12 16:15:23
C00293,Customer_C00293,New,Patna,2025-01-15,820.93,1,820.93,339.1,30.0,2025-10-19 18:58:45,2025-10-19 18:58:45
C01887,Customer_C01887,Repeat,Lucknow,2025-01-15,4052.22,3,1350.74,67.0,0.33,2025-10-19 19:04:22,2026-07-18 21:42:12
C00920,Customer_C00920,Repeat,Lucknow,2025-01-15,1305.94,2,652.97,61.4,0.22,2025-10-19 19:13:29,2026-07-24 12:07:24
C00353,Customer_C00353,Repeat,Noida,2025-01-15,12552.54,5,2510.51,35.2,0.49,2025-10-19 19:41:10,2026-08-19 17:53:03
C00721,Customer_C00721,Repeat,Gorakhpur,2025-01-15,8562.21,2,4281.1,281.1,1.04,2025-10-19 19:50:39,2025-12-16 18:27:49
C02726,Customer_C02726,Repeat,Delhi,2025-01-15,6217.66,3,2072.55,245.3,0.96,2025-10-19 20:51:30,2026-01-21 15:35:52
C02209,Customer_C02209,Repeat,Gorakhpur,2025-01-15,2157.35,2,1078.68,138.0,0.3,2025-10-19 21:19:25,2026-05-08 21:22:40
C00930,Customer_C00930,New,Jaipur,2025-01-15,4974.79,1,4974.79,339.0,30.0,2025-10-19 22:02:46,2025-10-19 22:02:46
C01401,Customer_C01401,Repeat,Gorakhpur,2025-01-15,5142.17,5,1028.43,13.1,0.46,2025-10-19 22:06:57,2026-09-10 18:25:25
C03290,Customer_C03290,Repeat,Gorakhpur,2025-01-15,6692.22,6,1115.37,40.1,0.6,2025-10-19 22:44:31,2026-08-14 19:01:53
C02812,Customer_C02812,Repeat,Agra,2025-01-15,1573.22,2,786.61,104.1,0.26,2025-10-20 09:19:28,2026-06-11 19:05:20
C02151,Customer_C02151,Repeat,Noida,2025-01-15,1729.19,4,432.3,38.5,0.4,2025-10-20 13:01:15,2026-08-16 10:50:36
C00754,Customer_C00754,Repeat,Lucknow,2025-01-15,4130.28,4,1032.57,49.1,0.48,2025-11-26 18:06:56,2026-08-05 18:50:27
C00824,Customer_C00824,Repeat,Noida,2025-01-15,2239.97,3,746.66,6.2,0.27,2025-10-20 15:23:28,2026-09-17 17:05:14
C00506,Customer_C00506,Repeat,Varanasi,2025-01-15,9859.22,4,2464.81,126.1,0.57,2025-10-20 15:36:34,2026-05-20 19:39:21
C00456,Customer_C00456,Repeat,Lucknow,2025-01-15,3134.08,10,313.41,59.1,1.07,2025-10-20 15:53:20,2026-07-26 18:38:07
C02998,Customer_C02998,Repeat,Lucknow,2025-01-15,873.47,2,436.74,23.1,0.19,2025-10-20 16:18:38,2026-08-31 19:27:25
C02774,Customer_C02774,Repeat,Lucknow,2025-01-15,8223.61,6,1370.6,32.2,0.59,2025-10-20 16:29:43,2026-08-22 17:44:46
C00702,Customer_C00702,Repeat,Lucknow,2025-01-15,2777.28,3,925.76,235.1,0.87,2025-10-20 16:46:37,2026-01-31 20:39:41
C03251,Customer_C03251,Repeat,Lucknow,2025-01-15,4712.98,4,1178.24,25.2,0.38,2025-10-20 16:56:19,2026-08-29 17:25:05
C02899,Customer_C02899,Repeat,Gorakhpur,2025-01-15,3232.64,3,1077.55,30.1,0.29,2025-10-20 17:25:13,2026-08-24 19:16:03
C01938,Customer_C01938,Repeat,Varanasi,2025-01-15,4392.28,3,1464.09,58.0,0.32,2025-10-20 18:32:53,2026-07-27 22:06:44
C00104,Customer_C00104,Repeat,Lucknow,2025-01-15,3663.84,4,915.96,50.3,0.42,2025-10-20 18:33:05,2026-08-04 14:10:26
C00101,Customer_C00101,Repeat,Lucknow,2025-01-15,3474.22,5,694.84,129.2,0.72,2025-10-20 18:40:42,2026-05-17 16:14:26
C01286,Customer_C01286,Repeat,Prayagraj,2025-01-15,4275.6,6,712.6,16.4,0.56,2025-10-20 18:43:45,2026-09-07 11:44:18
C01650,Customer_C01650,Repeat,Prayagraj,2025-01-15,1047.9,3,349.3,47.2,0.31,2025-10-20 18:54:42,2026-08-07 17:56:29
C01288,Customer_C01288,Repeat,Kanpur,2025-01-15,9253.64,5,1850.73,37.0,0.5,2025-10-20 18:59:38,2026-08-17 21:35:19
C00635,Customer_C00635,Repeat,Jaipur,2025-01-15,6268.31,3,2089.44,57.0,0.32,2025-10-20 19:48:21,2026-07-28 21:03:29
C02850,Customer_C02850,Repeat,Noida,2025-01-15,2542.15,3,847.38,310.3,3.24,2025-10-20 20:06:02,2025-11-17 14:20:23
C00069,Customer_C00069,Repeat,Varanasi,2025-01-15,2803.92,2,1401.96,249.2,0.67,2025-10-20 20:11:51,2026-01-17 17:54:55
C02702,Customer_C02702,New,Prayagraj,2025-01-15,2203.25,1,2203.25,338.1,30.0,2025-10-20 20:15:41,2025-10-20 20:15:41
C03220,Customer_C03220,Repeat,Prayagraj,2025-01-15,6321.95,3,2107.32,58.2,0.32,2025-10-20 20:25:53,2026-07-27 17:55:29
C03378,Customer_C03378,Repeat,Noida,2025-01-15,7826.15,5,1565.23,11.1,0.46,2025-10-20 20:27:55,2026-09-12 20:10:59
C03091,Customer_C03091,Repeat,Gorakhpur,2025-01-15,2455.78,4,613.94,68.5,0.45,2025-10-20 20:29:31,2026-07-17 09:05:58
C01697,Customer_C01697,Repeat,Lucknow,2025-01-15,4357.14,6,726.19,59.4,0.65,2025-10-20 20:48:15,2026-07-26 12:59:59
C00989,Customer_C00989,Repeat,Kanpur,2025-01-15,1412.32,2,706.16,9.0,0.18,2025-10-20 20:55:44,2026-09-14 22:57:26
C00364,Customer_C00364,Repeat,Kanpur,2025-01-15,4083.04,3,1361.01,16.0,0.28,2025-10-20 21:16:25,2026-09-07 21:25:13
C03009,Customer_C03009,Repeat,Kanpur,2025-01-15,4243.23,6,707.2,151.2,0.96,2025-10-20 21:31:58,2026-04-25 17:51:36
C03130,Customer_C03130,Repeat,Lucknow,2025-01-15,5870.51,5,1174.1,15.2,0.47,2025-10-21 09:14:02,2026-09-08 16:58:50
C00557,Customer_C00557,Repeat,Varanasi,2025-01-15,449.32,2,224.66,271.2,0.9,2025-10-21 09:28:18,2025-12-26 18:17:28
C02811,Customer_C02811,Repeat,Delhi,2025-01-15,5662.94,2,2831.47,221.2,0.52,2025-10-21 10:24:14,2026-02-14 18:05:22
C03068,Customer_C03068,Repeat,Kanpur,2025-01-15,3289.33,3,1096.44,31.2,0.29,2025-10-21 12:17:14,2026-08-23 17:42:01
C00542,Customer_C00542,Repeat,Lucknow,2025-01-15,12542.95,6,2090.49,76.0,0.69,2025-10-21 14:20:40,2026-07-09 20:49:18
C01239,Customer_C01239,Repeat,Noida,2025-01-15,4448.97,5,889.79,30.5,0.49,2025-10-21 14:31:41,2026-08-24 11:04:58
C00990,Customer_C00990,Repeat,Prayagraj,2025-01-15,7607.54,4,1901.88,10.2,0.37,2025-10-21 15:24:43,2026-09-13 17:19:01
C00977,Customer_C00977,Repeat,Kanpur,2025-01-15,1579.27,3,526.42,42.1,0.3,2025-10-21 15:35:23,2026-08-12 19:47:18
C02689,Customer_C02689,Repeat,Prayagraj,2025-01-15,3194.94,5,638.99,73.1,0.57,2025-10-21 16:58:20,2026-07-12 19:40:57
C01139,Customer_C01139,Repeat,Kanpur,2025-01-15,1024.14,2,512.07,291.1,1.3,2025-10-21 17:16:40,2025-12-06 19:42:25
C01916,Customer_C01916,Repeat,Gorakhpur,2025-01-15,20110.09,4,5027.52,20.2,0.38,2025-10-21 17:17:03,2026-09-03 17:48:08
C02116,Customer_C02116,New,Noida,2025-01-15,85.71,1,85.71,337.2,30.0,2025-10-21 17:27:24,2025-10-21 17:27:24
C02305,Customer_C02305,Repeat,Prayagraj,2025-01-15,1680.64,2,840.32,80.2,0.23,2025-10-21 17:35:40,2026-07-05 16:07:49
C02238,Customer_C02238,Repeat,Agra,2025-01-15,1154.2,2,577.1,38.2,0.2,2025-10-21 18:00:07,2026-08-16 16:36:18
C03423,Customer_C03423,New,Jaipur,2025-01-15,2025.39,1,2025.39,337.2,30.0,2025-10-21 18:05:20,2025-10-21 18:05:20
C01235,Customer_C01235,Repeat,Noida,2025-01-15,1007.25,3,335.75,132.1,0.44,2025-10-21 18:18:48,2026-05-14 19:54:07
C02854,Customer_C02854,Repeat,Prayagraj,2025-01-15,3656.33,4,914.08,97.4,0.5,2025-10-21 18:20:33,2026-06-18 11:58:08
C01029,Customer_C01029,New,Noida,2025-01-15,3973.28,1,3973.28,337.1,30.0,2025-10-21 18:25:00,2025-10-21 18:25:00
C03011,Customer_C03011,Repeat,Noida,2025-01-15,1371.05,5,274.21,129.2,0.72,2025-10-21 18:25:54,2026-05-17 17:05:31
C01994,Customer_C01994,Repeat,Gorakhpur,2025-01-15,3774.84,4,943.71,196.2,0.85,2025-10-21 18:49:49,2026-03-11 16:51:02
C01630,Customer_C01630,Repeat,Noida,2025-01-15,1176.77,3,392.26,50.3,0.31,2025-10-21 19:02:30,2026-08-04 15:17:55
C00131,Customer_C00131,Repeat,Agra,2025-01-15,1488.29,4,372.07,51.1,0.42,2025-10-21 19:03:18,2026-08-03 20:32:21
C03257,Customer_C03257,Repeat,Lucknow,2025-01-15,1065.23,2,532.62,2.3,0.18,2025-10-21 19:05:21,2026-09-21 15:39:41
C03033,Customer_C03033,Repeat,Noida,2025-01-15,2194.54,3,731.51,26.5,0.29,2025-10-21 19:48:32,2026-08-28 10:11:09
C02806,Customer_C02806,Repeat,Noida,2025-01-15,6767.09,6,1127.85,33.2,0.59,2025-10-21 20:16:25,2026-08-21 16:38:58
C00923,Customer_C00923,Repeat,Lucknow,2025-01-15,4370.85,5,874.17,110.1,0.66,2025-10-21 20:22:57,2026-06-05 20:11:01
C01598,Customer_C01598,Repeat,Agra,2025-01-15,2481.94,3,827.31,60.1,0.33,2025-10-21 20:29:18,2026-07-25 18:31:39
C02985,Customer_C02985,Repeat,Jaipur,2025-01-15,543.81,2,271.9,205.2,0.46,2025-10-21 20:45:24,2026-03-02 17:35:20
C03150,Customer_C03150,Repeat,Lucknow,2025-01-15,3253.47,4,813.37,31.2,0.39,2025-10-21 20:54:14,2026-08-23 17:07:26
C00083,Customer_C00083,Repeat,Lucknow,2025-01-15,19763.83,6,3293.97,121.1,0.83,2025-10-21 21:20:01,2026-05-25 18:28:23
C02801,Customer_C02801,Repeat,Noida,2025-01-15,6517.65,5,1303.53,97.1,0.63,2025-10-21 21:40:22,2026-06-18 19:18:29
C02402,Customer_C02402,Repeat,Lucknow,2025-01-15,1705.87,3,568.62,11.1,0.28,2025-10-21 22:28:40,2026-09-12 18:34:10
C02476,Customer_C02476,Repeat,Gorakhpur,2025-01-15,1653.17,5,330.63,55.1,0.53,2025-10-22 11:44:42,2026-07-30 18:36:05
C02540,Customer_C02540,Repeat,Delhi,2025-01-15,1698.75,3,566.25,14.1,0.28,2025-10-22 11:49:14,2026-09-09 18:55:27
C02087,Customer_C02087,Repeat,Varanasi,2025-01-15,789.68,3,263.23,80.6,0.35,2025-10-22 12:09:54,2026-07-05 08:42:01
C02180,Customer_C02180,Repeat,Noida,2025-01-15,1838.96,5,367.79,32.1,0.49,2025-10-22 15:07:36,2026-08-22 19:42:44
C00973,Customer_C00973,Repeat,Noida,2025-01-15,793.4,2,396.7,60.6,0.22,2025-10-22 16:40:02,2026-07-25 08:25:31
C00420,Customer_C00420,Repeat,Kanpur,2025-01-15,11754.3,3,3918.1,214.1,0.74,2025-10-22 17:10:42,2026-02-21 20:14:39
C00388,Customer_C00388,Repeat,Noida,2025-01-15,6173.38,3,2057.79,9.3,0.28,2025-10-22 17:19:34,2026-09-14 15:53:18
C00168,Customer_C00168,Repeat,Prayagraj,2025-01-15,9500.96,8,1187.62,18.1,0.75,2025-10-22 18:09:57,2026-09-05 19:47:30
C01475,Customer_C01475,Repeat,Lucknow,2025-01-15,2474.85,3,824.95,5.1,0.27,2025-10-22 18:20:34,2026-09-18 20:35:23
C01984,Customer_C01984,Repeat,Kanpur,2025-01-15,4990.95,5,998.19,20.2,0.47,2025-10-22 18:27:42,2026-09-03 18:20:55
C00141,Customer_C00141,Repeat,Lucknow,2025-01-15,2010.41,4,502.6,77.3,0.46,2025-10-22 18:28:01,2026-07-08 14:28:34
C02766,Customer_C02766,New,Kanpur,2025-01-15,944.0,1,944.0,336.1,30.0,2025-10-22 18:45:10,2025-10-22 18:45:10
C01676,Customer_C01676,Repeat,Noida,2025-01-15,5564.48,4,1391.12,12.0,0.37,2025-10-22 18:53:15,2026-09-11 22:06:43
C00467,Customer_C00467,Repeat,Prayagraj,2025-01-15,1411.21,3,470.4,63.0,0.33,2025-10-22 19:14:31,2026-07-22 21:25:42
C02292,Customer_C02292,Repeat,Agra,2025-01-15,737.84,2,368.92,300.1,1.67,2025-10-22 19:40:53,2025-11-27 18:30:21
C03370,Customer_C03370,Repeat,Noida,2025-01-15,1906.0,3,635.33,123.1,0.42,2025-10-22 20:45:59,2026-05-23 20:34:47
C00475,Customer_C00475,Repeat,Lucknow,2025-01-15,17693.31,2,8846.66,306.0,2.0,2025-10-22 20:55:12,2025-11-21 20:56:52
C02508,Customer_C02508,Repeat,Lucknow,2025-01-15,2481.05,4,620.26,75.1,0.46,2025-10-22 21:37:57,2026-07-10 20:43:22
C01990,Customer_C01990,Repeat,Prayagraj,2025-01-15,2530.69,4,632.67,75.2,0.46,2025-10-22 22:40:57,2026-07-10 16:26:14
C03139,Customer_C03139,Repeat,Delhi,2025-01-15,13713.51,2,6856.76,130.2,0.29,2025-10-23 08:43:29,2026-05-16 16:53:04
C02189,Customer_C02189,Repeat,Lucknow,2025-01-15,3179.11,3,1059.7,86.3,0.36,2025-10-23 08:47:57,2026-06-29 14:31:38
C01403,Customer_C01403,Repeat,Noida,2025-01-15,1233.37,2,616.68,278.1,1.04,2025-10-23 08:51:55,2025-12-19 18:59:24
C00804,Customer_C00804,Repeat,Prayagraj,2025-01-15,619.97,3,206.66,156.0,0.5,2025-10-23 08:53:21,2026-04-20 22:18:16
C02353,Customer_C02353,Repeat,Lucknow,2025-01-15,3167.92,4,791.98,101.4,0.51,2025-10-23 09:11:11,2026-06-14 11:53:05
C01370,Customer_C01370,Repeat,Noida,2025-01-15,14739.47,5,2947.89,116.1,0.68,2025-10-23 09:48:05,2026-05-30 18:35:18
C01744,Customer_C01744,Repeat,Prayagraj,2025-01-15,2076.13,2,1038.06,263.5,0.83,2025-10-23 11:03:17,2026-01-03 09:14:23
C03358,Customer_C03358,Repeat,Lucknow,2025-01-15,1547.89,4,386.97,103.1,0.52,2025-10-23 13:34:20,2026-06-12 19:58:12
C00148,Customer_C00148,Repeat,Kanpur,2025-01-15,10172.04,3,3390.68,76.2,0.35,2025-10-23 15:27:03,2026-07-09 16:23:40
C01739,Customer_C01739,Repeat,Lucknow,2025-01-15,1636.42,3,545.47,84.1,0.36,2025-10-23 15:50:40,2026-07-01 19:39:48
C01710,Customer_C01710,Repeat,Agra,2025-01-15,2100.92,3,700.31,86.2,0.36,2025-10-23 16:22:15,2026-06-29 16:19:26
C02828,Customer_C02828,Repeat,Varanasi,2025-01-15,7310.64,3,2436.88,29.0,0.29,2025-10-23 17:07:23,2026-08-25 21:05:49
C02759,Customer_C02759,Repeat,Agra,2025-01-15,1939.28,3,646.43,96.2,0.38,2025-10-23 17:09:49,2026-06-19 17:31:15
C01595,Customer_C01595,Repeat,Lucknow,2025-01-15,4104.58,2,2052.29,138.0,0.3,2025-10-23 17:36:11,2026-05-08 20:50:49
C02788,Customer_C02788,Repeat,Prayagraj,2025-01-15,4643.77,3,1547.92,237.2,0.92,2025-10-23 17:52:30,2026-01-29 18:15:40
C02334,Customer_C02334,Repeat,Agra,2025-01-15,570.23,2,285.12,14.3,0.19,2025-10-23 19:11:33,2026-09-09 13:35:05
C02453,Customer_C02453,Repeat,Prayagraj,2025-01-15,7608.21,8,951.03,32.2,0.79,2025-10-23 20:00:58,2026-08-22 17:07:56
C02961,Customer_C02961,New,Noida,2025-01-15,397.37,1,397.37,335.1,30.0,2025-10-23 20:10:41,2025-10-23 20:10:41
C03017,Customer_C03017,New,Lucknow,2025-01-15,90.97,1,90.97,335.1,30.0,2025-10-23 20:13:40,2025-10-23 20:13:40
C01971,Customer_C01971,Repeat,Lucknow,2025-01-15,1168.02,3,389.34,159.1,0.51,2025-10-23 20:36:06,2026-04-17 20:12:26
C01499,Customer_C01499,Repeat,Lucknow,2025-01-15,530.78,2,265.39,110.2,0.27,2025-10-23 20:42:11,2026-06-05 17:59:58
C03089,Customer_C03089,Repeat,Prayagraj,2025-01-15,2642.71,5,528.54,190.1,1.04,2025-10-23 21:12:08,2026-03-17 19:13:51
C03186,Customer_C03186,Repeat,Lucknow,2025-01-15,964.41,2,482.21,327.2,7.69,2025-10-23 21:44:57,2025-10-31 17:04:10
C01322,Customer_C01322,Repeat,Kanpur,2025-01-15,3282.08,3,1094.03,119.1,0.42,2025-10-23 21:49:56,2026-05-27 19:56:30
C03353,Customer_C03353,New,Kanpur,2025-01-15,854.51,1,854.51,335.0,30.0,2025-10-23 21:51:21,2025-10-23 21:51:21
C00435,Customer_C00435,Repeat,Lucknow,2025-01-15,6590.13,4,1647.53,174.2,0.75,2025-10-23 21:58:43,2026-04-02 16:37:46
C00796,Customer_C00796,Repeat,Noida,2025-01-15,3776.4,6,629.4,33.2,0.6,2025-10-23 22:45:16,2026-08-21 17:01:26
C02010,Customer_C02010,Repeat,Gorakhpur,2025-01-15,4098.77,2,2049.39,222.3,0.54,2025-10-24 12:32:45,2026-02-13 14:20:12
C00777,Customer_C00777,Repeat,Lucknow,2025-01-15,2964.43,2,1482.22,238.3,0.62,2025-10-24 13:34:06,2026-01-28 13:37:57
C00753,Customer_C00753,Repeat,Lucknow,2025-01-15,2413.91,2,1206.96,194.0,0.43,2025-10-24 14:04:11,2026-03-13 22:26:31
C01537,Customer_C01537,New,Lucknow,2025-01-15,811.62,1,811.62,334.3,30.0,2025-10-24 14:32:14,2025-10-24 14:32:14
C02055,Customer_C02055,Repeat,Noida,2025-01-15,4937.49,4,1234.37,27.2,0.39,2025-10-24 17:09:39,2026-08-27 17:41:25
C00275,Customer_C00275,Repeat,Lucknow,2025-01-15,3208.42,3,1069.47,95.1,0.38,2025-10-24 17:11:34,2026-06-20 18:24:01
C03031,Customer_C03031,Repeat,Noida,2025-01-15,11466.77,6,1911.13,61.1,0.66,2025-10-24 17:18:50,2026-07-24 19:58:30
C02077,Customer_C02077,Repeat,Gorakhpur,2025-01-15,7534.5,4,1883.62,2.1,0.36,2025-10-24 18:17:57,2026-09-21 20:22:28
C02692,Customer_C02692,Repeat,Noida,2025-01-15,4858.43,3,1619.48,128.2,0.44,2025-10-24 18:33:29,2026-05-18 18:17:38
C02111,Customer_C02111,Repeat,Kanpur,2025-01-15,1492.55,2,746.28,284.1,1.2,2025-10-24 18:52:14,2025-12-13 19:35:25
C01227,Customer_C01227,Repeat,Noida,2025-01-15,365.79,2,182.9,155.1,0.34,2025-10-24 18:59:31,2026-04-21 19:46:07
C02550,Customer_C02550,Repeat,Noida,2025-01-15,8153.86,6,1358.98,44.0,0.62,2025-10-24 20:15:55,2026-08-10 22:24:19
C00027,Customer_C00027,Repeat,Gorakhpur,2025-01-15,7692.61,4,1923.15,117.2,0.55,2025-10-24 20:58:31,2026-05-29 17:22:30
C01869,Customer_C01869,Repeat,Varanasi,2025-01-15,2230.39,3,743.46,4.2,0.27,2025-10-24 21:51:28,2026-09-19 17:05:18
C00562,Customer_C00562,Repeat,Prayagraj,2025-01-15,727.63,2,363.82,41.0,0.2,2025-10-24 22:16:52,2026-08-13 21:45:23
C00008,Customer_C00008,Repeat,Lucknow,2025-01-15,1271.03,3,423.68,19.0,0.29,2025-10-24 22:34:53,2026-09-04 22:01:59
C02627,Customer_C02627,Repeat,Kanpur,2025-01-15,20635.21,4,5158.8,122.2,0.57,2025-10-24 22:53:17,2026-05-24 17:38:27
C02897,Customer_C02897,Repeat,Jaipur,2025-01-15,6545.26,5,1309.05,11.0,0.46,2025-10-25 08:10:21,2026-09-12 22:23:13
C02521,Customer_C02521,Repeat,Lucknow,2025-01-15,11251.04,10,1125.1,30.4,0.99,2025-10-25 15:39:18,2026-08-24 12:14:05
C00077,Customer_C00077,Repeat,Lucknow,2025-01-15,12222.04,8,1527.76,76.2,0.93,2025-10-25 16:35:35,2026-07-09 18:03:50
C03082,Customer_C03082,Repeat,Lucknow,2025-01-15,1166.27,3,388.76,163.2,0.53,2025-10-25 16:40:21,2026-04-13 17:33:27
C01498,Customer_C01498,Repeat,Prayagraj,2025-01-15,1801.66,3,600.55,106.2,0.4,2025-10-25 16:46:37,2026-06-09 18:01:00
C03431,Customer_C03431,Repeat,Varanasi,2025-01-15,670.15,2,335.08,286.0,1.27,2025-10-25 17:00:53,2025-12-11 21:38:48
C00405,Customer_C00405,Repeat,Kanpur,2025-01-15,4301.36,5,860.27,9.2,0.46,2025-10-25 17:14:25,2026-09-14 16:08:13
C01257,Customer_C01257,Repeat,Agra,2025-01-15,3624.0,2,1812.0,143.1,0.32,2025-10-25 17:37:39,2026-05-03 18:53:21
C02219,Customer_C02219,Repeat,Lucknow,2025-01-15,6106.91,3,2035.64,67.5,0.34,2025-10-25 17:40:48,2026-07-18 10:30:20
C00286,Customer_C00286,New,Lucknow,2025-01-15,720.67,1,720.67,333.2,30.0,2025-10-25 17:57:15,2025-10-25 17:57:15
C01657,Customer_C01657,Repeat,Noida,2025-01-15,890.04,2,445.02,111.1,0.27,2025-10-25 18:18:19,2026-06-04 19:11:28
C00014,Customer_C00014,Repeat,Prayagraj,2025-01-15,3021.83,4,755.46,58.0,0.44,2025-10-25 18:40:00,2026-07-27 22:28:09
C03026,Customer_C03026,Repeat,Prayagraj,2025-01-15,2878.45,4,719.61,7.5,0.37,2025-10-25 18:48:39,2026-09-16 09:22:13
C03402,Customer_C03402,Repeat,Noida,2025-01-15,3910.39,2,1955.2,133.4,0.3,2025-10-25 18:55:14,2026-05-13 11:36:11
C00868,Customer_C00868,Repeat,Gorakhpur,2025-01-15,7544.55,7,1077.79,27.2,0.69,2025-10-25 19:46:26,2026-08-27 17:37:03
C00297,Customer_C00297,Repeat,Noida,2025-01-15,1899.94,5,379.99,117.3,0.7,2025-10-25 20:15:17,2026-05-29 14:34:16
C03249,Customer_C03249,Repeat,Kanpur,2025-01-15,4426.86,4,1106.71,33.1,0.4,2025-10-25 20:23:18,2026-08-21 18:34:01
C01562,Customer_C01562,Repeat,Lucknow,2025-01-15,6547.92,5,1309.58,98.5,0.64,2025-10-25 20:39:33,2026-06-17 08:48:22
C03108,Customer_C03108,Repeat,Lucknow,2025-01-15,414.79,2,207.4,39.3,0.2,2025-10-25 22:05:07,2026-08-15 13:46:15
C01071,Customer_C01071,Repeat,Lucknow,2025-01-15,2772.09,3,924.03,249.5,1.08,2025-10-26 08:58:46,2026-01-17 09:36:47
C01410,Customer_C01410,Repeat,Agra,2025-01-15,4052.99,4,1013.25,15.6,0.38,2025-10-26 11:52:40,2026-09-08 08:21:23
C02713,Customer_C02713,Repeat,Noida,2025-01-15,3941.58,2,1970.79,326.0,9.41,2025-10-26 12:54:01,2025-11-01 21:56:06
C02937,Customer_C02937,Repeat,Prayagraj,2025-01-15,8338.21,3,2779.4,90.2,0.37,2025-10-26 14:40:12,2026-06-25 18:15:55
C03114,Customer_C03114,Repeat,Noida,2025-01-15,17988.89,4,4497.22,139.0,0.62,2025-10-26 15:18:12,2026-05-07 21:01:14
C01579,Customer_C01579,Repeat,Noida,2025-01-15,2707.42,4,676.86,26.1,0.39,2025-10-26 15:19:16,2026-08-28 18:42:22
C01640,Customer_C01640,Repeat,Prayagraj,2025-01-15,3344.37,3,1114.79,167.1,0.54,2025-10-26 15:37:56,2026-04-09 20:07:48
C02862,Customer_C02862,Repeat,Agra,2025-01-15,2678.99,4,669.75,2.1,0.36,2025-10-26 16:11:25,2026-09-21 18:32:34
C00595,Customer_C00595,Repeat,Noida,2025-01-15,2544.12,2,1272.06,36.1,0.2,2025-10-26 16:14:26,2026-08-18 20:37:31
C02156,Customer_C02156,Repeat,Noida,2025-01-15,25609.17,4,6402.29,42.5,0.41,2025-10-26 16:21:37,2026-08-12 10:51:39
C02191,Customer_C02191,Repeat,Agra,2025-01-15,3587.99,5,717.6,160.1,0.87,2025-10-26 17:15:27,2026-04-16 19:28:04
C02354,Customer_C02354,Repeat,Varanasi,2025-01-15,20286.79,4,5071.7,52.1,0.43,2025-10-26 17:41:40,2026-08-02 18:40:42
C00110,Customer_C00110,Repeat,Gorakhpur,2025-01-15,22156.37,8,2769.55,46.1,0.84,2025-10-26 18:05:41,2026-08-08 20:34:42
C02512,Customer_C02512,Repeat,Noida,2025-01-15,26158.41,6,4359.73,37.6,0.61,2025-10-26 19:25:47,2026-08-17 08:31:19
C02510,Customer_C02510,Repeat,Lucknow,2025-01-15,23035.19,5,4607.04,62.2,0.56,2025-10-26 21:32:23,2026-07-23 16:51:16
C03363,Customer_C03363,Repeat,Noida,2025-01-15,2650.87,4,662.72,97.1,0.51,2025-10-26 21:43:41,2026-06-18 18:32:43
C02661,Customer_C02661,Repeat,Kanpur,2025-01-15,1230.32,2,615.16,253.3,0.76,2025-10-26 22:16:53,2026-01-13 15:03:24
C00021,Customer_C00021,Repeat,Lucknow,2025-01-15,1533.71,2,766.86,71.5,0.23,2025-10-27 11:48:18,2026-07-14 09:28:29
C00609,Customer_C00609,Repeat,Prayagraj,2025-01-15,5033.48,4,1258.37,148.3,0.66,2025-10-27 12:04:20,2026-04-28 15:49:19
C01667,Customer_C01667,Repeat,Gorakhpur,2025-01-15,4353.94,4,1088.48,84.2,0.49,2025-10-27 15:42:20,2026-07-01 18:02:51
C03264,Customer_C03264,Repeat,Agra,2025-01-15,3093.06,3,1031.02,56.2,0.33,2025-10-27 16:09:00,2026-07-29 18:09:44
C01126,Customer_C01126,Repeat,Noida,2025-01-15,10728.87,4,2682.22,90.0,0.5,2025-10-27 16:23:56,2026-06-25 22:11:33
C02060,Customer_C02060,Repeat,Kanpur,2025-01-15,911.01,3,303.67,49.1,0.32,2025-10-27 17:01:20,2026-08-05 18:47:54
C00179,Customer_C00179,Repeat,Noida,2025-01-15,1323.79,4,330.95,101.1,0.52,2025-10-27 17:30:40,2026-06-14 19:24:55
C00305,Customer_C00305,Repeat,Gorakhpur,2025-01-15,13112.03,2,6556.02,155.2,0.34,2025-10-27 17:38:26,2026-04-21 18:07:03
C01872,Customer_C01872,Repeat,Lucknow,2025-01-15,2814.34,5,562.87,65.4,0.56,2025-10-27 18:17:55,2026-07-20 13:29:23
C01301,Customer_C01301,New,Prayagraj,2025-01-15,546.95,1,546.95,331.1,30.0,2025-10-27 18:30:49,2025-10-27 18:30:49
C01099,Customer_C01099,Repeat,Jaipur,2025-01-15,15078.1,2,7539.05,162.3,0.36,2025-10-27 18:57:43,2026-04-14 15:11:39
C02347,Customer_C02347,Repeat,Noida,2025-01-15,6660.49,4,1665.12,80.4,0.48,2025-10-27 19:00:59,2026-07-05 12:55:57
C00647,Customer_C00647,New,Prayagraj,2025-01-15,682.57,1,682.57,331.1,30.0,2025-10-27 19:09:35,2025-10-27 19:09:35
C02267,Customer_C02267,Repeat,Varanasi,2025-01-15,9143.94,5,1828.79,138.0,0.78,2025-10-27 19:49:42,2026-05-08 21:47:25
C00774,Customer_C00774,Repeat,Jaipur,2025-01-15,9154.02,4,2288.5,24.2,0.39,2025-10-27 19:58:57,2026-08-30 17:07:20
C03041,Customer_C03041,Repeat,Noida,2025-01-15,9509.92,4,2377.48,4.5,0.37,2025-10-27 20:23:14,2026-09-19 09:07:11
C02134,Customer_C02134,Repeat,Agra,2025-01-15,1740.0,2,870.0,291.1,1.5,2025-10-27 20:41:53,2025-12-06 19:39:48
C02296,Customer_C02296,Repeat,Kanpur,2025-01-15,1446.14,4,361.54,4.4,0.37,2025-10-27 22:56:08,2026-09-19 12:46:02
C01764,Customer_C01764,New,Prayagraj,2025-01-15,688.41,1,688.41,330.6,30.0,2025-10-28 08:26:33,2025-10-28 08:26:33
C03115,Customer_C03115,Repeat,Lucknow,2025-01-15,430.33,2,215.16,170.3,0.37,2025-10-28 10:46:25,2026-04-06 15:46:26
C02024,Customer_C02024,Repeat,Varanasi,2025-01-15,13766.77,6,2294.46,78.3,0.71,2025-10-28 11:36:53,2026-07-07 14:10:32
C02572,Customer_C02572,Repeat,Gorakhpur,2025-01-15,1227.97,2,613.98,90.2,0.25,2025-10-28 12:20:42,2026-06-25 16:49:17
C00583,Customer_C00583,New,Lucknow,2025-01-15,826.71,1,826.71,330.4,30.0,2025-10-28 12:33:29,2025-10-28 12:33:29
C01018,Customer_C01018,Repeat,Kanpur,2025-01-15,4991.19,4,1247.8,106.5,0.54,2025-10-28 12:33:54,2026-06-09 10:04:47
C02712,Customer_C02712,Repeat,Varanasi,2025-01-15,2346.73,2,1173.36,218.4,0.54,2025-10-28 16:26:25,2026-02-17 11:42:10
C02634,Customer_C02634,Repeat,Varanasi,2025-01-15,3831.77,5,766.35,48.1,0.53,2025-10-28 16:28:49,2026-08-06 18:39:03
C02124,Customer_C02124,Repeat,Lucknow,2025-01-15,3053.01,6,508.84,18.4,0.58,2025-10-28 16:32:11,2026-09-05 12:03:36
C00461,Customer_C00461,Repeat,Lucknow,2025-01-15,1082.55,2,541.28,140.2,0.32,2025-10-28 18:15:11,2026-05-06 16:09:45
C00937,Customer_C00937,Repeat,Kanpur,2025-01-15,1381.94,3,460.65,218.2,0.8,2025-10-28 18:24:26,2026-02-17 16:03:43
C03095,Customer_C03095,Repeat,Noida,2025-01-15,1784.73,3,594.91,212.1,0.76,2025-10-28 18:29:35,2026-02-23 20:19:59
C01476,Customer_C01476,Repeat,Kanpur,2025-01-15,2934.19,5,586.84,15.4,0.48,2025-10-28 18:46:06,2026-09-08 12:49:59
C01298,Customer_C01298,Repeat,Noida,2025-01-15,3275.38,4,818.84,148.1,0.66,2025-10-28 19:13:46,2026-04-28 18:45:49
C02642,Customer_C02642,Repeat,Gorakhpur,2025-01-15,24782.17,5,4956.43,40.1,0.52,2025-10-28 19:29:05,2026-08-14 19:02:29
C01110,Customer_C01110,Repeat,Prayagraj,2025-01-15,6048.63,2,3024.32,57.0,0.22,2025-10-28 19:42:14,2026-07-28 21:05:01
C01797,Customer_C01797,Repeat,Lucknow,2025-01-15,3936.5,5,787.3,31.3,0.5,2025-10-28 20:22:19,2026-08-23 14:44:24
C01419,Customer_C01419,Repeat,Noida,2025-01-15,6786.69,3,2262.23,130.1,0.45,2025-10-28 20:24:52,2026-05-16 20:44:50
C02580,Customer_C02580,Repeat,Varanasi,2025-01-15,3335.65,3,1111.88,24.2,0.29,2025-10-28 22:29:49,2026-08-30 17:41:09
C02160,Customer_C02160,Repeat,Kanpur,2025-01-15,2888.12,5,577.62,94.2,0.64,2025-10-28 22:46:49,2026-06-21 16:45:12
C01328,Customer_C01328,Repeat,Prayagraj,2025-01-15,12711.98,5,2542.4,56.0,0.55,2025-10-29 08:23:02,2026-07-29 22:04:33
C00107,Customer_C00107,Repeat,Noida,2025-01-15,24069.75,6,4011.62,61.1,0.67,2025-10-29 09:18:50,2026-07-24 18:56:31
C03281,Customer_C03281,Repeat,Kanpur,2025-01-15,2665.77,2,1332.88,225.2,0.58,2025-10-29 12:03:02,2026-02-10 16:31:28
C01442,Customer_C01442,Repeat,Jaipur,2025-01-15,3319.14,5,663.83,142.2,0.8,2025-10-29 12:21:20,2026-05-04 16:46:18
C01952,Customer_C01952,Repeat,Lucknow,2025-01-15,32252.61,9,3583.62,15.1,0.86,2025-10-29 15:13:52,2026-09-08 19:35:44
C01320,Customer_C01320,Repeat,Agra,2025-01-15,4394.14,5,878.83,251.1,1.92,2025-10-29 15:25:44,2026-01-15 20:14:46
C02457,Customer_C02457,Repeat,Lucknow,2025-01-15,3194.46,2,1597.23,215.1,0.53,2025-10-29 16:40:32,2026-02-20 20:15:38
C02869,Customer_C02869,Repeat,Lucknow,2025-01-15,3801.26,3,1267.09,110.1,0.41,2025-10-29 16:57:29,2026-06-05 18:30:12
C03205,Customer_C03205,Repeat,Varanasi,2025-01-15,3885.33,3,1295.11,204.1,0.72,2025-10-29 18:01:44,2026-03-03 19:06:14
C02905,Customer_C02905,Repeat,Prayagraj,2025-01-15,1910.49,4,477.62,76.0,0.47,2025-10-29 18:08:47,2026-07-09 22:36:17
C01970,Customer_C01970,Repeat,Noida,2025-01-15,6506.64,4,1626.66,94.4,0.51,2025-10-29 18:25:24,2026-06-21 13:06:20
C01609,Customer_C01609,Repeat,Jaipur,2025-01-15,7754.19,7,1107.74,51.3,0.76,2025-10-29 18:31:58,2026-08-03 15:24:46
C02341,Customer_C02341,Repeat,Noida,2025-01-15,1186.49,4,296.62,138.1,0.63,2025-10-29 19:29:45,2026-05-08 20:22:17
C00026,Customer_C00026,Repeat,Noida,2025-01-15,8219.65,4,2054.91,48.1,0.43,2025-10-29 19:38:34,2026-08-06 19:33:04
C01455,Customer_C01455,Repeat,Prayagraj,2025-01-15,1186.8,3,395.6,135.2,0.46,2025-10-29 19:43:36,2026-05-11 17:48:59
C00602,Customer_C00602,Repeat,Lucknow,2025-01-15,1548.83,3,516.28,36.1,0.31,2025-10-29 19:55:44,2026-08-18 18:54:36
C00350,Customer_C00350,Repeat,Agra,2025-01-15,2654.74,3,884.91,26.0,0.3,2025-10-29 20:13:17,2026-08-28 22:35:31
C03201,Customer_C03201,Repeat,Kanpur,2025-01-15,13455.65,4,3363.91,48.0,0.43,2025-10-29 20:30:37,2026-08-06 20:54:40
C01578,Customer_C01578,Repeat,Prayagraj,2025-01-15,2753.5,3,917.83,128.1,0.45,2025-10-29 20:35:39,2026-05-18 18:31:17
C03202,Customer_C03202,Repeat,Gorakhpur,2025-01-15,9346.32,2,4673.16,36.0,0.2,2025-10-29 20:39:51,2026-08-18 21:31:06
C02044,Customer_C02044,Repeat,Agra,2025-01-15,11166.85,3,3722.28,7.2,0.28,2025-10-29 20:48:15,2026-09-16 16:44:26
C01101,Customer_C01101,Repeat,Kanpur,2025-01-15,25880.69,4,6470.17,33.1,0.41,2025-10-29 21:04:06,2026-08-21 18:51:40
C00736,Customer_C00736,Repeat,Lucknow,2025-01-15,2220.73,2,1110.36,152.3,0.34,2025-10-29 22:22:18,2026-04-24 15:10:21
C02433,Customer_C02433,New,Delhi,2025-01-15,2835.81,1,2835.81,328.5,30.0,2025-10-30 09:08:12,2025-10-30 09:08:12
C00903,Customer_C00903,Repeat,Noida,2025-01-15,1543.69,4,385.92,93.2,0.51,2025-10-30 09:20:41,2026-06-22 17:46:01
C01819,Customer_C01819,Repeat,Gorakhpur,2025-01-15,3049.29,4,762.32,37.1,0.41,2025-10-30 10:55:43,2026-08-17 20:33:00
C00198,Customer_C00198,Repeat,Lucknow,2025-01-15,1906.19,3,635.4,10.1,0.28,2025-10-30 13:11:07,2026-09-13 18:55:11
C00534,Customer_C00534,New,Agra,2025-01-15,508.78,1,508.78,328.3,30.0,2025-10-30 15:06:15,2025-10-30 15:06:15
C02978,Customer_C02978,Repeat,Prayagraj,2025-01-15,5431.43,6,905.24,53.2,0.65,2025-10-30 15:36:24,2026-08-01 16:17:59
C02942,Customer_C02942,Repeat,Lucknow,2025-01-15,2899.8,6,483.3,13.1,0.57,2025-10-30 16:28:33,2026-09-10 20:10:46
C03330,Customer_C03330,Repeat,Prayagraj,2025-01-15,1590.32,2,795.16,37.5,0.21,2025-10-30 16:37:15,2026-08-17 09:41:10
C03081,Customer_C03081,Repeat,Lucknow,2025-01-15,1641.75,2,820.88,208.1,0.5,2025-10-30 17:05:39,2026-02-27 20:16:16
C02954,Customer_C02954,Repeat,Lucknow,2025-01-15,696.48,3,232.16,10.1,0.28,2025-10-30 17:22:02,2026-09-13 18:28:14
C01321,Customer_C01321,Repeat,Kanpur,2025-01-15,4749.9,3,1583.3,35.1,0.31,2025-10-30 18:13:16,2026-08-19 19:52:27
C01820,Customer_C01820,Repeat,Gorakhpur,2025-01-15,3054.65,5,610.93,54.2,0.55,2025-10-30 18:16:58,2026-07-31 16:44:25
C00260,Customer_C00260,Repeat,Lucknow,2025-01-15,6868.53,3,2289.51,45.1,0.32,2025-10-30 18:47:16,2026-08-09 20:32:10
C02648,Customer_C02648,Repeat,Lucknow,2025-01-15,7342.41,3,2447.47,98.1,0.39,2025-10-30 18:59:44,2026-06-17 19:52:23
C00764,Customer_C00764,Repeat,Patna,2025-01-15,3134.68,5,626.94,171.2,0.96,2025-10-30 19:37:05,2026-04-05 18:11:05
C02184,Customer_C02184,Repeat,Lucknow,2025-01-15,2437.95,5,487.59,2.1,0.46,2025-10-30 19:46:32,2026-09-21 19:46:39
C01155,Customer_C01155,Repeat,Patna,2025-01-15,4407.57,6,734.59,37.0,0.62,2025-10-30 19:48:05,2026-08-17 20:56:53
C00554,Customer_C00554,Repeat,Jaipur,2025-01-15,3569.84,4,892.46,56.1,0.44,2025-10-30 20:11:01,2026-07-29 20:35:54
C01802,Customer_C01802,Repeat,Jaipur,2025-01-15,5770.01,7,824.29,24.0,0.69,2025-10-30 20:52:27,2026-08-30 20:57:29
C02201,Customer_C02201,Repeat,Varanasi,2025-01-15,5694.1,4,1423.52,65.1,0.46,2025-10-30 20:52:40,2026-07-20 20:21:41
C01808,Customer_C01808,New,Prayagraj,2025-01-15,80.0,1,80.0,328.0,30.0,2025-10-30 21:26:12,2025-10-30 21:26:12
C03221,Customer_C03221,Repeat,Noida,2025-01-15,2898.93,6,483.16,48.4,0.64,2025-10-30 21:32:13,2026-08-06 11:14:50
C00478,Customer_C00478,Repeat,Lucknow,2025-01-15,1500.59,3,500.2,37.1,0.31,2025-10-30 22:33:08,2026-08-17 19:02:42
C01964,Customer_C01964,New,Prayagraj,2025-01-15,172.51,1,172.51,327.5,30.0,2025-10-31 09:49:33,2025-10-31 09:49:33
C03417,Customer_C03417,Repeat,Lucknow,2025-01-15,3405.77,4,851.44,74.1,0.47,2025-10-31 12:38:08,2026-07-11 20:10:15
C03497,Customer_C03497,Repeat,Gorakhpur,2025-01-15,3716.01,3,1238.67,203.1,0.72,2025-10-31 14:28:51,2026-03-04 20:32:57
C03057,Customer_C03057,Repeat,Kanpur,2025-01-15,1388.53,2,694.26,1.1,0.18,2025-10-31 15:17:08,2026-09-22 19:54:31
C02809,Customer_C02809,Repeat,Prayagraj,2025-01-15,1056.86,2,528.43,241.0,0.7,2025-10-31 16:01:23,2026-01-25 21:34:05
C01277,Customer_C01277,Repeat,Noida,2025-01-15,1861.31,3,620.44,176.1,0.6,2025-10-31 16:07:52,2026-03-31 18:28:45
C03308,Customer_C03308,Repeat,Prayagraj,2025-01-15,2433.15,5,486.63,35.3,0.51,2025-10-31 17:01:41,2026-08-19 15:12:25
C00153,Customer_C00153,Repeat,Prayagraj,2025-01-15,2975.74,3,991.91,279.1,1.87,2025-10-31 17:32:20,2025-12-18 18:30:33
C00683,Customer_C00683,New,Jaipur,2025-01-15,448.0,1,448.0,327.2,30.0,2025-10-31 17:54:56,2025-10-31 17:54:56
C02078,Customer_C02078,Repeat,Jaipur,2025-01-15,14580.24,4,3645.06,143.1,0.65,2025-10-31 18:23:38,2026-05-03 20:19:59
C00731,Customer_C00731,Repeat,Varanasi,2025-01-15,6223.12,3,2074.37,192.0,0.67,2025-10-31 18:29:18,2026-03-15 21:22:20
C02825,Customer_C02825,Repeat,Kanpur,2025-01-15,32676.82,5,6535.36,122.3,0.73,2025-10-31 18:42:12,2026-05-24 15:57:10
C00129,Customer_C00129,Repeat,Kanpur,2025-01-15,8550.96,2,4275.48,209.1,0.51,2025-10-31 18:42:59,2026-02-26 19:25:19
C02753,Customer_C02753,Repeat,Lucknow,2025-01-15,1376.07,3,458.69,43.0,0.32,2025-10-31 18:50:40,2026-08-11 21:15:45
C00164,Customer_C00164,New,Noida,2025-01-15,210.0,1,210.0,327.1,30.0,2025-10-31 19:04:41,2025-10-31 19:04:41
C03030,Customer_C03030,Repeat,Kanpur,2025-01-15,2507.91,5,501.58,96.1,0.65,2025-10-31 21:01:09,2026-06-19 19:19:28
C01515,Customer_C01515,Repeat,Prayagraj,2025-01-15,5152.35,3,1717.45,70.1,0.35,2025-10-31 21:32:49,2026-07-15 19:02:18
C02874,Customer_C02874,Repeat,Gorakhpur,2025-01-15,2026.99,2,1013.49,158.2,0.36,2025-10-31 22:26:35,2026-04-18 17:44:56
C01278,Customer_C01278,Repeat,Lucknow,2025-01-15,12717.43,4,3179.36,32.1,0.41,2025-10-31 22:45:24,2026-08-22 20:02:51
C02908,Customer_C02908,Repeat,Prayagraj,2025-01-15,2591.2,2,1295.6,0.1,0.18,2025-11-01 12:31:29,2026-09-23 19:01:20
C02735,Customer_C02735,Repeat,Jaipur,2025-01-15,16071.02,2,8035.51,48.2,0.22,2025-11-01 13:50:15,2026-08-06 18:02:58
C03454,Customer_C03454,Repeat,Prayagraj,2025-01-15,4789.13,3,1596.38,68.2,0.35,2025-11-01 16:01:38,2026-07-17 16:02:52
C02486,Customer_C02486,Repeat,Lucknow,2025-01-15,752.14,2,376.07,103.1,0.27,2025-11-01 16:32:12,2026-06-12 20:12:25
C01602,Customer_C01602,Repeat,Jaipur,2025-01-15,7073.72,3,2357.91,174.1,0.59,2025-11-01 16:52:40,2026-04-02 18:51:49
C02159,Customer_C02159,Repeat,Noida,2025-01-15,580.38,2,290.19,68.1,0.23,2025-11-01 17:18:42,2026-07-17 19:15:29
C03373,Customer_C03373,Repeat,Prayagraj,2025-01-15,14163.54,7,2023.36,18.4,0.68,2025-11-01 17:47:04,2026-09-05 11:41:14
C01219,Customer_C01219,New,Prayagraj,2025-01-15,1399.2,1,1399.2,326.1,30.0,2025-11-01 18:24:48,2025-11-01 18:24:48
C02936,Customer_C02936,Repeat,Kanpur,2025-01-15,1095.17,3,365.06,92.1,0.38,2025-11-01 19:06:34,2026-06-23 19:24:25
C02635,Customer_C02635,New,Gorakhpur,2025-01-15,8697.0,1,8697.0,326.1,30.0,2025-11-01 19:08:00,2025-11-01 19:08:00
C01870,Customer_C01870,Repeat,Delhi,2025-01-15,7054.12,7,1007.73,112.3,0.98,2025-11-01 19:29:55,2026-06-03 13:38:48
C02736,Customer_C02736,Repeat,Noida,2025-01-15,15668.86,3,5222.95,144.2,0.49,2025-11-01 19:51:19,2026-05-02 16:26:17
C01648,Customer_C01648,Repeat,Gorakhpur,2025-01-15,12318.82,3,4106.27,199.4,0.71,2025-11-01 20:45:08,2026-03-08 11:48:27
C01150,Customer_C01150,Repeat,Gorakhpur,2025-01-15,11366.72,5,2273.34,26.2,0.5,2025-11-01 20:48:28,2026-08-28 17:33:58
C01915,Customer_C01915,Repeat,Noida,2025-01-15,1057.15,2,528.58,73.1,0.24,2025-11-01 21:05:24,2026-07-12 20:21:01
C00358,Customer_C00358,Repeat,Kanpur,2025-01-15,13548.29,3,4516.1,62.0,0.34,2025-11-01 21:24:35,2026-07-23 21:58:05
C01669,Customer_C01669,Repeat,Jaipur,2025-01-15,11480.9,4,2870.22,15.5,0.39,2025-11-01 21:54:16,2026-09-08 09:25:48
C01408,Customer_C01408,Repeat,Lucknow,2025-01-15,6600.61,3,2200.2,183.1,0.63,2025-11-02 10:10:08,2026-03-24 20:41:35
C01411,Customer_C01411,New,Varanasi,2025-01-15,317.14,1,317.14,325.3,30.0,2025-11-02 14:26:28,2025-11-02 14:26:28
C00994,Customer_C00994,Repeat,Noida,2025-01-15,7388.47,4,1847.12,86.1,0.5,2025-11-02 16:07:11,2026-06-29 20:45:13
C03084,Customer_C03084,Repeat,Lucknow,2025-01-15,23040.7,2,11520.35,81.2,0.25,2025-11-02 16:12:59,2026-07-04 16:06:56
C02114,Customer_C02114,Repeat,Noida,2025-01-15,6880.2,3,2293.4,90.0,0.38,2025-11-02 16:40:10,2026-06-25 22:27:26
C02566,Customer_C02566,Repeat,Gorakhpur,2025-01-15,14241.53,5,2848.31,25.0,0.5,2025-11-02 16:56:24,2026-08-29 22:32:34
C01162,Customer_C01162,New,Prayagraj,2025-01-15,276.61,1,276.61,325.2,30.0,2025-11-02 17:10:47,2025-11-02 17:10:47
C01886,Customer_C01886,Repeat,Lucknow,2025-01-15,3082.55,2,1541.28,14.4,0.19,2025-11-02 17:12:43,2026-09-09 12:33:34
C01712,Customer_C01712,Repeat,Lucknow,2025-01-15,7081.18,5,1416.24,128.1,0.76,2025-11-02 17:30:12,2026-05-18 19:18:57
C01832,Customer_C01832,Repeat,Gorakhpur,2025-01-15,19171.29,4,4792.82,87.1,0.5,2025-11-02 18:03:58,2026-06-28 18:51:44
C01554,Customer_C01554,Repeat,Lucknow,2025-01-15,15815.15,5,3163.03,64.0,0.57,2025-11-02 18:09:10,2026-07-21 22:20:21
C00342,Customer_C00342,Repeat,Noida,2025-01-15,12428.41,3,4142.8,61.3,0.34,2025-11-02 18:09:20,2026-07-24 15:26:20
C01718,Customer_C01718,Repeat,Lucknow,2025-01-15,16260.49,4,4065.12,112.2,0.56,2025-11-02 18:26:38,2026-06-03 17:37:26
C02675,Customer_C02675,Repeat,Noida,2025-01-15,16255.37,6,2709.23,0.2,0.55,2025-11-02 18:51:11,2026-09-23 16:40:45
C00488,Customer_C00488,Repeat,Delhi,2025-01-15,3054.41,2,1527.2,87.1,0.25,2025-11-02 18:59:46,2026-06-28 20:25:38
C00136,Customer_C00136,Repeat,Prayagraj,2025-01-15,3652.99,4,913.25,144.0,0.66,2025-11-02 19:01:02,2026-05-02 22:42:25
C01544,Customer_C01544,Repeat,Lucknow,2025-01-15,4357.21,4,1089.3,3.2,0.37,2025-11-02 19:04:23,2026-09-20 16:21:01
C02361,Customer_C02361,New,Lucknow,2025-01-15,354.72,1,354.72,325.1,30.0,2025-11-02 19:05:01,2025-11-02 19:05:01
C01042,Customer_C01042,Repeat,Noida,2025-01-15,5194.03,4,1298.51,133.4,0.63,2025-11-02 20:05:58,2026-05-13 12:14:24
C02310,Customer_C02310,Repeat,Gorakhpur,2025-01-15,1751.28,2,875.64,166.1,0.38,2025-11-02 20:26:48,2026-04-10 20:07:16
C01588,Customer_C01588,Repeat,Noida,2025-01-15,13215.61,5,2643.12,12.4,0.48,2025-11-02 21:10:28,2026-09-11 13:09:52
C01118,Customer_C01118,Repeat,Noida,2025-01-15,772.97,2,386.48,84.0,0.25,2025-11-03 08:05:44,2026-07-01 21:54:22
C02319,Customer_C02319,Repeat,Lucknow,2025-01-15,1967.3,4,491.82,117.1,0.58,2025-11-03 08:52:51,2026-05-29 19:03:53
C00693,Customer_C00693,Repeat,Lucknow,2025-01-15,2436.32,2,1218.16,65.6,0.23,2025-11-03 08:54:38,2026-07-20 08:06:13
C00157,Customer_C00157,Repeat,Agra,2025-01-15,23539.81,6,3923.3,2.2,0.56,2025-11-03 08:58:12,2026-09-21 17:05:22
C02914,Customer_C02914,Repeat,Prayagraj,2025-01-15,4138.82,5,827.76,2.3,0.47,2025-11-03 11:31:36,2026-09-21 15:22:53
C00052,Customer_C00052,Repeat,Gorakhpur,2025-01-15,9308.65,4,2327.16,113.1,0.57,2025-11-03 13:25:38,2026-06-02 19:52:33
C03327,Customer_C03327,Repeat,Kanpur,2025-01-15,2934.93,3,978.31,49.1,0.33,2025-11-03 15:12:19,2026-08-05 20:29:16
C01862,Customer_C01862,Repeat,Agra,2025-01-15,5455.08,5,1091.02,12.0,0.48,2025-11-03 15:15:18,2026-09-11 21:34:06
C02836,Customer_C02836,Repeat,Kanpur,2025-01-15,4441.93,4,1110.48,35.0,0.41,2025-11-03 16:39:26,2026-08-19 22:10:12
C01757,Customer_C01757,Repeat,Varanasi,2025-01-15,11929.22,7,1704.17,27.2,0.71,2025-11-03 16:50:22,2026-08-27 16:14:15
C01900,Customer_C01900,Repeat,Lucknow,2025-01-15,12011.4,4,3002.85,5.2,0.38,2025-11-03 16:56:35,2026-09-18 17:49:57
C01432,Customer_C01432,Repeat,Prayagraj,2025-01-15,1117.92,3,372.64,124.3,0.45,2025-11-03 16:58:45,2026-05-22 15:16:43
C00160,Customer_C00160,Repeat,Kanpur,2025-01-15,3651.44,4,912.86,180.2,0.83,2025-11-03 18:21:23,2026-03-27 17:01:52
C03165,Customer_C03165,New,Delhi,2025-01-15,3180.0,1,3180.0,324.1,30.0,2025-11-03 18:30:26,2025-11-03 18:30:26
C02181,Customer_C02181,Repeat,Prayagraj,2025-01-15,6235.48,2,3117.74,219.6,0.57,2025-11-03 18:34:15,2026-02-16 08:12:26
C03438,Customer_C03438,Repeat,Prayagraj,2025-01-15,1555.94,2,777.97,117.1,0.29,2025-11-03 18:52:15,2026-05-29 20:18:35
C01218,Customer_C01218,New,Varanasi,2025-01-15,848.0,1,848.0,324.1,30.0,2025-11-03 20:07:40,2025-11-03 20:07:40
C00794,Customer_C00794,Repeat,Lucknow,2025-01-15,5167.94,4,1291.98,93.2,0.52,2025-11-03 20:43:27,2026-06-22 16:09:15
C00748,Customer_C00748,Repeat,Jaipur,2025-01-15,7318.07,7,1045.44,67.0,0.82,2025-11-03 20:49:01,2026-07-18 22:08:04
C03399,Customer_C03399,Repeat,Jaipur,2025-01-15,1104.06,3,368.02,118.3,0.44,2025-11-03 20:56:26,2026-05-28 15:29:33
C01629,Customer_C01629,Repeat,Kanpur,2025-01-15,1637.99,3,546.0,125.5,0.45,2025-11-03 21:57:10,2026-05-21 09:58:28
C01149,Customer_C01149,Repeat,Noida,2025-01-15,4752.18,4,1188.04,45.2,0.43,2025-11-04 09:50:45,2026-08-09 16:48:06
C00017,Customer_C00017,Repeat,Prayagraj,2025-01-15,2263.44,3,754.48,163.1,0.56,2025-11-04 10:19:05,2026-04-13 19:33:01
C02214,Customer_C02214,Repeat,Varanasi,2025-01-15,3747.15,2,1873.57,285.1,1.57,2025-11-04 14:35:08,2025-12-12 19:08:04
C01784,Customer_C01784,Repeat,Noida,2025-01-15,17123.86,4,4280.96,119.0,0.59,2025-11-04 16:09:10,2026-05-27 22:22:22
C00918,Customer_C00918,Repeat,Kanpur,2025-01-15,10909.76,5,2181.95,9.4,0.48,2025-11-04 16:12:56,2026-09-14 12:23:48
C00229,Customer_C00229,Repeat,Prayagraj,2025-01-15,4178.9,4,1044.72,159.2,0.73,2025-11-04 16:13:06,2026-04-17 16:35:30
C00879,Customer_C00879,Repeat,Prayagraj,2025-01-15,2542.47,5,508.49,182.0,1.06,2025-11-04 16:41:51,2026-03-25 20:55:55
C02465,Customer_C02465,New,Jaipur,2025-01-15,128.15,1,128.15,323.2,30.0,2025-11-04 17:04:06,2025-11-04 17:04:06
C00054,Customer_C00054,Repeat,Patna,2025-01-15,2321.49,3,773.83,154.4,0.53,2025-11-04 17:26:23,2026-04-22 12:29:05
C01643,Customer_C01643,Repeat,Lucknow,2025-01-15,422.56,2,211.28,191.5,0.46,2025-11-04 17:47:13,2026-03-16 10:51:56
C01830,Customer_C01830,Repeat,Noida,2025-01-15,7172.95,5,1434.59,17.0,0.49,2025-11-04 18:30:28,2026-09-06 22:50:07
C00819,Customer_C00819,Repeat,Jaipur,2025-01-15,14947.94,7,2135.42,22.0,0.7,2025-11-04 18:37:05,2026-09-01 22:53:26
C03476,Customer_C03476,Repeat,Lucknow,2025-01-15,2815.37,4,703.84,82.1,0.5,2025-11-04 18:44:05,2026-07-03 20:28:14
C02878,Customer_C02878,Repeat,Delhi,2025-01-15,6414.3,4,1603.58,13.4,0.39,2025-11-04 19:30:57,2026-09-10 11:28:07
C01072,Customer_C01072,Repeat,Jaipur,2025-01-15,3102.42,4,775.6,213.2,1.09,2025-11-04 20:05:00,2026-02-22 17:53:20
C01516,Customer_C01516,New,Prayagraj,2025-01-15,1008.79,1,1008.79,323.1,30.0,2025-11-04 20:24:32,2025-11-04 20:24:32
C02350,Customer_C02350,Repeat,Noida,2025-01-15,3029.4,4,757.35,23.2,0.4,2025-11-04 20:47:57,2026-08-31 15:59:11
C02009,Customer_C02009,Repeat,Varanasi,2025-01-15,1619.54,3,539.85,255.1,1.33,2025-11-04 20:55:37,2026-01-11 18:51:11
C03043,Customer_C03043,Repeat,Prayagraj,2025-01-15,2623.19,3,874.4,173.2,0.6,2025-11-04 21:23:28,2026-04-03 16:08:07
C02498,Customer_C02498,Repeat,Lucknow,2025-01-15,2277.23,4,569.31,45.0,0.43,2025-11-04 22:49:44,2026-08-09 22:45:36
C01216,Customer_C01216,Repeat,Kanpur,2025-01-15,4838.12,4,1209.53,109.0,0.56,2025-11-04 22:53:44,2026-06-06 22:46:26
C02500,Customer_C02500,Repeat,Gorakhpur,2025-01-15,1510.27,2,755.14,55.1,0.22,2025-11-05 08:20:00,2026-07-30 19:20:52
C00093,Customer_C00093,Repeat,Agra,2025-01-15,2268.08,3,756.03,3.2,0.28,2025-11-05 08:45:41,2026-09-20 16:43:50
C01452,Customer_C01452,Repeat,Prayagraj,2025-01-15,615.95,2,307.98,317.0,10.83,2025-11-05 09:08:52,2025-11-10 22:07:57
C00580,Customer_C00580,Repeat,Varanasi,2025-01-15,12331.63,6,2055.27,112.1,0.86,2025-11-05 10:03:49,2026-06-03 20:11:49
C01729,Customer_C01729,Repeat,Prayagraj,2025-01-15,6122.27,5,1224.45,93.5,0.66,2025-11-05 16:58:05,2026-06-22 11:02:04
C00494,Customer_C00494,Repeat,Prayagraj,2025-01-15,6667.66,6,1111.28,57.1,0.68,2025-11-05 17:01:19,2026-07-28 19:03:34
C02448,Customer_C02448,Repeat,Agra,2025-01-15,9293.23,8,1161.65,37.1,0.84,2025-11-05 17:05:02,2026-08-17 20:00:49
C02128,Customer_C02128,Repeat,Noida,2025-01-15,2875.6,5,575.12,16.2,0.49,2025-11-05 18:06:23,2026-09-07 17:12:03
C01440,Customer_C01440,Repeat,Lucknow,2025-01-15,1707.32,3,569.11,39.4,0.32,2025-11-05 18:30:42,2026-08-15 12:35:22
C01998,Customer_C01998,Repeat,Gorakhpur,2025-01-15,12138.39,3,4046.13,19.2,0.3,2025-11-05 18:51:11,2026-09-04 17:02:19
C01794,Customer_C01794,New,Kanpur,2025-01-15,663.47,1,663.47,322.1,30.0,2025-11-05 18:51:32,2025-11-05 18:51:32
C02204,Customer_C02204,Repeat,Lucknow,2025-01-15,3474.52,3,1158.17,66.0,0.35,2025-11-05 19:09:48,2026-07-19 22:43:58
C01390,Customer_C01390,Repeat,Varanasi,2025-01-15,16534.13,4,4133.53,62.1,0.46,2025-11-05 19:40:01,2026-07-23 18:48:16
C01947,Customer_C01947,Repeat,Noida,2025-01-15,3169.35,4,792.34,31.1,0.41,2025-11-05 20:16:27,2026-08-23 18:52:25
C02208,Customer_C02208,Repeat,Kanpur,2025-01-15,2212.34,3,737.45,55.2,0.34,2025-11-05 21:10:21,2026-07-30 16:50:30
C01448,Customer_C01448,Repeat,Gorakhpur,2025-01-15,3922.81,7,560.4,81.1,0.87,2025-11-05 21:40:53,2026-07-04 18:40:16
C01607,Customer_C01607,Repeat,Kanpur,2025-01-15,2688.83,4,672.21,132.5,0.63,2025-11-05 21:52:30,2026-05-14 10:11:42
C03124,Customer_C03124,Repeat,Varanasi,2025-01-15,4399.48,6,733.25,38.2,0.64,2025-11-06 08:31:11,2026-08-16 18:05:52
C00776,Customer_C00776,Repeat,Lucknow,2025-01-15,1477.55,3,492.52,43.2,0.32,2025-11-06 09:29:03,2026-08-11 18:08:10
C00351,Customer_C00351,Repeat,Lucknow,2025-01-15,3458.7,2,1729.35,268.2,1.13,2025-11-06 13:31:50,2025-12-29 17:46:56
C01953,Customer_C01953,Repeat,Lucknow,2025-01-15,4438.19,3,1479.4,11.1,0.29,2025-11-06 13:49:15,2026-09-12 19:45:27
C03100,Customer_C03100,Repeat,Noida,2025-01-15,12168.01,4,3042.0,162.2,0.75,2025-11-06 14:07:37,2026-04-14 18:01:13
C01165,Customer_C01165,Repeat,Prayagraj,2025-01-15,3168.52,4,792.13,49.5,0.44,2025-11-06 17:10:06,2026-08-05 09:11:07
C03359,Customer_C03359,Repeat,Agra,2025-01-15,17226.63,5,3445.33,120.3,0.75,2025-11-06 17:27:25,2026-05-26 15:44:08
C01211,Customer_C01211,Repeat,Prayagraj,2025-01-15,20283.53,6,3380.59,59.1,0.69,2025-11-06 17:27:45,2026-07-26 19:15:32
C02496,Customer_C02496,Repeat,Noida,2025-01-15,3716.79,7,530.97,0.0,0.65,2025-11-06 18:13:18,2026-09-23 20:56:07
C02582,Customer_C02582,Repeat,Lucknow,2025-01-15,1104.21,3,368.07,105.1,0.42,2025-11-06 18:32:04,2026-06-10 20:03:19
C02943,Customer_C02943,Repeat,Kanpur,2025-01-15,6228.76,4,1557.19,7.4,0.38,2025-11-06 18:59:22,2026-09-16 11:52:17
C02748,Customer_C02748,New,Noida,2025-01-15,493.7,1,493.7,321.1,30.0,2025-11-06 19:20:54,2025-11-06 19:20:54
C01143,Customer_C01143,Repeat,Prayagraj,2025-01-15,8993.43,4,2248.36,121.0,0.6,2025-11-06 19:24:45,2026-05-25 22:47:50
C01447,Customer_C01447,Repeat,Lucknow,2025-01-15,10977.05,5,2195.41,2.1,0.47,2025-11-06 19:30:09,2026-09-21 19:43:03
C02040,Customer_C02040,Repeat,Prayagraj,2025-01-15,1149.92,4,287.48,24.2,0.4,2025-11-06 19:31:05,2026-08-30 16:55:33
C03488,Customer_C03488,Repeat,Noida,2025-01-15,3104.43,3,1034.81,223.4,0.92,2025-11-06 20:04:37,2026-02-12 12:46:47
C02799,Customer_C02799,Repeat,Varanasi,2025-01-15,13166.92,3,4388.97,122.2,0.45,2025-11-06 20:14:22,2026-05-24 17:34:57
C00968,Customer_C00968,Repeat,Kanpur,2025-01-15,11212.29,7,1601.76,37.1,0.74,2025-11-06 20:24:09,2026-08-17 18:51:36
C02253,Customer_C02253,Repeat,Prayagraj,2025-01-15,994.53,3,331.51,223.1,0.92,2025-11-06 20:46:59,2026-02-12 18:33:53
C02798,Customer_C02798,Repeat,Jaipur,2025-01-15,2553.18,3,851.06,11.5,0.29,2025-11-06 20:58:28,2026-09-12 10:51:17
C00178,Customer_C00178,Repeat,Noida,2025-01-15,1448.16,2,724.08,213.6,0.56,2025-11-06 20:59:24,2026-02-22 08:38:34
C01391,Customer_C01391,Repeat,Kanpur,2025-01-15,683.92,2,341.96,235.2,0.7,2025-11-06 21:02:10,2026-01-31 18:08:48
C00510,Customer_C00510,Repeat,Varanasi,2025-01-15,10233.66,5,2046.73,150.5,0.88,2025-11-06 21:25:15,2026-04-26 09:27:16
C03040,Customer_C03040,Repeat,Gorakhpur,2025-01-15,4195.59,3,1398.53,41.1,0.32,2025-11-06 21:36:04,2026-08-13 19:00:53
C00793,Customer_C00793,New,Lucknow,2025-01-15,178.33,1,178.33,321.0,30.0,2025-11-06 22:19:42,2025-11-06 22:19:42
C01950,Customer_C01950,Repeat,Lucknow,2025-01-15,15130.95,3,5043.65,47.1,0.33,2025-11-07 08:50:57,2026-08-07 19:17:47
C01366,Customer_C01366,Repeat,Lucknow,2025-01-15,1048.68,4,262.17,25.1,0.41,2025-11-07 12:39:36,2026-08-29 18:37:27
C01558,Customer_C01558,Repeat,Kanpur,2025-01-15,1547.7,3,515.9,60.2,0.35,2025-11-07 13:25:13,2026-07-25 17:20:18
C00949,Customer_C00949,Repeat,Jaipur,2025-01-15,16282.38,4,4070.6,148.1,0.7,2025-11-07 13:40:53,2026-04-28 19:50:34
C01049,Customer_C01049,Repeat,Prayagraj,2025-01-15,21744.75,5,4348.95,145.1,0.86,2025-11-07 14:01:08,2026-05-01 18:35:11
C00565,Customer_C00565,Repeat,Prayagraj,2025-01-15,7891.74,2,3945.87,233.6,0.69,2025-11-07 14:14:02,2026-02-02 08:10:14
C01551,Customer_C01551,Repeat,Prayagraj,2025-01-15,3114.95,4,778.74,131.3,0.63,2025-11-07 14:55:22,2026-05-15 15:01:28
C01985,Customer_C01985,Repeat,Kanpur,2025-01-15,5592.79,4,1398.2,41.6,0.43,2025-11-07 15:55:50,2026-08-13 08:13:17
C02962,Customer_C02962,Repeat,Lucknow,2025-01-15,14702.71,3,4900.9,50.0,0.33,2025-11-07 15:56:27,2026-08-04 22:37:00
C01758,Customer_C01758,Repeat,Kanpur,2025-01-15,1805.58,3,601.86,11.1,0.29,2025-11-07 16:27:44,2026-09-12 18:38:18
C02745,Customer_C02745,Repeat,Prayagraj,2025-01-15,1811.64,2,905.82,142.2,0.34,2025-11-07 16:36:30,2026-05-04 16:07:36
C02268,Customer_C02268,Repeat,Kanpur,2025-01-15,1715.01,2,857.5,204.1,0.52,2025-11-07 17:03:03,2026-03-03 18:30:05
C03064,Customer_C03064,Repeat,Agra,2025-01-15,24718.05,6,4119.68,46.0,0.66,2025-11-07 17:06:03,2026-08-08 21:49:05
C02403,Customer_C02403,Repeat,Gorakhpur,2025-01-15,12904.33,3,4301.44,39.2,0.32,2025-11-07 17:48:28,2026-08-15 16:43:44
C02059,Customer_C02059,Repeat,Kanpur,2025-01-15,6028.91,2,3014.46,121.3,0.3,2025-11-07 18:24:51,2026-05-25 15:37:51
C03492,Customer_C03492,Repeat,Patna,2025-01-15,2810.94,2,1405.47,77.5,0.25,2025-11-07 18:24:56,2026-07-08 10:28:14
C01008,Customer_C01008,Repeat,Noida,2025-01-15,2239.12,2,1119.56,240.5,0.75,2025-11-07 18:28:40,2026-01-26 09:33:08
C03178,Customer_C03178,Repeat,Lucknow,2025-01-15,5616.9,5,1123.38,23.3,0.51,2025-11-07 18:39:42,2026-08-31 15:10:19
C02152,Customer_C02152,Repeat,Varanasi,2025-01-15,2971.76,4,742.94,112.1,0.58,2025-11-07 18:46:59,2026-06-03 19:42:41
C02677,Customer_C02677,Repeat,Prayagraj,2025-01-15,5099.53,5,1019.91,20.1,0.5,2025-11-07 18:53:58,2026-09-03 20:09:40
C00544,Customer_C00544,Repeat,Jaipur,2025-01-15,2001.28,4,500.32,45.1,0.44,2025-11-07 19:16:15,2026-08-09 20:43:37
C00239,Customer_C00239,Repeat,Kanpur,2025-01-15,14549.22,6,2424.87,78.0,0.74,2025-11-07 19:44:40,2026-07-07 21:24:47
C02681,Customer_C02681,Repeat,Jaipur,2025-01-15,12420.19,5,2484.04,4.3,0.48,2025-11-07 19:54:15,2026-09-19 14:31:15
C01530,Customer_C01530,Repeat,Kanpur,2025-01-15,6321.06,5,1264.21,105.1,0.7,2025-11-07 22:47:12,2026-06-10 19:20:02
C02142,Customer_C02142,Repeat,Noida,2025-01-15,10549.19,4,2637.3,73.2,0.49,2025-11-07 22:52:18,2026-07-12 16:28:33
C02485,Customer_C02485,Repeat,Lucknow,2025-01-15,5516.22,4,1379.06,8.1,0.39,2025-11-08 08:00:30,2026-09-15 19:36:32
C02922,Customer_C02922,New,Lucknow,2025-01-15,16500.0,1,16500.0,319.5,30.0,2025-11-08 10:29:32,2025-11-08 10:29:32
C02866,Customer_C02866,Repeat,Prayagraj,2025-01-15,11909.65,5,2381.93,27.0,0.51,2025-11-08 15:06:02,2026-08-27 22:59:46
C00646,Customer_C00646,Repeat,Kanpur,2025-01-15,1993.86,2,996.93,143.5,0.34,2025-11-08 15:09:21,2026-05-03 10:09:50
C01556,Customer_C01556,Repeat,Jaipur,2025-01-15,2221.1,3,740.37,130.1,0.48,2025-11-08 15:10:07,2026-05-16 20:33:04
C03225,Customer_C03225,Repeat,Gorakhpur,2025-01-15,7672.95,3,2557.65,46.2,0.33,2025-11-08 15:31:49,2026-08-08 18:19:45
C00514,Customer_C00514,Repeat,Lucknow,2025-01-15,7005.11,3,2335.04,34.2,0.32,2025-11-08 15:53:53,2026-08-20 16:48:45
C02233,Customer_C02233,Repeat,Agra,2025-01-15,3025.25,3,1008.42,13.2,0.29,2025-11-08 16:40:39,2026-09-10 17:54:38
C00945,Customer_C00945,Repeat,Gorakhpur,2025-01-15,1601.0,2,800.5,229.2,0.67,2025-11-08 16:44:14,2026-02-06 18:01:29
C03232,Customer_C03232,Repeat,Agra,2025-01-15,6974.3,5,1394.86,117.4,0.74,2025-11-08 16:57:33,2026-05-29 13:05:04
C02330,Customer_C02330,Repeat,Agra,2025-01-15,4455.09,5,891.02,136.6,0.82,2025-11-08 17:03:23,2026-05-10 08:39:38
C03325,Customer_C03325,Repeat,Noida,2025-01-15,7811.55,7,1115.94,16.2,0.69,2025-11-08 18:06:11,2026-09-07 17:18:05
C00213,Customer_C00213,Repeat,Lucknow,2025-01-15,9121.24,4,2280.31,158.2,0.75,2025-11-08 18:38:32,2026-04-18 17:50:00
C03368,Customer_C03368,Repeat,Kanpur,2025-01-15,2933.35,5,586.67,15.0,0.49,2025-11-08 18:44:26,2026-09-08 22:10:05
C00601,Customer_C00601,Repeat,Varanasi,2025-01-15,888.04,4,222.01,21.1,0.4,2025-11-08 18:57:11,2026-09-02 19:48:45
C02968,Customer_C02968,Repeat,Noida,2025-01-15,1231.71,2,615.86,82.2,0.25,2025-11-08 19:12:40,2026-07-03 16:22:38
C00887,Customer_C00887,Repeat,Lucknow,2025-01-15,2138.39,5,427.68,56.2,0.57,2025-11-08 19:16:08,2026-07-29 18:10:40
C02158,Customer_C02158,Repeat,Lucknow,2025-01-15,1929.27,3,643.09,241.1,1.15,2025-11-08 19:28:29,2026-01-25 20:24:56
C01798,Customer_C01798,Repeat,Noida,2025-01-15,2451.34,4,612.84,17.0,0.4,2025-11-08 19:47:52,2026-09-06 21:20:58
C02458,Customer_C02458,Repeat,Gorakhpur,2025-01-15,2529.41,3,843.14,122.1,0.46,2025-11-08 19:48:40,2026-05-24 20:02:57
C03456,Customer_C03456,Repeat,Noida,2025-01-15,8691.24,3,2897.08,55.2,0.34,2025-11-08 20:02:38,2026-07-30 16:20:42
C00058,Customer_C00058,Repeat,Lucknow,2025-01-15,17105.42,4,4276.35,170.1,0.81,2025-11-08 20:12:48,2026-04-06 18:59:38
C01070,Customer_C01070,Repeat,Noida,2025-01-15,17067.6,4,4266.9,208.0,1.08,2025-11-08 20:55:51,2026-02-27 21:39:50
C03176,Customer_C03176,New,Lucknow,2025-01-15,2431.11,1,2431.11,319.0,30.0,2025-11-08 20:57:27,2025-11-08 20:57:27
C00522,Customer_C00522,Repeat,Noida,2025-01-15,2978.41,5,595.68,38.0,0.53,2025-11-08 21:49:20,2026-08-16 20:59:51
C00442,Customer_C00442,Repeat,Lucknow,2025-01-15,11582.18,4,2895.54,50.0,0.45,2025-11-08 22:04:15,2026-08-04 22:43:50
C00806,Customer_C00806,Repeat,Varanasi,2025-01-15,17912.99,3,5971.0,60.1,0.35,2025-11-09 09:11:41,2026-07-25 20:22:25
C02987,Customer_C02987,Repeat,Kanpur,2025-01-15,4666.45,3,1555.48,42.3,0.33,2025-11-09 10:13:09,2026-08-12 15:54:47
C00424,Customer_C00424,Repeat,Lucknow,2025-01-15,2995.12,4,748.78,83.2,0.51,2025-11-09 14:30:56,2026-07-02 17:02:38
C01509,Customer_C01509,Repeat,Lucknow,2025-01-15,1657.63,3,552.54,102.2,0.42,2025-11-09 17:42:45,2026-06-13 17:09:06
C00267,Customer_C00267,Repeat,Lucknow,2025-01-15,6787.03,6,1131.17,83.2,0.77,2025-11-09 17:46:21,2026-07-02 17:25:38
C02699,Customer_C02699,New,Kanpur,2025-01-15,1693.01,1,1693.01,318.2,30.0,2025-11-09 18:06:45,2025-11-09 18:06:45
C03032,Customer_C03032,Repeat,Agra,2025-01-15,2272.31,3,757.44,173.1,0.62,2025-11-09 18:11:21,2026-04-03 20:30:06
C00822,Customer_C00822,Repeat,Lucknow,2025-01-15,1065.34,2,532.67,231.1,0.69,2025-11-09 18:12:36,2026-02-04 19:10:11
C00005,Customer_C00005,Repeat,Gorakhpur,2025-01-15,7448.06,3,2482.69,133.1,0.49,2025-11-09 18:49:57,2026-05-13 18:46:52
C00377,Customer_C00377,Repeat,Kanpur,2025-01-15,3605.42,6,600.9,4.1,0.57,2025-11-09 18:55:58,2026-09-19 18:33:19
C00530,Customer_C00530,Repeat,Noida,2025-01-15,2544.93,4,636.23,54.0,0.45,2025-11-09 18:57:51,2026-07-31 21:30:59
C00670,Customer_C00670,Repeat,Varanasi,2025-01-15,3849.88,4,962.47,47.2,0.44,2025-11-09 19:13:19,2026-08-07 16:48:23
C01647,Customer_C01647,Repeat,Varanasi,2025-01-15,1932.18,4,483.04,84.0,0.51,2025-11-09 19:46:34,2026-07-01 22:03:47
C00802,Customer_C00802,Repeat,Lucknow,2025-01-15,1357.8,2,678.9,305.0,4.59,2025-11-09 20:23:40,2025-11-22 22:19:40
C02984,Customer_C02984,Repeat,Kanpur,2025-01-15,1693.54,3,564.51,14.0,0.3,2025-11-09 21:38:24,2026-09-09 21:53:46
C00459,Customer_C00459,Repeat,Agra,2025-01-15,8321.72,6,1386.95,25.0,0.61,2025-11-09 22:40:17,2026-08-29 21:50:48
C02851,Customer_C02851,Repeat,Jaipur,2025-01-15,11264.94,6,1877.49,18.2,0.6,2025-11-10 09:24:03,2026-09-05 17:32:53
C00834,Customer_C00834,Repeat,Gorakhpur,2025-01-15,11806.3,2,5903.15,305.5,5.01,2025-11-10 10:29:29,2025-11-22 10:04:41
C00936,Customer_C00936,Repeat,Agra,2025-01-15,2135.95,2,1067.97,136.1,0.33,2025-11-10 10:57:42,2026-05-10 20:33:28
C00744,Customer_C00744,New,Noida,2025-01-15,858.93,1,858.93,317.4,30.0,2025-11-10 12:53:30,2025-11-10 12:53:30
C00124,Customer_C00124,Repeat,Prayagraj,2025-01-15,4696.79,6,782.8,62.1,0.7,2025-11-10 12:55:46,2026-07-23 20:36:56
C00446,Customer_C00446,Repeat,Jaipur,2025-01-15,8136.98,4,2034.24,143.1,0.69,2025-11-10 13:18:21,2026-05-03 18:40:39
C01604,Customer_C01604,Repeat,Prayagraj,2025-01-15,690.37,2,345.18,286.0,1.92,2025-11-10 15:36:02,2025-12-11 20:49:01
C00402,Customer_C00402,Repeat,Gorakhpur,2025-01-15,2532.56,3,844.19,38.2,0.32,2025-11-10 16:40:29,2026-08-16 16:34:34
C02763,Customer_C02763,Repeat,Kanpur,2025-01-15,4755.49,3,1585.16,73.1,0.37,2025-11-10 16:44:46,2026-07-12 20:28:00
C03329,Customer_C03329,Repeat,Prayagraj,2025-01-15,2238.22,2,1119.11,316.2,58.37,2025-11-10 17:23:03,2025-11-11 18:03:18
C02126,Customer_C02126,Repeat,Prayagraj,2025-01-15,6756.79,5,1351.36,14.2,0.5,2025-11-10 17:27:30,2026-09-09 17:19:05
C02286,Customer_C02286,Repeat,Kanpur,2025-01-15,6255.33,4,1563.83,204.2,1.06,2025-11-10 18:01:25,2026-03-03 18:17:18
C02299,Customer_C02299,Repeat,Agra,2025-01-15,4074.74,4,1018.68,64.1,0.47,2025-11-10 18:08:41,2026-07-21 19:38:09
C00630,Customer_C00630,Repeat,Jaipur,2025-01-15,2433.6,3,811.2,116.1,0.45,2025-11-10 18:22:53,2026-05-30 19:38:39
C01189,Customer_C01189,Repeat,Kanpur,2025-01-15,837.67,4,209.42,14.1,0.4,2025-11-10 18:26:32,2026-09-09 20:14:30
C00760,Customer_C00760,Repeat,Lucknow,2025-01-15,7334.78,9,814.98,23.3,0.92,2025-11-10 18:46:03,2026-08-31 14:37:04
C00955,Customer_C00955,Repeat,Kanpur,2025-01-15,18368.68,2,9184.34,277.1,1.5,2025-11-10 19:10:31,2025-12-20 19:22:25
C03484,Customer_C03484,Repeat,Noida,2025-01-15,5333.46,5,1066.69,54.0,0.57,2025-11-10 19:58:45,2026-07-31 21:46:06
C00345,Customer_C00345,Repeat,Prayagraj,2025-01-15,16475.72,3,5491.91,68.0,0.36,2025-11-10 19:59:37,2026-07-17 22:14:14
C01750,Customer_C01750,Repeat,Agra,2025-01-15,12311.86,4,3077.96,152.1,0.73,2025-11-10 20:17:46,2026-04-24 19:56:18
C02904,Customer_C02904,Repeat,Lucknow,2025-01-15,2451.39,4,612.85,118.0,0.6,2025-11-10 20:24:34,2026-05-28 21:51:47
C01506,Customer_C01506,Repeat,Noida,2025-01-15,2726.14,3,908.71,93.2,0.4,2025-11-10 20:43:50,2026-06-22 18:21:20
C00143,Customer_C00143,Repeat,Lucknow,2025-01-15,2611.65,5,522.33,26.1,0.52,2025-11-10 21:34:18,2026-08-28 19:23:05
C00882,Customer_C00882,Repeat,Kanpur,2025-01-15,2377.27,3,792.42,195.1,0.74,2025-11-10 21:48:33,2026-03-12 19:56:40
C01040,Customer_C01040,Repeat,Kanpur,2025-01-15,918.38,2,459.19,183.1,0.45,2025-11-11 09:36:20,2026-03-24 20:41:27
C00916,Customer_C00916,Repeat,Lucknow,2025-01-15,1167.05,2,583.53,98.0,0.27,2025-11-11 15:27:28,2026-06-17 21:30:49
C02226,Customer_C02226,Repeat,Jaipur,2025-01-15,842.94,2,421.47,130.5,0.32,2025-11-11 16:04:50,2026-05-16 10:46:00
C01716,Customer_C01716,Repeat,Lucknow,2025-01-15,853.04,2,426.52,158.0,0.38,2025-11-11 16:40:51,2026-04-18 20:54:42
C01176,Customer_C01176,Repeat,Kanpur,2025-01-15,3318.46,5,663.69,85.0,0.65,2025-11-11 16:49:17,2026-06-30 22:25:08
C01434,Customer_C01434,Repeat,Lucknow,2025-01-15,3113.38,4,778.34,125.1,0.63,2025-11-11 16:53:40,2026-05-21 19:18:41
C01402,Customer_C01402,Repeat,Noida,2025-01-15,4289.24,2,2144.62,52.0,0.23,2025-11-11 16:56:29,2026-08-02 21:19:10
C00264,Customer_C00264,Repeat,Lucknow,2025-01-15,17821.11,5,3564.22,16.3,0.5,2025-11-11 17:04:05,2026-09-07 14:41:05
C02419,Customer_C02419,Repeat,Lucknow,2025-01-15,3560.42,3,1186.81,83.2,0.39,2025-11-11 18:16:45,2026-07-02 17:33:02
C00509,Customer_C00509,Repeat,Kanpur,2025-01-15,2181.88,2,1090.94,48.2,0.22,2025-11-11 18:34:37,2026-08-06 18:11:07
C02043,Customer_C02043,Repeat,Noida,2025-01-15,7490.89,2,3745.44,2.1,0.19,2025-11-11 18:47:36,2026-09-21 19:51:05
C02323,Customer_C02323,Repeat,Gorakhpur,2025-01-15,12021.11,5,2404.22,10.4,0.49,2025-11-11 20:53:37,2026-09-13 11:52:02
C03036,Customer_C03036,Repeat,Kanpur,2025-01-15,2247.79,3,749.26,106.1,0.43,2025-11-11 20:58:50,2026-06-09 19:00:13
C01762,Customer_C01762,Repeat,Lucknow,2025-01-15,2029.31,4,507.33,17.0,0.4,2025-11-11 21:07:42,2026-09-06 22:09:55
C02431,Customer_C02431,Repeat,Patna,2025-01-15,4913.92,6,818.99,77.1,0.75,2025-11-11 21:52:43,2026-07-08 20:24:06
C03162,Customer_C03162,Repeat,Lucknow,2025-01-15,825.09,2,412.54,137.0,0.34,2025-11-11 22:31:10,2026-05-09 22:39:09
C01752,Customer_C01752,Repeat,Gorakhpur,2025-01-15,13538.56,3,4512.85,35.3,0.32,2025-11-12 08:18:08,2026-08-19 14:18:19
C02924,Customer_C02924,Repeat,Lucknow,2025-01-15,1970.83,3,656.94,22.0,0.31,2025-11-12 10:01:27,2026-09-01 21:43:50
C01091,Customer_C01091,Repeat,Agra,2025-01-15,4771.92,6,795.32,30.6,0.63,2025-11-12 10:40:30,2026-08-24 08:25:31
C02542,Customer_C02542,Repeat,Lucknow,2025-01-15,1006.36,2,503.18,122.2,0.31,2025-11-12 13:26:33,2026-05-24 17:39:34
C01812,Customer_C01812,Repeat,Jaipur,2025-01-15,8130.83,2,4065.42,90.0,0.27,2025-11-12 13:30:07,2026-06-25 22:00:10
C00413,Customer_C00413,Repeat,Lucknow,2025-01-15,3346.32,4,836.58,74.1,0.5,2025-11-12 14:01:19,2026-07-11 19:31:53
C02104,Customer_C02104,Repeat,Patna,2025-01-15,6315.97,5,1263.19,109.2,0.73,2025-11-12 14:43:25,2026-06-06 17:03:52
C00155,Customer_C00155,Repeat,Gorakhpur,2025-01-15,7568.35,6,1261.39,32.1,0.64,2025-11-12 16:42:09,2026-08-22 18:31:49
C03008,Customer_C03008,Repeat,Gorakhpur,2025-01-15,2870.81,3,956.94,181.2,0.67,2025-11-12 17:44:00,2026-03-26 17:37:23
C01918,Customer_C01918,Repeat,Prayagraj,2025-01-15,2194.28,3,731.43,11.0,0.3,2025-11-12 17:56:06,2026-09-12 21:25:52
C01300,Customer_C01300,Repeat,Agra,2025-01-15,14672.81,6,2445.47,113.0,0.89,2025-11-12 18:07:39,2026-06-02 22:37:51
C02706,Customer_C02706,New,Jaipur,2025-01-15,413.29,1,413.29,315.2,30.0,2025-11-12 18:09:06,2025-11-12 18:09:06
C01179,Customer_C01179,Repeat,Lucknow,2025-01-15,2903.89,2,1451.95,107.2,0.29,2025-11-12 18:19:08,2026-06-08 17:09:43
C00387,Customer_C00387,Repeat,Gorakhpur,2025-01-15,1451.42,3,483.81,72.1,0.37,2025-11-12 18:22:17,2026-07-13 18:44:11
C02697,Customer_C02697,Repeat,Gorakhpur,2025-01-15,6491.93,5,1298.39,12.2,0.5,2025-11-12 19:11:42,2026-09-11 17:32:48
C00663,Customer_C00663,Repeat,Kanpur,2025-01-15,5600.86,5,1120.17,21.0,0.51,2025-11-12 19:17:29,2026-09-02 22:44:03
C03194,Customer_C03194,New,Jaipur,2025-01-15,222.81,1,222.81,315.1,30.0,2025-11-12 19:27:43,2025-11-12 19:27:43
C03087,Customer_C03087,Repeat,Prayagraj,2025-01-15,5848.71,2,2924.36,8.1,0.2,2025-11-12 19:28:24,2026-09-15 20:28:17
C02844,Customer_C02844,Repeat,Varanasi,2025-01-15,3824.84,3,1274.95,108.5,0.44,2025-11-12 20:18:58,2026-06-07 09:28:20
C01357,Customer_C01357,Repeat,Varanasi,2025-01-15,3372.29,4,843.07,108.2,0.58,2025-11-12 20:40:54,2026-06-07 16:25:41
C03440,Customer_C03440,Repeat,Kanpur,2025-01-15,5274.88,5,1054.98,153.0,0.93,2025-11-12 20:55:07,2026-04-23 21:02:02
C01581,Customer_C01581,Repeat,Noida,2025-01-15,910.17,2,455.08,19.6,0.2,2025-11-12 21:05:56,2026-09-04 08:18:53
C02020,Customer_C02020,Repeat,Lucknow,2025-01-15,1011.48,2,505.74,290.2,2.42,2025-11-12 21:08:44,2025-12-07 17:09:56
C00538,Customer_C00538,New,Lucknow,2025-01-15,132.5,1,132.5,315.0,30.0,2025-11-12 21:23:09,2025-11-12 21:23:09
C01703,Customer_C01703,Repeat,Gorakhpur,2025-01-15,14150.16,4,3537.54,49.0,0.45,2025-11-12 21:36:03,2026-08-05 21:17:23
C01222,Customer_C01222,Repeat,Prayagraj,2025-01-15,3171.99,5,634.4,105.1,0.71,2025-11-12 21:48:19,2026-06-10 19:52:34
C01997,Customer_C01997,Repeat,Kanpur,2025-01-15,13108.67,4,3277.17,45.1,0.44,2025-11-12 21:51:07,2026-08-09 19:16:47
C00893,Customer_C00893,Repeat,Patna,2025-01-15,1305.69,2,652.84,126.3,0.32,2025-11-12 22:19:33,2026-05-20 14:42:40
C00810,Customer_C00810,Repeat,Lucknow,2025-01-15,2818.7,4,704.68,88.1,0.53,2025-11-12 22:59:11,2026-06-27 19:36:04
C03182,Customer_C03182,Repeat,Agra,2025-01-15,1471.1,2,735.55,192.3,0.49,2025-11-13 09:29:08,2026-03-15 15:09:08
C01020,Customer_C01020,Repeat,Noida,2025-01-15,6623.42,3,2207.81,171.0,0.63,2025-11-13 12:21:33,2026-04-05 22:48:23
C00992,Customer_C00992,Repeat,Varanasi,2025-01-15,3060.19,2,1530.09,245.2,0.87,2025-11-13 13:51:43,2026-01-21 16:32:13
C00428,Customer_C00428,Repeat,Lucknow,2025-01-15,10143.1,7,1449.01,94.3,0.95,2025-11-13 16:10:58,2026-06-21 15:02:11
C02048,Customer_C02048,Repeat,Agra,2025-01-15,1713.54,3,571.18,153.3,0.56,2025-11-13 16:17:01,2026-04-23 15:05:35
C03410,Customer_C03410,Repeat,Varanasi,2025-01-15,10055.15,2,5027.58,265.6,1.23,2025-11-13 16:38:56,2026-01-01 08:27:12
C03481,Customer_C03481,Repeat,Noida,2025-01-15,4859.5,3,1619.83,195.1,0.76,2025-11-13 17:32:02,2026-03-12 18:23:46
C01416,Customer_C01416,Repeat,Varanasi,2025-01-15,2819.46,2,1409.73,79.4,0.26,2025-11-13 18:04:26,2026-07-06 13:09:31
C02898,Customer_C02898,Repeat,Jaipur,2025-01-15,8432.69,3,2810.9,72.0,0.37,2025-11-13 18:41:16,2026-07-13 22:12:11
C02252,Customer_C02252,Repeat,Jaipur,2025-01-15,8024.81,9,891.65,11.2,0.89,2025-11-13 19:15:58,2026-09-12 16:29:00
C03214,Customer_C03214,Repeat,Lucknow,2025-01-15,6877.17,5,1375.43,15.5,0.5,2025-11-13 20:02:10,2026-09-08 08:56:31
C03021,Customer_C03021,Repeat,Noida,2025-01-15,2039.47,3,679.82,169.3,0.62,2025-11-13 20:24:59,2026-04-07 15:54:07
C02304,Customer_C02304,Repeat,Jaipur,2025-01-15,2912.02,2,1456.01,255.0,1.02,2025-11-13 21:17:17,2026-01-11 22:58:38
C00079,Customer_C00079,Repeat,Prayagraj,2025-01-15,2234.33,2,1117.16,136.3,0.34,2025-11-13 22:46:09,2026-05-10 15:56:43
C03414,Customer_C03414,Repeat,Noida,2025-01-15,2505.25,3,835.08,105.2,0.43,2025-11-14 10:52:26,2026-06-10 16:42:59
C01299,Customer_C01299,Repeat,Gorakhpur,2025-01-15,5182.02,3,1727.34,54.1,0.35,2025-11-14 11:29:16,2026-07-31 19:27:01
C03027,Customer_C03027,Repeat,Agra,2025-01-15,1377.25,2,688.62,169.1,0.42,2025-11-14 12:48:19,2026-04-07 18:43:34
C00296,Customer_C00296,Repeat,Prayagraj,2025-01-15,1977.56,5,395.51,55.1,0.58,2025-11-14 15:14:32,2026-07-30 19:43:56
C00263,Customer_C00263,Repeat,Noida,2025-01-15,8663.05,4,2165.76,55.3,0.47,2025-11-14 15:37:02,2026-07-30 14:00:35
C02155,Customer_C02155,Repeat,Prayagraj,2025-01-15,4087.54,5,817.51,16.2,0.5,2025-11-14 15:39:54,2026-09-07 16:43:34
C01945,Customer_C01945,Repeat,Lucknow,2025-01-15,22998.91,6,3833.15,5.2,0.58,2025-11-14 16:52:39,2026-09-18 16:14:11
C02326,Customer_C02326,Repeat,Varanasi,2025-01-15,10799.05,5,2159.81,116.4,0.76,2025-11-14 17:13:56,2026-05-30 11:48:51
C01788,Customer_C01788,Repeat,Agra,2025-01-15,2843.83,4,710.96,26.5,0.42,2025-11-14 17:18:59,2026-08-28 10:48:31
C01383,Customer_C01383,Repeat,Kanpur,2025-01-15,2747.16,3,915.72,130.0,0.49,2025-11-14 17:44:22,2026-05-16 21:07:17
C02235,Customer_C02235,Repeat,Lucknow,2025-01-15,2418.33,3,806.11,48.0,0.34,2025-11-14 18:03:08,2026-08-06 20:46:33
C01290,Customer_C01290,Repeat,Jaipur,2025-01-15,520.99,3,173.66,264.5,1.85,2025-11-14 18:07:31,2026-01-02 09:45:13
C02110,Customer_C02110,Repeat,Agra,2025-01-15,496.31,2,248.16,28.1,0.21,2025-11-14 18:22:07,2026-08-26 20:11:40
C00513,Customer_C00513,Repeat,Noida,2025-01-15,3718.65,3,1239.55,54.2,0.35,2025-11-14 18:37:01,2026-07-31 16:46:15
C02783,Customer_C02783,Repeat,Noida,2025-01-15,6026.58,5,1205.32,170.0,1.05,2025-11-14 19:42:08,2026-04-06 22:03:09
C02340,Customer_C02340,Repeat,Noida,2025-01-15,15900.0,2,7950.0,160.0,0.39,2025-11-14 20:02:31,2026-04-16 21:47:45
C03274,Customer_C03274,Repeat,Kanpur,2025-01-15,5810.39,4,1452.6,62.3,0.48,2025-11-14 20:08:51,2026-07-23 15:58:09
C03287,Customer_C03287,New,Lucknow,2025-01-15,364.96,1,364.96,313.1,30.0,2025-11-14 20:29:21,2025-11-14 20:29:21
C01835,Customer_C01835,New,Prayagraj,2025-01-15,239.51,1,239.51,313.1,30.0,2025-11-14 20:42:34,2025-11-14 20:42:34
C02117,Customer_C02117,Repeat,Prayagraj,2025-01-15,1762.92,2,881.46,1.5,0.19,2025-11-15 08:13:05,2026-09-22 10:03:20
C01294,Customer_C01294,Repeat,Kanpur,2025-01-15,1826.43,3,608.81,97.2,0.42,2025-11-15 08:49:35,2026-06-18 18:19:12
C00863,Customer_C00863,Repeat,Varanasi,2025-01-15,1428.37,4,357.09,28.2,0.42,2025-11-15 09:34:22,2026-08-26 17:19:11
C02834,Customer_C02834,Repeat,Prayagraj,2025-01-15,1217.56,3,405.85,93.1,0.41,2025-11-15 09:43:47,2026-06-22 19:26:23
C01576,Customer_C01576,Repeat,Jaipur,2025-01-15,17145.62,6,2857.6,19.3,0.61,2025-11-15 10:20:46,2026-09-04 14:53:28
C02185,Customer_C02185,Repeat,Lucknow,2025-01-15,1143.66,2,571.83,179.2,0.45,2025-11-15 13:08:35,2026-03-28 16:19:14
C02757,Customer_C02757,Repeat,Kanpur,2025-01-15,3514.92,3,1171.64,148.1,0.55,2025-11-15 14:22:34,2026-04-28 19:16:01
C00057,Customer_C00057,Repeat,Lucknow,2025-01-15,5055.79,5,1011.16,29.4,0.53,2025-11-15 15:48:07,2026-08-25 12:21:00
C02701,Customer_C02701,New,Varanasi,2025-01-15,16500.0,1,16500.0,312.2,30.0,2025-11-15 17:03:49,2025-11-15 17:03:49
C00472,Customer_C00472,Repeat,Gorakhpur,2025-01-15,8659.31,3,2886.44,84.1,0.39,2025-11-15 18:06:27,2026-07-01 20:40:00
C00022,Customer_C00022,Repeat,Kanpur,2025-01-15,37715.75,6,6285.96,14.1,0.6,2025-11-15 18:27:03,2026-09-09 20:31:09
C02667,Customer_C02667,Repeat,Jaipur,2025-01-15,1036.0,2,518.0,244.3,0.88,2025-11-15 18:35:14,2026-01-22 13:50:43
C01493,Customer_C01493,Repeat,Lucknow,2025-01-15,1571.05,4,392.76,30.3,0.43,2025-11-15 18:35:31,2026-08-24 15:22:45
C01033,Customer_C01033,New,Agra,2025-01-15,325.49,1,325.49,312.1,30.0,2025-11-15 18:41:38,2025-11-15 18:41:38
C00035,Customer_C00035,New,Gorakhpur,2025-01-15,16500.0,1,16500.0,312.1,30.0,2025-11-15 18:42:01,2025-11-15 18:42:01
C03265,Customer_C03265,Repeat,Kanpur,2025-01-15,1770.27,3,590.09,19.3,0.31,2025-11-15 19:08:59,2026-09-04 14:57:48
C00363,Customer_C00363,Repeat,Noida,2025-01-15,7469.69,6,1244.95,15.5,0.61,2025-11-15 19:09:28,2026-09-08 11:01:30
C01907,Customer_C01907,Repeat,Agra,2025-01-15,2582.15,4,645.54,75.1,0.51,2025-11-15 19:44:40,2026-07-10 19:16:30
C02161,Customer_C02161,Repeat,Kanpur,2025-01-15,8677.32,4,2169.33,28.1,0.42,2025-11-15 19:48:49,2026-08-26 19:33:41
C00623,Customer_C00623,Repeat,Lucknow,2025-01-15,2061.89,2,1030.94,218.1,0.64,2025-11-15 20:04:50,2026-02-17 18:24:13
C02568,Customer_C02568,Repeat,Gorakhpur,2025-01-15,5681.46,3,1893.82,53.2,0.35,2025-11-15 20:08:24,2026-08-01 17:04:25
C02883,Customer_C02883,Repeat,Lucknow,2025-01-15,2099.41,4,524.85,38.1,0.44,2025-11-15 20:19:04,2026-08-16 19:24:53
C00072,Customer_C00072,Repeat,Lucknow,2025-01-15,22373.32,6,3728.89,92.4,0.82,2025-11-15 20:43:38,2026-06-23 13:31:38
C02322,Customer_C02322,Repeat,Agra,2025-01-15,7302.63,3,2434.21,23.6,0.31,2025-11-15 20:52:15,2026-08-31 08:09:56
C03066,Customer_C03066,Repeat,Kanpur,2025-01-15,4886.09,5,977.22,81.4,0.65,2025-11-15 21:42:14,2026-07-04 13:06:26
C02150,Customer_C02150,Repeat,Jaipur,2025-01-15,6840.56,7,977.22,16.2,0.71,2025-11-15 22:16:36,2026-09-07 17:49:27
C02026,Customer_C02026,Repeat,Varanasi,2025-01-15,5601.74,3,1867.25,38.1,0.33,2025-11-15 22:31:32,2026-08-16 19:36:49
C02882,Customer_C02882,Repeat,Patna,2025-01-15,3041.07,3,1013.69,22.1,0.31,2025-11-15 22:55:45,2026-09-01 19:53:48
C01397,Customer_C01397,Repeat,Lucknow,2025-01-15,8305.86,5,1661.17,87.4,0.67,2025-11-16 08:43:13,2026-06-28 13:10:16
C00418,Customer_C00418,Repeat,Noida,2025-01-15,655.19,2,327.6,104.1,0.29,2025-11-16 10:36:47,2026-06-11 19:37:32
C00624,Customer_C00624,Repeat,Kanpur,2025-01-15,2174.6,3,724.87,6.0,0.29,2025-11-16 10:38:00,2026-09-17 21:25:53
C02256,Customer_C02256,Repeat,Prayagraj,2025-01-15,22325.45,4,5581.36,7.4,0.39,2025-11-16 10:42:15,2026-09-16 13:31:43
C00309,Customer_C00309,Repeat,Noida,2025-01-15,1162.38,4,290.6,192.1,1.01,2025-11-16 12:00:00,2026-03-15 18:26:41
C00548,Customer_C00548,Repeat,Jaipur,2025-01-15,26934.81,3,8978.27,29.2,0.32,2025-11-16 12:11:32,2026-08-25 16:12:30
C03051,Customer_C03051,Repeat,Lucknow,2025-01-15,3998.69,5,799.74,3.1,0.49,2025-11-16 12:13:16,2026-09-20 19:23:04
C01627,Customer_C01627,Repeat,Prayagraj,2025-01-15,1491.92,3,497.31,58.1,0.36,2025-11-16 12:38:28,2026-07-27 20:03:14
C02240,Customer_C02240,Repeat,Jaipur,2025-01-15,2091.72,2,1045.86,4.1,0.2,2025-11-16 16:20:55,2026-09-19 19:58:10
C01478,Customer_C01478,Repeat,Prayagraj,2025-01-15,4831.84,2,2415.92,267.2,1.36,2025-11-16 17:19:11,2025-12-30 16:56:45
C02972,Customer_C02972,Repeat,Prayagraj,2025-01-15,2931.41,3,977.14,50.1,0.34,2025-11-16 18:26:00,2026-08-04 19:50:12
C03412,Customer_C03412,Repeat,Jaipur,2025-01-15,703.49,4,175.87,74.1,0.51,2025-11-16 18:28:17,2026-07-11 18:28:40
C02608,Customer_C02608,Repeat,Agra,2025-01-15,3853.56,3,1284.52,7.2,0.3,2025-11-16 18:51:49,2026-09-16 18:10:57
C01914,Customer_C01914,Repeat,Prayagraj,2025-01-15,2989.19,4,747.3,83.1,0.53,2025-11-16 18:53:02,2026-07-02 20:09:21
C01102,Customer_C01102,Repeat,Lucknow,2025-01-15,817.41,3,272.47,73.0,0.38,2025-11-16 20:00:47,2026-07-12 21:09:17
C02694,Customer_C02694,Repeat,Prayagraj,2025-01-15,6972.51,9,774.72,23.2,0.94,2025-11-16 20:46:07,2026-08-31 17:00:50
C03168,Customer_C03168,Repeat,Lucknow,2025-01-15,2163.16,2,1081.58,192.0,0.5,2025-11-16 20:50:55,2026-03-15 22:09:38
C02600,Customer_C02600,Repeat,Prayagraj,2025-01-15,7258.47,4,1814.62,60.1,0.48,2025-11-16 21:09:06,2026-07-25 19:51:34
C01867,Customer_C01867,Repeat,Lucknow,2025-01-15,2694.81,3,898.27,84.3,0.4,2025-11-16 21:51:00,2026-07-01 13:40:58
C00199,Customer_C00199,Repeat,Lucknow,2025-01-15,13586.27,7,1940.9,2.2,0.68,2025-11-16 21:52:34,2026-09-21 16:25:45
C01319,Customer_C01319,Repeat,Patna,2025-01-15,3781.64,5,756.33,72.1,0.63,2025-11-16 22:44:37,2026-07-13 18:41:49
C00237,Customer_C00237,Repeat,Lucknow,2025-01-15,14712.61,7,2101.8,6.4,0.69,2025-11-17 08:34:09,2026-09-17 12:23:49
C00122,Customer_C00122,Repeat,Noida,2025-01-15,2387.7,4,596.92,130.2,0.67,2025-11-17 09:18:09,2026-05-16 16:44:51
C00013,Customer_C00013,Repeat,Prayagraj,2025-01-15,2868.54,5,573.71,71.4,0.63,2025-11-17 09:55:03,2026-07-14 11:59:02
C01001,Customer_C01001,Repeat,Varanasi,2025-01-15,1525.64,4,381.41,31.2,0.43,2025-11-17 12:37:35,2026-08-23 17:08:00
C03379,Customer_C03379,Repeat,Lucknow,2025-01-15,3308.92,4,827.23,16.1,0.41,2025-11-17 14:11:27,2026-09-07 19:33:27
C00894,Customer_C00894,Repeat,Lucknow,2025-01-15,1276.95,2,638.48,130.0,0.33,2025-11-17 15:19:46,2026-05-16 22:07:36
C00109,Customer_C00109,Repeat,Lucknow,2025-01-15,2340.49,3,780.16,121.3,0.48,2025-11-17 15:52:23,2026-05-25 15:53:25
C00982,Customer_C00982,Repeat,Lucknow,2025-01-15,10690.25,3,3563.42,31.2,0.32,2025-11-17 15:53:10,2026-08-23 16:28:13
C02215,Customer_C02215,Repeat,Lucknow,2025-01-15,1044.24,2,522.12,295.2,4.01,2025-11-17 18:08:36,2025-12-02 17:09:46
C01188,Customer_C01188,Repeat,Varanasi,2025-01-15,2568.47,2,1284.24,117.1,0.31,2025-11-17 18:37:28,2026-05-29 19:19:31
C02857,Customer_C02857,Repeat,Agra,2025-01-15,6564.63,5,1312.93,36.2,0.55,2025-11-17 19:27:49,2026-08-18 18:07:17
C02429,Customer_C02429,Repeat,Lucknow,2025-01-15,13525.64,4,3381.41,26.3,0.42,2025-11-17 19:52:26,2026-08-28 15:33:30
C01783,Customer_C01783,Repeat,Prayagraj,2025-01-15,19350.47,6,3225.08,28.1,0.64,2025-11-17 20:31:37,2026-08-26 18:32:40
C00162,Customer_C00162,New,Lucknow,2025-01-15,427.62,1,427.62,310.0,30.0,2025-11-17 21:53:41,2025-11-17 21:53:41
C00608,Customer_C00608,Repeat,Noida,2025-01-15,1351.42,3,450.47,9.3,0.3,2025-11-18 10:51:39,2026-09-14 15:25:55
C03211,Customer_C03211,Repeat,Varanasi,2025-01-15,609.52,3,203.17,117.4,0.47,2025-11-18 12:32:09,2026-05-29 12:46:54
C01563,Customer_C01563,Repeat,Agra,2025-01-15,3210.86,2,1605.43,4.0,0.2,2025-11-18 14:33:24,2026-09-19 20:51:46
C00784,Customer_C00784,Repeat,Prayagraj,2025-01-15,3452.16,2,1726.08,17.2,0.21,2025-11-18 15:12:08,2026-09-06 16:01:16
C01546,Customer_C01546,New,Kanpur,2025-01-15,529.65,1,529.65,309.3,30.0,2025-11-18 15:21:51,2025-11-18 15:21:51
C00661,Customer_C00661,Repeat,Gorakhpur,2025-01-15,1398.64,2,699.32,99.4,0.29,2025-11-18 16:53:25,2026-06-16 13:12:54
C02561,Customer_C02561,Repeat,Lucknow,2025-01-15,6422.05,4,1605.51,35.1,0.44,2025-11-18 17:05:16,2026-08-19 18:22:56
C02186,Customer_C02186,New,Kanpur,2025-01-15,642.19,1,642.19,309.2,30.0,2025-11-18 17:28:10,2025-11-18 17:28:10
C03487,Customer_C03487,Repeat,Noida,2025-01-15,2574.08,2,1287.04,250.1,1.02,2025-11-18 17:48:27,2026-01-16 19:38:19
C01109,Customer_C01109,New,Lucknow,2025-01-15,1823.63,1,1823.63,309.2,30.0,2025-11-18 17:50:47,2025-11-18 17:50:47
C02853,Customer_C02853,Repeat,Kanpur,2025-01-15,1175.21,2,587.6,147.2,0.37,2025-11-18 17:54:15,2026-04-29 18:06:41
C02376,Customer_C02376,Repeat,Gorakhpur,2025-01-15,4503.6,2,2251.8,277.1,1.87,2025-11-18 18:14:27,2025-12-20 19:56:14
C00235,Customer_C00235,New,Gorakhpur,2025-01-15,195.43,1,195.43,309.1,30.0,2025-11-18 18:36:55,2025-11-18 18:36:55
C02088,Customer_C02088,Repeat,Prayagraj,2025-01-15,4201.56,5,840.31,175.1,1.12,2025-11-18 18:38:06,2026-04-01 20:17:39
C01036,Customer_C01036,Repeat,Noida,2025-01-15,620.27,2,310.14,212.0,0.62,2025-11-18 18:52:35,2026-02-23 20:50:49
C03390,Customer_C03390,Repeat,Noida,2025-01-15,2634.14,4,658.54,31.6,0.43,2025-11-18 18:57:26,2026-08-23 08:46:02
C00991,Customer_C00991,New,Varanasi,2025-01-15,709.29,1,709.29,309.1,30.0,2025-11-18 19:17:59,2025-11-18 19:17:59
C00575,Customer_C00575,Repeat,Varanasi,2025-01-15,1610.9,3,536.97,29.3,0.32,2025-11-18 19:24:39,2026-08-25 15:29:27
C02372,Customer_C02372,Repeat,Lucknow,2025-01-15,1587.39,2,793.7,116.4,0.31,2025-11-18 19:29:24,2026-05-30 13:13:55
C01882,Customer_C01882,Repeat,Lucknow,2025-01-15,6546.68,6,1091.11,33.5,0.65,2025-11-18 19:38:50,2026-08-21 10:21:58
C00766,Customer_C00766,Repeat,Kanpur,2025-01-15,386.56,2,193.28,232.3,0.78,2025-11-18 19:43:15,2026-02-03 15:47:14
C01279,Customer_C01279,Repeat,Lucknow,2025-01-15,20478.75,3,6826.25,27.1,0.32,2025-11-18 19:44:56,2026-08-27 18:52:15
C00177,Customer_C00177,Repeat,Kanpur,2025-01-15,4339.33,5,867.87,53.3,0.59,2025-11-18 20:04:31,2026-08-01 13:42:55
C00323,Customer_C00323,Repeat,Lucknow,2025-01-15,5270.3,7,752.9,51.3,0.81,2025-11-18 20:24:31,2026-08-03 14:37:09
C02356,Customer_C02356,Repeat,Varanasi,2025-01-15,7046.44,7,1006.63,122.2,1.12,2025-11-18 20:31:44,2026-05-24 16:25:49
C03212,Customer_C03212,Repeat,Kanpur,2025-01-15,11827.88,4,2956.97,276.2,3.66,2025-11-18 21:43:03,2025-12-21 16:11:34
C02231,Customer_C02231,Repeat,Varanasi,2025-01-15,8230.79,4,2057.7,20.2,0.42,2025-11-19 11:19:30,2026-09-03 18:17:20
C01702,Customer_C01702,Repeat,Noida,2025-01-15,24793.42,5,4958.68,35.1,0.55,2025-11-19 13:49:41,2026-08-19 19:00:00
C02005,Customer_C02005,Repeat,Lucknow,2025-01-15,2672.66,4,668.16,9.1,0.4,2025-11-19 15:15:00,2026-09-14 20:07:12
C02416,Customer_C02416,Repeat,Varanasi,2025-01-15,3150.58,4,787.64,5.5,0.4,2025-11-19 15:31:41,2026-09-18 09:49:06
C00259,Customer_C00259,Repeat,Patna,2025-01-15,9339.14,6,1556.52,44.0,0.68,2025-11-19 16:33:17,2026-08-10 20:56:04
C03352,Customer_C03352,Repeat,Kanpur,2025-01-15,1260.0,3,420.0,95.0,0.42,2025-11-19 17:03:38,2026-06-20 21:18:00
C01014,Customer_C01014,Repeat,Lucknow,2025-01-15,2558.22,2,1279.11,135.0,0.35,2025-11-19 18:09:55,2026-05-11 22:47:43
C00808,Customer_C00808,Repeat,Jaipur,2025-01-15,20068.78,6,3344.8,57.0,0.72,2025-11-19 19:11:40,2026-07-28 21:56:05
C03367,Customer_C03367,Repeat,Lucknow,2025-01-15,4289.34,5,857.87,61.2,0.61,2025-11-19 19:34:46,2026-07-24 17:10:31
C01572,Customer_C01572,New,Jaipur,2025-01-15,900.0,1,900.0,308.1,30.0,2025-11-19 19:35:28,2025-11-19 19:35:28
C01247,Customer_C01247,Repeat,Lucknow,2025-01-15,27765.97,6,4627.66,5.5,0.59,2025-11-19 19:38:39,2026-09-18 09:13:22
C03002,Customer_C03002,Repeat,Agra,2025-01-15,4396.38,4,1099.1,109.1,0.6,2025-11-19 20:02:22,2026-06-06 19:53:33
C00167,Customer_C00167,New,Jaipur,2025-01-15,242.89,1,242.89,308.1,30.0,2025-11-19 20:18:24,2025-11-19 20:18:24
C03372,Customer_C03372,Repeat,Gorakhpur,2025-01-15,15230.88,4,3807.72,4.0,0.39,2025-11-19 21:11:41,2026-09-19 21:46:13
C00881,Customer_C00881,Repeat,Agra,2025-01-15,4121.65,3,1373.88,143.1,0.55,2025-11-19 21:20:35,2026-05-03 19:19:53
C03019,Customer_C03019,Repeat,Noida,2025-01-15,4759.03,5,951.81,3.3,0.49,2025-11-19 21:21:19,2026-09-20 15:24:54
C01524,Customer_C01524,Repeat,Lucknow,2025-01-15,1712.88,3,570.96,239.1,1.31,2025-11-19 21:22:09,2026-01-27 19:40:36
C02472,Customer_C02472,Repeat,Noida,2025-01-15,2827.19,2,1413.59,98.0,0.29,2025-11-19 21:26:49,2026-06-17 21:41:08
C00765,Customer_C00765,Repeat,Kanpur,2025-01-15,2565.45,5,513.09,14.0,0.51,2025-11-19 22:32:21,2026-09-09 20:54:19
C02467,Customer_C02467,Repeat,Lucknow,2025-01-15,5068.42,4,1267.1,78.0,0.52,2025-11-20 08:15:26,2026-07-07 20:49:05
C02147,Customer_C02147,New,Prayagraj,2025-01-15,824.03,1,824.03,307.6,30.0,2025-11-20 08:21:58,2025-11-20 08:21:58
C03147,Customer_C03147,Repeat,Agra,2025-01-15,1121.67,2,560.84,219.1,0.68,2025-11-20 09:48:11,2026-02-16 20:36:31
C02190,Customer_C02190,Repeat,Lucknow,2025-01-15,15724.34,4,3931.08,237.3,1.71,2025-11-20 10:07:56,2026-01-29 15:14:33
C01610,Customer_C01610,New,Lucknow,2025-01-15,299.84,1,299.84,307.4,30.0,2025-11-20 11:40:17,2025-11-20 11:40:17
C00614,Customer_C00614,Repeat,Lucknow,2025-01-15,349.41,2,174.7,109.3,0.3,2025-11-20 12:47:39,2026-06-06 15:34:41
C01392,Customer_C01392,Repeat,Prayagraj,2025-01-15,1382.35,2,691.18,160.0,0.41,2025-11-20 12:51:29,2026-04-16 21:02:49
C00993,Customer_C00993,Repeat,Agra,2025-01-15,3198.47,3,1066.16,1.2,0.29,2025-11-20 16:02:54,2026-09-22 16:04:10
C02913,Customer_C02913,Repeat,Prayagraj,2025-01-15,747.6,2,373.8,36.0,0.22,2025-11-20 16:43:37,2026-08-18 22:02:20
C02638,Customer_C02638,Repeat,Lucknow,2025-01-15,6279.01,3,2093.0,84.0,0.4,2025-11-20 17:43:26,2026-07-01 21:00:18
C00838,Customer_C00838,Repeat,Lucknow,2025-01-15,15955.53,9,1772.84,21.5,0.95,2025-11-20 17:50:54,2026-09-02 09:33:38
C02003,Customer_C02003,Repeat,Lucknow,2025-01-15,3337.44,2,1668.72,174.1,0.45,2025-11-20 18:01:22,2026-04-02 20:23:05
C00521,Customer_C00521,Repeat,Noida,2025-01-15,5186.57,4,1296.64,3.0,0.39,2025-11-20 18:07:26,2026-09-20 21:43:19
C01858,Customer_C01858,New,Prayagraj,2025-01-15,333.84,1,333.84,307.1,30.0,2025-11-20 19:01:06,2025-11-20 19:01:06
C02696,Customer_C02696,Repeat,Kanpur,2025-01-15,25231.03,5,5046.21,53.4,0.59,2025-11-20 20:07:32,2026-08-01 11:45:00
C01193,Customer_C01193,Repeat,Gorakhpur,2025-01-15,3972.21,2,1986.1,61.1,0.24,2025-11-20 20:29:43,2026-07-24 18:49:23
C00944,Customer_C00944,Repeat,Agra,2025-01-15,1451.64,2,725.82,69.5,0.25,2025-11-20 22:28:52,2026-07-16 10:18:28
C03157,Customer_C03157,New,Prayagraj,2025-01-15,659.34,1,659.34,306.5,30.0,2025-11-21 10:15:48,2025-11-21 10:15:48
C02520,Customer_C02520,Repeat,Noida,2025-01-15,2538.89,2,1269.45,141.5,0.36,2025-11-21 11:27:20,2026-05-05 09:33:14
C01011,Customer_C01011,Repeat,Lucknow,2025-01-15,2528.72,4,632.18,140.6,0.72,2025-11-21 12:07:51,2026-05-06 08:06:25
C02758,Customer_C02758,Repeat,Lucknow,2025-01-15,413.72,2,206.86,83.1,0.27,2025-11-21 13:59:19,2026-07-02 19:44:39
C01252,Customer_C01252,Repeat,Varanasi,2025-01-15,7065.43,4,1766.36,12.1,0.41,2025-11-21 15:31:28,2026-09-11 20:10:11
C00175,Customer_C00175,Repeat,Prayagraj,2025-01-15,451.34,2,225.67,186.2,0.5,2025-11-21 16:04:43,2026-03-21 17:30:21
C02949,Customer_C02949,Repeat,Kanpur,2025-01-15,2942.83,2,1471.42,214.5,0.65,2025-11-21 16:24:18,2026-02-21 09:30:47
C02746,Customer_C02746,Repeat,Noida,2025-01-15,3080.0,3,1026.67,78.4,0.4,2025-11-21 16:35:04,2026-07-07 11:35:30
C00654,Customer_C00654,Repeat,Gorakhpur,2025-01-15,6408.54,3,2136.18,127.2,0.5,2025-11-21 16:37:10,2026-05-19 16:54:54
C01923,Customer_C01923,Repeat,Noida,2025-01-15,6805.52,2,3402.76,280.3,2.31,2025-11-21 17:03:14,2025-12-17 15:36:08
C01062,Customer_C01062,Repeat,Noida,2025-01-15,3120.61,4,780.15,10.2,0.41,2025-11-21 17:03:28,2026-09-13 17:59:14
C01268,Customer_C01268,Repeat,Gorakhpur,2025-01-15,3826.06,3,1275.35,25.0,0.32,2025-11-21 17:28:10,2026-08-29 21:57:06
C00745,Customer_C00745,Repeat,Agra,2025-01-15,5173.05,4,1293.26,49.2,0.47,2025-11-21 18:13:30,2026-08-05 16:38:20
C01067,Customer_C01067,Repeat,Lucknow,2025-01-15,17477.37,5,3495.47,11.2,0.51,2025-11-21 18:15:34,2026-09-12 16:33:10
C00185,Customer_C00185,New,Prayagraj,2025-01-15,341.43,1,341.43,306.2,30.0,2025-11-21 18:17:18,2025-11-21 18:17:18
C03301,Customer_C03301,Repeat,Prayagraj,2025-01-15,3388.02,3,1129.34,127.2,0.5,2025-11-21 18:37:24,2026-05-19 17:25:26
C03348,Customer_C03348,Repeat,Lucknow,2025-01-15,4628.53,4,1157.13,158.2,0.81,2025-11-21 18:37:52,2026-04-18 18:21:02
C01245,Customer_C01245,Repeat,Kanpur,2025-01-15,6373.95,3,2124.65,130.1,0.51,2025-11-21 18:39:53,2026-05-16 18:27:02
C00574,Customer_C00574,Repeat,Gorakhpur,2025-01-15,6181.06,4,1545.26,50.1,0.47,2025-11-21 19:24:14,2026-08-04 20:39:27
C00741,Customer_C00741,Repeat,Delhi,2025-01-15,3013.3,3,1004.43,179.4,0.71,2025-11-21 20:11:21,2026-03-28 13:10:03
C00279,Customer_C00279,Repeat,Kanpur,2025-01-15,1246.32,4,311.58,36.3,0.44,2025-11-21 20:27:31,2026-08-18 15:48:53
C02338,Customer_C02338,Repeat,Lucknow,2025-01-15,1367.85,2,683.92,22.1,0.21,2025-11-21 20:30:29,2026-09-01 18:47:53
C01623,Customer_C01623,Repeat,Lucknow,2025-01-15,4394.86,5,878.97,38.2,0.56,2025-11-21 20:40:52,2026-08-16 16:16:29
C01047,Customer_C01047,Repeat,Lucknow,2025-01-15,1042.99,3,347.66,117.3,0.48,2025-11-21 22:06:05,2026-05-29 15:20:30
C01226,Customer_C01226,Repeat,Varanasi,2025-01-15,2273.25,3,757.75,68.1,0.38,2025-11-21 22:57:57,2026-07-17 20:32:12
C02784,Customer_C02784,Repeat,Noida,2025-01-15,1483.36,4,370.84,25.1,0.43,2025-11-22 10:01:24,2026-08-29 19:59:37
C00980,Customer_C00980,Repeat,Lucknow,2025-01-15,2534.17,2,1267.08,15.5,0.21,2025-11-22 10:05:51,2026-09-08 09:24:44
C00212,Customer_C00212,Repeat,Jaipur,2025-01-15,4928.82,3,1642.94,138.0,0.54,2025-11-22 10:22:23,2026-05-08 21:54:59
C02228,Customer_C02228,Repeat,Jaipur,2025-01-15,6542.57,2,3271.28,280.1,2.37,2025-11-22 10:28:55,2025-12-17 18:40:31
C02278,Customer_C02278,Repeat,Lucknow,2025-01-15,1886.65,4,471.66,207.1,1.22,2025-11-22 13:19:43,2026-02-28 20:38:34
C00526,Customer_C00526,Repeat,Lucknow,2025-01-15,1949.0,3,649.67,139.2,0.54,2025-11-22 15:53:53,2026-05-07 18:15:26
C00046,Customer_C00046,Repeat,Noida,2025-01-15,1211.95,2,605.98,243.1,0.96,2025-11-22 15:57:39,2026-01-23 20:11:55
C02291,Customer_C02291,Repeat,Noida,2025-01-15,1440.18,4,360.04,22.1,0.42,2025-11-22 16:15:53,2026-09-01 19:52:04
C00545,Customer_C00545,Repeat,Agra,2025-01-15,26356.6,6,4392.77,42.3,0.68,2025-11-22 16:37:00,2026-08-12 14:47:37
C02599,Customer_C02599,Repeat,Prayagraj,2025-01-15,6639.58,3,2213.19,249.3,1.61,2025-11-22 16:54:04,2026-01-17 15:51:31
C00962,Customer_C00962,Repeat,Agra,2025-01-15,6071.63,6,1011.94,12.4,0.61,2025-11-22 16:54:33,2026-09-11 11:32:25
C02541,Customer_C02541,Repeat,Lucknow,2025-01-15,3046.84,2,1523.42,225.1,0.75,2025-11-22 17:52:15,2026-02-10 19:53:29
C02071,Customer_C02071,New,Lucknow,2025-01-15,3324.74,1,3324.74,305.1,30.0,2025-11-22 18:57:55,2025-11-22 18:57:55
C00851,Customer_C00851,New,Prayagraj,2025-01-15,88.0,1,88.0,305.1,30.0,2025-11-22 19:48:11,2025-11-22 19:48:11
C00966,Customer_C00966,Repeat,Kanpur,2025-01-15,1331.72,3,443.91,132.1,0.52,2025-11-22 19:54:23,2026-05-14 19:08:49
C02031,Customer_C02031,Repeat,Noida,2025-01-15,2526.14,4,631.54,127.1,0.67,2025-11-22 19:59:31,2026-05-19 18:27:25
C01494,Customer_C01494,Repeat,Lucknow,2025-01-15,5236.92,5,1047.38,3.2,0.5,2025-11-22 20:06:54,2026-09-20 17:01:16
C02982,Customer_C02982,New,Jaipur,2025-01-15,207.31,1,207.31,305.1,30.0,2025-11-22 20:23:59,2025-11-22 20:23:59
C02063,Customer_C02063,Repeat,Kanpur,2025-01-15,934.26,3,311.42,97.2,0.43,2025-11-22 21:10:07,2026-06-18 18:22:14
C02307,Customer_C02307,New,Lucknow,2025-01-15,14119.22,1,14119.22,305.0,30.0,2025-11-22 21:16:39,2025-11-22 21:16:39
C00068,Customer_C00068,Repeat,Jaipur,2025-01-15,533.99,2,267.0,160.1,0.41,2025-11-22 22:54:04,2026-04-16 19:58:27
C01240,Customer_C01240,Repeat,Jaipur,2025-01-15,2021.26,2,1010.63,296.2,7.16,2025-11-23 08:22:31,2025-12-01 17:35:40
C00628,Customer_C00628,Repeat,Gorakhpur,2025-01-15,3194.84,4,798.71,29.3,0.44,2025-11-23 11:22:58,2026-08-25 15:25:50
C02626,Customer_C02626,Repeat,Lucknow,2025-01-15,12690.91,7,1812.99,0.1,0.69,2025-11-23 11:36:48,2026-09-23 18:49:30
C03421,Customer_C03421,Repeat,Gorakhpur,2025-01-15,3494.89,4,873.72,24.1,0.43,2025-11-23 12:06:04,2026-08-30 18:46:25
C00303,Customer_C00303,Repeat,Noida,2025-01-15,3083.91,3,1027.97,98.0,0.44,2025-11-23 12:57:53,2026-06-17 20:51:34
C01670,Customer_C01670,Repeat,Agra,2025-01-15,3282.49,4,820.62,68.1,0.51,2025-11-23 13:27:17,2026-07-17 19:44:28
C02537,Customer_C02537,Repeat,Kanpur,2025-01-15,3312.87,5,662.57,29.2,0.55,2025-11-23 17:45:30,2026-08-25 18:04:37
C00170,Customer_C00170,Repeat,Lucknow,2025-01-15,1859.49,4,464.87,59.0,0.49,2025-11-23 18:29:38,2026-07-26 21:36:23
C01295,Customer_C01295,Repeat,Lucknow,2025-01-15,2463.01,2,1231.51,256.5,1.26,2025-11-23 19:43:20,2026-01-10 09:32:36
C00061,Customer_C00061,Repeat,Varanasi,2025-01-15,1446.27,2,723.14,11.0,0.2,2025-11-23 20:28:49,2026-09-12 22:15:00
C00884,Customer_C00884,Repeat,Jaipur,2025-01-15,3543.64,6,590.61,65.1,0.75,2025-11-23 20:44:32,2026-07-20 19:53:07
C00833,Customer_C00833,Repeat,Lucknow,2025-01-15,3992.52,3,1330.84,55.3,0.36,2025-11-23 21:44:46,2026-07-30 15:29:42
C00902,Customer_C00902,Repeat,Kanpur,2025-01-15,2726.71,2,1363.36,103.0,0.3,2025-11-23 21:47:21,2026-06-12 21:40:51
C00252,Customer_C00252,Repeat,Agra,2025-01-15,996.4,2,498.2,211.0,0.65,2025-11-24 08:44:54,2026-02-24 22:32:08
C02460,Customer_C02460,Repeat,Lucknow,2025-01-15,2772.91,2,1386.46,144.2,0.38,2025-11-24 09:16:05,2026-05-02 17:44:37
C01483,Customer_C01483,New,Varanasi,2025-01-15,279.17,1,279.17,303.4,30.0,2025-11-24 12:53:55,2025-11-24 12:53:55
C00236,Customer_C00236,Repeat,Jaipur,2025-01-15,23390.05,6,3898.34,100.1,0.89,2025-11-24 16:23:55,2026-06-15 20:02:34
C02036,Customer_C02036,Repeat,Lucknow,2025-01-15,13886.29,2,6943.14,61.1,0.25,2025-11-24 16:25:59,2026-07-24 20:24:53
C00906,Customer_C00906,Repeat,Varanasi,2025-01-15,1347.36,2,673.68,202.1,0.59,2025-11-24 16:59:44,2026-03-05 18:55:18
C01822,Customer_C01822,New,Delhi,2025-01-15,1104.05,1,1104.05,303.2,30.0,2025-11-24 17:02:29,2025-11-24 17:02:29
C01694,Customer_C01694,Repeat,Prayagraj,2025-01-15,1319.64,3,439.88,39.0,0.34,2025-11-24 17:04:14,2026-08-15 22:25:42
C01236,Customer_C01236,Repeat,Prayagraj,2025-01-15,1251.15,2,625.58,275.2,2.14,2025-11-24 17:16:58,2025-12-22 17:10:15
C01427,Customer_C01427,Repeat,Agra,2025-01-15,1558.26,4,389.57,137.1,0.72,2025-11-24 17:36:25,2026-05-09 19:55:23
C00867,Customer_C00867,Repeat,Noida,2025-01-15,1159.7,2,579.85,156.2,0.41,2025-11-24 18:27:40,2026-04-20 16:05:04
C01104,Customer_C01104,Repeat,Agra,2025-01-15,4308.64,4,1077.16,38.1,0.45,2025-11-24 18:39:18,2026-08-16 20:14:47
C02492,Customer_C02492,Repeat,Lucknow,2025-01-15,1354.33,3,451.44,144.1,0.57,2025-11-24 19:15:37,2026-05-02 20:18:05
C02728,Customer_C02728,Repeat,Gorakhpur,2025-01-15,5109.3,6,851.55,99.1,0.88,2025-11-24 19:30:47,2026-06-16 18:29:37
C00527,Customer_C00527,Repeat,Noida,2025-01-15,2846.9,2,1423.45,56.2,0.24,2025-11-24 19:37:02,2026-07-29 18:04:30
C00577,Customer_C00577,Repeat,Prayagraj,2025-01-15,1959.48,2,979.74,292.3,5.57,2025-11-24 19:44:27,2025-12-05 14:13:15
C02436,Customer_C02436,Repeat,Kanpur,2025-01-15,9079.41,4,2269.85,110.5,0.62,2025-11-24 19:47:22,2026-06-05 09:32:02
C02761,Customer_C02761,Repeat,Prayagraj,2025-01-15,721.33,2,360.66,190.2,0.53,2025-11-24 20:11:58,2026-03-17 17:23:51
C01195,Customer_C01195,Repeat,Kanpur,2025-01-15,8366.77,3,2788.92,3.0,0.3,2025-11-24 20:16:02,2026-09-20 21:10:16
C02261,Customer_C02261,Repeat,Noida,2025-01-15,6466.27,3,2155.42,68.5,0.38,2025-11-24 20:33:11,2026-07-17 10:39:41
C01078,Customer_C01078,Repeat,Noida,2025-01-15,1581.35,3,527.12,47.5,0.35,2025-11-24 20:56:20,2026-08-07 10:10:43
C03457,Customer_C03457,Repeat,Lucknow,2025-01-15,29573.55,6,4928.92,17.1,0.63,2025-11-24 21:00:10,2026-09-06 20:41:17
C02137,Customer_C02137,Repeat,Prayagraj,2025-01-15,16991.95,6,2831.99,97.3,0.88,2025-11-24 21:34:50,2026-06-18 14:34:34
C00541,Customer_C00541,Repeat,Noida,2025-01-15,5587.31,5,1117.46,119.1,0.82,2025-11-24 22:55:40,2026-05-27 18:38:41
C00152,Customer_C00152,New,Kanpur,2025-01-15,510.14,1,510.14,302.6,30.0,2025-11-25 08:32:28,2025-11-25 08:32:28
C00551,Customer_C00551,Repeat,Gorakhpur,2025-01-15,11868.71,4,2967.18,108.0,0.62,2025-11-25 11:24:10,2026-06-07 21:54:09
C00704,Customer_C00704,Repeat,Noida,2025-01-15,6780.62,9,753.4,78.1,1.2,2025-11-25 13:23:48,2026-07-07 18:47:17
C03474,Customer_C03474,Repeat,Lucknow,2025-01-15,7908.58,3,2636.19,81.1,0.41,2025-11-25 16:44:10,2026-07-04 18:49:38
C02080,Customer_C02080,New,Agra,2025-01-15,368.44,1,368.44,302.2,30.0,2025-11-25 17:18:39,2025-11-25 17:18:39
C01307,Customer_C01307,Repeat,Gorakhpur,2025-01-15,2550.91,2,1275.46,241.4,0.99,2025-11-25 18:44:12,2026-01-25 13:05:47
C01763,Customer_C01763,Repeat,Prayagraj,2025-01-15,578.92,2,289.46,213.0,0.67,2025-11-25 19:17:15,2026-02-22 21:54:17
C00086,Customer_C00086,Repeat,Gorakhpur,2025-01-15,3194.54,2,1597.27,82.1,0.27,2025-11-25 19:27:18,2026-07-03 20:13:00
C01115,Customer_C01115,New,Prayagraj,2025-01-15,964.4,1,964.4,302.1,30.0,2025-11-25 19:33:45,2025-11-25 19:33:45
C03229,Customer_C03229,New,Lucknow,2025-01-15,1353.43,1,1353.43,302.1,30.0,2025-11-25 19:55:27,2025-11-25 19:55:27
C02193,Customer_C02193,Repeat,Patna,2025-01-15,2919.64,3,973.21,143.2,0.57,2025-11-25 20:12:30,2026-05-03 16:53:40
C01382,Customer_C01382,Repeat,Prayagraj,2025-01-15,4270.16,5,854.03,0.4,0.5,2025-11-25 20:31:06,2026-09-23 11:17:43
C02028,Customer_C02028,Repeat,Varanasi,2025-01-15,2612.98,3,870.99,14.1,0.31,2025-11-25 20:32:13,2026-09-09 19:40:52
C00222,Customer_C00222,Repeat,Patna,2025-01-15,1406.35,4,351.59,38.1,0.45,2025-11-25 20:40:03,2026-08-16 20:28:50
C02169,Customer_C02169,Repeat,Jaipur,2025-01-15,14675.91,2,7337.96,45.2,0.23,2025-11-25 21:35:51,2026-08-09 16:04:15
C00210,Customer_C00210,Repeat,Delhi,2025-01-15,2814.78,6,469.13,84.3,0.83,2025-11-25 22:28:20,2026-07-01 15:35:05
C01225,Customer_C01225,Repeat,Agra,2025-01-15,10798.26,4,2699.56,90.2,0.57,2025-11-26 08:25:24,2026-06-25 18:09:08
C02576,Customer_C02576,Repeat,Jaipur,2025-01-15,25846.06,4,6461.52,189.3,1.07,2025-11-26 08:33:01,2026-03-18 15:58:03
C01163,Customer_C01163,Repeat,Kanpur,2025-01-15,4034.72,2,2017.36,56.0,0.24,2025-11-26 08:36:36,2026-07-29 22:04:02
C02892,Customer_C02892,Repeat,Lucknow,2025-01-15,16871.32,2,8435.66,184.3,0.51,2025-11-26 14:59:19,2026-03-23 15:57:02
C02912,Customer_C02912,Repeat,Varanasi,2025-01-15,2866.51,2,1433.26,247.1,1.11,2025-11-26 15:15:49,2026-01-19 19:20:34
C01921,Customer_C01921,Repeat,Prayagraj,2025-01-15,1781.96,2,890.98,271.1,1.99,2025-11-26 15:31:45,2025-12-26 19:17:29
C02445,Customer_C02445,Repeat,Agra,2025-01-15,3332.57,5,666.51,37.4,0.57,2025-11-26 15:33:34,2026-08-17 11:33:34
C02118,Customer_C02118,Repeat,Kanpur,2025-01-15,1515.97,3,505.32,8.0,0.31,2025-11-26 15:53:32,2026-09-15 21:23:04
C03170,Customer_C03170,Repeat,Jaipur,2025-01-15,3299.01,4,824.75,25.1,0.43,2025-11-26 16:42:57,2026-08-29 19:18:49
C01770,Customer_C01770,Repeat,Noida,2025-01-15,2533.52,4,633.38,117.1,0.65,2025-11-26 17:16:50,2026-05-29 19:38:16
C01592,Customer_C01592,Repeat,Lucknow,2025-01-15,7433.28,3,2477.76,15.0,0.31,2025-11-26 17:20:53,2026-09-08 21:46:17
C01527,Customer_C01527,Repeat,Noida,2025-01-15,13172.95,3,4390.98,193.1,0.83,2025-11-26 17:27:16,2026-03-14 20:15:06
C03252,Customer_C03252,Repeat,Noida,2025-01-15,7627.17,4,1906.79,36.1,0.45,2025-11-26 18:28:32,2026-08-18 19:50:26
C02743,Customer_C02743,Repeat,Jaipur,2025-01-15,835.49,2,417.74,142.5,0.38,2025-11-26 19:05:45,2026-05-04 10:05:03
C00278,Customer_C00278,New,Noida,2025-01-15,415.13,1,415.13,301.1,30.0,2025-11-26 19:26:27,2025-11-26 19:26:27
C01444,Customer_C01444,Repeat,Lucknow,2025-01-15,3846.16,4,961.54,119.2,0.66,2025-11-26 19:36:04,2026-05-27 16:57:50
C01082,Customer_C01082,Repeat,Kanpur,2025-01-15,4059.5,5,811.9,222.1,1.9,2025-11-26 19:49:34,2026-02-13 20:30:56
C02489,Customer_C02489,Repeat,Prayagraj,2025-01-15,716.51,2,358.26,177.4,0.48,2025-11-26 20:06:32,2026-03-30 13:16:39
C02329,Customer_C02329,Repeat,Gorakhpur,2025-01-15,6346.25,5,1269.25,37.1,0.57,2025-11-26 21:42:51,2026-08-17 19:48:09
C00952,Customer_C00952,Repeat,Kanpur,2025-01-15,2740.68,2,1370.34,88.3,0.28,2025-11-27 08:32:30,2026-06-27 15:23:26
C01130,Customer_C01130,Repeat,Noida,2025-01-15,2236.69,2,1118.34,64.1,0.25,2025-11-27 11:02:36,2026-07-21 19:09:51
C00869,Customer_C00869,Repeat,Jaipur,2025-01-15,6162.2,4,1540.55,153.3,0.82,2025-11-27 16:11:23,2026-04-23 15:00:29
C02381,Customer_C02381,Repeat,Jaipur,2025-01-15,4655.19,3,1551.73,78.2,0.41,2025-11-27 18:17:49,2026-07-07 18:19:20
C03310,Customer_C03310,Repeat,Gorakhpur,2025-01-15,15278.22,3,5092.74,93.6,0.44,2025-11-27 18:23:08,2026-06-22 08:41:05
C01479,Customer_C01479,Repeat,Kanpur,2025-01-15,734.54,2,367.27,61.3,0.25,2025-11-27 19:30:10,2026-07-24 15:13:56
C00194,Customer_C00194,Repeat,Noida,2025-01-15,8647.0,4,2161.75,123.5,0.68,2025-11-27 20:03:48,2026-05-23 11:01:23
C02775,Customer_C02775,Repeat,Gorakhpur,2025-01-15,817.39,2,408.7,250.1,1.2,2025-11-27 20:15:50,2026-01-16 18:45:53
C00674,Customer_C00674,Repeat,Noida,2025-01-15,3091.86,4,772.96,22.2,0.43,2025-11-27 20:57:56,2026-09-01 16:47:59
C02751,Customer_C02751,Repeat,Noida,2025-01-15,1471.17,3,490.39,183.5,0.77,2025-11-27 21:00:25,2026-03-24 09:24:15
C00207,Customer_C00207,Repeat,Kanpur,2025-01-15,4967.35,6,827.89,16.1,0.63,2025-11-27 21:03:19,2026-09-07 19:46:11
C00003,Customer_C00003,New,Noida,2025-01-15,800.0,1,800.0,299.5,30.0,2025-11-28 09:39:06,2025-11-28 09:39:06
C00516,Customer_C00516,Repeat,Agra,2025-01-15,19030.17,2,9515.08,232.2,0.89,2025-11-28 10:17:15,2026-02-03 18:09:30
C03203,Customer_C03203,Repeat,Kanpur,2025-01-15,2552.16,2,1276.08,176.2,0.49,2025-11-28 15:45:06,2026-03-31 17:46:52
C02967,Customer_C02967,Repeat,Noida,2025-01-15,1077.74,2,538.87,172.1,0.47,2025-11-28 16:23:55,2026-04-04 18:36:27
C02553,Customer_C02553,Repeat,Prayagraj,2025-01-15,13095.08,4,3273.77,11.4,0.42,2025-11-28 16:36:32,2026-09-12 11:59:21
C02011,Customer_C02011,Repeat,Gorakhpur,2025-01-15,3416.62,2,1708.31,256.5,1.4,2025-11-28 16:52:15,2026-01-10 09:48:03
C00655,Customer_C00655,Repeat,Noida,2025-01-15,873.24,4,218.31,7.3,0.41,2025-11-28 17:29:34,2026-09-16 14:37:02
C00036,Customer_C00036,Repeat,Kanpur,2025-01-15,1847.81,3,615.94,11.4,0.31,2025-11-28 18:14:08,2026-09-12 13:04:15
C00970,Customer_C00970,Repeat,Prayagraj,2025-01-15,2754.2,3,918.07,34.0,0.34,2025-11-28 19:57:27,2026-08-20 22:37:30
C01338,Customer_C01338,Repeat,Prayagraj,2025-01-15,3912.96,5,782.59,25.0,0.55,2025-11-28 20:07:37,2026-08-29 20:57:01
C01686,Customer_C01686,Repeat,Patna,2025-01-15,1645.43,3,548.48,0.2,0.3,2025-11-28 20:29:45,2026-09-23 18:04:30
C00111,Customer_C00111,Repeat,Noida,2025-01-15,2266.48,2,1133.24,50.0,0.24,2025-11-28 21:48:15,2026-08-04 21:18:34
C03078,Customer_C03078,Repeat,Noida,2025-01-15,3660.97,2,1830.48,228.1,0.85,2025-11-28 21:55:49,2026-02-07 19:15:37
C02076,Customer_C02076,Repeat,Prayagraj,2025-01-15,1281.82,3,427.27,132.1,0.54,2025-11-28 22:21:10,2026-05-14 19:53:31
C01356,Customer_C01356,Repeat,Lucknow,2025-01-15,4994.91,5,998.98,11.0,0.52,2025-11-29 10:24:24,2026-09-12 20:54:35
C03296,Customer_C03296,Repeat,Prayagraj,2025-01-15,5550.63,6,925.1,16.1,0.64,2025-11-29 13:00:36,2026-09-07 19:15:15
C02630,Customer_C02630,Repeat,Lucknow,2025-01-15,2046.05,2,1023.02,148.1,0.4,2025-11-29 13:49:19,2026-04-28 19:04:32
C01514,Customer_C01514,New,Lucknow,2025-01-15,1385.57,1,1385.57,298.3,30.0,2025-11-29 14:19:00,2025-11-29 14:19:00
C00508,Customer_C00508,New,Jaipur,2025-01-15,106.56,1,106.56,298.3,30.0,2025-11-29 15:56:34,2025-11-29 15:56:34
C01430,Customer_C01430,New,Prayagraj,2025-01-15,922.96,1,922.96,298.2,30.0,2025-11-29 17:09:01,2025-11-29 17:09:01
C01451,Customer_C01451,Repeat,Gorakhpur,2025-01-15,1559.67,4,389.92,156.1,0.84,2025-11-29 17:49:19,2026-04-20 18:37:06
C02203,Customer_C02203,Repeat,Lucknow,2025-01-15,2584.02,3,861.34,14.5,0.32,2025-11-29 19:07:37,2026-09-09 10:54:40
C03463,Customer_C03463,Repeat,Agra,2025-01-15,1246.54,2,623.27,192.4,0.57,2025-11-29 19:15:53,2026-03-15 13:21:43
C00971,Customer_C00971,Repeat,Noida,2025-01-15,21119.35,7,3017.05,58.0,0.87,2025-11-29 19:42:59,2026-07-27 22:13:53
C02493,Customer_C02493,Repeat,Varanasi,2025-01-15,2706.78,4,676.7,129.0,0.71,2025-11-29 19:56:28,2026-05-17 20:59:25
C02471,Customer_C02471,Repeat,Noida,2025-01-15,4568.28,4,1142.07,18.4,0.43,2025-11-29 20:07:33,2026-09-05 11:27:42
C00404,Customer_C00404,Repeat,Prayagraj,2025-01-15,1306.52,3,435.51,123.0,0.51,2025-11-29 20:35:52,2026-05-23 21:59:45
C03386,Customer_C03386,Repeat,Lucknow,2025-01-15,7081.96,6,1180.33,92.1,0.87,2025-11-29 20:42:44,2026-06-23 18:31:10
C01612,Customer_C01612,Repeat,Agra,2025-01-15,3367.37,5,673.47,4.1,0.51,2025-11-29 21:38:10,2026-09-19 18:25:24
C02718,Customer_C02718,New,Noida,2025-01-15,67.39,1,67.39,298.0,30.0,2025-11-29 21:58:13,2025-11-29 21:58:13
C01156,Customer_C01156,Repeat,Prayagraj,2025-01-15,821.81,2,410.9,286.1,5.23,2025-11-30 08:47:36,2025-12-11 19:57:35
C02412,Customer_C02412,Repeat,Prayagraj,2025-01-15,4034.54,4,1008.64,155.1,0.84,2025-11-30 11:04:46,2026-04-21 19:52:39
C01501,Customer_C01501,Repeat,Agra,2025-01-15,3321.04,4,830.26,124.3,0.69,2025-11-30 11:30:04,2026-05-22 15:47:42
C01262,Customer_C01262,Repeat,Agra,2025-01-15,17605.41,4,4401.35,51.2,0.49,2025-11-30 11:52:40,2026-08-03 16:14:45
C01706,Customer_C01706,Repeat,Gorakhpur,2025-01-15,3866.21,6,644.37,18.1,0.64,2025-11-30 14:08:33,2026-09-05 20:33:58
C02557,Customer_C02557,Repeat,Lucknow,2025-01-15,8442.05,5,1688.41,82.1,0.7,2025-11-30 15:38:43,2026-07-03 18:43:36
C01012,Customer_C01012,Repeat,Varanasi,2025-01-15,6608.29,2,3304.14,225.2,0.83,2025-11-30 16:18:23,2026-02-10 16:03:27
C03164,Customer_C03164,New,Lucknow,2025-01-15,363.69,1,363.69,297.2,30.0,2025-11-30 17:15:39,2025-11-30 17:15:39
C01093,Customer_C01093,Repeat,Prayagraj,2025-01-15,2131.8,3,710.6,1.0,0.3,2025-11-30 17:22:18,2026-09-22 20:47:53
C01358,Customer_C01358,Repeat,Agra,2025-01-15,2450.17,4,612.54,46.1,0.48,2025-11-30 17:27:58,2026-08-08 20:41:15
C01905,Customer_C01905,Repeat,Agra,2025-01-15,865.48,3,288.49,178.6,0.76,2025-11-30 17:53:15,2026-03-29 08:22:41
C02596,Customer_C02596,Repeat,Prayagraj,2025-01-15,13349.66,3,4449.89,229.2,1.32,2025-11-30 18:09:45,2026-02-06 16:42:38
C01965,Customer_C01965,Repeat,Gorakhpur,2025-01-15,5297.79,5,1059.56,65.0,0.65,2025-11-30 18:50:19,2026-07-20 21:17:34
C01265,Customer_C01265,Repeat,Varanasi,2025-01-15,14018.58,2,7009.29,189.0,0.55,2025-11-30 18:51:21,2026-03-18 22:33:35
C00537,Customer_C00537,Repeat,Jaipur,2025-01-15,1950.98,4,487.74,161.2,0.88,2025-11-30 19:00:31,2026-04-15 17:16:33
C00231,Customer_C00231,Repeat,Noida,2025-01-15,7630.9,3,2543.63,156.2,0.64,2025-11-30 20:01:15,2026-04-20 18:01:01
C02538,Customer_C02538,Repeat,Jaipur,2025-01-15,5705.85,4,1426.46,87.4,0.57,2025-11-30 20:01:50,2026-06-28 11:51:52
C00493,Customer_C00493,Repeat,Gorakhpur,2025-01-15,7445.02,3,2481.67,75.3,0.41,2025-11-30 20:01:58,2026-07-10 15:28:02
C03231,Customer_C03231,Repeat,Noida,2025-01-15,7266.9,4,1816.72,66.1,0.52,2025-11-30 20:26:29,2026-07-19 18:35:10
C00820,Customer_C00820,Repeat,Agra,2025-01-15,10782.94,6,1797.16,7.4,0.62,2025-11-30 20:36:15,2026-09-16 12:22:32
C02290,Customer_C02290,Repeat,Noida,2025-01-15,3213.54,5,642.71,0.2,0.51,2025-11-30 21:29:19,2026-09-23 17:00:50
C00127,Customer_C00127,Repeat,Prayagraj,2025-01-15,2921.07,2,1460.54,40.0,0.23,2025-11-30 22:09:13,2026-08-14 21:03:31
C02391,Customer_C02391,Repeat,Patna,2025-01-15,18217.56,5,3643.51,53.1,0.62,2025-12-01 09:42:01,2026-08-01 19:46:54
C00242,Customer_C00242,Repeat,Prayagraj,2025-01-15,8360.04,5,1672.01,78.5,0.69,2025-12-01 13:25:00,2026-07-07 10:13:23
C00582,Customer_C00582,Repeat,Lucknow,2025-01-15,16521.38,3,5507.13,35.1,0.34,2025-12-01 15:58:24,2026-08-19 19:23:32
C02678,Customer_C02678,Repeat,Prayagraj,2025-01-15,4707.25,4,1176.81,19.4,0.43,2025-12-01 16:08:40,2026-09-04 13:04:35
C01521,Customer_C01521,Repeat,Lucknow,2025-01-15,2167.72,4,541.93,38.2,0.47,2025-12-01 16:17:12,2026-08-16 17:15:09
C03161,Customer_C03161,Repeat,Noida,2025-01-15,8605.01,6,1434.17,33.3,0.68,2025-12-01 16:29:48,2026-08-21 15:09:47
C00440,Customer_C00440,Repeat,Gorakhpur,2025-01-15,3822.85,2,1911.42,162.1,0.45,2025-12-01 17:14:21,2026-04-14 19:27:30
C02247,Customer_C02247,Repeat,Gorakhpur,2025-01-15,10418.33,4,2604.58,70.2,0.53,2025-12-01 17:26:56,2026-07-15 16:43:10
C00586,Customer_C00586,Repeat,Patna,2025-01-15,18532.35,4,4633.09,87.1,0.57,2025-12-01 17:27:16,2026-06-28 20:29:43
C03096,Customer_C03096,Repeat,Lucknow,2025-01-15,1116.63,3,372.21,27.1,0.33,2025-12-01 17:39:34,2026-08-27 19:52:20
C01940,Customer_C01940,Repeat,Gorakhpur,2025-01-15,1273.13,2,636.57,240.2,1.07,2025-12-01 17:55:53,2026-01-26 18:15:17
C02303,Customer_C02303,Repeat,Lucknow,2025-01-15,6928.84,4,1732.21,54.1,0.5,2025-12-01 18:18:48,2026-07-31 19:14:14
C01224,Customer_C01224,Repeat,Gorakhpur,2025-01-15,4051.5,4,1012.88,80.1,0.56,2025-12-01 18:21:33,2026-07-05 19:26:01
C01377,Customer_C01377,Repeat,Noida,2025-01-15,2940.92,4,735.23,5.1,0.41,2025-12-01 18:37:53,2026-09-18 19:10:20
C01495,Customer_C01495,Repeat,Jaipur,2025-01-15,1022.38,3,340.79,81.1,0.42,2025-12-01 18:52:36,2026-07-04 19:25:09
C01615,Customer_C01615,Repeat,Gorakhpur,2025-01-15,4442.16,5,888.43,80.2,0.69,2025-12-01 19:59:52,2026-07-05 16:39:51
C01387,Customer_C01387,Repeat,Prayagraj,2025-01-15,5584.3,4,1396.08,232.2,1.88,2025-12-01 20:03:58,2026-02-03 18:18:23
C01308,Customer_C01308,Repeat,Varanasi,2025-01-15,5851.84,5,1170.37,30.2,0.56,2025-12-01 21:32:28,2026-08-24 16:17:57
C03163,Customer_C03163,Repeat,Noida,2025-01-15,6840.83,4,1710.21,145.1,0.8,2025-12-01 21:33:09,2026-05-01 19:35:39
C02012,Customer_C02012,Repeat,Gorakhpur,2025-01-15,19136.88,3,6378.96,114.0,0.49,2025-12-01 22:48:40,2026-06-01 21:13:43
C00999,Customer_C00999,Repeat,Noida,2025-01-15,455.43,2,227.72,234.1,0.98,2025-12-02 08:23:57,2026-02-01 20:11:44
C02194,Customer_C02194,Repeat,Jaipur,2025-01-15,4788.36,5,957.67,75.2,0.68,2025-12-02 11:39:16,2026-07-10 16:57:53
C02177,Customer_C02177,Repeat,Prayagraj,2025-01-15,4873.2,6,812.2,29.3,0.68,2025-12-02 13:38:18,2026-08-25 15:34:33
C00376,Customer_C00376,Repeat,Prayagraj,2025-01-15,3793.29,5,758.66,0.2,0.51,2025-12-02 13:50:56,2026-09-23 16:08:16
C00123,Customer_C00123,Repeat,Kanpur,2025-01-15,5333.8,3,1777.93,7.3,0.31,2025-12-02 15:33:51,2026-09-16 14:16:52
C02720,Customer_C02720,New,Lucknow,2025-01-15,15900.0,1,15900.0,295.3,30.0,2025-12-02 15:57:16,2025-12-02 15:57:16
C01263,Customer_C01263,Repeat,Lucknow,2025-01-15,3494.19,4,873.55,159.4,0.88,2025-12-02 16:22:46,2026-04-17 13:17:24
C00746,Customer_C00746,Repeat,Lucknow,2025-01-15,6524.59,4,1631.15,102.6,0.62,2025-12-02 16:45:05,2026-06-13 08:38:04
C02196,Customer_C02196,Repeat,Lucknow,2025-01-15,28852.79,3,9617.6,68.1,0.4,2025-12-02 16:53:51,2026-07-17 19:18:20
C02880,Customer_C02880,Repeat,Gorakhpur,2025-01-15,7550.02,4,1887.5,39.1,0.47,2025-12-02 17:55:38,2026-08-15 19:29:08
C01618,Customer_C01618,Repeat,Lucknow,2025-01-15,6026.82,4,1506.71,40.2,0.47,2025-12-02 18:04:29,2026-08-14 17:05:04
C01210,Customer_C01210,Repeat,Noida,2025-01-15,6162.4,4,1540.6,10.2,0.42,2025-12-02 19:16:31,2026-09-13 17:17:43
C03141,Customer_C03141,Repeat,Gorakhpur,2025-01-15,2937.26,3,979.09,32.2,0.34,2025-12-02 19:25:07,2026-08-22 16:22:28
C01884,Customer_C01884,Repeat,Lucknow,2025-01-15,3542.71,4,885.68,32.3,0.46,2025-12-02 20:13:56,2026-08-22 13:55:03
C02810,Customer_C02810,Repeat,Noida,2025-01-15,4770.87,4,1192.72,24.2,0.44,2025-12-02 20:16:20,2026-08-30 16:28:41
C00633,Customer_C00633,Repeat,Lucknow,2025-01-15,2310.41,2,1155.2,80.1,0.28,2025-12-02 20:54:35,2026-07-05 19:29:39
C02119,Customer_C02119,Repeat,Varanasi,2025-01-15,4209.52,5,841.9,33.1,0.57,2025-12-02 21:08:45,2026-08-21 19:33:43
C01312,Customer_C01312,Repeat,Varanasi,2025-01-15,3510.81,2,1755.41,153.3,0.42,2025-12-02 21:12:04,2026-04-23 14:51:11
C02901,Customer_C02901,Repeat,Noida,2025-01-15,1086.16,2,543.08,264.1,1.94,2025-12-02 21:43:10,2026-01-02 20:33:39
C02367,Customer_C02367,Repeat,Gorakhpur,2025-01-15,24113.8,6,4018.97,16.1,0.65,2025-12-02 22:38:44,2026-09-07 19:18:03
C02534,Customer_C02534,Repeat,Agra,2025-01-15,5410.79,4,1352.7,33.2,0.46,2025-12-03 08:12:41,2026-08-21 17:19:58
C01775,Customer_C01775,Repeat,Kanpur,2025-01-15,1593.57,3,531.19,78.0,0.42,2025-12-03 13:37:05,2026-07-07 21:29:24
C01088,Customer_C01088,Repeat,Kanpur,2025-01-15,3618.37,4,904.59,76.1,0.55,2025-12-03 16:53:34,2026-07-09 19:23:26
C00855,Customer_C00855,Repeat,Noida,2025-01-15,611.02,2,305.51,172.1,0.49,2025-12-03 17:01:43,2026-04-04 19:32:19
C03104,Customer_C03104,Repeat,Noida,2025-01-15,484.22,2,242.11,19.0,0.22,2025-12-03 17:18:39,2026-09-04 20:50:29
C01073,Customer_C01073,Repeat,Kanpur,2025-01-15,3119.53,3,1039.84,241.0,1.69,2025-12-03 17:22:32,2026-01-25 20:48:07
C03072,Customer_C03072,Repeat,Varanasi,2025-01-15,3192.43,3,1064.14,132.0,0.56,2025-12-03 19:26:38,2026-05-14 21:19:02
C03015,Customer_C03015,Repeat,Noida,2025-01-15,1599.75,3,533.25,85.2,0.43,2025-12-03 19:51:04,2026-06-30 18:21:57
C01841,Customer_C01841,Repeat,Gorakhpur,2025-01-15,12901.89,4,3225.47,3.4,0.41,2025-12-03 19:51:34,2026-09-20 13:03:50
C02212,Customer_C02212,Repeat,Kanpur,2025-01-15,1505.02,2,752.51,206.2,0.68,2025-12-03 20:42:35,2026-03-01 17:52:28
C02934,Customer_C02934,Repeat,Prayagraj,2025-01-15,2976.06,2,1488.03,175.1,0.5,2025-12-03 20:51:15,2026-04-01 18:30:44
C02464,Customer_C02464,Repeat,Jaipur,2025-01-15,6894.28,4,1723.57,35.2,0.46,2025-12-03 21:20:53,2026-08-19 18:02:46
C03173,Customer_C03173,Repeat,Prayagraj,2025-01-15,17082.54,4,4270.63,8.1,0.42,2025-12-03 21:30:56,2026-09-15 19:52:01
C02154,Customer_C02154,Repeat,Lucknow,2025-01-15,2560.43,3,853.48,20.0,0.33,2025-12-03 21:44:24,2026-09-03 20:58:45
C02710,Customer_C02710,New,Jaipur,2025-01-15,453.61,1,453.61,294.0,30.0,2025-12-03 22:06:47,2025-12-03 22:06:47
C01699,Customer_C01699,Repeat,Varanasi,2025-01-15,12173.61,8,1521.7,70.1,1.07,2025-12-03 22:23:42,2026-07-15 19:42:12
C01198,Customer_C01198,Repeat,Lucknow,2025-01-15,1276.62,3,425.54,46.0,0.36,2025-12-04 11:52:42,2026-08-08 22:50:22
C03333,Customer_C03333,Repeat,Prayagraj,2025-01-15,3064.28,2,1532.14,21.1,0.22,2025-12-04 14:30:17,2026-09-02 20:11:39
C00306,Customer_C00306,Repeat,Noida,2025-01-15,4102.2,2,2051.1,51.2,0.25,2025-12-04 15:50:40,2026-08-03 16:25:17
C02484,Customer_C02484,Repeat,Gorakhpur,2025-01-15,8934.11,4,2233.53,58.4,0.51,2025-12-04 16:47:28,2026-07-27 11:40:24
C02670,Customer_C02670,Repeat,Jaipur,2025-01-15,15018.64,6,2503.11,20.1,0.66,2025-12-04 16:53:33,2026-09-03 19:52:19
C02589,Customer_C02589,Repeat,Kanpur,2025-01-15,4711.96,5,942.39,99.5,0.77,2025-12-04 17:05:26,2026-06-16 10:35:07
C00373,Customer_C00373,Repeat,Prayagraj,2025-01-15,6066.31,3,2022.1,171.0,0.74,2025-12-04 17:10:58,2026-04-05 21:40:22
C02428,Customer_C02428,Repeat,Agra,2025-01-15,2048.53,3,682.84,63.2,0.39,2025-12-04 17:14:19,2026-07-22 18:13:48
C03365,Customer_C03365,Repeat,Prayagraj,2025-01-15,3462.59,4,865.65,90.1,0.59,2025-12-04 17:38:00,2026-06-25 19:25:39
C02062,Customer_C02062,Repeat,Noida,2025-01-15,24339.13,4,6084.78,143.1,0.8,2025-12-04 17:41:58,2026-05-03 20:24:06
C02881,Customer_C02881,New,Prayagraj,2025-01-15,1024.25,1,1024.25,293.2,30.0,2025-12-04 17:58:41,2025-12-04 17:58:41
C01084,Customer_C01084,Repeat,Varanasi,2025-01-15,16309.17,5,3261.83,36.2,0.58,2025-12-04 18:21:34,2026-08-18 16:49:05
C02130,Customer_C02130,Repeat,Noida,2025-01-15,12071.7,3,4023.9,32.0,0.34,2025-12-04 18:45:10,2026-08-22 20:48:05
C00301,Customer_C00301,New,Varanasi,2025-01-15,4463.52,1,4463.52,293.1,30.0,2025-12-04 19:07:56,2025-12-04 19:07:56
C00125,Customer_C00125,Repeat,Patna,2025-01-15,4694.51,5,938.9,13.2,0.54,2025-12-04 19:27:17,2026-09-10 16:11:20
C01906,Customer_C01906,Repeat,Lucknow,2025-01-15,2265.38,4,566.34,53.1,0.5,2025-12-04 20:01:38,2026-08-01 18:33:35
C01496,Customer_C01496,Repeat,Varanasi,2025-01-15,3946.92,7,563.85,17.2,0.76,2025-12-04 20:30:13,2026-09-06 17:32:35
C01330,Customer_C01330,Repeat,Kanpur,2025-01-15,1331.9,3,443.97,2.0,0.31,2025-12-04 21:15:20,2026-09-21 21:44:20
C01632,Customer_C01632,Repeat,Gorakhpur,2025-01-15,4425.21,3,1475.07,75.0,0.41,2025-12-04 21:25:20,2026-07-10 21:23:49
C02711,Customer_C02711,Repeat,Lucknow,2025-01-15,1111.7,3,370.57,80.2,0.42,2025-12-04 22:24:52,2026-07-05 17:04:13
C00864,Customer_C00864,Repeat,Noida,2025-01-15,19093.57,3,6364.52,138.1,0.58,2025-12-04 22:42:19,2026-05-08 18:33:50
C00379,Customer_C00379,Repeat,Noida,2025-01-15,6895.52,2,3447.76,76.3,0.28,2025-12-05 08:59:05,2026-07-09 14:55:49
C01284,Customer_C01284,Repeat,Agra,2025-01-15,1162.51,3,387.5,130.3,0.55,2025-12-05 09:12:53,2026-05-16 14:48:43
C01584,Customer_C01584,Repeat,Kanpur,2025-01-15,16663.0,2,8331.5,265.1,2.19,2025-12-05 10:06:40,2026-01-01 19:14:30
C00031,Customer_C00031,Repeat,Gorakhpur,2025-01-15,3654.24,7,522.03,25.0,0.79,2025-12-05 13:40:52,2026-08-29 22:15:29
C02443,Customer_C02443,Repeat,Lucknow,2025-01-15,7087.58,4,1771.9,41.5,0.48,2025-12-05 15:04:58,2026-08-13 11:06:35
C02255,Customer_C02255,New,Lucknow,2025-01-15,3650.43,1,3650.43,292.3,30.0,2025-12-05 15:16:09,2025-12-05 15:16:09
C01772,Customer_C01772,Repeat,Noida,2025-01-15,2425.37,3,808.46,1.3,0.31,2025-12-05 15:39:32,2026-09-22 13:51:27
C02377,Customer_C02377,Repeat,Noida,2025-01-15,1121.12,4,280.28,140.2,0.79,2025-12-05 18:05:25,2026-05-06 17:37:26
C01505,Customer_C01505,Repeat,Kanpur,2025-01-15,2404.96,2,1202.48,106.2,0.32,2025-12-05 18:35:38,2026-06-09 16:13:50
C00692,Customer_C00692,Repeat,Kanpur,2025-01-15,2604.39,5,520.88,43.5,0.6,2025-12-05 18:41:38,2026-08-11 10:08:46
C00694,Customer_C00694,Repeat,Prayagraj,2025-01-15,14112.73,3,4704.24,57.0,0.38,2025-12-05 19:04:43,2026-07-28 21:51:47
C00948,Customer_C00948,Repeat,Prayagraj,2025-01-15,2455.59,3,818.53,68.1,0.4,2025-12-05 19:27:23,2026-07-17 18:28:54
C01345,Customer_C01345,Repeat,Lucknow,2025-01-15,1337.31,3,445.77,179.0,0.8,2025-12-05 19:51:05,2026-03-28 21:50:47
C02895,Customer_C02895,Repeat,Prayagraj,2025-01-15,1885.04,2,942.52,229.0,0.95,2025-12-05 20:53:50,2026-02-06 21:53:35
C01957,Customer_C01957,New,Prayagraj,2025-01-15,371.88,1,371.88,292.0,30.0,2025-12-05 21:29:07,2025-12-05 21:29:07
C03462,Customer_C03462,Repeat,Gorakhpur,2025-01-15,1801.48,2,900.74,269.0,2.61,2025-12-05 22:20:52,2025-12-28 21:45:11
C00672,Customer_C00672,Repeat,Varanasi,2025-01-15,3257.21,4,814.3,60.2,0.52,2025-12-05 22:45:54,2026-07-25 18:06:55
C02554,Customer_C02554,Repeat,Lucknow,2025-01-15,5713.08,4,1428.27,10.6,0.43,2025-12-05 22:52:14,2026-09-13 08:24:12
C00154,Customer_C00154,Repeat,Lucknow,2025-01-15,1143.2,2,571.6,147.1,0.41,2025-12-05 22:55:55,2026-04-29 18:53:09
C00073,Customer_C00073,Repeat,Noida,2025-01-15,1311.74,2,655.87,116.0,0.34,2025-12-06 08:00:52,2026-05-30 21:01:19
C02535,Customer_C02535,Repeat,Noida,2025-01-15,10454.7,4,2613.67,13.2,0.43,2025-12-06 08:24:47,2026-09-10 17:54:52
C03014,Customer_C03014,Repeat,Lucknow,2025-01-15,2204.05,4,551.01,37.2,0.47,2025-12-06 10:46:26,2026-08-17 17:44:32
C01625,Customer_C01625,Repeat,Prayagraj,2025-01-15,710.02,2,355.01,155.1,0.44,2025-12-06 15:00:26,2026-04-21 20:25:40
C00289,Customer_C00289,Repeat,Gorakhpur,2025-01-15,12423.53,3,4141.18,10.1,0.32,2025-12-06 15:31:26,2026-09-13 19:32:50
C00553,Customer_C00553,Repeat,Prayagraj,2025-01-15,2359.37,4,589.84,9.2,0.43,2025-12-06 16:00:57,2026-09-14 16:43:04
C01559,Customer_C01559,Repeat,Prayagraj,2025-01-15,3383.59,3,1127.86,194.0,0.93,2025-12-06 16:02:05,2026-03-13 22:18:27
C02785,Customer_C02785,Repeat,Lucknow,2025-01-15,9430.86,4,2357.72,43.3,0.48,2025-12-06 16:44:51,2026-08-11 15:29:02
C02794,Customer_C02794,Repeat,Lucknow,2025-01-15,1973.59,4,493.4,79.5,0.57,2025-12-06 17:30:46,2026-07-06 10:24:08
C00782,Customer_C00782,Repeat,Gorakhpur,2025-01-15,1027.57,2,513.79,100.1,0.31,2025-12-06 17:38:15,2026-06-15 20:36:01
C00660,Customer_C00660,New,Lucknow,2025-01-15,930.23,1,930.23,291.1,30.0,2025-12-06 18:34:55,2025-12-06 18:34:55
C01131,Customer_C01131,Repeat,Kanpur,2025-01-15,4357.64,4,1089.41,51.0,0.5,2025-12-06 18:48:55,2026-08-03 20:57:13
C01790,Customer_C01790,Repeat,Noida,2025-01-15,3498.09,4,874.52,88.1,0.59,2025-12-06 19:38:35,2026-06-27 20:18:09
C01174,Customer_C01174,Repeat,Kanpur,2025-01-15,5419.16,5,1083.83,2.2,0.52,2025-12-06 20:03:20,2026-09-21 18:10:44
C03048,Customer_C03048,Repeat,Patna,2025-01-15,2047.26,4,511.82,87.6,0.59,2025-12-06 20:09:55,2026-06-28 08:19:03
C02530,Customer_C02530,Repeat,Varanasi,2025-01-15,3370.85,4,842.71,66.1,0.53,2025-12-06 20:20:03,2026-07-19 18:26:39
C02956,Customer_C02956,Repeat,Lucknow,2025-01-15,1627.07,2,813.54,263.6,2.18,2025-12-06 20:35:10,2026-01-03 08:36:55
C00561,Customer_C00561,Repeat,Kanpur,2025-01-15,13315.94,6,2219.32,132.1,1.13,2025-12-06 21:10:29,2026-05-14 19:13:25
C00433,Customer_C00433,Repeat,Varanasi,2025-01-15,2698.7,3,899.57,227.6,1.43,2025-12-07 08:03:45,2026-02-08 08:08:37
C00458,Customer_C00458,Repeat,Lucknow,2025-01-15,1420.47,4,355.12,46.1,0.49,2025-12-07 12:24:38,2026-08-08 19:13:03
C00927,Customer_C00927,Repeat,Gorakhpur,2025-01-15,4629.33,2,2314.66,23.1,0.22,2025-12-07 16:03:27,2026-08-31 19:57:30
C01017,Customer_C01017,New,Jaipur,2025-01-15,143.65,1,143.65,290.2,30.0,2025-12-07 16:46:36,2025-12-07 16:46:36
C02418,Customer_C02418,Repeat,Patna,2025-01-15,6077.66,6,1012.94,64.0,0.8,2025-12-07 17:03:09,2026-07-21 22:05:25
C00318,Customer_C00318,Repeat,Jaipur,2025-01-15,5325.04,2,2662.52,71.2,0.27,2025-12-07 17:19:09,2026-07-14 17:57:38
C01426,Customer_C01426,Repeat,Kanpur,2025-01-15,5890.25,2,2945.12,199.1,0.66,2025-12-07 17:33:21,2026-03-08 18:33:06
C00590,Customer_C00590,Repeat,Noida,2025-01-15,2106.96,4,526.74,56.1,0.51,2025-12-07 17:50:31,2026-07-29 20:45:18
C01545,Customer_C01545,Repeat,Prayagraj,2025-01-15,7685.19,2,3842.6,97.1,0.31,2025-12-07 17:57:37,2026-06-18 20:40:00
C00823,Customer_C00823,Repeat,Varanasi,2025-01-15,5471.37,5,1094.27,4.0,0.52,2025-12-07 17:57:42,2026-09-19 21:00:38
C02417,Customer_C02417,Repeat,Kanpur,2025-01-15,3694.66,4,923.66,15.4,0.44,2025-12-07 18:05:25,2026-09-08 12:32:02
C01746,Customer_C01746,Repeat,Lucknow,2025-01-15,13439.55,4,3359.89,2.0,0.42,2025-12-07 18:22:55,2026-09-21 20:52:01
C00988,Customer_C00988,Repeat,Prayagraj,2025-01-15,3729.84,3,1243.28,151.5,0.65,2025-12-07 18:41:17,2026-04-25 09:14:23
C02965,Customer_C02965,Repeat,Agra,2025-01-15,3932.6,4,983.15,32.4,0.47,2025-12-07 18:44:22,2026-08-22 11:18:50
C02387,Customer_C02387,Repeat,Lucknow,2025-01-15,1315.14,3,438.38,129.1,0.56,2025-12-07 18:50:31,2026-05-17 19:41:01
C00012,Customer_C00012,Repeat,Lucknow,2025-01-15,7661.75,3,2553.92,58.1,0.39,2025-12-07 19:06:19,2026-07-27 19:42:31
C00791,Customer_C00791,New,Prayagraj,2025-01-15,978.75,1,978.75,290.1,30.0,2025-12-07 19:23:30,2025-12-07 19:23:30
C00532,Customer_C00532,Repeat,Noida,2025-01-15,4505.69,4,1126.42,8.1,0.43,2025-12-07 19:45:09,2026-09-15 18:39:08
C01566,Customer_C01566,Repeat,Lucknow,2025-01-15,17091.63,3,5697.21,93.5,0.46,2025-12-07 19:48:01,2026-06-22 10:14:42
C01177,Customer_C01177,Repeat,Lucknow,2025-01-15,11000.97,4,2750.24,202.3,1.37,2025-12-07 19:58:59,2026-03-05 15:07:06
C01190,Customer_C01190,Repeat,Prayagraj,2025-01-15,2505.24,4,626.31,72.2,0.55,2025-12-07 20:08:34,2026-07-13 16:02:26
C01660,Customer_C01660,Repeat,Patna,2025-01-15,2886.25,2,1443.12,118.5,0.35,2025-12-07 20:51:27,2026-05-28 09:46:20
C00499,Customer_C00499,Repeat,Noida,2025-01-15,2967.47,5,593.49,69.1,0.68,2025-12-07 21:16:48,2026-07-16 18:28:21
C00703,Customer_C00703,Repeat,Lucknow,2025-01-15,1640.59,4,410.15,42.2,0.48,2025-12-07 21:30:38,2026-08-12 17:09:09
C00441,Customer_C00441,Repeat,Lucknow,2025-01-15,7571.86,3,2523.95,3.2,0.31,2025-12-07 21:50:32,2026-09-20 17:34:52
C02822,Customer_C02822,New,Prayagraj,2025-01-15,2571.14,1,2571.14,290.0,30.0,2025-12-07 22:28:56,2025-12-07 22:28:56
C01132,Customer_C01132,New,Lucknow,2025-01-15,911.36,1,911.36,290.0,30.0,2025-12-07 22:39:11,2025-12-07 22:39:11
C03025,Customer_C03025,Repeat,Agra,2025-01-15,4203.29,6,700.55,32.4,0.7,2025-12-08 12:55:57,2026-08-22 13:15:04
C03272,Customer_C03272,Repeat,Lucknow,2025-01-15,3762.05,4,940.51,50.1,0.5,2025-12-08 12:57:12,2026-08-04 19:56:04
C02068,Customer_C02068,Repeat,Varanasi,2025-01-15,3224.64,5,644.93,4.1,0.53,2025-12-08 13:38:01,2026-09-19 18:52:04
C01879,Customer_C01879,Repeat,Gorakhpur,2025-01-15,2624.04,3,874.68,44.2,0.37,2025-12-08 15:20:32,2026-08-10 17:52:16
C01076,Customer_C01076,Repeat,Noida,2025-01-15,10404.47,3,3468.16,14.1,0.33,2025-12-08 15:40:48,2026-09-09 18:35:46
C02583,Customer_C02583,Repeat,Agra,2025-01-15,1129.68,3,376.56,51.1,0.38,2025-12-08 17:14:38,2026-08-03 19:47:00
C00718,Customer_C00718,Repeat,Agra,2025-01-15,2500.85,2,1250.42,286.4,21.75,2025-12-08 17:29:46,2025-12-11 11:42:54
C02562,Customer_C02562,Repeat,Agra,2025-01-15,3717.62,3,1239.21,204.0,1.06,2025-12-08 18:07:12,2026-03-03 21:45:23
C02225,Customer_C02225,Repeat,Lucknow,2025-01-15,5353.39,6,892.23,64.1,0.8,2025-12-08 18:26:12,2026-07-21 19:42:58
C00062,Customer_C00062,Repeat,Noida,2025-01-15,3601.64,2,1800.82,251.0,1.57,2025-12-08 18:31:49,2026-01-15 20:50:40
C00039,Customer_C00039,Repeat,Lucknow,2025-01-15,2463.62,2,1231.81,248.2,1.47,2025-12-08 18:52:13,2026-01-18 16:06:30
C01473,Customer_C01473,Repeat,Kanpur,2025-01-15,14648.66,5,2929.73,16.1,0.55,2025-12-08 19:57:24,2026-09-07 18:51:46
C00701,Customer_C00701,Repeat,Noida,2025-01-15,4589.97,7,655.71,12.2,0.76,2025-12-08 19:58:09,2026-09-11 16:28:30
C02900,Customer_C02900,Repeat,Prayagraj,2025-01-15,3281.53,4,820.38,91.4,0.61,2025-12-08 20:06:49,2026-06-24 13:17:27
C01194,Customer_C01194,Repeat,Jaipur,2025-01-15,4137.49,3,1379.16,162.2,0.71,2025-12-08 20:38:40,2026-04-14 16:14:06
C01022,Customer_C01022,Repeat,Lucknow,2025-01-15,6007.6,7,858.23,7.1,0.74,2025-12-08 21:14:36,2026-09-16 20:25:29
C03140,Customer_C03140,Repeat,Kanpur,2025-01-15,1384.04,3,461.35,31.1,0.35,2025-12-08 22:14:58,2026-08-23 18:50:26
C00369,Customer_C00369,Repeat,Lucknow,2025-01-15,16643.32,7,2377.62,26.1,0.8,2025-12-09 09:51:42,2026-08-28 18:35:07
C00556,Customer_C00556,Repeat,Prayagraj,2025-01-15,3155.13,4,788.78,54.1,0.51,2025-12-09 10:06:04,2026-07-31 19:26:51
C02707,Customer_C02707,Repeat,Lucknow,2025-01-15,4510.96,4,1127.74,181.3,1.12,2025-12-09 10:13:12,2026-03-26 14:36:50
C00957,Customer_C00957,Repeat,Varanasi,2025-01-15,1419.7,4,354.92,80.0,0.58,2025-12-09 14:05:42,2026-07-05 22:16:03
C01633,Customer_C01633,Repeat,Agra,2025-01-15,10422.44,5,2084.49,89.2,0.75,2025-12-09 15:56:43,2026-06-26 17:08:49
C01488,Customer_C01488,Repeat,Lucknow,2025-01-15,1703.49,3,567.83,72.2,0.42,2025-12-09 16:10:30,2026-07-13 18:17:15
C00292,Customer_C00292,Repeat,Varanasi,2025-01-15,8497.22,4,2124.31,74.1,0.56,2025-12-09 16:28:58,2026-07-11 20:26:38
C00941,Customer_C00941,Repeat,Noida,2025-01-15,2257.36,4,564.34,90.2,0.61,2025-12-09 17:26:05,2026-06-25 18:16:37
C02602,Customer_C02602,New,Lucknow,2025-01-15,979.45,1,979.45,288.2,30.0,2025-12-09 17:27:57,2025-12-09 17:27:57
C01059,Customer_C01059,Repeat,Noida,2025-01-15,12019.24,4,3004.81,29.2,0.46,2025-12-09 17:32:46,2026-08-25 16:22:06
C00166,Customer_C00166,New,Gorakhpur,2025-01-15,236.43,1,236.43,288.1,30.0,2025-12-09 19:37:56,2025-12-09 19:37:56
C00113,Customer_C00113,Repeat,Kanpur,2025-01-15,4999.02,5,999.8,45.0,0.62,2025-12-09 19:57:09,2026-08-09 20:52:59
C01283,Customer_C01283,Repeat,Kanpur,2025-01-15,2386.93,3,795.64,109.2,0.5,2025-12-09 20:28:02,2026-06-06 17:46:51
C00664,Customer_C00664,Repeat,Agra,2025-01-15,3776.99,3,1259.0,73.4,0.42,2025-12-09 20:28:27,2026-07-12 13:02:06
C00253,Customer_C00253,Repeat,Lucknow,2025-01-15,2597.01,3,865.67,6.2,0.32,2025-12-09 20:38:10,2026-09-17 17:16:42
C00332,Customer_C00332,Repeat,Prayagraj,2025-01-15,5115.38,4,1278.84,104.1,0.65,2025-12-09 21:27:47,2026-06-11 19:24:48
C01185,Customer_C01185,Repeat,Lucknow,2025-01-15,1838.74,3,612.91,262.0,3.47,2025-12-09 21:41:08,2026-01-04 20:54:28
C01768,Customer_C01768,Repeat,Lucknow,2025-01-15,2820.19,3,940.06,0.2,0.31,2025-12-10 08:21:42,2026-09-23 16:13:50
C03262,Customer_C03262,Repeat,Lucknow,2025-01-15,33877.49,7,4839.64,37.4,0.84,2025-12-10 09:51:27,2026-08-17 13:24:06
C01980,Customer_C01980,Repeat,Lucknow,2025-01-15,4990.74,2,2495.37,247.1,1.49,2025-12-10 11:35:44,2026-01-19 20:14:37
C02612,Customer_C02612,Repeat,Agra,2025-01-15,1761.7,2,880.85,120.2,0.36,2025-12-10 17:24:48,2026-05-26 16:13:00
C03236,Customer_C03236,Repeat,Noida,2025-01-15,2363.22,3,787.74,33.1,0.35,2025-12-10 17:40:55,2026-08-21 18:37:16
C02722,Customer_C02722,New,Jaipur,2025-01-15,406.48,1,406.48,287.1,30.0,2025-12-10 18:24:45,2025-12-10 18:24:45
C03213,Customer_C03213,Repeat,Kanpur,2025-01-15,1519.99,2,760.0,236.0,1.17,2025-12-10 18:46:36,2026-01-30 21:41:27
C03112,Customer_C03112,Repeat,Prayagraj,2025-01-15,4912.68,5,982.54,30.2,0.58,2025-12-10 19:06:27,2026-08-24 16:02:10
C03311,Customer_C03311,Repeat,Agra,2025-01-15,9835.65,6,1639.28,65.2,0.81,2025-12-10 20:40:34,2026-07-20 17:24:34
C03253,Customer_C03253,Repeat,Gorakhpur,2025-01-15,1801.31,5,360.26,70.2,0.69,2025-12-10 20:58:36,2026-07-15 18:03:57
C02740,Customer_C02740,Repeat,Kanpur,2025-01-15,3389.47,5,677.89,39.1,0.6,2025-12-10 21:06:20,2026-08-15 20:42:27
C00270,Customer_C00270,Repeat,Prayagraj,2025-01-15,862.18,2,431.09,59.6,0.26,2025-12-10 21:27:57,2026-07-26 08:04:56
C02640,Customer_C02640,Repeat,Kanpur,2025-01-15,3881.82,5,776.36,70.4,0.69,2025-12-10 21:33:07,2026-07-15 12:56:06
C00848,Customer_C00848,Repeat,Agra,2025-01-15,5976.07,5,1195.21,94.1,0.78,2025-12-10 21:38:30,2026-06-21 19:14:25
C00464,Customer_C00464,Repeat,Varanasi,2025-01-15,1381.49,2,690.74,187.0,0.6,2025-12-11 08:03:03,2026-03-20 20:54:04
C02593,Customer_C02593,Repeat,Lucknow,2025-01-15,3997.06,5,799.41,60.3,0.66,2025-12-11 08:50:44,2026-07-25 14:42:47
C02192,Customer_C02192,Repeat,Noida,2025-01-15,1412.88,2,706.44,268.0,3.23,2025-12-11 08:53:26,2025-12-29 22:54:46
C03323,Customer_C03323,Repeat,Kanpur,2025-01-15,1571.04,4,392.76,5.5,0.43,2025-12-11 12:40:07,2026-09-18 09:03:46
C00460,Customer_C00460,Repeat,Prayagraj,2025-01-15,8407.17,7,1201.02,153.0,1.57,2025-12-11 13:39:17,2026-04-23 22:14:18
C02680,Customer_C02680,Repeat,Lucknow,2025-01-15,449.07,2,224.54,235.4,1.18,2025-12-11 14:40:21,2026-01-31 13:24:08
C01565,Customer_C01565,Repeat,Lucknow,2025-01-15,9348.83,5,1869.77,98.1,0.8,2025-12-11 15:27:22,2026-06-17 18:35:39
C00857,Customer_C00857,Repeat,Lucknow,2025-01-15,505.65,2,252.82,194.0,0.65,2025-12-11 15:37:29,2026-03-13 21:18:41
C00679,Customer_C00679,Repeat,Jaipur,2025-01-15,4742.23,4,1185.56,93.4,0.62,2025-12-11 15:52:47,2026-06-22 12:54:04
C01048,Customer_C01048,Repeat,Gorakhpur,2025-01-15,2795.95,5,559.19,55.1,0.65,2025-12-11 15:58:45,2026-07-30 20:07:22
C02871,Customer_C02871,Repeat,Delhi,2025-01-15,1593.83,4,398.46,2.1,0.42,2025-12-11 16:42:51,2026-09-21 18:45:13
C00965,Customer_C00965,Repeat,Prayagraj,2025-01-15,557.32,2,278.66,60.5,0.27,2025-12-11 17:10:49,2026-07-25 11:01:57
C02795,Customer_C02795,Repeat,Prayagraj,2025-01-15,18887.56,7,2698.22,98.1,1.12,2025-12-11 17:15:40,2026-06-17 19:41:19
C00621,Customer_C00621,Repeat,Lucknow,2025-01-15,14273.61,4,3568.4,40.4,0.49,2025-12-11 17:17:44,2026-08-14 12:49:02
C01396,Customer_C01396,Repeat,Gorakhpur,2025-01-15,2476.67,4,619.17,43.1,0.49,2025-12-11 18:30:21,2026-08-11 18:44:17
C03425,Customer_C03425,Repeat,Gorakhpur,2025-01-15,15786.07,2,7893.04,110.2,0.34,2025-12-11 18:33:03,2026-06-05 18:03:58
C01568,Customer_C01568,Repeat,Lucknow,2025-01-15,2518.68,4,629.67,100.6,0.65,2025-12-11 19:12:25,2026-06-15 08:38:55
C02887,Customer_C02887,Repeat,Kanpur,2025-01-15,3259.38,5,651.88,68.4,0.69,2025-12-11 19:25:15,2026-07-17 11:56:07
C01889,Customer_C01889,New,Lucknow,2025-01-15,2507.04,1,2507.04,286.1,30.0,2025-12-11 19:37:54,2025-12-11 19:37:54
C02907,Customer_C02907,Repeat,Lucknow,2025-01-15,2685.2,5,537.04,44.3,0.62,2025-12-11 19:40:14,2026-08-10 15:46:15
C00088,Customer_C00088,Repeat,Prayagraj,2025-01-15,1046.57,3,348.86,158.2,0.7,2025-12-11 20:18:23,2026-04-18 16:29:09
C00302,Customer_C00302,Repeat,Gorakhpur,2025-01-15,3410.61,3,1136.87,56.0,0.39,2025-12-11 20:21:56,2026-07-29 21:16:22
C00094,Customer_C00094,Repeat,Prayagraj,2025-01-15,1282.64,2,641.32,15.3,0.22,2025-12-11 21:25:53,2026-09-08 13:48:44
C02232,Customer_C02232,Repeat,Patna,2025-01-15,2844.83,5,568.97,120.0,0.9,2025-12-11 21:32:06,2026-05-26 21:51:01
C00858,Customer_C00858,Repeat,Prayagraj,2025-01-15,1604.36,4,401.09,92.3,0.62,2025-12-11 21:47:11,2026-06-23 15:35:16
C00476,Customer_C00476,Repeat,Jaipur,2025-01-15,8177.33,2,4088.66,86.1,0.3,2025-12-11 22:23:07,2026-06-29 19:38:25
C02358,Customer_C02358,Repeat,Varanasi,2025-01-15,1192.91,2,596.45,271.1,4.15,2025-12-12 08:41:32,2025-12-26 19:37:39
C01013,Customer_C01013,Repeat,Lucknow,2025-01-15,8725.87,2,4362.94,25.1,0.23,2025-12-12 12:35:58,2026-08-29 20:23:41
C03217,Customer_C03217,Repeat,Gorakhpur,2025-01-15,11634.41,3,3878.14,29.1,0.35,2025-12-12 12:50:28,2026-08-25 20:13:25
C03326,Customer_C03326,Repeat,Prayagraj,2025-01-15,2154.0,2,1077.0,112.1,0.35,2025-12-12 15:49:45,2026-06-03 19:24:19
C01136,Customer_C01136,Repeat,Gorakhpur,2025-01-15,4719.47,3,1573.16,23.1,0.34,2025-12-12 16:55:06,2026-08-31 18:41:28
C00709,Customer_C00709,New,Noida,2025-01-15,607.83,1,607.83,285.2,30.0,2025-12-12 16:57:08,2025-12-12 16:57:08
C01058,Customer_C01058,Repeat,Noida,2025-01-15,2767.17,4,691.79,3.2,0.43,2025-12-12 17:32:39,2026-09-20 18:15:37
C01850,Customer_C01850,Repeat,Agra,2025-01-15,22939.28,7,3277.04,39.2,0.85,2025-12-12 18:01:23,2026-08-15 18:14:41
C01178,Customer_C01178,Repeat,Lucknow,2025-01-15,4978.35,2,2489.18,46.1,0.25,2025-12-12 18:04:33,2026-08-08 19:18:38
C02565,Customer_C02565,Repeat,Gorakhpur,2025-01-15,1945.76,2,972.88,205.6,0.75,2025-12-12 18:25:45,2026-03-02 08:36:46
C00974,Customer_C00974,Repeat,Patna,2025-01-15,4906.86,7,700.98,2.2,0.74,2025-12-12 18:59:22,2026-09-21 17:26:52
C01751,Customer_C01751,Repeat,Lucknow,2025-01-15,2706.36,3,902.12,142.0,0.63,2025-12-12 19:02:52,2026-05-04 20:52:36
C02359,Customer_C02359,Repeat,Lucknow,2025-01-15,3200.0,2,1600.0,246.1,1.54,2025-12-12 19:25:32,2026-01-20 19:50:38
C01256,Customer_C01256,Repeat,Agra,2025-01-15,839.5,3,279.83,157.6,0.71,2025-12-12 19:43:14,2026-04-19 08:28:33
C02006,Customer_C02006,New,Noida,2025-01-15,800.0,1,800.0,285.1,30.0,2025-12-12 19:54:43,2025-12-12 19:54:43
C00408,Customer_C00408,Repeat,Lucknow,2025-01-15,2271.85,2,1135.92,114.2,0.35,2025-12-12 20:15:22,2026-06-01 17:11:06
C03122,Customer_C03122,Repeat,Kanpur,2025-01-15,3497.5,4,874.38,177.2,1.11,2025-12-12 20:28:52,2026-03-30 17:38:53
C03121,Customer_C03121,Repeat,Lucknow,2025-01-15,8482.84,3,2827.61,31.3,0.35,2025-12-12 21:01:29,2026-08-23 15:25:49
C00780,Customer_C00780,Repeat,Agra,2025-01-15,6264.15,6,1044.02,34.1,0.72,2025-12-13 08:05:54,2026-08-20 19:44:31
C03077,Customer_C03077,Repeat,Prayagraj,2025-01-15,9151.04,4,2287.76,37.1,0.49,2025-12-13 10:18:21,2026-08-17 18:50:26
C03464,Customer_C03464,Repeat,Kanpur,2025-01-15,2594.94,3,864.98,232.1,1.72,2025-12-13 10:39:33,2026-02-03 18:52:10
C01025,Customer_C01025,Repeat,Lucknow,2025-01-15,4280.75,5,856.15,83.1,0.75,2025-12-13 11:46:19,2026-07-02 19:52:09
C00874,Customer_C00874,Repeat,Noida,2025-01-15,7824.52,7,1117.79,12.2,0.77,2025-12-13 15:25:38,2026-09-11 17:02:18
C01157,Customer_C01157,Repeat,Noida,2025-01-15,14442.29,5,2888.46,95.0,0.79,2025-12-13 16:37:52,2026-06-20 20:58:39
C01270,Customer_C01270,Repeat,Noida,2025-01-15,3088.26,3,1029.42,113.3,0.53,2025-12-13 16:50:15,2026-06-02 14:08:39
C00503,Customer_C00503,Repeat,Lucknow,2025-01-15,760.74,2,380.37,120.2,0.37,2025-12-13 17:09:37,2026-05-26 16:58:40
C00419,Customer_C00419,Repeat,Kanpur,2025-01-15,4212.8,4,1053.2,20.3,0.45,2025-12-13 17:35:55,2026-09-03 14:12:33
C01548,Customer_C01548,Repeat,Lucknow,2025-01-15,10884.19,7,1554.88,51.1,0.9,2025-12-13 17:47:22,2026-08-03 18:24:06
C00626,Customer_C00626,Repeat,Lucknow,2025-01-15,2151.2,4,537.8,39.1,0.49,2025-12-13 18:13:42,2026-08-15 19:16:16
C02454,Customer_C02454,Repeat,Prayagraj,2025-01-15,10013.68,6,1668.95,2.1,0.64,2025-12-13 18:25:01,2026-09-21 20:23:16
C01727,Customer_C01727,Repeat,Prayagraj,2025-01-15,2159.95,2,1079.97,264.0,2.98,2025-12-13 18:40:20,2026-01-02 21:22:46
C01504,Customer_C01504,Repeat,Noida,2025-01-15,2526.54,3,842.18,22.1,0.34,2025-12-13 18:45:39,2026-09-01 19:05:09
C00248,Customer_C00248,Repeat,Noida,2025-01-15,2644.07,4,661.02,61.2,0.54,2025-12-13 19:00:12,2026-07-24 17:27:47
C01208,Customer_C01208,Repeat,Agra,2025-01-15,949.01,3,316.34,32.1,0.36,2025-12-13 19:47:50,2026-08-22 20:25:10
C02531,Customer_C02531,Repeat,Kanpur,2025-01-15,2126.79,4,531.7,61.1,0.54,2025-12-13 19:48:59,2026-07-24 19:19:57
C00616,Customer_C00616,Repeat,Agra,2025-01-15,1246.92,2,623.46,49.4,0.26,2025-12-13 20:07:48,2026-08-05 12:04:48
C00826,Customer_C00826,Repeat,Prayagraj,2025-01-15,2912.52,3,970.84,5.1,0.32,2025-12-13 20:08:50,2026-09-18 19:35:40
C02796,Customer_C02796,Repeat,Gorakhpur,2025-01-15,11242.13,6,1873.69,42.2,0.74,2025-12-13 20:21:34,2026-08-12 17:16:50
C03393,Customer_C03393,New,Varanasi,2025-01-15,1018.69,1,1018.69,284.1,30.0,2025-12-13 20:22:42,2025-12-13 20:22:42
C01753,Customer_C01753,Repeat,Jaipur,2025-01-15,19827.48,2,9913.74,235.2,1.23,2025-12-13 20:34:44,2026-01-31 17:40:34
C02744,Customer_C02744,Repeat,Noida,2025-01-15,6223.78,6,1037.3,28.1,0.7,2025-12-13 22:27:48,2026-08-26 19:42:07
C03489,Customer_C03489,Repeat,Varanasi,2025-01-15,4154.77,3,1384.92,29.4,0.35,2025-12-13 22:43:04,2026-08-25 11:41:50
C02613,Customer_C02613,Repeat,Lucknow,2025-01-15,4288.82,3,1429.61,68.2,0.42,2025-12-14 12:25:46,2026-07-17 17:35:50
C01030,Customer_C01030,Repeat,Gorakhpur,2025-01-15,16477.0,4,4119.25,165.2,1.02,2025-12-14 12:53:29,2026-04-11 18:16:34
C00485,Customer_C00485,Repeat,Lucknow,2025-01-15,9534.69,5,1906.94,33.1,0.6,2025-12-14 12:57:37,2026-08-21 20:18:31
C00410,Customer_C00410,Repeat,Noida,2025-01-15,1685.35,5,337.07,21.2,0.57,2025-12-14 14:49:07,2026-09-02 16:34:04
C00265,Customer_C00265,Repeat,Prayagraj,2025-01-15,4872.81,3,1624.27,54.1,0.39,2025-12-14 16:28:00,2026-07-31 19:49:54
C01909,Customer_C01909,Repeat,Noida,2025-01-15,6796.82,5,1359.36,74.2,0.72,2025-12-14 16:49:14,2026-07-11 17:36:11
C00463,Customer_C00463,Repeat,Kanpur,2025-01-15,7503.84,2,3751.92,86.2,0.3,2025-12-14 18:08:34,2026-06-29 16:25:38
C01724,Customer_C01724,Repeat,Agra,2025-01-15,2970.29,3,990.1,22.1,0.34,2025-12-14 18:15:18,2026-09-01 19:06:05
C02301,Customer_C02301,Repeat,Agra,2025-01-15,542.28,3,180.76,13.3,0.33,2025-12-14 18:56:51,2026-09-10 15:40:50
C02016,Customer_C02016,New,Prayagraj,2025-01-15,188.44,1,188.44,283.1,30.0,2025-12-14 19:29:49,2025-12-14 19:29:49
C01838,Customer_C01838,Repeat,Prayagraj,2025-01-15,1046.12,2,523.06,246.5,1.64,2025-12-14 20:23:33,2026-01-20 11:07:09
C01720,Customer_C01720,Repeat,Noida,2025-01-15,7825.0,4,1956.25,77.2,0.58,2025-12-14 20:26:00,2026-07-08 17:22:02
C03407,Customer_C03407,Repeat,Noida,2025-01-15,1530.99,2,765.5,62.4,0.27,2025-12-14 22:10:40,2026-07-23 12:40:21
C00048,Customer_C00048,Repeat,Jaipur,2025-01-15,3239.61,4,809.9,1.5,0.43,2025-12-14 22:10:53,2026-09-22 10:39:27
C01935,Customer_C01935,Repeat,Noida,2025-01-15,1578.98,3,526.33,102.0,0.5,2025-12-15 08:37:50,2026-06-13 21:31:41
C01759,Customer_C01759,Repeat,Agra,2025-01-15,700.6,3,233.53,7.2,0.33,2025-12-15 10:16:47,2026-09-16 17:49:50
C01917,Customer_C01917,Repeat,Gorakhpur,2025-01-15,6260.94,2,3130.47,221.3,0.98,2025-12-15 11:14:58,2026-02-14 15:08:01
C02144,Customer_C02144,Repeat,Prayagraj,2025-01-15,1756.8,2,878.4,205.2,0.78,2025-12-15 12:08:26,2026-03-02 16:05:11
C00241,Customer_C00241,Repeat,Varanasi,2025-01-15,8926.99,3,2975.66,104.1,0.5,2025-12-15 12:16:35,2026-06-11 19:08:51
C02480,Customer_C02480,Repeat,Prayagraj,2025-01-15,5971.25,3,1990.42,48.3,0.38,2025-12-15 12:36:49,2026-08-06 15:34:41
C03075,Customer_C03075,Repeat,Lucknow,2025-01-15,8219.72,3,2739.91,207.0,1.2,2025-12-15 15:23:26,2026-02-28 21:53:58
C00064,Customer_C00064,Repeat,Lucknow,2025-01-15,3151.49,5,630.3,43.1,0.63,2025-12-15 16:28:19,2026-08-11 20:09:38
C01855,Customer_C01855,Repeat,Prayagraj,2025-01-15,6216.39,6,1036.06,46.0,0.76,2025-12-15 18:01:53,2026-08-08 21:15:16
C01843,Customer_C01843,Repeat,Prayagraj,2025-01-15,1523.26,2,761.63,250.1,1.87,2025-12-15 18:14:29,2026-01-16 18:24:28
C01242,Customer_C01242,Repeat,Agra,2025-01-15,3119.06,2,1559.53,234.2,1.25,2025-12-15 19:17:00,2026-02-01 18:21:14
C02545,Customer_C02545,Repeat,Agra,2025-01-15,4299.4,3,1433.13,160.2,0.74,2025-12-15 19:29:21,2026-04-16 16:01:53
C01707,Customer_C01707,Repeat,Varanasi,2025-01-15,11623.61,3,3874.54,121.1,0.56,2025-12-15 19:32:29,2026-05-25 19:29:33
C03204,Customer_C03204,Repeat,Patna,2025-01-15,885.79,4,221.45,68.1,0.56,2025-12-15 19:40:10,2026-07-17 18:43:48
C03063,Customer_C03063,Repeat,Prayagraj,2025-01-15,1831.34,3,610.45,208.3,1.22,2025-12-15 20:21:40,2026-02-27 14:57:49
C02861,Customer_C02861,Repeat,Agra,2025-01-15,5555.77,4,1388.94,95.3,0.64,2025-12-15 20:38:32,2026-06-20 14:51:17
C00749,Customer_C00749,Repeat,Lucknow,2025-01-15,2945.81,3,981.94,21.3,0.35,2025-12-15 20:51:30,2026-09-02 15:04:00
C01258,Customer_C01258,Repeat,Prayagraj,2025-01-15,810.15,2,405.08,259.2,2.63,2025-12-15 22:31:24,2026-01-07 17:43:25
C01956,Customer_C01956,Repeat,Gorakhpur,2025-01-15,20114.22,5,4022.84,64.2,0.69,2025-12-16 10:14:01,2026-07-21 17:50:30
C02539,Customer_C02539,Repeat,Lucknow,2025-01-15,1946.46,3,648.82,141.1,0.64,2025-12-16 10:14:39,2026-05-05 18:33:33
C00195,Customer_C00195,Repeat,Varanasi,2025-01-15,1101.96,2,550.98,169.0,0.53,2025-12-16 17:00:24,2026-04-07 21:51:57
C03129,Customer_C03129,New,Jaipur,2025-01-15,428.2,1,428.2,281.2,30.0,2025-12-16 17:21:54,2025-12-16 17:21:54
C02027,Customer_C02027,Repeat,Varanasi,2025-01-15,21663.35,5,4332.67,7.3,0.55,2025-12-16 17:32:12,2026-09-16 14:06:50
C02075,Customer_C02075,Repeat,Kanpur,2025-01-15,1907.41,2,953.7,154.1,0.47,2025-12-16 19:02:02,2026-04-22 18:26:54
C03020,Customer_C03020,Repeat,Lucknow,2025-01-15,640.65,2,320.32,226.2,1.09,2025-12-16 19:49:45,2026-02-09 17:30:51
C01785,Customer_C01785,Repeat,Prayagraj,2025-01-15,3305.97,4,826.49,12.1,0.45,2025-12-16 20:04:29,2026-09-11 19:01:21
C02468,Customer_C02468,Repeat,Jaipur,2025-01-15,997.06,4,249.26,5.1,0.43,2025-12-16 20:52:50,2026-09-18 19:47:12
C00842,Customer_C00842,Repeat,Lucknow,2025-01-15,3266.32,3,1088.77,235.1,1.96,2025-12-16 22:54:03,2026-01-31 20:45:25
C02343,Customer_C02343,Repeat,Kanpur,2025-01-15,1245.85,2,622.92,214.1,0.9,2025-12-17 11:31:14,2026-02-21 19:25:09
C01318,Customer_C01318,Repeat,Gorakhpur,2025-01-15,11476.26,4,2869.06,96.2,0.65,2025-12-17 15:37:33,2026-06-19 17:58:58
C01384,Customer_C01384,Repeat,Prayagraj,2025-01-15,7314.98,3,2438.33,133.2,0.61,2025-12-17 16:00:25,2026-05-13 17:54:55
C01717,Customer_C01717,Repeat,Varanasi,2025-01-15,6790.33,5,1358.07,59.1,0.68,2025-12-17 17:06:28,2026-07-26 19:25:01
C02938,Customer_C02938,Repeat,Prayagraj,2025-01-15,7424.15,4,1856.04,41.1,0.5,2025-12-17 17:24:38,2026-08-13 18:40:08
C02272,Customer_C02272,New,Prayagraj,2025-01-15,855.61,1,855.61,280.2,30.0,2025-12-17 17:28:28,2025-12-17 17:28:28
C00720,Customer_C00720,Repeat,Lucknow,2025-01-15,6373.72,3,2124.57,92.2,0.48,2025-12-17 18:46:20,2026-06-23 17:36:19
C02258,Customer_C02258,New,Noida,2025-01-15,83.06,1,83.06,280.1,30.0,2025-12-17 18:58:46,2025-12-17 18:58:46
C03283,Customer_C03283,Repeat,Gorakhpur,2025-01-15,17426.39,3,5808.8,179.2,0.89,2025-12-17 19:21:37,2026-03-28 16:50:21
C02976,Customer_C02976,Repeat,Noida,2025-01-15,995.81,2,497.9,228.5,1.16,2025-12-17 19:45:25,2026-02-07 10:11:20
C01108,Customer_C01108,Repeat,Gorakhpur,2025-01-15,6517.42,5,1303.48,157.1,1.22,2025-12-17 20:01:58,2026-04-19 20:24:33
C00159,Customer_C00159,Repeat,Prayagraj,2025-01-15,3612.37,2,1806.18,24.1,0.23,2025-12-17 20:09:29,2026-08-30 19:53:35
C03050,Customer_C03050,Repeat,Jaipur,2025-01-15,1421.68,3,473.89,123.2,0.57,2025-12-17 20:12:00,2026-05-23 16:12:24
C01766,Customer_C01766,Repeat,Noida,2025-01-15,5524.13,5,1104.83,22.2,0.58,2025-12-17 20:15:56,2026-09-01 18:14:24
C01593,Customer_C01593,Repeat,Prayagraj,2025-01-15,1692.89,3,564.3,75.1,0.44,2025-12-17 20:19:42,2026-07-10 20:04:10
C01413,Customer_C01413,Repeat,Noida,2025-01-15,10382.32,6,1730.39,6.5,0.66,2025-12-17 20:59:42,2026-09-17 09:01:40
C02234,Customer_C02234,Repeat,Noida,2025-01-15,5030.89,2,2515.45,18.5,0.23,2025-12-17 21:12:15,2026-09-05 10:42:52
C00399,Customer_C00399,Repeat,Kanpur,2025-01-15,4277.43,5,855.49,61.5,0.69,2025-12-17 21:26:10,2026-07-24 11:08:06
C00883,Customer_C00883,Repeat,Noida,2025-01-15,17974.95,4,4493.74,137.2,0.84,2025-12-18 11:22:26,2026-05-09 16:52:33
C00642,Customer_C00642,Repeat,Lucknow,2025-01-15,2322.06,4,580.52,4.0,0.44,2025-12-18 11:27:06,2026-09-19 22:16:37
C02563,Customer_C02563,Repeat,Lucknow,2025-01-15,2181.01,3,727.0,122.1,0.57,2025-12-18 12:14:06,2026-05-24 19:57:02
C03371,Customer_C03371,Repeat,Lucknow,2025-01-15,2115.25,2,1057.62,32.1,0.24,2025-12-18 13:10:19,2026-08-22 19:06:28
C01100,Customer_C01100,New,Kanpur,2025-01-15,1348.53,1,1348.53,279.4,30.0,2025-12-18 13:25:54,2025-12-18 13:25:54
C01170,Customer_C01170,Repeat,Prayagraj,2025-01-15,2645.39,4,661.35,171.2,1.11,2025-12-18 15:37:13,2026-04-05 16:42:42
C01449,Customer_C01449,Repeat,Prayagraj,2025-01-15,2310.44,3,770.15,68.2,0.43,2025-12-18 15:38:26,2026-07-17 18:10:50
C01196,Customer_C01196,Repeat,Kanpur,2025-01-15,4502.99,6,750.5,54.2,0.8,2025-12-18 17:35:46,2026-07-31 17:56:50
C00400,Customer_C00400,Repeat,Noida,2025-01-15,8467.81,3,2822.6,17.0,0.34,2025-12-18 18:17:40,2026-09-06 21:01:22
C01693,Customer_C01693,Repeat,Prayagraj,2025-01-15,3199.11,6,533.18,19.1,0.69,2025-12-18 19:44:02,2026-09-04 18:58:24
C00217,Customer_C00217,Repeat,Lucknow,2025-01-15,1168.79,3,389.6,100.1,0.5,2025-12-18 19:47:39,2026-06-15 18:48:34
C03374,Customer_C03374,Repeat,Kanpur,2025-01-15,1809.58,4,452.4,12.3,0.45,2025-12-18 19:48:54,2026-09-11 14:40:29
C03035,Customer_C03035,Repeat,Patna,2025-01-15,1160.94,2,580.47,183.1,0.63,2025-12-18 19:57:06,2026-03-24 18:23:54
C02236,Customer_C02236,Repeat,Agra,2025-01-15,5501.25,5,1100.25,179.2,1.5,2025-12-18 20:01:25,2026-03-28 16:09:48
C02333,Customer_C02333,Repeat,Noida,2025-01-15,2395.31,4,598.83,39.2,0.5,2025-12-18 20:06:08,2026-08-15 17:37:26
C01542,Customer_C01542,Repeat,Lucknow,2025-01-15,893.6,2,446.8,242.1,1.63,2025-12-18 22:19:08,2026-01-24 20:15:33
C02096,Customer_C02096,Repeat,Noida,2025-01-15,4407.51,5,881.5,83.0,0.77,2025-12-18 22:20:42,2026-07-02 21:50:13
C01513,Customer_C01513,Repeat,Noida,2025-01-15,813.14,2,406.57,134.0,0.42,2025-12-19 08:54:01,2026-05-12 22:31:26
C03067,Customer_C03067,Repeat,Varanasi,2025-01-15,13166.55,2,6583.28,123.0,0.39,2025-12-19 09:03:31,2026-05-23 22:10:03
C02859,Customer_C02859,New,Prayagraj,2025-01-15,2500.0,1,2500.0,278.5,30.0,2025-12-19 09:40:46,2025-12-19 09:40:46
C01354,Customer_C01354,Repeat,Noida,2025-01-15,1982.06,2,991.03,245.2,1.8,2025-12-19 10:37:31,2026-01-21 17:59:31
C00330,Customer_C00330,Repeat,Noida,2025-01-15,525.86,2,262.93,188.0,0.66,2025-12-19 11:13:03,2026-03-19 21:55:14
C01684,Customer_C01684,Repeat,Jaipur,2025-01-15,15830.14,5,3166.03,41.0,0.63,2025-12-19 11:15:03,2026-08-13 21:38:23
C02143,Customer_C02143,Repeat,Prayagraj,2025-01-15,5641.84,6,940.31,29.3,0.72,2025-12-19 15:36:57,2026-08-25 15:17:19
C01876,Customer_C01876,Repeat,Prayagraj,2025-01-15,4009.38,3,1336.46,70.3,0.43,2025-12-19 17:49:36,2026-07-15 15:42:14
C00827,Customer_C00827,Repeat,Gorakhpur,2025-01-15,27496.79,4,6874.2,50.2,0.53,2025-12-19 18:21:35,2026-08-04 17:06:04
C02069,Customer_C02069,Repeat,Varanasi,2025-01-15,8910.62,4,2227.65,31.4,0.49,2025-12-19 18:46:04,2026-08-23 11:35:25
C01645,Customer_C01645,Repeat,Noida,2025-01-15,17969.39,6,2994.9,30.5,0.73,2025-12-19 18:59:59,2026-08-24 10:47:43
C00380,Customer_C00380,New,Jaipur,2025-01-15,606.05,1,606.05,278.1,30.0,2025-12-19 19:24:17,2025-12-19 19:24:17
C03362,Customer_C03362,Repeat,Delhi,2025-01-15,12629.55,8,1578.69,26.3,0.95,2025-12-19 19:44:10,2026-08-28 14:00:31
C00719,Customer_C00719,New,Varanasi,2025-01-15,1252.18,1,1252.18,278.1,30.0,2025-12-19 19:44:25,2025-12-19 19:44:25
C01824,Customer_C01824,Repeat,Agra,2025-01-15,1122.17,2,561.08,81.2,0.3,2025-12-19 19:53:39,2026-07-04 16:59:43
C01004,Customer_C01004,Repeat,Agra,2025-01-15,3701.15,4,925.29,18.2,0.46,2025-12-19 20:08:15,2026-09-05 17:37:45
C01181,Customer_C01181,New,Lucknow,2025-01-15,599.18,1,599.18,278.1,30.0,2025-12-19 20:10:23,2025-12-19 20:10:23
C00860,Customer_C00860,Repeat,Lucknow,2025-01-15,5894.18,3,1964.73,53.6,0.4,2025-12-19 20:36:53,2026-08-01 08:30:49
C03332,Customer_C03332,Repeat,Varanasi,2025-01-15,6234.21,2,3117.1,210.0,0.88,2025-12-19 20:50:08,2026-02-25 21:43:02
C03111,Customer_C03111,Repeat,Noida,2025-01-15,2438.19,6,406.36,59.2,0.82,2025-12-19 20:56:12,2026-07-26 16:59:33
C00071,Customer_C00071,Repeat,Lucknow,2025-01-15,394.68,2,197.34,248.3,2.01,2025-12-19 21:05:52,2026-01-18 15:54:49
C02837,Customer_C02837,New,Prayagraj,2025-01-15,374.96,1,374.96,278.0,30.0,2025-12-19 21:08:45,2025-12-19 21:08:45
C03156,Customer_C03156,Repeat,Jaipur,2025-01-15,2367.03,3,789.01,171.0,0.84,2025-12-19 22:15:31,2026-04-05 21:56:18
C00215,Customer_C00215,Repeat,Lucknow,2025-01-15,4818.29,3,1606.1,38.0,0.38,2025-12-20 11:41:18,2026-08-16 21:26:33
C03449,Customer_C03449,Repeat,Lucknow,2025-01-15,4582.06,4,1145.52,61.4,0.56,2025-12-20 17:49:58,2026-07-24 12:27:26
C02220,Customer_C02220,Repeat,Gorakhpur,2025-01-15,2151.39,3,717.13,20.1,0.35,2025-12-20 17:59:19,2026-09-03 20:01:25
C01745,Customer_C01745,Repeat,Gorakhpur,2025-01-15,10852.04,2,5426.02,79.0,0.3,2025-12-20 18:08:46,2026-07-06 21:01:50
C00757,Customer_C00757,Repeat,Varanasi,2025-01-15,3813.59,4,953.4,113.3,0.73,2025-12-20 18:09:57,2026-06-02 15:44:33
C02685,Customer_C02685,Repeat,Varanasi,2025-01-15,1097.45,2,548.72,171.0,0.57,2025-12-20 18:48:00,2026-04-05 21:49:08
C00728,Customer_C00728,Repeat,Kanpur,2025-01-15,2080.22,2,1040.11,240.1,1.62,2025-12-20 18:59:55,2026-01-26 20:41:05
C02876,Customer_C02876,New,Lucknow,2025-01-15,16500.0,1,16500.0,277.1,30.0,2025-12-20 19:16:26,2025-12-20 19:16:26
C01560,Customer_C01560,Repeat,Kanpur,2025-01-15,3160.8,3,1053.6,137.1,0.64,2025-12-20 19:42:55,2026-05-09 20:20:39
C02435,Customer_C02435,Repeat,Kanpur,2025-01-15,3866.97,3,1288.99,68.2,0.43,2025-12-20 21:16:21,2026-07-17 18:06:24
C01106,Customer_C01106,Repeat,Kanpur,2025-01-15,6709.34,4,1677.34,16.1,0.46,2025-12-20 22:40:55,2026-09-07 19:27:57
C00529,Customer_C00529,New,Prayagraj,2025-01-15,224.55,1,224.55,277.0,30.0,2025-12-20 22:52:28,2025-12-20 22:52:28
C01737,Customer_C01737,Repeat,Lucknow,2025-01-15,5700.03,3,1900.01,85.2,0.47,2025-12-21 16:39:41,2026-06-30 16:52:55
C03238,Customer_C03238,Repeat,Prayagraj,2025-01-15,14333.87,3,4777.96,65.1,0.43,2025-12-21 18:10:49,2026-07-20 20:36:13
C01683,Customer_C01683,Repeat,Lucknow,2025-01-15,2414.24,3,804.75,182.2,0.96,2025-12-21 18:10:58,2026-03-25 16:16:42
C02421,Customer_C02421,Repeat,Jaipur,2025-01-15,2695.95,4,673.99,118.1,0.76,2025-12-21 18:25:23,2026-05-28 19:23:22
C03171,Customer_C03171,Repeat,Prayagraj,2025-01-15,2357.23,4,589.31,35.3,0.5,2025-12-21 19:04:33,2026-08-19 14:26:30
C00381,Customer_C00381,Repeat,Prayagraj,2025-01-15,2289.69,2,1144.84,230.1,1.3,2025-12-21 19:26:31,2026-02-05 20:17:48
C02092,Customer_C02092,Repeat,Noida,2025-01-15,2723.07,4,680.77,150.0,0.95,2025-12-21 19:53:23,2026-04-26 21:22:26
C00896,Customer_C00896,Repeat,Lucknow,2025-01-15,2934.59,3,978.2,30.6,0.37,2025-12-21 20:03:57,2026-08-24 08:08:43
C02413,Customer_C02413,Repeat,Varanasi,2025-01-15,11356.4,3,3785.47,41.6,0.38,2025-12-21 21:02:58,2026-08-13 08:39:19
C01200,Customer_C01200,Repeat,Prayagraj,2025-01-15,19206.39,4,4801.6,62.4,0.56,2025-12-22 13:33:01,2026-07-23 13:16:43
C01291,Customer_C01291,New,Gorakhpur,2025-01-15,3000.0,1,3000.0,275.3,30.0,2025-12-22 14:16:51,2025-12-22 14:16:51
C01532,Customer_C01532,Repeat,Kanpur,2025-01-15,1709.16,3,569.72,169.3,0.85,2025-12-22 16:36:48,2026-04-07 15:33:33
C01368,Customer_C01368,Repeat,Kanpur,2025-01-15,2695.12,3,898.37,12.1,0.34,2025-12-22 18:27:12,2026-09-11 19:43:48
C02490,Customer_C02490,Repeat,Lucknow,2025-01-15,8001.12,3,2667.04,157.5,0.77,2025-12-22 18:30:58,2026-04-19 09:13:58
C02013,Customer_C02013,Repeat,Noida,2025-01-15,1249.32,2,624.66,203.2,0.83,2025-12-22 19:14:14,2026-03-04 16:41:21
C00038,Customer_C00038,New,Noida,2025-01-15,371.07,1,371.07,275.1,30.0,2025-12-22 19:17:47,2025-12-22 19:17:47
C02175,Customer_C02175,New,Agra,2025-01-15,461.01,1,461.01,275.1,30.0,2025-12-22 19:47:29,2025-12-22 19:47:29
C02039,Customer_C02039,Repeat,Varanasi,2025-01-15,29772.82,5,5954.56,14.5,0.58,2025-12-22 20:36:37,2026-09-09 09:02:26
C02885,Customer_C02885,Repeat,Noida,2025-01-15,9288.01,2,4644.0,269.1,10.07,2025-12-22 20:40:39,2025-12-28 19:42:15
C02734,Customer_C02734,Repeat,Jaipur,2025-01-15,3958.57,4,989.64,60.1,0.56,2025-12-22 21:05:20,2026-07-25 20:28:56
C01164,Customer_C01164,Repeat,Lucknow,2025-01-15,718.79,2,359.4,214.4,0.99,2025-12-22 21:23:42,2026-02-21 11:57:25
C02607,Customer_C02607,Repeat,Prayagraj,2025-01-15,2868.05,4,717.01,9.1,0.45,2025-12-22 22:21:46,2026-09-14 20:44:59
C03218,Customer_C03218,Repeat,Noida,2025-01-15,8092.1,4,2023.02,58.2,0.55,2025-12-23 08:21:59,2026-07-27 17:07:57
C01146,Customer_C01146,Repeat,Prayagraj,2025-01-15,5657.06,2,2828.53,79.1,0.31,2025-12-23 09:10:48,2026-07-06 19:45:36
C02620,Customer_C02620,New,Agra,2025-01-15,946.37,1,946.37,274.5,30.0,2025-12-23 09:15:54,2025-12-23 09:15:54
C02714,Customer_C02714,Repeat,Prayagraj,2025-01-15,443.92,2,221.96,68.1,0.29,2025-12-23 12:08:43,2026-07-17 20:45:06
C00308,Customer_C00308,Repeat,Lucknow,2025-01-15,7999.54,6,1333.26,20.1,0.71,2025-12-23 13:31:50,2026-09-03 18:30:08
C02379,Customer_C02379,Repeat,Agra,2025-01-15,1548.73,2,774.36,87.0,0.32,2025-12-23 15:16:36,2026-06-28 21:47:29
C00331,Customer_C00331,Repeat,Noida,2025-01-15,4730.31,3,1576.77,156.2,0.76,2025-12-23 15:55:45,2026-04-20 18:04:46
C00018,Customer_C00018,Repeat,Agra,2025-01-15,2207.58,3,735.86,177.1,0.93,2025-12-23 16:09:37,2026-03-30 20:29:35
C00518,Customer_C00518,Repeat,Jaipur,2025-01-15,2687.05,6,447.84,63.1,0.85,2025-12-23 16:58:57,2026-07-22 18:24:14
C00414,Customer_C00414,Repeat,Jaipur,2025-01-15,2549.48,3,849.83,69.0,0.44,2025-12-23 17:19:56,2026-07-16 22:38:29
C02171,Customer_C02171,Repeat,Kanpur,2025-01-15,526.4,2,263.2,199.1,0.8,2025-12-23 17:20:52,2026-03-08 20:14:28
C01773,Customer_C01773,Repeat,Lucknow,2025-01-15,9742.88,4,2435.72,55.2,0.55,2025-12-23 18:17:26,2026-07-30 17:56:33
C02625,Customer_C02625,Repeat,Prayagraj,2025-01-15,1893.79,4,473.45,0.1,0.44,2025-12-23 19:12:01,2026-09-23 19:04:03
C02551,Customer_C02551,Repeat,Kanpur,2025-01-15,3363.18,4,840.8,1.4,0.44,2025-12-23 19:44:53,2026-09-22 13:07:42
C02950,Customer_C02950,Repeat,Lucknow,2025-01-15,3701.96,5,740.39,107.1,0.9,2025-12-23 19:52:31,2026-06-08 20:42:48
C01341,Customer_C01341,Repeat,Prayagraj,2025-01-15,2393.94,6,398.99,12.3,0.69,2025-12-23 21:17:41,2026-09-11 14:45:54
C02378,Customer_C02378,Repeat,Jaipur,2025-01-15,34089.57,4,8522.39,2.0,0.44,2025-12-23 21:29:13,2026-09-21 21:44:17
C02102,Customer_C02102,Repeat,Lucknow,2025-01-15,7339.25,4,1834.81,60.2,0.56,2025-12-23 22:49:01,2026-07-25 18:15:44
C00416,Customer_C00416,Repeat,Jaipur,2025-01-15,1049.82,2,524.91,39.0,0.26,2025-12-23 22:57:25,2026-08-15 21:40:47
C01538,Customer_C01538,Repeat,Gorakhpur,2025-01-15,5524.06,2,2762.03,223.1,1.19,2025-12-24 09:26:12,2026-02-12 18:43:32
C03267,Customer_C03267,Repeat,Kanpur,2025-01-15,3057.65,5,611.53,107.3,0.9,2025-12-24 14:33:47,2026-06-08 15:24:11
C01655,Customer_C01655,Repeat,Kanpur,2025-01-15,3902.5,4,975.62,5.3,0.45,2025-12-24 15:04:55,2026-09-18 15:08:26
C01182,Customer_C01182,Repeat,Lucknow,2025-01-15,2636.23,2,1318.12,48.2,0.27,2025-12-24 15:15:21,2026-08-06 18:12:47
C00041,Customer_C00041,Repeat,Lucknow,2025-01-15,1260.0,2,630.0,218.2,1.09,2025-12-24 15:17:48,2026-02-17 17:22:18
C00498,Customer_C00498,New,Jaipur,2025-01-15,3144.0,1,3144.0,273.2,30.0,2025-12-24 16:28:52,2025-12-24 16:28:52
C00029,Customer_C00029,Repeat,Gorakhpur,2025-01-15,1399.74,2,699.87,42.1,0.26,2025-12-24 16:53:46,2026-08-12 20:31:55
C03069,Customer_C03069,Repeat,Kanpur,2025-01-15,2218.69,3,739.56,174.2,0.91,2025-12-24 16:58:55,2026-04-02 18:15:16
C01520,Customer_C01520,Repeat,Lucknow,2025-01-15,4686.23,4,1171.56,34.1,0.5,2025-12-24 17:06:33,2026-08-20 20:04:40
C00862,Customer_C00862,Repeat,Patna,2025-01-15,3629.6,3,1209.87,190.0,1.08,2025-12-24 17:07:55,2026-03-17 21:07:31
C02466,Customer_C02466,Repeat,Gorakhpur,2025-01-15,4637.68,3,1545.89,197.2,1.19,2025-12-24 17:51:17,2026-03-10 16:14:54
C00632,Customer_C00632,Repeat,Kanpur,2025-01-15,3826.03,5,765.21,21.1,0.6,2025-12-24 18:06:12,2026-09-02 20:07:05
C02482,Customer_C02482,Repeat,Gorakhpur,2025-01-15,3965.53,4,991.38,11.5,0.46,2025-12-24 18:16:37,2026-09-12 10:30:47
C00996,Customer_C00996,Repeat,Prayagraj,2025-01-15,6844.19,5,1368.84,25.4,0.61,2025-12-24 18:31:11,2026-08-29 13:22:18
C00653,Customer_C00653,Repeat,Prayagraj,2025-01-15,3785.84,2,1892.92,140.0,0.45,2025-12-24 18:53:53,2026-05-06 22:48:25
C03038,Customer_C03038,Repeat,Lucknow,2025-01-15,4097.94,3,1365.98,71.0,0.45,2025-12-24 19:21:29,2026-07-14 21:20:28
C03391,Customer_C03391,Repeat,Gorakhpur,2025-01-15,2726.5,3,908.83,131.2,0.63,2025-12-24 19:57:14,2026-05-15 17:56:55
C01730,Customer_C01730,Repeat,Jaipur,2025-01-15,28244.06,3,9414.69,245.0,3.21,2025-12-24 20:42:55,2026-01-21 22:12:59
C00689,Customer_C00689,Repeat,Prayagraj,2025-01-15,3699.85,4,924.96,164.5,1.11,2025-12-24 21:10:18,2026-04-12 10:59:06
C02776,Customer_C02776,Repeat,Jaipur,2025-01-15,6390.44,2,3195.22,235.5,1.6,2025-12-24 21:38:22,2026-01-31 09:47:28
C01587,Customer_C01587,Repeat,Noida,2025-01-15,6974.24,3,2324.75,2.1,0.33,2025-12-24 22:51:18,2026-09-21 19:19:18
C00876,Customer_C00876,Repeat,Kanpur,2025-01-15,5235.79,4,1308.95,73.5,0.6,2025-12-25 08:11:48,2026-07-12 09:03:52
C01348,Customer_C01348,Repeat,Varanasi,2025-01-15,6888.17,3,2296.06,77.1,0.46,2025-12-25 08:46:24,2026-07-08 20:07:29
C02909,Customer_C02909,Repeat,Gorakhpur,2025-01-15,2127.35,2,1063.68,154.2,0.51,2025-12-25 09:17:07,2026-04-22 16:37:43
C03357,Customer_C03357,Repeat,Noida,2025-01-15,1992.28,4,498.07,39.5,0.52,2025-12-25 17:49:30,2026-08-15 09:58:44
C01834,Customer_C01834,Repeat,Kanpur,2025-01-15,7655.13,6,1275.86,28.1,0.74,2025-12-25 17:59:25,2026-08-26 20:42:51
C00266,Customer_C00266,Repeat,Lucknow,2025-01-15,3988.06,6,664.68,27.1,0.73,2025-12-25 18:14:13,2026-08-27 20:09:12
C01113,Customer_C01113,Repeat,Lucknow,2025-01-15,3502.08,4,875.52,78.2,0.62,2025-12-25 18:36:15,2026-07-07 16:25:44
C02049,Customer_C02049,Repeat,Lucknow,2025-01-15,175.16,2,87.58,199.4,0.83,2025-12-25 18:55:35,2026-03-08 12:14:21
C00326,Customer_C00326,Repeat,Varanasi,2025-01-15,1266.88,4,316.72,0.2,0.44,2025-12-25 19:01:03,2026-09-23 17:40:12
C02673,Customer_C02673,Repeat,Prayagraj,2025-01-15,3662.01,4,915.5,0.0,0.44,2025-12-25 19:09:21,2026-09-23 21:51:51
C01352,Customer_C01352,Repeat,Kanpur,2025-01-15,299.35,2,149.68,187.3,0.71,2025-12-25 20:21:04,2026-03-20 15:25:14
C01590,Customer_C01590,Repeat,Kanpur,2025-01-15,2597.07,3,865.69,147.3,0.72,2025-12-25 20:38:20,2026-04-29 15:01:45
C00889,Customer_C00889,Repeat,Noida,2025-01-15,3469.89,4,867.47,88.1,0.65,2025-12-25 21:00:21,2026-06-27 18:47:39
C01003,Customer_C01003,Repeat,Lucknow,2025-01-15,3119.84,4,779.96,59.1,0.56,2025-12-25 21:13:50,2026-07-26 19:21:38
C02394,Customer_C02394,Repeat,Varanasi,2025-01-15,1830.02,3,610.01,130.1,0.63,2025-12-25 21:14:09,2026-05-16 20:10:08
C02739,Customer_C02739,Repeat,Lucknow,2025-01-15,727.63,2,363.82,104.1,0.36,2025-12-26 10:10:57,2026-06-11 18:43:07
C03053,Customer_C03053,Repeat,Patna,2025-01-15,5237.74,4,1309.44,31.2,0.5,2025-12-26 12:27:21,2026-08-23 16:12:20
C00065,Customer_C00065,Repeat,Noida,2025-01-15,12322.22,4,3080.56,32.0,0.5,2025-12-26 17:28:53,2026-08-22 22:00:14
C00576,Customer_C00576,Repeat,Lucknow,2025-01-15,3768.0,2,1884.0,18.1,0.24,2025-12-26 18:20:55,2026-09-05 18:37:21
C02585,Customer_C02585,Repeat,Prayagraj,2025-01-15,493.94,2,246.97,253.3,3.37,2025-12-26 18:40:38,2026-01-13 14:01:27
C01656,Customer_C01656,New,Kanpur,2025-01-15,819.3,1,819.3,271.1,30.0,2025-12-26 18:43:28,2025-12-26 18:43:28
C00406,Customer_C00406,New,Prayagraj,2025-01-15,174.4,1,174.4,271.1,30.0,2025-12-26 19:10:20,2025-12-26 19:10:20
C01326,Customer_C01326,Repeat,Kanpur,2025-01-15,5930.82,3,1976.94,37.2,0.38,2025-12-26 19:18:29,2026-08-17 18:21:20
C02495,Customer_C02495,Repeat,Lucknow,2025-01-15,4032.76,4,1008.19,2.5,0.45,2025-12-26 19:27:58,2026-09-21 10:29:39
C01851,Customer_C01851,Repeat,Kanpur,2025-01-15,2386.26,4,596.57,22.1,0.48,2025-12-26 19:50:10,2026-09-01 19:01:28
C03460,Customer_C03460,Repeat,Kanpur,2025-01-15,915.25,2,457.62,264.2,8.76,2025-12-26 19:59:36,2026-01-02 16:22:27
C00847,Customer_C00847,Repeat,Lucknow,2025-01-15,2166.89,3,722.3,128.1,0.63,2025-12-26 21:28:10,2026-05-18 18:39:21
C00075,Customer_C00075,Repeat,Noida,2025-01-15,8914.53,6,1485.76,40.6,0.78,2025-12-26 22:09:57,2026-08-14 08:03:10
C03451,Customer_C03451,Repeat,Gorakhpur,2025-01-15,4802.1,3,1600.7,49.2,0.41,2025-12-27 12:08:32,2026-08-05 16:52:33
C00807,Customer_C00807,New,Noida,2025-01-15,880.0,1,880.0,270.3,30.0,2025-12-27 13:56:19,2025-12-27 13:56:19
C00817,Customer_C00817,Repeat,Gorakhpur,2025-01-15,2656.22,3,885.41,24.1,0.37,2025-12-27 15:36:13,2026-08-30 19:48:42
C03366,Customer_C03366,Repeat,Jaipur,2025-01-15,1146.54,2,573.27,153.1,0.51,2025-12-27 16:38:22,2026-04-23 20:39:59
C02494,Customer_C02494,Repeat,Lucknow,2025-01-15,1319.83,4,329.96,78.2,0.62,2025-12-27 17:01:10,2026-07-07 18:19:26
C01673,Customer_C01673,New,Jaipur,2025-01-15,598.37,1,598.37,270.2,30.0,2025-12-27 17:21:43,2025-12-27 17:21:43
C01874,Customer_C01874,Repeat,Gorakhpur,2025-01-15,2262.45,2,1131.22,86.3,0.33,2025-12-27 17:27:19,2026-06-29 14:01:43
C02833,Customer_C02833,Repeat,Lucknow,2025-01-15,4192.63,5,838.53,39.1,0.65,2025-12-27 18:05:11,2026-08-15 18:30:44
C02581,Customer_C02581,Repeat,Noida,2025-01-15,1620.4,2,810.2,228.0,1.42,2025-12-27 18:30:04,2026-02-07 21:59:38
C01010,Customer_C01010,Repeat,Prayagraj,2025-01-15,1446.73,3,482.24,4.3,0.34,2025-12-27 18:35:47,2026-09-19 14:17:41
C00769,Customer_C00769,Repeat,Lucknow,2025-01-15,3417.11,4,854.28,27.1,0.49,2025-12-27 20:27:02,2026-08-27 19:22:42
C02645,Customer_C02645,Repeat,Lucknow,2025-01-15,2275.81,3,758.6,9.5,0.35,2025-12-27 20:48:48,2026-09-14 09:16:07
C01023,Customer_C01023,Repeat,Jaipur,2025-01-15,2192.67,4,548.17,4.2,0.45,2025-12-28 09:31:54,2026-09-19 16:14:12
C03350,Customer_C03350,Repeat,Lucknow,2025-01-15,4446.02,4,1111.5,145.5,0.97,2025-12-28 12:28:16,2026-05-01 10:13:20
C02284,Customer_C02284,Repeat,Gorakhpur,2025-01-15,8973.83,6,1495.64,23.1,0.73,2025-12-28 13:06:07,2026-08-31 19:40:27
C03312,Customer_C03312,Repeat,Varanasi,2025-01-15,7807.7,5,1561.54,22.2,0.61,2025-12-28 15:01:46,2026-09-01 18:10:47
C01037,Customer_C01037,New,Lucknow,2025-01-15,284.44,1,284.44,269.3,30.0,2025-12-28 15:13:12,2025-12-28 15:13:12
C00015,Customer_C00015,Repeat,Gorakhpur,2025-01-15,25717.28,4,6429.32,93.0,0.68,2025-12-28 16:23:12,2026-06-22 21:49:56
C02621,Customer_C02621,Repeat,Prayagraj,2025-01-15,2595.26,3,865.09,87.0,0.49,2025-12-28 18:24:46,2026-06-28 22:54:13
C01871,Customer_C01871,Repeat,Jaipur,2025-01-15,18793.02,4,4698.26,108.1,0.75,2025-12-28 19:09:07,2026-06-07 18:36:07
C00466,Customer_C00466,New,Lucknow,2025-01-15,364.78,1,364.78,269.1,30.0,2025-12-28 19:11:07,2025-12-28 19:11:07
C00477,Customer_C00477,Repeat,Lucknow,2025-01-15,6163.07,2,3081.54,199.4,0.86,2025-12-28 19:24:59,2026-03-08 13:21:29
C00334,Customer_C00334,Repeat,Lucknow,2025-01-15,3844.56,3,1281.52,36.2,0.39,2025-12-28 19:28:02,2026-08-18 16:17:19
C01582,Customer_C01582,Repeat,Prayagraj,2025-01-15,7623.77,4,1905.94,100.1,0.71,2025-12-28 20:09:40,2026-06-15 20:40:27
C01371,Customer_C01371,Repeat,Agra,2025-01-15,2526.56,5,505.31,9.1,0.58,2025-12-28 20:12:58,2026-09-14 18:27:32
C01406,Customer_C01406,Repeat,Noida,2025-01-15,2047.16,2,1023.58,264.4,13.05,2025-12-28 20:58:04,2026-01-02 11:20:57
C02624,Customer_C02624,Repeat,Noida,2025-01-15,2107.62,3,702.54,174.0,0.95,2025-12-29 08:02:10,2026-04-02 21:22:44
C02865,Customer_C02865,Repeat,Lucknow,2025-01-15,6159.99,5,1232.0,57.2,0.71,2025-12-29 11:15:09,2026-07-28 18:06:27
C02990,Customer_C02990,Repeat,Varanasi,2025-01-15,6555.22,5,1311.04,5.4,0.57,2025-12-29 11:49:59,2026-09-18 13:08:25
C00939,Customer_C00939,Repeat,Delhi,2025-01-15,5714.97,3,1904.99,237.1,2.88,2025-12-29 13:28:51,2026-01-29 20:16:07
C03334,Customer_C03334,Repeat,Prayagraj,2025-01-15,3425.85,4,856.46,87.1,0.66,2025-12-29 15:32:16,2026-06-28 20:05:49
C02896,Customer_C02896,Repeat,Patna,2025-01-15,3430.91,3,1143.64,171.1,0.93,2025-12-29 15:59:51,2026-04-05 18:35:19
C02259,Customer_C02259,Repeat,Jaipur,2025-01-15,1119.51,2,559.76,204.0,0.94,2025-12-29 17:49:01,2026-03-03 21:47:22
C00255,Customer_C00255,Repeat,Prayagraj,2025-01-15,2433.29,3,811.1,231.4,2.45,2025-12-29 19:14:46,2026-02-04 11:19:17
C02250,Customer_C02250,Repeat,Noida,2025-01-15,2885.06,2,1442.53,115.0,0.39,2025-12-29 20:11:30,2026-05-31 22:26:40
C02227,Customer_C02227,Repeat,Agra,2025-01-15,891.58,2,445.79,55.1,0.28,2025-12-29 20:25:30,2026-07-30 19:44:54
C03219,Customer_C03219,Repeat,Prayagraj,2025-01-15,17160.41,4,4290.1,31.4,0.51,2025-12-29 20:49:34,2026-08-23 12:08:33
C01206,Customer_C01206,Repeat,Kanpur,2025-01-15,1340.37,2,670.18,101.1,0.36,2025-12-29 21:10:25,2026-06-14 19:43:19
C00033,Customer_C00033,Repeat,Lucknow,2025-01-15,3355.43,2,1677.72,150.3,0.51,2025-12-29 22:11:29,2026-04-26 15:49:57
C00594,Customer_C00594,New,Agra,2025-01-15,793.99,1,793.99,268.0,30.0,2025-12-29 22:14:55,2025-12-29 22:14:55
C02439,Customer_C02439,Repeat,Lucknow,2025-01-15,1140.16,3,380.05,90.4,0.51,2025-12-29 22:53:48,2026-06-25 13:15:50
C01077,Customer_C01077,New,Varanasi,2025-01-15,217.4,1,217.4,267.5,30.0,2025-12-30 09:31:45,2025-12-30 09:31:45
C03434,Customer_C03434,Repeat,Lucknow,2025-01-15,3154.17,2,1577.08,10.0,0.23,2025-12-30 12:17:45,2026-09-13 22:50:19
C01600,Customer_C01600,Repeat,Jaipur,2025-01-15,7702.2,7,1100.31,4.4,0.8,2025-12-30 16:31:00,2026-09-19 11:43:45
C03059,Customer_C03059,Repeat,Gorakhpur,2025-01-15,2368.8,2,1184.4,78.0,0.32,2025-12-30 18:08:18,2026-07-07 22:05:22
C03131,Customer_C03131,New,Kanpur,2025-01-15,3000.0,1,3000.0,267.1,30.0,2025-12-30 19:38:25,2025-12-30 19:38:25
C01171,Customer_C01171,New,Noida,2025-01-15,497.19,1,497.19,267.1,30.0,2025-12-30 20:24:06,2025-12-30 20:24:06
C01646,Customer_C01646,Repeat,Agra,2025-01-15,2971.36,5,594.27,37.1,0.65,2025-12-30 20:44:37,2026-08-17 19:06:16
C01461,Customer_C01461,Repeat,Lucknow,2025-01-15,1499.96,2,749.98,162.1,0.57,2025-12-30 20:52:36,2026-04-14 18:43:51
C00878,Customer_C00878,Repeat,Lucknow,2025-01-15,1303.45,3,434.48,29.1,0.38,2025-12-30 21:07:44,2026-08-25 19:56:15
C01376,Customer_C01376,Repeat,Lucknow,2025-01-15,17485.7,3,5828.57,21.2,0.37,2025-12-30 21:42:47,2026-09-02 16:20:12
C02579,Customer_C02579,Repeat,Varanasi,2025-01-15,2561.61,3,853.87,122.0,0.62,2025-12-30 22:28:44,2026-05-24 22:14:15
C03195,Customer_C03195,New,Agra,2025-01-15,1500.0,1,1500.0,266.6,30.0,2025-12-31 08:43:11,2025-12-31 08:43:11
C02364,Customer_C02364,Repeat,Lucknow,2025-01-15,634.42,2,317.21,25.0,0.25,2025-12-31 09:33:04,2026-08-29 20:57:04
C00392,Customer_C00392,New,Gorakhpur,2025-01-15,468.56,1,468.56,266.4,30.0,2025-12-31 11:47:28,2025-12-31 11:47:28
C00870,Customer_C00870,Repeat,Jaipur,2025-01-15,2221.12,2,1110.56,37.2,0.26,2025-12-31 12:45:13,2026-08-17 18:02:30
C00875,Customer_C00875,Repeat,Noida,2025-01-15,3963.96,4,990.99,138.5,0.94,2025-12-31 15:25:49,2026-05-08 09:54:02
C00648,Customer_C00648,Repeat,Lucknow,2025-01-15,2506.03,2,1253.02,144.2,0.49,2025-12-31 18:02:04,2026-05-02 17:49:22
C02790,Customer_C02790,Repeat,Agra,2025-01-15,1969.91,2,984.96,231.5,1.73,2025-12-31 18:49:34,2026-02-04 09:38:58
C02721,Customer_C02721,Repeat,Prayagraj,2025-01-15,2074.19,2,1037.1,29.1,0.25,2025-12-31 19:37:14,2026-08-25 18:32:03
C03158,Customer_C03158,Repeat,Varanasi,2025-01-15,15835.52,4,3958.88,29.0,0.51,2025-12-31 19:58:22,2026-08-25 21:44:05
C00288,Customer_C00288,Repeat,Agra,2025-01-15,15807.5,2,7903.75,41.3,0.27,2025-12-31 20:42:57,2026-08-13 14:25:00
C02406,Customer_C02406,Repeat,Prayagraj,2025-01-15,4208.0,3,1402.67,21.2,0.37,2025-12-31 20:51:11,2026-09-02 16:59:38
C03441,Customer_C03441,Repeat,Kanpur,2025-01-15,627.27,3,209.09,120.1,0.62,2025-12-31 22:53:54,2026-05-26 19:03:52
C03448,Customer_C03448,Repeat,Noida,2025-01-15,8806.69,3,2935.56,55.1,0.43,2026-01-01 10:52:40,2026-07-30 19:11:46
C01087,Customer_C01087,Repeat,Lucknow,2025-01-15,4278.79,3,1426.26,130.2,0.67,2026-01-01 10:55:51,2026-05-16 16:10:42
C00163,Customer_C00163,New,Gorakhpur,2025-01-15,2712.08,1,2712.08,265.4,30.0,2026-01-01 12:36:52,2026-01-01 12:36:52
C00322,Customer_C00322,Repeat,Kanpur,2025-01-15,4265.13,4,1066.28,80.1,0.65,2026-01-01 13:04:09,2026-07-05 18:34:27
C01251,Customer_C01251,Repeat,Delhi,2025-01-15,1506.88,2,753.44,107.2,0.38,2026-01-01 14:38:46,2026-06-08 18:11:44
C01860,Customer_C01860,Repeat,Lucknow,2025-01-15,5807.31,4,1451.83,46.3,0.55,2026-01-01 16:05:13,2026-08-08 13:35:32
C01316,Customer_C01316,Repeat,Lucknow,2025-01-15,5244.25,2,2622.12,133.3,0.45,2026-01-01 17:30:35,2026-05-13 15:04:42
C01690,Customer_C01690,Repeat,Lucknow,2025-01-15,1065.89,2,532.95,120.2,0.41,2026-01-01 18:42:14,2026-05-26 17:11:36
C01302,Customer_C01302,Repeat,Kanpur,2025-01-15,2787.12,2,1393.56,1.2,0.23,2026-01-01 19:06:10,2026-09-22 17:22:16
C00452,Customer_C00452,Repeat,Lucknow,2025-01-15,5207.12,5,1041.42,130.1,1.11,2026-01-01 19:14:47,2026-05-16 20:26:02
C02456,Customer_C02456,Repeat,Varanasi,2025-01-15,13997.31,3,4665.77,30.2,0.38,2026-01-01 19:55:00,2026-08-24 16:52:21
C00617,Customer_C00617,Repeat,Jaipur,2025-01-15,15425.43,2,7712.72,74.1,0.31,2026-01-01 20:23:30,2026-07-11 19:46:19
C00341,Customer_C00341,Repeat,Lucknow,2025-01-15,11339.01,7,1619.86,98.3,1.26,2026-01-01 21:14:21,2026-06-17 14:03:59
C00641,Customer_C00641,Repeat,Lucknow,2025-01-15,2813.38,4,703.34,128.2,0.88,2026-01-01 21:35:03,2026-05-18 17:25:56
C01747,Customer_C01747,Repeat,Lucknow,2025-01-15,1354.57,3,451.52,92.6,0.52,2026-01-02 09:23:35,2026-06-23 08:16:02
C02945,Customer_C02945,Repeat,Kanpur,2025-01-15,6237.54,4,1559.38,3.2,0.46,2026-01-02 10:31:19,2026-09-20 16:54:36
C01606,Customer_C01606,Repeat,Noida,2025-01-15,14342.12,2,7171.06,211.4,1.14,2026-01-02 16:30:14,2026-02-24 11:21:01
C00223,Customer_C00223,Repeat,Agra,2025-01-15,3718.39,3,1239.46,33.4,0.39,2026-01-02 16:40:07,2026-08-21 13:18:09
C02470,Customer_C02470,Repeat,Noida,2025-01-15,2475.32,2,1237.66,23.0,0.25,2026-01-02 17:12:41,2026-08-31 21:31:19
C02455,Customer_C02455,Repeat,Agra,2025-01-15,4054.07,3,1351.36,1.6,0.34,2026-01-02 18:51:58,2026-09-22 08:25:19
C02368,Customer_C02368,Repeat,Lucknow,2025-01-15,8029.05,6,1338.18,55.0,0.86,2026-01-02 19:24:07,2026-07-30 20:59:30
C01305,Customer_C01305,Repeat,Noida,2025-01-15,4945.21,4,1236.3,40.0,0.54,2026-01-02 20:14:28,2026-08-14 21:58:19
C03245,Customer_C03245,Repeat,Jaipur,2025-01-15,1195.54,2,597.77,209.4,1.1,2026-01-02 20:23:25,2026-02-26 11:51:01
C02511,Customer_C02511,Repeat,Noida,2025-01-15,1532.26,3,510.75,158.0,0.85,2026-01-02 20:39:08,2026-04-18 22:31:01
C03284,Customer_C03284,New,Lucknow,2025-01-15,123.8,1,123.8,264.0,30.0,2026-01-02 21:16:04,2026-01-02 21:16:04
C03240,Customer_C03240,Repeat,Prayagraj,2025-01-15,7343.7,8,917.96,28.2,1.02,2026-01-03 11:06:20,2026-08-26 16:01:18
C00671,Customer_C00671,Repeat,Gorakhpur,2025-01-15,10281.83,3,3427.28,155.1,0.83,2026-01-03 13:09:28,2026-04-21 20:39:45
C01893,Customer_C01893,Repeat,Jaipur,2025-01-15,986.12,2,493.06,13.2,0.24,2026-01-03 13:12:04,2026-09-10 17:47:16
C00429,Customer_C00429,Repeat,Delhi,2025-01-15,4988.63,5,997.73,49.0,0.7,2026-01-03 13:33:40,2026-08-05 21:23:00
C02327,Customer_C02327,New,Noida,2025-01-15,626.17,1,626.17,263.3,30.0,2026-01-03 15:42:01,2026-01-03 15:42:01
C02760,Customer_C02760,Repeat,Prayagraj,2025-01-15,2205.81,3,735.27,58.4,0.44,2026-01-03 17:30:14,2026-07-27 11:17:16
C01266,Customer_C01266,New,Noida,2025-01-15,11068.82,1,11068.82,263.1,30.0,2026-01-03 18:46:39,2026-01-03 18:46:39
C00722,Customer_C00722,Repeat,Lucknow,2025-01-15,4957.8,5,991.56,199.1,2.34,2026-01-03 18:54:45,2026-03-08 18:51:33
C02932,Customer_C02932,Repeat,Agra,2025-01-15,2664.15,4,666.04,9.1,0.47,2026-01-03 20:03:00,2026-09-14 19:18:01
C02877,Customer_C02877,Repeat,Lucknow,2025-01-15,5469.1,3,1823.03,45.0,0.41,2026-01-03 20:17:34,2026-08-09 20:46:32
C01839,Customer_C01839,Repeat,Lucknow,2025-01-15,5504.23,6,917.37,89.1,1.03,2026-01-03 20:39:02,2026-06-26 19:34:59
C01272,Customer_C01272,Repeat,Patna,2025-01-15,2258.39,2,1129.2,81.0,0.33,2026-01-03 20:40:12,2026-07-04 22:47:57
C01736,Customer_C01736,Repeat,Jaipur,2025-01-15,2131.88,3,710.63,34.1,0.39,2026-01-03 20:50:28,2026-08-20 19:47:55
C02754,Customer_C02754,Repeat,Jaipur,2025-01-15,4388.67,2,2194.34,65.1,0.3,2026-01-03 22:05:04,2026-07-20 18:39:13
C02260,Customer_C02260,New,Agra,2025-01-15,250.68,1,250.68,263.0,30.0,2026-01-03 22:05:38,2026-01-03 22:05:38
C01253,Customer_C01253,Repeat,Agra,2025-01-15,4071.15,3,1357.05,174.1,1.02,2026-01-04 08:46:06,2026-04-02 19:44:52
C00397,Customer_C00397,New,Noida,2025-01-15,5049.57,1,5049.57,262.4,30.0,2026-01-04 12:28:04,2026-01-04 12:28:04
C02294,Customer_C02294,Repeat,Noida,2025-01-15,22464.5,6,3744.08,110.5,1.19,2026-01-04 13:15:57,2026-06-05 09:33:30
C03385,Customer_C03385,New,Kanpur,2025-01-15,514.07,1,514.07,262.3,30.0,2026-01-04 14:40:53,2026-01-04 14:40:53
C01740,Customer_C01740,Repeat,Lucknow,2025-01-15,701.42,2,350.71,114.0,0.4,2026-01-04 15:09:15,2026-06-01 22:32:41
C01658,Customer_C01658,Repeat,Lucknow,2025-01-15,437.66,2,218.83,124.2,0.43,2026-01-04 15:22:52,2026-05-22 17:01:51
C02597,Customer_C02597,Repeat,Noida,2025-01-15,4933.21,5,986.64,52.6,0.72,2026-01-04 15:56:47,2026-08-02 08:37:37
C00474,Customer_C00474,Repeat,Kanpur,2025-01-15,3698.69,5,739.74,28.2,0.64,2026-01-04 16:19:47,2026-08-26 18:08:49
C02239,Customer_C02239,Repeat,Kanpur,2025-01-15,2434.14,4,608.54,58.1,0.59,2026-01-04 17:17:12,2026-07-27 18:32:15
C02935,Customer_C02935,Repeat,Kanpur,2025-01-15,1064.98,2,532.49,153.2,0.55,2026-01-04 18:46:26,2026-04-23 18:14:28
C00355,Customer_C00355,Repeat,Agra,2025-01-15,1289.72,3,429.91,11.0,0.36,2026-01-04 19:48:34,2026-09-12 22:42:11
C00895,Customer_C00895,Repeat,Agra,2025-01-15,1596.46,5,319.29,40.2,0.68,2026-01-04 20:09:46,2026-08-14 17:02:52
C01831,Customer_C01831,Repeat,Prayagraj,2025-01-15,1360.11,2,680.06,180.6,0.74,2026-01-04 20:17:41,2026-03-27 08:06:07
C01454,Customer_C01454,Repeat,Lucknow,2025-01-15,9224.4,2,4612.2,140.2,0.49,2026-01-04 20:53:35,2026-05-06 16:37:20
C00366,Customer_C00366,Repeat,Kanpur,2025-01-15,8781.77,5,1756.35,138.1,1.21,2026-01-04 20:57:03,2026-05-08 18:54:01
C02930,Customer_C02930,Repeat,Kanpur,2025-01-15,10230.52,3,3410.17,206.5,1.62,2026-01-04 21:25:15,2026-03-01 10:31:12
C03233,Customer_C03233,Repeat,Jaipur,2025-01-15,12979.87,2,6489.94,54.0,0.29,2026-01-04 21:35:56,2026-07-31 21:25:52
C00613,Customer_C00613,Repeat,Kanpur,2025-01-15,2920.23,4,730.06,72.2,0.63,2026-01-04 21:56:54,2026-07-13 18:21:50
C02629,Customer_C02629,Repeat,Varanasi,2025-01-15,7796.25,2,3898.12,258.2,19.35,2026-01-05 15:06:48,2026-01-08 17:31:43
C00905,Customer_C00905,Repeat,Varanasi,2025-01-15,8554.02,3,2851.34,119.1,0.63,2026-01-05 16:05:20,2026-05-27 20:31:53
C00067,Customer_C00067,Repeat,Kanpur,2025-01-15,1647.12,2,823.56,246.1,3.98,2026-01-05 16:40:39,2026-01-20 18:29:17
C02756,Customer_C02756,Repeat,Gorakhpur,2025-01-15,14027.86,5,2805.57,40.0,0.68,2026-01-05 16:47:34,2026-08-14 22:17:18
C03045,Customer_C03045,Repeat,Kanpur,2025-01-15,1954.85,3,651.62,142.1,0.76,2026-01-05 16:59:17,2026-05-04 18:53:36
C02149,Customer_C02149,Repeat,Noida,2025-01-15,7995.3,6,1332.55,2.2,0.69,2026-01-05 17:14:58,2026-09-21 18:18:57
C02644,Customer_C02644,Repeat,Kanpur,2025-01-15,1962.35,2,981.18,138.1,0.49,2026-01-05 18:48:54,2026-05-08 19:31:29
C01248,Customer_C01248,New,Kanpur,2025-01-15,104.91,1,104.91,261.1,30.0,2026-01-05 19:02:17,2026-01-05 19:02:17
C02655,Customer_C02655,Repeat,Agra,2025-01-15,4425.22,3,1475.07,4.3,0.35,2026-01-05 19:26:16,2026-09-19 14:53:28
C00637,Customer_C00637,Repeat,Lucknow,2025-01-15,1174.82,3,391.61,144.2,0.77,2026-01-05 20:25:19,2026-05-02 17:02:17
C02053,Customer_C02053,Repeat,Gorakhpur,2025-01-15,3885.26,2,1942.63,202.0,1.02,2026-01-05 20:32:41,2026-03-05 22:19:56
C02275,Customer_C02275,Repeat,Patna,2025-01-15,2855.99,2,1428.0,130.1,0.46,2026-01-05 21:13:33,2026-05-16 18:47:54
C00814,Customer_C00814,Repeat,Kanpur,2025-01-15,994.08,3,331.36,152.1,0.83,2026-01-05 22:10:28,2026-04-24 18:29:19
C00233,Customer_C00233,Repeat,Varanasi,2025-01-15,12166.37,3,4055.46,74.5,0.48,2026-01-05 22:14:12,2026-07-11 10:03:42
C00908,Customer_C00908,Repeat,Kanpur,2025-01-15,6615.19,5,1323.04,15.3,0.61,2026-01-05 22:52:00,2026-09-08 15:45:50
C01549,Customer_C01549,Repeat,Noida,2025-01-15,2104.35,3,701.45,194.1,1.36,2026-01-06 11:26:25,2026-03-13 19:48:08
C01389,Customer_C01389,Repeat,Gorakhpur,2025-01-15,4037.46,6,672.91,31.1,0.79,2026-01-06 12:53:59,2026-08-23 19:34:58
C01779,Customer_C01779,Repeat,Kanpur,2025-01-15,3493.44,4,873.36,92.2,0.71,2026-01-06 14:25:26,2026-06-23 16:48:30
C00009,Customer_C00009,Repeat,Lucknow,2025-01-15,664.41,2,332.21,127.1,0.45,2026-01-06 16:28:40,2026-05-19 19:43:46
C03455,Customer_C03455,Repeat,Gorakhpur,2025-01-15,1764.19,3,588.06,194.0,1.36,2026-01-06 16:57:37,2026-03-13 20:58:09
C02525,Customer_C02525,Repeat,Gorakhpur,2025-01-15,10643.55,5,2128.71,18.1,0.62,2026-01-06 17:36:29,2026-09-05 20:31:05
C01418,Customer_C01418,Repeat,Delhi,2025-01-15,2475.66,3,825.22,46.1,0.42,2026-01-06 17:57:55,2026-08-08 19:15:36
C03227,Customer_C03227,Repeat,Varanasi,2025-01-15,2952.47,3,984.16,127.2,0.68,2026-01-06 20:17:12,2026-05-19 16:16:57
C02674,Customer_C02674,Repeat,Kanpur,2025-01-15,4137.71,2,2068.86,106.1,0.39,2026-01-06 22:05:20,2026-06-09 19:12:37
C00961,Customer_C00961,Repeat,Kanpur,2025-01-15,1846.42,4,461.6,59.3,0.6,2026-01-06 22:45:51,2026-07-26 15:46:08
C01480,Customer_C01480,Repeat,Gorakhpur,2025-01-15,28524.27,4,7131.07,19.1,0.5,2026-01-07 09:01:17,2026-09-04 19:01:05
C01112,Customer_C01112,Repeat,Lucknow,2025-01-15,6399.72,4,1599.93,8.3,0.48,2026-01-07 09:15:23,2026-09-15 13:52:54
C02964,Customer_C02964,Repeat,Jaipur,2025-01-15,5338.17,5,1067.63,13.3,0.61,2026-01-07 12:04:01,2026-09-10 15:40:39
C01901,Customer_C01901,Repeat,Gorakhpur,2025-01-15,2717.62,4,679.4,73.2,0.64,2026-01-07 15:19:53,2026-07-12 18:02:40
C00224,Customer_C00224,Repeat,Agra,2025-01-15,528.13,2,264.06,14.5,0.25,2026-01-07 15:53:28,2026-09-09 09:14:18
C01346,Customer_C01346,Repeat,Prayagraj,2025-01-15,3252.85,4,813.21,45.0,0.56,2026-01-07 16:11:49,2026-08-09 20:53:46
C01865,Customer_C01865,Repeat,Lucknow,2025-01-15,4592.23,8,574.03,33.1,1.06,2026-01-07 17:12:16,2026-08-21 20:38:38
C00922,Customer_C00922,Repeat,Kanpur,2025-01-15,3899.69,2,1949.84,254.2,12.23,2026-01-07 18:24:49,2026-01-12 16:11:11
C02168,Customer_C02168,Repeat,Lucknow,2025-01-15,351.55,2,175.78,189.0,0.86,2026-01-07 18:32:19,2026-03-18 21:15:34
C02450,Customer_C02450,Repeat,Noida,2025-01-15,4024.4,4,1006.1,72.1,0.64,2026-01-07 19:06:38,2026-07-13 19:24:25
C01365,Customer_C01365,Repeat,Lucknow,2025-01-15,2008.91,3,669.64,170.1,1.01,2026-01-07 19:10:52,2026-04-06 20:43:58
C01731,Customer_C01731,Repeat,Kanpur,2025-01-15,3282.24,2,1641.12,0.5,0.23,2026-01-07 19:16:22,2026-09-23 09:13:45
C00571,Customer_C00571,Repeat,Noida,2025-01-15,3506.23,4,876.56,141.5,1.02,2026-01-07 19:19:15,2026-05-05 09:20:58
C01166,Customer_C01166,New,Lucknow,2025-01-15,437.25,1,437.25,259.1,30.0,2026-01-07 20:33:05,2026-01-07 20:33:05
C02105,Customer_C02105,Repeat,Prayagraj,2025-01-15,7411.42,6,1235.24,18.1,0.75,2026-01-07 21:29:22,2026-09-05 19:22:56
C00200,Customer_C00200,Repeat,Kanpur,2025-01-15,2440.47,2,1220.23,3.1,0.23,2026-01-07 21:42:02,2026-09-20 18:46:08
C01034,Customer_C01034,Repeat,Varanasi,2025-01-15,8412.85,3,2804.28,152.2,0.84,2026-01-07 21:44:07,2026-04-24 15:58:25
C01474,Customer_C01474,Repeat,Prayagraj,2025-01-15,968.13,2,484.07,233.4,2.34,2026-01-07 21:49:15,2026-02-02 11:54:47
C01090,Customer_C01090,Repeat,Agra,2025-01-15,7285.3,3,2428.43,65.5,0.47,2026-01-07 22:26:06,2026-07-20 10:49:03
C00281,Customer_C00281,Repeat,Jaipur,2025-01-15,15213.91,2,7606.96,65.6,0.31,2026-01-08 16:30:09,2026-07-20 08:10:59
C02770,Customer_C02770,Repeat,Lucknow,2025-01-15,12801.74,4,3200.44,102.2,0.77,2026-01-08 17:24:49,2026-06-13 17:55:05
C02182,Customer_C02182,Repeat,Kanpur,2025-01-15,8719.37,4,2179.84,24.1,0.51,2026-01-08 18:30:56,2026-08-30 20:34:35
C01704,Customer_C01704,Repeat,Kanpur,2025-01-15,2269.75,5,453.95,1.1,0.58,2026-01-08 18:47:03,2026-09-22 19:43:37
C02986,Customer_C02986,Repeat,Kanpur,2025-01-15,2846.61,4,711.65,66.0,0.62,2026-01-08 19:07:59,2026-07-19 22:33:59
C01765,Customer_C01765,Repeat,Lucknow,2025-01-15,10706.89,3,3568.96,8.1,0.36,2026-01-08 19:34:14,2026-09-15 19:15:04
C00524,Customer_C00524,New,Prayagraj,2025-01-15,80.0,1,80.0,258.1,30.0,2026-01-08 20:36:29,2026-01-08 20:36:29
C01944,Customer_C01944,New,Varanasi,2025-01-15,1977.85,1,1977.85,258.0,30.0,2026-01-08 21:03:23,2026-01-08 21:03:23
C01805,Customer_C01805,Repeat,Kanpur,2025-01-15,1161.86,2,580.93,237.1,2.88,2026-01-08 22:48:27,2026-01-29 18:40:00
C00911,Customer_C00911,Repeat,Noida,2025-01-15,9461.37,2,4730.68,38.3,0.27,2026-01-09 09:30:29,2026-08-16 15:34:38
C00307,Customer_C00307,Repeat,Lucknow,2025-01-15,15807.85,3,5269.28,38.0,0.41,2026-01-09 12:21:49,2026-08-16 21:09:50
C02032,Customer_C02032,Repeat,Prayagraj,2025-01-15,2573.8,3,857.93,76.2,0.5,2026-01-09 13:02:49,2026-07-09 18:06:46
C00947,Customer_C00947,Repeat,Noida,2025-01-15,8587.14,3,2862.38,59.2,0.45,2026-01-09 14:02:38,2026-07-26 16:21:26
C00092,Customer_C00092,Repeat,Delhi,2025-01-15,3591.99,3,1197.33,8.2,0.36,2026-01-09 14:20:16,2026-09-15 16:01:44
C00640,Customer_C00640,Repeat,Kanpur,2025-01-15,4806.47,3,1602.16,11.0,0.37,2026-01-09 17:56:24,2026-09-12 20:58:16
C00329,Customer_C00329,Repeat,Noida,2025-01-15,2907.13,2,1453.56,232.2,2.4,2026-01-09 18:12:46,2026-02-03 17:21:17
C03196,Customer_C03196,New,Prayagraj,2025-01-15,1002.57,1,1002.57,257.1,30.0,2026-01-09 20:14:45,2026-01-09 20:14:45
C02838,Customer_C02838,Repeat,Lucknow,2025-01-15,1277.77,3,425.92,84.3,0.52,2026-01-09 20:35:13,2026-07-01 15:36:37
C01507,Customer_C01507,Repeat,Gorakhpur,2025-01-15,1635.29,2,817.64,58.0,0.3,2026-01-10 16:02:37,2026-07-27 22:02:52
C02643,Customer_C02643,Repeat,Prayagraj,2025-01-15,4923.08,5,984.62,65.0,0.78,2026-01-10 16:08:40,2026-07-20 21:34:24
C00197,Customer_C00197,Repeat,Gorakhpur,2025-01-15,2528.99,2,1264.49,179.4,0.78,2026-01-10 18:57:30,2026-03-28 11:21:42
C02547,Customer_C02547,Repeat,Kanpur,2025-01-15,834.74,2,417.37,55.1,0.3,2026-01-10 21:31:15,2026-07-30 18:41:51
C00317,Customer_C00317,Repeat,Lucknow,2025-01-15,15449.04,4,3862.26,32.2,0.54,2026-01-10 21:38:52,2026-08-22 17:34:10
C01314,Customer_C01314,Repeat,Noida,2025-01-15,7141.29,2,3570.64,48.2,0.29,2026-01-11 12:15:14,2026-08-06 16:24:20
C01511,Customer_C01511,Repeat,Varanasi,2025-01-15,986.37,2,493.18,115.4,0.43,2026-01-11 15:36:54,2026-05-31 11:37:00
C00611,Customer_C00611,Repeat,Lucknow,2025-01-15,5685.22,3,1895.07,38.1,0.41,2026-01-11 16:16:54,2026-08-16 19:20:12
C02813,Customer_C02813,Repeat,Noida,2025-01-15,2107.68,3,702.56,71.1,0.49,2026-01-11 16:55:30,2026-07-14 20:18:15
C01041,Customer_C01041,New,Noida,2025-01-15,678.55,1,678.55,255.1,30.0,2026-01-11 18:32:35,2026-01-11 18:32:35
C01323,Customer_C01323,Repeat,Kanpur,2025-01-15,5997.27,2,2998.64,252.5,22.61,2026-01-11 19:02:20,2026-01-14 10:43:46
C02573,Customer_C02573,New,Prayagraj,2025-01-15,1321.52,1,1321.52,255.1,30.0,2026-01-11 19:04:11,2026-01-11 19:04:11
C00605,Customer_C00605,Repeat,Noida,2025-01-15,5155.58,6,859.26,16.4,0.75,2026-01-11 19:44:52,2026-09-07 13:11:28
C02000,Customer_C02000,Repeat,Lucknow,2025-01-15,3996.43,3,1332.14,38.2,0.42,2026-01-11 21:31:15,2026-08-16 18:00:45
C02791,Customer_C02791,Repeat,Lucknow,2025-01-15,1501.05,3,500.35,30.3,0.4,2026-01-11 22:41:31,2026-08-24 15:20:11
C02691,Customer_C02691,Repeat,Gorakhpur,2025-01-15,2618.84,2,1309.42,194.3,0.99,2026-01-11 22:48:33,2026-03-13 15:06:41
C01350,Customer_C01350,Repeat,Gorakhpur,2025-01-15,2799.75,4,699.94,139.3,1.04,2026-01-12 08:19:50,2026-05-07 15:45:57
C02401,Customer_C02401,Repeat,Noida,2025-01-15,4073.15,4,1018.29,107.6,0.82,2026-01-12 09:32:42,2026-06-08 08:22:51
C01782,Customer_C01782,Repeat,Gorakhpur,2025-01-15,1659.45,2,829.72,123.1,0.46,2026-01-12 11:54:05,2026-05-23 19:27:31
C02404,Customer_C02404,Repeat,Jaipur,2025-01-15,5629.23,7,804.18,18.1,0.89,2026-01-12 12:03:14,2026-09-05 19:51:18
C00074,Customer_C00074,Repeat,Kanpur,2025-01-15,2476.87,3,825.62,28.5,0.4,2026-01-12 13:47:18,2026-08-26 10:38:03
C01285,Customer_C01285,Repeat,Gorakhpur,2025-01-15,1441.44,3,480.48,165.3,1.01,2026-01-12 14:27:38,2026-04-11 15:00:50
C03145,Customer_C03145,Repeat,Noida,2025-01-15,2725.79,5,545.16,24.4,0.65,2026-01-12 14:42:54,2026-08-30 11:34:00
C01424,Customer_C01424,New,Lucknow,2025-01-15,338.08,1,338.08,254.2,30.0,2026-01-12 17:17:08,2026-01-12 17:17:08
C00619,Customer_C00619,Repeat,Lucknow,2025-01-15,14754.54,4,3688.64,37.2,0.55,2026-01-12 18:29:07,2026-08-17 17:44:46
C01622,Customer_C01622,Repeat,Kanpur,2025-01-15,2406.2,2,1203.1,206.1,1.25,2026-01-12 18:48:05,2026-03-01 20:29:38
C01336,Customer_C01336,Repeat,Noida,2025-01-15,7045.02,5,1409.0,79.0,0.86,2026-01-12 18:51:10,2026-07-06 21:46:37
C01991,Customer_C01991,Repeat,Noida,2025-01-15,2032.65,3,677.55,78.1,0.51,2026-01-12 19:59:51,2026-07-07 20:44:14
C02163,Customer_C02163,Repeat,Varanasi,2025-01-15,1479.5,3,493.17,70.2,0.49,2026-01-12 21:15:07,2026-07-15 17:08:50
C01999,Customer_C01999,Repeat,Kanpur,2025-01-15,5313.83,6,885.64,81.1,1.04,2026-01-12 21:27:14,2026-07-04 19:37:36
C00555,Customer_C00555,Repeat,Varanasi,2025-01-15,1357.78,3,452.59,66.0,0.48,2026-01-13 15:26:48,2026-07-19 20:51:26
C02591,Customer_C02591,Repeat,Lucknow,2025-01-15,9062.43,5,1812.49,18.1,0.64,2026-01-13 15:29:09,2026-09-05 19:07:43
C03126,Customer_C03126,Repeat,Agra,2025-01-15,2867.8,4,716.95,114.4,0.86,2026-01-13 16:12:43,2026-06-01 11:37:04
C01868,Customer_C01868,Repeat,Patna,2025-01-15,9300.65,9,1033.41,58.2,1.38,2026-01-13 16:59:45,2026-07-27 18:13:41
C02715,Customer_C02715,Repeat,Lucknow,2025-01-15,1061.27,3,353.76,55.2,0.45,2026-01-13 17:55:19,2026-07-30 17:31:23
C03331,Customer_C03331,Repeat,Kanpur,2025-01-15,829.71,2,414.86,141.0,0.54,2026-01-13 17:58:22,2026-05-05 21:29:26
C02870,Customer_C02870,Repeat,Lucknow,2025-01-15,6869.65,3,2289.88,70.1,0.49,2026-01-13 18:30:06,2026-07-15 19:18:46
C02052,Customer_C02052,Repeat,Kanpur,2025-01-15,2077.85,4,519.46,40.6,0.56,2026-01-13 18:50:50,2026-08-14 08:19:44
C01681,Customer_C01681,Repeat,Lucknow,2025-01-15,3054.76,4,763.69,96.1,0.76,2026-01-13 19:42:23,2026-06-19 18:42:53
C00599,Customer_C00599,Repeat,Noida,2025-01-15,3662.15,3,1220.72,23.3,0.39,2026-01-13 21:22:50,2026-08-31 14:40:41
C01936,Customer_C01936,Repeat,Lucknow,2025-01-15,753.61,3,251.2,149.1,0.87,2026-01-13 22:34:10,2026-04-27 20:00:54
C02979,Customer_C02979,Repeat,Lucknow,2025-01-15,870.64,2,435.32,141.1,0.54,2026-01-13 22:42:29,2026-05-05 19:46:58
C03495,Customer_C03495,Repeat,Gorakhpur,2025-01-15,3484.73,4,871.18,39.2,0.56,2026-01-14 14:45:37,2026-08-15 16:02:29
C00700,Customer_C00700,Repeat,Kanpur,2025-01-15,12750.29,4,3187.57,2.3,0.48,2026-01-14 17:44:50,2026-09-21 14:02:31
C01888,Customer_C01888,Repeat,Lucknow,2025-01-15,6451.42,3,2150.47,77.2,0.51,2026-01-14 19:29:40,2026-07-08 18:20:23
C00726,Customer_C00726,Repeat,Prayagraj,2025-01-15,832.44,2,416.22,107.2,0.41,2026-01-14 19:41:57,2026-06-08 17:16:04
C02426,Customer_C02426,Repeat,Lucknow,2025-01-15,3906.2,2,1953.1,194.0,1.03,2026-01-14 20:24:41,2026-03-13 21:14:03
C00732,Customer_C00732,Repeat,Gorakhpur,2025-01-15,2677.78,2,1338.89,248.1,15.1,2026-01-14 20:49:12,2026-01-18 20:10:43
C03286,Customer_C03286,Repeat,Prayagraj,2025-01-15,4104.17,4,1026.04,173.4,1.53,2026-01-14 21:51:05,2026-04-03 12:43:33
C00137,Customer_C00137,Repeat,Agra,2025-01-15,2132.89,3,710.96,83.1,0.53,2026-01-15 08:07:56,2026-07-02 18:34:29
C01151,Customer_C01151,Repeat,Noida,2025-01-15,2022.22,2,1011.11,76.3,0.34,2026-01-15 10:22:19,2026-07-09 15:43:50
C00507,Customer_C00507,New,Kanpur,2025-01-15,2000.0,1,2000.0,251.3,30.0,2026-01-15 15:07:07,2026-01-15 15:07:07
C02415,Customer_C02415,Repeat,Prayagraj,2025-01-15,2599.41,4,649.85,180.1,1.69,2026-01-15 15:29:17,2026-03-27 19:41:54
C02955,Customer_C02955,Repeat,Lucknow,2025-01-15,24052.6,5,4810.52,17.1,0.64,2026-01-15 16:46:51,2026-09-06 19:29:35
C00559,Customer_C00559,Repeat,Prayagraj,2025-01-15,6279.32,4,1569.83,110.2,0.85,2026-01-15 16:58:01,2026-06-05 17:27:40
C02463,Customer_C02463,Repeat,Noida,2025-01-15,5189.19,2,2594.59,78.1,0.35,2026-01-15 17:15:55,2026-07-07 20:14:27
C02959,Customer_C02959,Repeat,Lucknow,2025-01-15,1203.74,3,401.25,62.3,0.48,2026-01-15 18:21:43,2026-07-23 15:32:54
C00615,Customer_C00615,New,Agra,2025-01-15,599.47,1,599.47,251.1,30.0,2026-01-15 18:29:46,2026-01-15 18:29:46
C01892,Customer_C01892,Repeat,Lucknow,2025-01-15,20805.16,5,4161.03,152.0,1.51,2026-01-15 18:31:25,2026-04-24 22:41:38
C01929,Customer_C01929,Repeat,Prayagraj,2025-01-15,10572.7,9,1174.74,1.1,1.08,2026-01-15 19:23:10,2026-09-22 19:26:23
C01393,Customer_C01393,Repeat,Lucknow,2025-01-15,5742.02,3,1914.01,14.1,0.38,2026-01-15 19:34:39,2026-09-09 19:14:09
C03086,Customer_C03086,Repeat,Noida,2025-01-15,1429.11,3,476.37,97.1,0.58,2026-01-15 20:01:08,2026-06-18 18:37:12
C01967,Customer_C01967,Repeat,Noida,2025-01-15,2895.1,3,965.03,43.5,0.43,2026-01-15 20:45:16,2026-08-11 09:13:22
C01827,Customer_C01827,Repeat,Jaipur,2025-01-15,2531.46,4,632.86,58.2,0.62,2026-01-15 21:23:52,2026-07-27 17:38:31
C01213,Customer_C01213,Repeat,Lucknow,2025-01-15,2269.98,3,756.66,58.2,0.47,2026-01-15 22:28:13,2026-07-27 17:44:04
C03478,Customer_C03478,Repeat,Lucknow,2025-01-15,2773.43,3,924.48,104.2,0.61,2026-01-16 09:27:35,2026-06-11 18:10:44
C03266,Customer_C03266,Repeat,Noida,2025-01-15,4632.61,4,1158.15,68.2,0.66,2026-01-16 09:52:54,2026-07-17 16:27:57
C02289,Customer_C02289,Repeat,Gorakhpur,2025-01-15,3780.06,6,630.01,46.3,0.88,2026-01-16 15:05:37,2026-08-08 13:56:37
C02389,Customer_C02389,Repeat,Kanpur,2025-01-15,10954.24,7,1564.89,78.5,1.22,2026-01-16 15:46:33,2026-07-07 09:54:32
C02423,Customer_C02423,Repeat,Gorakhpur,2025-01-15,21352.66,5,4270.53,45.4,0.73,2026-01-16 16:07:24,2026-08-09 13:27:45
C00426,Customer_C00426,Repeat,Prayagraj,2025-01-15,1503.21,2,751.6,170.3,0.75,2026-01-16 16:45:44,2026-04-06 15:09:47
C03309,Customer_C03309,Repeat,Prayagraj,2025-01-15,8824.6,4,2206.15,24.5,0.53,2026-01-16 16:46:06,2026-08-30 08:48:51
C02782,Customer_C02782,Repeat,Noida,2025-01-15,877.08,3,292.36,59.1,0.47,2026-01-16 17:37:16,2026-07-26 19:46:42
C02249,Customer_C02249,Repeat,Lucknow,2025-01-15,6574.21,2,3287.1,50.1,0.3,2026-01-16 18:39:02,2026-08-04 19:07:03
C01903,Customer_C01903,Repeat,Varanasi,2025-01-15,342.16,2,171.08,86.4,0.37,2026-01-16 19:03:53,2026-06-29 11:25:21
C03175,Customer_C03175,Repeat,Varanasi,2025-01-15,656.67,3,218.89,49.1,0.45,2026-01-16 19:35:36,2026-08-05 20:05:18
C00188,Customer_C00188,Repeat,Varanasi,2025-01-15,19296.95,4,4824.24,141.3,1.1,2026-01-16 19:41:29,2026-05-05 14:13:21
C01508,Customer_C01508,Repeat,Lucknow,2025-01-15,3025.91,4,756.48,95.1,0.77,2026-01-16 19:56:40,2026-06-20 18:59:08
C01769,Customer_C01769,Repeat,Agra,2025-01-15,10170.45,4,2542.61,39.3,0.57,2026-01-16 20:08:02,2026-08-15 15:36:50
C01711,Customer_C01711,New,Prayagraj,2025-01-15,682.84,1,682.84,250.1,30.0,2026-01-16 20:14:53,2026-01-16 20:14:53
C00756,Customer_C00756,Repeat,Agra,2025-01-15,4989.23,5,997.85,16.0,0.64,2026-01-16 21:11:16,2026-09-07 22:58:51
C00742,Customer_C00742,Repeat,Kanpur,2025-01-15,7773.02,3,2591.01,98.3,0.6,2026-01-17 09:33:34,2026-06-17 15:40:25
C01342,Customer_C01342,New,Noida,2025-01-15,433.67,1,433.67,249.5,30.0,2026-01-17 10:54:05,2026-01-17 10:54:05
C01982,Customer_C01982,Repeat,Prayagraj,2025-01-15,1913.56,2,956.78,11.1,0.25,2026-01-17 16:00:58,2026-09-12 19:43:24
C00135,Customer_C00135,Repeat,Agra,2025-01-15,4606.38,2,2303.19,94.2,0.39,2026-01-17 16:48:46,2026-06-21 17:44:28
C03191,Customer_C03191,Repeat,Kanpur,2025-01-15,1746.51,3,582.17,104.5,0.62,2026-01-17 17:48:00,2026-06-11 09:55:25
C01069,Customer_C01069,Repeat,Lucknow,2025-01-15,5091.28,3,1697.09,24.2,0.4,2026-01-17 17:59:04,2026-08-30 16:17:59
C03090,Customer_C03090,Repeat,Noida,2025-01-15,3792.85,3,1264.28,105.6,0.63,2026-01-17 18:07:25,2026-06-10 08:21:01
C01898,Customer_C01898,New,Prayagraj,2025-01-15,152.76,1,152.76,249.1,30.0,2026-01-17 19:25:03,2026-01-17 19:25:03
C02195,Customer_C02195,Repeat,Noida,2025-01-15,18307.0,3,6102.33,12.4,0.38,2026-01-17 20:07:31,2026-09-11 11:49:10
C02829,Customer_C02829,Repeat,Lucknow,2025-01-15,9416.37,5,1883.27,39.2,0.71,2026-01-17 20:53:51,2026-08-15 17:05:06
C03275,Customer_C03275,Repeat,Lucknow,2025-01-15,1055.82,3,351.94,100.4,0.61,2026-01-17 21:19:48,2026-06-15 11:38:55
C00257,Customer_C00257,Repeat,Lucknow,2025-01-15,2485.96,2,1242.98,163.1,0.7,2026-01-17 21:44:38,2026-04-13 19:42:53
C03483,Customer_C03483,Repeat,Jaipur,2025-01-15,1835.58,3,611.86,4.4,0.37,2026-01-17 21:57:10,2026-09-19 12:53:56
C03471,Customer_C03471,New,Gorakhpur,2025-01-15,10370.92,1,10370.92,248.5,30.0,2026-01-18 10:45:48,2026-01-18 10:45:48
C01378,Customer_C01378,Repeat,Prayagraj,2025-01-15,1696.35,2,848.18,196.1,1.15,2026-01-18 13:02:05,2026-03-11 20:21:26
C01678,Customer_C01678,Repeat,Lucknow,2025-01-15,7626.33,5,1525.27,43.2,0.73,2026-01-18 14:48:46,2026-08-11 17:12:07
C03291,Customer_C03291,New,Noida,2025-01-15,431.92,1,431.92,248.3,30.0,2026-01-18 15:09:15,2026-01-18 15:09:15
C03116,Customer_C03116,Repeat,Patna,2025-01-15,9546.48,3,3182.16,66.1,0.49,2026-01-18 16:10:20,2026-07-19 20:02:27
C02927,Customer_C02927,Repeat,Agra,2025-01-15,851.43,2,425.72,108.0,0.43,2026-01-18 17:02:15,2026-06-07 22:00:39
C03336,Customer_C03336,Repeat,Varanasi,2025-01-15,14697.9,6,2449.65,59.1,0.95,2026-01-18 17:59:02,2026-07-26 19:33:08
C00367,Customer_C00367,Repeat,Patna,2025-01-15,13290.58,4,3322.64,47.2,0.6,2026-01-18 19:41:27,2026-08-07 17:37:07
C00465,Customer_C00465,Repeat,Noida,2025-01-15,7111.79,4,1777.95,44.1,0.59,2026-01-18 21:27:22,2026-08-10 19:43:25
C03128,Customer_C03128,Repeat,Varanasi,2025-01-15,5654.76,6,942.46,13.2,0.77,2026-01-18 21:55:09,2026-09-10 18:02:44
C02222,Customer_C02222,Repeat,Prayagraj,2025-01-15,14213.81,7,2030.54,2.1,0.85,2026-01-18 22:21:56,2026-09-21 18:55:47
C00333,Customer_C00333,Repeat,Gorakhpur,2025-01-15,694.82,2,347.41,5.2,0.25,2026-01-19 09:38:22,2026-09-18 17:12:40
C00180,Customer_C00180,Repeat,Patna,2025-01-15,1809.36,4,452.34,77.3,0.71,2026-01-19 11:33:15,2026-07-08 14:15:51
C02688,Customer_C02688,Repeat,Noida,2025-01-15,20755.37,5,4151.07,40.5,0.72,2026-01-19 11:57:37,2026-08-14 09:48:01
C01925,Customer_C01925,New,Prayagraj,2025-01-15,382.22,1,382.22,247.2,30.0,2026-01-19 16:44:29,2026-01-19 16:44:29
C02351,Customer_C02351,Repeat,Gorakhpur,2025-01-15,3249.59,3,1083.2,40.0,0.43,2026-01-19 17:25:15,2026-08-14 21:15:09
C03458,Customer_C03458,Repeat,Gorakhpur,2025-01-15,2235.04,2,1117.52,101.3,0.41,2026-01-19 17:32:01,2026-06-14 15:44:34
C02123,Customer_C02123,Repeat,Gorakhpur,2025-01-15,7389.24,3,2463.08,27.3,0.41,2026-01-19 17:48:51,2026-08-27 15:52:17
C00415,Customer_C00415,Repeat,Prayagraj,2025-01-15,4034.22,4,1008.56,0.1,0.49,2026-01-19 18:43:23,2026-09-23 19:07:00
C01933,Customer_C01933,Repeat,Delhi,2025-01-15,1817.44,3,605.81,134.2,0.8,2026-01-19 19:45:09,2026-05-12 16:29:42
C02646,Customer_C02646,Repeat,Kanpur,2025-01-15,5933.61,3,1977.87,37.2,0.43,2026-01-19 19:50:06,2026-08-17 18:19:18
C00964,Customer_C00964,Repeat,Noida,2025-01-15,4011.01,4,1002.75,19.2,0.53,2026-01-19 20:10:08,2026-09-04 17:19:48
C02129,Customer_C02129,Repeat,Kanpur,2025-01-15,2212.26,4,553.07,154.1,1.3,2026-01-20 09:15:49,2026-04-22 19:38:59
C02873,Customer_C02873,Repeat,Delhi,2025-01-15,4348.25,5,869.65,14.6,0.65,2026-01-20 16:46:24,2026-09-09 08:22:53
C03452,Customer_C03452,Repeat,Delhi,2025-01-15,1329.59,3,443.2,122.2,0.73,2026-01-20 17:01:56,2026-05-24 16:01:19
C02038,Customer_C02038,Repeat,Lucknow,2025-01-15,14661.69,4,3665.42,145.1,1.19,2026-01-20 18:43:53,2026-05-01 18:23:03
C01374,Customer_C01374,Repeat,Noida,2025-01-15,4120.05,6,686.68,83.1,1.1,2026-01-20 19:27:49,2026-07-02 18:31:19
C01417,Customer_C01417,Repeat,Lucknow,2025-01-15,841.9,2,420.95,176.1,0.86,2026-01-20 19:55:51,2026-03-31 19:22:24
C02616,Customer_C02616,Repeat,Prayagraj,2025-01-15,2201.7,4,550.42,37.1,0.57,2026-01-20 21:07:22,2026-08-17 20:20:08
C00090,Customer_C00090,Repeat,Prayagraj,2025-01-15,12519.64,6,2086.61,51.5,0.93,2026-01-21 13:39:38,2026-08-03 08:49:43
C01463,Customer_C01463,Repeat,Kanpur,2025-01-15,2996.49,3,998.83,14.1,0.39,2026-01-21 13:52:43,2026-09-09 18:28:20
C00657,Customer_C00657,Repeat,Delhi,2025-01-15,5683.5,4,1420.88,66.3,0.67,2026-01-21 15:06:39,2026-07-19 15:49:01
C01742,Customer_C01742,Repeat,Jaipur,2025-01-15,1453.43,2,726.72,12.3,0.26,2026-01-21 16:11:42,2026-09-11 14:50:12
C03079,Customer_C03079,Repeat,Noida,2025-01-15,5405.51,3,1801.84,111.1,0.67,2026-01-21 16:20:29,2026-06-04 18:51:31
C02848,Customer_C02848,Repeat,Noida,2025-01-15,9512.78,2,4756.39,99.2,0.41,2026-01-21 18:42:19,2026-06-16 18:20:47
C03299,Customer_C03299,Repeat,Lucknow,2025-01-15,3107.62,5,621.52,108.0,1.09,2026-01-21 19:09:01,2026-06-07 21:18:24
C02522,Customer_C02522,Repeat,Gorakhpur,2025-01-15,15956.59,5,3191.32,123.0,1.23,2026-01-21 19:23:13,2026-05-23 21:42:21
C02800,Customer_C02800,Repeat,Gorakhpur,2025-01-15,1911.03,4,477.76,94.0,0.79,2026-01-21 19:41:46,2026-06-21 22:50:31
C03300,Customer_C03300,Repeat,Agra,2025-01-15,2505.5,3,835.17,62.0,0.49,2026-01-21 20:26:06,2026-07-23 22:50:58
C01539,Customer_C01539,Repeat,Prayagraj,2025-01-15,3753.15,2,1876.58,240.2,12.39,2026-01-21 21:13:38,2026-01-26 17:26:47
C00398,Customer_C00398,Repeat,Gorakhpur,2025-01-15,5550.98,5,1110.2,61.2,0.82,2026-01-21 21:21:31,2026-07-24 17:56:27
C03155,Customer_C03155,Repeat,Varanasi,2025-01-15,5509.99,4,1377.5,81.0,0.73,2026-01-22 08:24:45,2026-07-04 21:47:36
C02595,Customer_C02595,Repeat,Noida,2025-01-15,3170.46,4,792.62,57.1,0.64,2026-01-22 11:07:21,2026-07-28 20:04:26
C02297,Customer_C02297,Repeat,Lucknow,2025-01-15,2172.76,3,724.25,156.2,1.02,2026-01-22 11:20:29,2026-04-20 16:16:19
C00515,Customer_C00515,Repeat,Prayagraj,2025-01-15,1991.88,4,497.97,94.1,0.8,2026-01-22 12:18:15,2026-06-21 19:45:10
C01470,Customer_C01470,Repeat,Noida,2025-01-15,3715.08,5,743.02,114.5,1.16,2026-01-22 12:59:50,2026-06-01 09:44:56
C03406,Customer_C03406,New,Lucknow,2025-01-15,1966.26,1,1966.26,244.3,30.0,2026-01-22 13:49:59,2026-01-22 13:49:59
C01897,Customer_C01897,Repeat,Prayagraj,2025-01-15,1659.53,2,829.76,24.1,0.27,2026-01-22 15:08:37,2026-08-30 20:30:47
C02287,Customer_C02287,Repeat,Gorakhpur,2025-01-15,3215.02,4,803.76,18.1,0.53,2026-01-22 18:30:24,2026-09-05 20:38:32
C02570,Customer_C02570,New,Lucknow,2025-01-15,524.95,1,524.95,244.1,30.0,2026-01-22 19:13:02,2026-01-22 19:13:02
C03364,Customer_C03364,Repeat,Lucknow,2025-01-15,5654.56,4,1413.64,86.2,0.76,2026-01-22 22:20:47,2026-06-29 17:28:07
C02371,Customer_C02371,New,Kanpur,2025-01-15,345.36,1,345.36,243.5,30.0,2026-01-23 08:53:26,2026-01-23 08:53:26
C01902,Customer_C01902,Repeat,Lucknow,2025-01-15,1179.49,3,393.16,116.1,0.71,2026-01-23 09:27:00,2026-05-30 19:26:43
C00500,Customer_C00500,Repeat,Kanpur,2025-01-15,4709.26,3,1569.75,44.4,0.45,2026-01-23 10:14:25,2026-08-10 12:51:34
C02106,Customer_C02106,Repeat,Lucknow,2025-01-15,2196.71,3,732.24,76.6,0.54,2026-01-23 11:31:46,2026-07-09 08:08:19
C00208,Customer_C00208,Repeat,Noida,2025-01-15,2516.01,3,838.67,69.1,0.52,2026-01-23 14:04:54,2026-07-16 20:20:16
C00975,Customer_C00975,Repeat,Varanasi,2025-01-15,1862.78,4,465.7,43.5,0.6,2026-01-23 16:18:25,2026-08-11 10:36:58
C00543,Customer_C00543,Repeat,Lucknow,2025-01-15,460.5,2,230.25,173.0,0.85,2026-01-23 16:36:46,2026-04-03 21:50:22
C03198,Customer_C03198,Repeat,Kanpur,2025-01-15,5654.2,6,942.37,25.1,0.83,2026-01-23 19:35:45,2026-08-29 18:42:35
C00023,Customer_C00023,Repeat,Noida,2025-01-15,627.44,2,313.72,76.2,0.36,2026-01-23 19:49:59,2026-07-09 16:16:32
C02452,Customer_C02452,Repeat,Lucknow,2025-01-15,4927.06,4,1231.76,78.2,0.73,2026-01-23 20:18:04,2026-07-07 16:20:24
C00899,Customer_C00899,Repeat,Lucknow,2025-01-15,4047.12,3,1349.04,2.1,0.37,2026-01-23 21:09:53,2026-09-21 19:00:00
C00354,Customer_C00354,Repeat,Noida,2025-01-15,6229.13,5,1245.83,25.0,0.69,2026-01-24 15:53:42,2026-08-29 21:32:21
C01021,Customer_C01021,Repeat,Noida,2025-01-15,6927.32,4,1731.83,64.1,0.67,2026-01-24 16:28:48,2026-07-21 19:05:12
C01117,Customer_C01117,Repeat,Lucknow,2025-01-15,3779.31,4,944.83,78.0,0.73,2026-01-24 17:24:03,2026-07-07 22:59:18
C02659,Customer_C02659,Repeat,Lucknow,2025-01-15,495.24,2,247.62,192.1,1.2,2026-01-24 17:28:21,2026-03-15 19:03:07
C02121,Customer_C02121,Repeat,Gorakhpur,2025-01-15,4323.7,2,2161.85,80.0,0.37,2026-01-24 17:50:51,2026-07-05 21:18:52
C01616,Customer_C01616,Repeat,Prayagraj,2025-01-15,4351.23,3,1450.41,87.6,0.58,2026-01-24 18:25:52,2026-06-28 08:16:40
C01388,Customer_C01388,Repeat,Jaipur,2025-01-15,7801.38,3,2600.46,126.2,0.78,2026-01-24 18:32:04,2026-05-20 16:41:33
C00603,Customer_C00603,Repeat,Lucknow,2025-01-15,1303.1,3,434.37,127.0,0.78,2026-01-24 18:48:38,2026-05-19 20:49:04
C02578,Customer_C02578,Repeat,Gorakhpur,2025-01-15,4906.15,3,1635.38,61.1,0.5,2026-01-24 18:52:17,2026-07-24 19:22:30
C00696,Customer_C00696,Repeat,Kanpur,2025-01-15,1003.31,3,334.44,22.6,0.41,2026-01-24 19:10:00,2026-09-01 08:36:20
C02750,Customer_C02750,New,Varanasi,2025-01-15,739.73,1,739.73,242.1,30.0,2026-01-24 19:30:24,2026-01-24 19:30:24
C03427,Customer_C03427,Repeat,Noida,2025-01-15,11759.69,3,3919.9,186.4,1.62,2026-01-24 20:32:39,2026-03-21 11:33:21
C03209,Customer_C03209,Repeat,Noida,2025-01-15,5838.09,3,1946.03,151.0,0.99,2026-01-24 20:36:55,2026-04-25 22:56:52
C00691,Customer_C00691,Repeat,Gorakhpur,2025-01-15,1883.99,3,628.0,115.5,0.71,2026-01-24 20:40:09,2026-05-31 09:14:15
C02108,Customer_C02108,Repeat,Prayagraj,2025-01-15,1320.36,2,660.18,192.2,1.2,2026-01-24 21:34:35,2026-03-15 17:54:11
C03307,Customer_C03307,Repeat,Lucknow,2025-01-15,2868.38,5,573.68,28.2,0.7,2026-01-24 21:54:05,2026-08-26 17:44:43
C03206,Customer_C03206,Repeat,Lucknow,2025-01-15,2957.29,5,591.46,43.0,0.75,2026-01-24 22:43:32,2026-08-11 21:10:45
C02839,Customer_C02839,Repeat,Prayagraj,2025-01-15,13315.17,3,4438.39,78.1,0.55,2026-01-25 08:35:07,2026-07-07 19:25:37
C01199,Customer_C01199,New,Gorakhpur,2025-01-15,3124.58,1,3124.58,241.4,30.0,2026-01-25 11:19:10,2026-01-25 11:19:10
C02676,Customer_C02676,Repeat,Noida,2025-01-15,4944.07,2,2472.04,188.5,1.14,2026-01-25 19:15:51,2026-03-19 09:22:40
C03409,Customer_C03409,Repeat,Noida,2025-01-15,7959.09,3,2653.03,55.1,0.48,2026-01-25 19:31:05,2026-07-30 18:35:57
C00089,Customer_C00089,Repeat,Noida,2025-01-15,5821.17,2,2910.58,83.0,0.38,2026-01-25 19:39:32,2026-07-02 22:28:25
C02257,Customer_C02257,Repeat,Noida,2025-01-15,2771.33,2,1385.66,151.1,0.67,2026-01-25 21:58:21,2026-04-25 18:33:35
C03224,Customer_C03224,Repeat,Varanasi,2025-01-15,1650.91,2,825.46,94.3,0.41,2026-01-26 08:57:41,2026-06-21 15:48:45
C02980,Customer_C02980,Repeat,Lucknow,2025-01-15,11670.91,4,2917.73,22.1,0.55,2026-01-26 15:09:51,2026-09-01 18:52:42
C00385,Customer_C00385,New,Kanpur,2025-01-15,423.16,1,423.16,240.3,30.0,2026-01-26 15:18:37,2026-01-26 15:18:37
C02348,Customer_C02348,Repeat,Kanpur,2025-01-15,5851.57,7,835.94,7.1,0.9,2026-01-26 18:36:05,2026-09-16 18:39:52
C01821,Customer_C01821,Repeat,Noida,2025-01-15,4674.21,4,1168.55,57.3,0.66,2026-01-26 20:14:07,2026-07-28 15:42:01
C02034,Customer_C02034,Repeat,Lucknow,2025-01-15,21011.19,6,3501.86,52.0,0.96,2026-01-26 20:42:51,2026-08-02 20:47:10
C01334,Customer_C01334,Repeat,Noida,2025-01-15,6391.87,2,3195.94,129.0,0.54,2026-01-26 21:12:15,2026-05-17 22:30:34
C02762,Customer_C02762,Repeat,Jaipur,2025-01-15,1544.89,3,514.96,181.1,1.54,2026-01-27 10:49:22,2026-03-26 18:59:47
C01817,Customer_C01817,New,Jaipur,2025-01-15,364.51,1,364.51,239.5,30.0,2026-01-27 10:55:06,2026-01-27 10:55:06
C00359,Customer_C00359,Repeat,Gorakhpur,2025-01-15,3249.68,2,1624.84,104.2,0.44,2026-01-27 15:09:05,2026-06-11 18:13:12
C02787,Customer_C02787,Repeat,Lucknow,2025-01-15,3055.52,3,1018.51,194.0,1.99,2026-01-27 15:26:07,2026-03-13 21:03:08
C01123,Customer_C01123,Repeat,Prayagraj,2025-01-15,2549.19,4,637.3,45.6,0.62,2026-01-27 16:25:43,2026-08-09 08:19:42
C03258,Customer_C03258,Repeat,Prayagraj,2025-01-15,2667.36,2,1333.68,47.2,0.31,2026-01-27 16:39:26,2026-08-07 17:49:00
C02384,Customer_C02384,Repeat,Gorakhpur,2025-01-15,12862.84,3,4287.61,156.2,1.08,2026-01-27 18:03:19,2026-04-20 16:54:15
C00295,Customer_C00295,Repeat,Jaipur,2025-01-15,1162.42,3,387.47,159.1,1.12,2026-01-27 18:27:41,2026-04-17 19:12:17
C00320,Customer_C00320,Repeat,Noida,2025-01-15,683.48,2,341.74,127.2,0.54,2026-01-27 19:18:14,2026-05-19 17:23:53
C02717,Customer_C02717,Repeat,Varanasi,2025-01-15,7298.12,3,2432.71,59.0,0.5,2026-01-27 19:56:50,2026-07-26 22:13:33
C00942,Customer_C00942,Repeat,Noida,2025-01-15,674.36,2,337.18,22.1,0.28,2026-01-27 20:02:56,2026-09-01 18:47:17
C02814,Customer_C02814,Repeat,Lucknow,2025-01-15,1730.74,2,865.37,178.0,0.99,2026-01-28 08:18:51,2026-03-29 20:55:04
C02663,Customer_C02663,Repeat,Gorakhpur,2025-01-15,2456.66,2,1228.33,223.1,3.88,2026-01-28 09:21:44,2026-02-12 20:19:06
C01335,Customer_C01335,Repeat,Noida,2025-01-15,491.94,2,245.97,121.1,0.51,2026-01-28 14:49:46,2026-05-25 20:37:30
C00910,Customer_C00910,New,Kanpur,2025-01-15,498.29,1,498.29,238.3,30.0,2026-01-28 15:07:33,2026-01-28 15:07:33
C00352,Customer_C00352,Repeat,Gorakhpur,2025-01-15,11071.13,4,2767.78,166.3,1.67,2026-01-28 15:33:24,2026-04-10 15:09:32
C02769,Customer_C02769,Repeat,Noida,2025-01-15,7130.61,7,1018.66,20.1,0.96,2026-01-28 17:18:43,2026-09-03 18:41:47
C00496,Customer_C00496,Repeat,Prayagraj,2025-01-15,348.92,2,174.46,204.3,1.77,2026-01-28 17:53:13,2026-03-03 14:37:58
C02483,Customer_C02483,Repeat,Gorakhpur,2025-01-15,9084.92,2,4542.46,73.1,0.36,2026-01-28 18:26:08,2026-07-12 18:38:36
C00687,Customer_C00687,Repeat,Agra,2025-01-15,2391.49,3,797.16,28.2,0.43,2026-01-28 18:44:20,2026-08-26 16:12:12
C00523,Customer_C00523,New,Varanasi,2025-01-15,324.9,1,324.9,238.1,30.0,2026-01-28 19:40:41,2026-01-28 19:40:41
C01435,Customer_C01435,Repeat,Delhi,2025-01-15,1287.77,4,321.94,35.0,0.59,2026-01-28 19:56:49,2026-08-19 22:50:13
C01555,Customer_C01555,Repeat,Kanpur,2025-01-15,1053.77,3,351.26,56.5,0.5,2026-01-28 21:22:13,2026-07-29 10:36:05
C02847,Customer_C02847,Repeat,Gorakhpur,2025-01-15,2972.72,3,990.91,17.1,0.41,2026-01-28 22:42:11,2026-09-06 18:35:11
C02273,Customer_C02273,Repeat,Varanasi,2025-01-15,475.19,2,237.6,26.1,0.28,2026-01-29 08:40:41,2026-08-28 19:14:38
C02093,Customer_C02093,Repeat,Kanpur,2025-01-15,8587.08,3,2862.36,188.0,1.83,2026-01-29 18:53:09,2026-03-19 21:45:45
C00591,Customer_C00591,Repeat,Agra,2025-01-15,17308.23,3,5769.41,36.0,0.45,2026-01-29 20:34:12,2026-08-18 21:39:33
C00751,Customer_C00751,Repeat,Noida,2025-01-15,5641.3,2,2820.65,36.2,0.3,2026-01-29 20:39:21,2026-08-18 18:07:50
C02362,Customer_C02362,New,Varanasi,2025-01-15,5348.06,1,5348.06,237.0,30.0,2026-01-29 20:46:28,2026-01-29 20:46:28
C00821,Customer_C00821,Repeat,Agra,2025-01-15,18651.0,4,4662.75,7.4,0.52,2026-01-29 22:22:34,2026-09-16 13:07:25
C02217,Customer_C02217,Repeat,Patna,2025-01-15,2685.01,3,895.0,51.5,0.49,2026-01-30 09:14:28,2026-08-03 09:56:41
C01344,Customer_C01344,Repeat,Prayagraj,2025-01-15,2536.57,4,634.14,32.1,0.59,2026-01-30 11:56:38,2026-08-22 20:37:17
C00483,Customer_C00483,Repeat,Varanasi,2025-01-15,7115.18,8,889.4,32.2,1.18,2026-01-30 15:01:24,2026-08-22 16:52:54
C00588,Customer_C00588,Repeat,Jaipur,2025-01-15,3964.0,2,1982.0,165.0,0.84,2026-01-30 17:02:32,2026-04-11 21:28:31
C01220,Customer_C01220,Repeat,Noida,2025-01-15,6999.58,4,1749.9,43.5,0.62,2026-01-30 17:04:01,2026-08-11 10:45:49
C03159,Customer_C03159,Repeat,Noida,2025-01-15,697.91,2,348.96,97.0,0.43,2026-01-30 17:30:56,2026-06-18 21:16:10
C02952,Customer_C02952,Repeat,Gorakhpur,2025-01-15,15444.38,2,7722.19,100.1,0.44,2026-01-30 18:23:18,2026-06-15 19:28:39
C02824,Customer_C02824,Repeat,Noida,2025-01-15,991.66,2,495.83,149.1,0.69,2026-01-30 18:31:45,2026-04-27 19:06:41
C00372,Customer_C00372,New,Gorakhpur,2025-01-15,993.42,1,993.42,236.1,30.0,2026-01-30 19:26:29,2026-01-30 19:26:29
C02336,Customer_C02336,Repeat,Lucknow,2025-01-15,907.12,3,302.37,48.2,0.48,2026-01-30 19:58:27,2026-08-06 17:29:51
C03340,Customer_C03340,Repeat,Lucknow,2025-01-15,14014.74,4,3503.68,3.1,0.52,2026-01-30 19:59:40,2026-09-20 18:50:27
C02610,Customer_C02610,Repeat,Lucknow,2025-01-15,7048.71,4,1762.18,47.1,0.63,2026-01-30 20:17:18,2026-08-07 20:23:53
C02469,Customer_C02469,New,Jaipur,2025-01-15,9905.56,1,9905.56,236.1,30.0,2026-01-30 20:20:31,2026-01-30 20:20:31
C03056,Customer_C03056,Repeat,Kanpur,2025-01-15,1126.36,4,281.59,2.1,0.51,2026-01-30 21:26:54,2026-09-21 19:01:26
C02507,Customer_C02507,Repeat,Noida,2025-01-15,12953.22,4,3238.3,66.2,0.71,2026-01-31 11:33:35,2026-07-19 17:17:42
C01941,Customer_C01941,Repeat,Agra,2025-01-15,1989.74,2,994.87,54.1,0.33,2026-01-31 12:00:57,2026-07-31 19:06:49
C00666,Customer_C00666,Repeat,Kanpur,2025-01-15,2242.13,3,747.38,17.1,0.41,2026-01-31 16:06:37,2026-09-06 19:44:32
C02611,Customer_C02611,Repeat,Prayagraj,2025-01-15,738.87,2,369.44,1.0,0.26,2026-01-31 16:20:32,2026-09-22 22:59:31
C01375,Customer_C01375,Repeat,Jaipur,2025-01-15,5990.12,4,1497.53,25.1,0.57,2026-01-31 16:25:34,2026-08-29 18:34:49
C00772,Customer_C00772,Repeat,Lucknow,2025-01-15,3049.18,4,762.3,23.2,0.57,2026-01-31 16:38:47,2026-08-31 17:11:39
C03199,Customer_C03199,Repeat,Lucknow,2025-01-15,13590.05,5,2718.01,140.0,1.58,2026-01-31 17:53:51,2026-05-06 22:38:59
C03297,Customer_C03297,Repeat,Jaipur,2025-01-15,4684.49,2,2342.24,33.1,0.3,2026-01-31 17:57:41,2026-08-21 20:15:40
C00343,Customer_C00343,Repeat,Noida,2025-01-15,3926.8,2,1963.4,67.5,0.36,2026-01-31 18:26:31,2026-07-18 09:00:33
C00967,Customer_C00967,Repeat,Varanasi,2025-01-15,722.93,2,361.46,178.4,1.06,2026-01-31 18:27:22,2026-03-29 11:52:23
C01116,Customer_C01116,Repeat,Kanpur,2025-01-15,2240.8,4,560.2,38.1,0.61,2026-01-31 19:01:56,2026-08-16 18:32:23
C01057,Customer_C01057,New,Lucknow,2025-01-15,425.65,1,425.65,235.0,30.0,2026-01-31 21:19:52,2026-01-31 21:19:52
C00277,Customer_C00277,Repeat,Jaipur,2025-01-15,3632.88,2,1816.44,32.1,0.3,2026-01-31 21:40:14,2026-08-22 18:24:53
C02606,Customer_C02606,Repeat,Prayagraj,2025-01-15,4726.36,2,2363.18,140.2,0.64,2026-02-01 13:41:21,2026-05-06 16:24:24
C01937,Customer_C01937,New,Prayagraj,2025-01-15,363.79,1,363.79,234.3,30.0,2026-02-01 15:31:25,2026-02-01 15:31:25
C03256,Customer_C03256,New,Lucknow,2025-01-15,1399.2,1,1399.2,234.2,30.0,2026-02-01 16:00:08,2026-02-01 16:00:08
C03392,Customer_C03392,Repeat,Prayagraj,2025-01-15,760.24,2,380.12,152.2,0.73,2026-02-01 17:02:59,2026-04-24 18:01:44
C03197,Customer_C03197,New,Prayagraj,2025-01-15,729.24,1,729.24,234.2,30.0,2026-02-01 17:13:49,2026-02-01 17:13:49
C00929,Customer_C00929,Repeat,Lucknow,2025-01-15,13429.74,4,3357.44,0.1,0.51,2026-02-01 18:32:18,2026-09-23 20:29:28
C02342,Customer_C02342,Repeat,Noida,2025-01-15,6315.92,2,3157.96,58.4,0.34,2026-02-01 19:42:56,2026-07-27 11:37:09
C02893,Customer_C02893,Repeat,Kanpur,2025-01-15,7341.06,2,3670.53,25.0,0.29,2026-02-01 21:36:42,2026-08-29 21:46:29
C03424,Customer_C03424,Repeat,Agra,2025-01-15,8110.56,4,2027.64,49.3,0.65,2026-02-01 22:03:43,2026-08-05 15:21:36
C00620,Customer_C00620,Repeat,Gorakhpur,2025-01-15,5897.17,5,1179.43,7.0,0.66,2026-02-01 22:43:19,2026-09-16 22:30:03
C01585,Customer_C01585,Repeat,Lucknow,2025-01-15,1185.04,2,592.52,150.4,0.72,2026-02-02 11:51:00,2026-04-26 13:23:37
C02727,Customer_C02727,Repeat,Lucknow,2025-01-15,3614.27,4,903.57,11.4,0.54,2026-02-02 13:50:00,2026-09-12 12:31:32
C03046,Customer_C03046,New,Prayagraj,2025-01-15,168.84,1,168.84,233.2,30.0,2026-02-02 16:30:49,2026-02-02 16:30:49
C00578,Customer_C00578,Repeat,Gorakhpur,2025-01-15,10103.25,5,2020.65,4.1,0.65,2026-02-02 17:11:40,2026-09-19 18:55:29
C03477,Customer_C03477,Repeat,Kanpur,2025-01-15,3600.35,3,1200.12,26.1,0.43,2026-02-02 17:28:47,2026-08-28 18:43:12
C00225,Customer_C00225,New,Gorakhpur,2025-01-15,2497.1,1,2497.1,233.2,30.0,2026-02-02 17:33:40,2026-02-02 17:33:40
C02302,Customer_C02302,Repeat,Gorakhpur,2025-01-15,5123.85,2,2561.93,53.6,0.33,2026-02-02 17:40:39,2026-08-01 08:38:20
C00877,Customer_C00877,Repeat,Patna,2025-01-15,1795.47,3,598.49,14.2,0.41,2026-02-02 18:01:21,2026-09-09 17:00:15
C01221,Customer_C01221,Repeat,Noida,2025-01-15,5314.67,4,1328.67,25.1,0.58,2026-02-02 18:08:26,2026-08-29 18:42:00
C02165,Customer_C02165,Repeat,Noida,2025-01-15,3135.48,2,1567.74,16.1,0.28,2026-02-02 19:08:00,2026-09-07 19:50:55
C01810,Customer_C01810,New,Jaipur,2025-01-15,574.31,1,574.31,233.1,30.0,2026-02-02 19:23:50,2026-02-02 19:23:50
C00891,Customer_C00891,Repeat,Kanpur,2025-01-15,1540.05,2,770.02,124.2,0.55,2026-02-02 19:34:56,2026-05-22 17:07:31
C01124,Customer_C01124,Repeat,Lucknow,2025-01-15,2138.24,5,427.65,21.6,0.71,2026-02-02 20:22:49,2026-09-02 08:07:21
C01535,Customer_C01535,Repeat,Delhi,2025-01-15,3180.89,3,1060.3,6.2,0.4,2026-02-02 20:37:01,2026-09-17 17:40:27
C02603,Customer_C02603,Repeat,Kanpur,2025-01-15,466.77,2,233.38,63.0,0.35,2026-02-02 21:38:37,2026-07-22 21:00:04
C00706,Customer_C00706,Repeat,Gorakhpur,2025-01-15,14620.36,5,2924.07,54.1,0.84,2026-02-03 10:41:35,2026-07-31 18:50:20
C00034,Customer_C00034,Repeat,Gorakhpur,2025-01-15,2525.68,3,841.89,12.2,0.41,2026-02-03 12:43:33,2026-09-11 17:16:35
C01492,Customer_C01492,Repeat,Lucknow,2025-01-15,7844.04,4,1961.01,30.0,0.59,2026-02-03 16:37:47,2026-08-24 21:50:06
C03278,Customer_C03278,Repeat,Prayagraj,2025-01-15,10017.18,4,2504.3,5.3,0.53,2026-02-03 18:24:24,2026-09-18 14:58:47
C02856,Customer_C02856,Repeat,Lucknow,2025-01-15,13784.92,4,3446.23,65.1,0.72,2026-02-03 19:45:18,2026-07-20 18:55:36
C02926,Customer_C02926,Repeat,Lucknow,2025-01-15,1610.84,2,805.42,81.2,0.4,2026-02-03 19:55:08,2026-07-04 18:10:12
C00438,Customer_C00438,Repeat,Gorakhpur,2025-01-15,2912.68,3,970.89,52.1,0.5,2026-02-03 22:41:13,2026-08-02 20:36:35
C01159,Customer_C01159,Repeat,Noida,2025-01-15,11418.03,4,2854.51,7.1,0.54,2026-02-04 15:01:54,2026-09-16 19:25:40
C02940,Customer_C02940,New,Agra,2025-01-15,470.48,1,470.48,231.2,30.0,2026-02-04 16:05:43,2026-02-04 16:05:43
C01741,Customer_C01741,Repeat,Prayagraj,2025-01-15,895.75,2,447.88,177.1,1.11,2026-02-04 17:50:18,2026-03-30 20:13:46
C01642,Customer_C01642,New,Lucknow,2025-01-15,608.69,1,608.69,231.2,30.0,2026-02-04 18:21:43,2026-02-04 18:21:43
C01873,Customer_C01873,Repeat,Lucknow,2025-01-15,1408.13,2,704.06,224.1,8.5,2026-02-04 18:24:54,2026-02-11 19:44:43
C02085,Customer_C02085,New,Lucknow,2025-01-15,1000.64,1,1000.64,231.1,30.0,2026-02-04 18:54:25,2026-02-04 18:54:25
C00169,Customer_C00169,Repeat,Gorakhpur,2025-01-15,3508.03,4,877.01,81.1,0.8,2026-02-04 20:34:20,2026-07-04 20:08:49
C01367,Customer_C01367,Repeat,Lucknow,2025-01-15,547.45,2,273.73,81.2,0.4,2026-02-04 22:18:27,2026-07-04 16:50:36
C00133,Customer_C00133,Repeat,Gorakhpur,2025-01-15,6287.56,5,1257.51,84.1,1.02,2026-02-04 22:45:48,2026-07-01 18:41:42
C03345,Customer_C03345,Repeat,Prayagraj,2025-01-15,1923.82,3,641.27,3.0,0.4,2026-02-05 12:04:49,2026-09-20 22:05:44
C00390,Customer_C00390,Repeat,Prayagraj,2025-01-15,1884.28,3,628.09,139.2,0.99,2026-02-05 13:16:13,2026-05-07 17:55:41
C00128,Customer_C00128,Repeat,Lucknow,2025-01-15,2815.87,3,938.62,172.3,1.56,2026-02-05 19:04:11,2026-04-04 15:19:12
C02888,Customer_C02888,New,Gorakhpur,2025-01-15,627.7,1,627.7,230.0,30.0,2026-02-05 21:27:37,2026-02-05 21:27:37
C01536,Customer_C01536,Repeat,Lucknow,2025-01-15,1111.82,2,555.91,103.2,0.47,2026-02-05 21:34:36,2026-06-12 16:11:01
C01202,Customer_C01202,Repeat,Noida,2025-01-15,10206.25,4,2551.56,82.2,0.81,2026-02-05 22:45:13,2026-07-03 18:13:03
C02221,Customer_C02221,Repeat,Noida,2025-01-15,956.54,3,318.85,204.0,3.53,2026-02-06 08:56:33,2026-03-03 20:59:20
C02686,Customer_C02686,Repeat,Lucknow,2025-01-15,1865.51,2,932.76,160.0,0.87,2026-02-06 17:33:31,2026-04-16 21:16:35
C03404,Customer_C03404,Repeat,Jaipur,2025-01-15,2360.35,3,786.78,75.2,0.58,2026-02-06 18:07:42,2026-07-10 18:04:23
C02481,Customer_C02481,Repeat,Agra,2025-01-15,1122.38,3,374.13,88.1,0.64,2026-02-06 19:14:02,2026-06-27 20:23:20
C00803,Customer_C00803,Repeat,Prayagraj,2025-01-15,2945.92,4,736.48,40.3,0.64,2026-02-06 19:42:55,2026-08-14 14:37:06
C02100,Customer_C02100,Repeat,Agra,2025-01-15,1722.2,5,344.44,104.2,1.2,2026-02-06 19:47:42,2026-06-11 16:13:05
C02567,Customer_C02567,New,Lucknow,2025-01-15,3505.12,1,3505.12,229.0,30.0,2026-02-06 21:30:47,2026-02-06 21:30:47
C01963,Customer_C01963,New,Noida,2025-01-15,134.98,1,134.98,229.0,30.0,2026-02-06 21:33:46,2026-02-06 21:33:46
C03381,Customer_C03381,New,Varanasi,2025-01-15,1914.77,1,1914.77,229.0,30.0,2026-02-06 21:34:19,2026-02-06 21:34:19
C02407,Customer_C02407,Repeat,Prayagraj,2025-01-15,3325.67,3,1108.56,56.4,0.52,2026-02-06 21:57:33,2026-07-29 12:22:56
C01661,Customer_C01661,Repeat,Kanpur,2025-01-15,10482.53,3,3494.18,166.1,1.45,2026-02-07 13:14:58,2026-04-10 19:25:38
C00840,Customer_C00840,Repeat,Lucknow,2025-01-15,999.92,2,499.96,141.2,0.69,2026-02-07 16:46:08,2026-05-05 16:31:29
C00587,Customer_C00587,Repeat,Noida,2025-01-15,2052.91,4,513.23,25.2,0.59,2026-02-07 18:13:49,2026-08-29 17:09:14
C00097,Customer_C00097,Repeat,Lucknow,2025-01-15,8460.69,3,2820.23,115.1,0.8,2026-02-07 18:16:30,2026-05-31 20:13:18
C03387,Customer_C03387,Repeat,Prayagraj,2025-01-15,1347.87,3,449.29,22.0,0.44,2026-02-07 18:59:41,2026-09-01 20:50:53
C03028,Customer_C03028,Repeat,Lucknow,2025-01-15,5611.86,3,1870.62,52.2,0.51,2026-02-07 20:27:26,2026-08-02 18:12:12
C01172,Customer_C01172,Repeat,Kanpur,2025-01-15,1882.64,3,627.55,148.2,1.13,2026-02-07 20:28:20,2026-04-28 17:18:09
C01663,Customer_C01663,Repeat,Gorakhpur,2025-01-15,3308.66,2,1654.33,177.2,1.18,2026-02-07 20:47:24,2026-03-30 18:16:48
C01847,Customer_C01847,Repeat,Lucknow,2025-01-15,1633.45,2,816.72,170.1,1.04,2026-02-07 21:49:52,2026-04-06 20:14:37
C01421,Customer_C01421,Repeat,Prayagraj,2025-01-15,1790.87,4,447.72,88.3,0.86,2026-02-08 16:50:01,2026-06-27 15:21:49
C00801,Customer_C00801,Repeat,Gorakhpur,2025-01-15,5237.73,5,1047.55,2.1,0.67,2026-02-08 16:59:39,2026-09-21 19:58:01
C03377,Customer_C03377,Repeat,Agra,2025-01-15,3262.45,4,815.61,2.1,0.53,2026-02-08 17:20:55,2026-09-21 19:41:17
C00211,Customer_C00211,Repeat,Prayagraj,2025-01-15,1758.75,2,879.38,199.2,2.14,2026-02-08 17:22:49,2026-03-08 17:38:01
C01460,Customer_C01460,New,Noida,2025-01-15,363.8,1,363.8,227.2,30.0,2026-02-08 18:21:30,2026-02-08 18:21:30
C00568,Customer_C00568,Repeat,Noida,2025-01-15,17709.94,4,4427.49,145.0,1.46,2026-02-08 19:11:23,2026-05-01 20:59:17
C02357,Customer_C02357,Repeat,Agra,2025-01-15,2257.1,2,1128.55,135.2,0.65,2026-02-08 21:26:37,2026-05-11 17:38:48
C03444,Customer_C03444,Repeat,Lucknow,2025-01-15,3827.14,5,765.43,27.2,0.75,2026-02-08 21:42:57,2026-08-27 16:43:07
C03098,Customer_C03098,Repeat,Jaipur,2025-01-15,5435.98,6,906.0,26.3,0.9,2026-02-08 22:28:11,2026-08-28 15:24:35
C00612,Customer_C00612,Repeat,Kanpur,2025-01-15,1835.61,2,917.8,175.5,1.18,2026-02-09 12:00:05,2026-04-01 09:44:50
C02122,Customer_C02122,Repeat,Gorakhpur,2025-01-15,2019.29,3,673.1,74.2,0.59,2026-02-09 15:14:19,2026-07-11 17:18:14
C00835,Customer_C00835,Repeat,Gorakhpur,2025-01-15,6949.72,3,2316.57,103.0,0.73,2026-02-09 17:36:01,2026-06-12 21:42:09
C00743,Customer_C00743,Repeat,Gorakhpur,2025-01-15,4407.42,3,1469.14,50.5,0.51,2026-02-09 17:45:23,2026-08-04 10:39:12
C01241,Customer_C01241,Repeat,Kanpur,2025-01-15,2755.43,4,688.86,115.1,1.08,2026-02-09 18:10:04,2026-05-31 19:21:56
C02868,Customer_C02868,Repeat,Prayagraj,2025-01-15,2424.34,4,606.08,95.2,0.92,2026-02-09 18:29:09,2026-06-20 16:09:17
C02270,Customer_C02270,Repeat,Prayagraj,2025-01-15,3436.68,3,1145.56,32.1,0.46,2026-02-09 18:59:17,2026-08-22 19:20:13
C02324,Customer_C02324,Repeat,Jaipur,2025-01-15,10941.58,3,3647.19,11.1,0.42,2026-02-09 19:13:35,2026-09-12 18:24:07
C02515,Customer_C02515,Repeat,Varanasi,2025-01-15,8831.61,5,1766.32,29.0,0.76,2026-02-09 19:35:45,2026-08-25 22:31:02
C00468,Customer_C00468,Repeat,Jaipur,2025-01-15,11202.1,4,2800.52,69.5,0.77,2026-02-09 21:48:13,2026-07-16 10:55:36
C00907,Customer_C00907,New,Varanasi,2025-01-15,758.31,1,758.31,225.4,30.0,2026-02-10 11:26:01,2026-02-10 11:26:01
C01943,Customer_C01943,Repeat,Varanasi,2025-01-15,1579.15,2,789.58,92.4,0.45,2026-02-10 13:03:44,2026-06-23 12:14:50
C00423,Customer_C00423,Repeat,Varanasi,2025-01-15,2942.33,3,980.78,3.2,0.41,2026-02-10 15:29:44,2026-09-20 16:35:13
C03073,Customer_C03073,Repeat,Agra,2025-01-15,4862.85,6,810.48,0.4,0.8,2026-02-10 16:10:18,2026-09-23 12:16:13
C01668,Customer_C01668,New,Prayagraj,2025-01-15,549.67,1,549.67,225.2,30.0,2026-02-10 17:31:28,2026-02-10 17:31:28
C02817,Customer_C02817,Repeat,Lucknow,2025-01-15,9166.99,4,2291.75,8.1,0.55,2026-02-10 18:11:09,2026-09-15 18:44:22
C02120,Customer_C02120,Repeat,Noida,2025-01-15,15112.11,2,7556.06,125.1,0.6,2026-02-10 18:54:09,2026-05-21 20:06:25
C00473,Customer_C00473,Repeat,Varanasi,2025-01-15,4501.66,4,1125.42,106.0,1.01,2026-02-10 19:40:06,2026-06-09 21:44:43
C02279,Customer_C02279,Repeat,Lucknow,2025-01-15,2287.05,2,1143.53,155.1,0.86,2026-02-10 20:35:52,2026-04-21 19:03:34
C03376,Customer_C03376,Repeat,Lucknow,2025-01-15,10882.25,5,2176.45,70.5,0.98,2026-02-11 18:00:25,2026-07-15 11:02:51
C02380,Customer_C02380,Repeat,Kanpur,2025-01-15,14139.58,5,2827.92,126.5,1.54,2026-02-11 18:12:35,2026-05-20 09:36:49
C03408,Customer_C03408,Repeat,Prayagraj,2025-01-15,1554.19,2,777.1,190.2,1.77,2026-02-11 19:12:04,2026-03-17 17:41:14
C00564,Customer_C00564,Repeat,Kanpur,2025-01-15,5405.0,2,2702.5,120.2,0.58,2026-02-11 20:07:04,2026-05-26 16:04:26
C00037,Customer_C00037,Repeat,Noida,2025-01-15,641.19,2,320.6,57.1,0.36,2026-02-12 11:51:54,2026-07-28 19:20:15
C00106,Customer_C00106,Repeat,Patna,2025-01-15,7656.83,3,2552.28,38.3,0.49,2026-02-12 12:25:55,2026-08-16 15:29:10
C00770,Customer_C00770,Repeat,Kanpur,2025-01-15,3054.17,3,1018.06,149.0,1.21,2026-02-12 17:45:00,2026-04-27 22:32:53
C01857,Customer_C01857,Repeat,Gorakhpur,2025-01-15,4424.35,4,1106.09,16.1,0.58,2026-02-12 18:11:33,2026-09-07 19:33:13
C00218,Customer_C00218,Repeat,Noida,2025-01-15,18842.77,4,4710.69,102.2,0.99,2026-02-12 18:12:11,2026-06-13 16:01:12
C01722,Customer_C01722,Repeat,Lucknow,2025-01-15,2387.16,2,1193.58,23.2,0.3,2026-02-12 19:24:53,2026-08-31 17:40:45
C00805,Customer_C00805,Repeat,Noida,2025-01-15,14740.23,2,7370.12,53.5,0.35,2026-02-12 19:55:24,2026-08-01 10:42:14
C01912,Customer_C01912,Repeat,Agra,2025-01-15,7889.63,3,2629.88,76.1,0.61,2026-02-12 21:04:49,2026-07-09 19:14:07
C00391,Customer_C00391,Repeat,Kanpur,2025-01-15,12068.23,3,4022.74,61.2,0.56,2026-02-13 15:28:41,2026-07-24 16:44:08
C03403,Customer_C03403,Repeat,Lucknow,2025-01-15,1255.92,2,627.96,10.1,0.28,2026-02-13 16:39:22,2026-09-13 19:41:43
C02139,Customer_C02139,New,Gorakhpur,2025-01-15,1026.16,1,1026.16,222.2,30.0,2026-02-13 17:09:30,2026-02-13 17:09:30
C01135,Customer_C01135,Repeat,Agra,2025-01-15,6113.02,4,1528.26,38.1,0.65,2026-02-13 17:53:02,2026-08-16 20:04:37
C02172,Customer_C02172,Repeat,Agra,2025-01-15,1580.97,2,790.48,164.0,1.03,2026-02-13 20:35:27,2026-04-12 21:20:20
C03029,Customer_C03029,Repeat,Lucknow,2025-01-15,1833.55,3,611.18,58.1,0.55,2026-02-13 20:35:38,2026-07-27 20:43:40
C02931,Customer_C02931,Repeat,Noida,2025-01-15,3568.71,3,1189.57,45.1,0.51,2026-02-13 20:46:45,2026-08-09 19:37:24
C03328,Customer_C03328,Repeat,Jaipur,2025-01-15,3833.31,3,1277.77,23.2,0.45,2026-02-13 21:48:50,2026-08-31 16:14:38
C00651,Customer_C00651,Repeat,Prayagraj,2025-01-15,2787.28,3,929.09,188.1,2.71,2026-02-14 14:04:54,2026-03-19 19:53:35
C03024,Customer_C03024,Repeat,Varanasi,2025-01-15,2344.03,3,781.34,5.1,0.42,2026-02-14 17:09:44,2026-09-18 19:18:02
C00261,Customer_C00261,Repeat,Delhi,2025-01-15,2743.25,3,914.42,27.4,0.46,2026-02-14 17:42:03,2026-08-27 11:25:39
C01713,Customer_C01713,Repeat,Lucknow,2025-01-15,4508.09,4,1127.02,49.5,0.7,2026-02-14 19:12:19,2026-08-05 10:54:15
C01523,Customer_C01523,Repeat,Agra,2025-01-15,5667.39,2,2833.7,34.3,0.32,2026-02-14 21:27:29,2026-08-20 14:59:39
C00636,Customer_C00636,Repeat,Lucknow,2025-01-15,1235.88,2,617.94,43.2,0.34,2026-02-14 21:41:37,2026-08-11 16:11:00
C03235,Customer_C03235,Repeat,Jaipur,2025-01-15,474.91,3,158.3,125.5,0.95,2026-02-15 17:44:59,2026-05-21 11:02:07
C01996,Customer_C01996,New,Gorakhpur,2025-01-15,1280.7,1,1280.7,220.2,30.0,2026-02-15 18:02:19,2026-02-15 18:02:19
C02733,Customer_C02733,New,Noida,2025-01-15,517.51,1,517.51,220.1,30.0,2026-02-15 19:26:45,2026-02-15 19:26:45
C03255,Customer_C03255,New,Gorakhpur,2025-01-15,187.54,1,187.54,220.0,30.0,2026-02-15 21:48:14,2026-02-15 21:48:14
C00356,Customer_C00356,Repeat,Gorakhpur,2025-01-15,17834.83,3,5944.94,42.2,0.51,2026-02-15 22:04:03,2026-08-12 17:19:31
C02136,Customer_C02136,Repeat,Noida,2025-01-15,3783.2,3,1261.07,23.2,0.46,2026-02-16 09:21:34,2026-08-31 17:29:45
C00997,Customer_C00997,Repeat,Prayagraj,2025-01-15,871.47,3,290.49,180.1,2.3,2026-02-16 15:26:08,2026-03-27 19:52:47
C03080,Customer_C03080,Repeat,Agra,2025-01-15,2379.61,2,1189.8,150.1,0.87,2026-02-16 15:52:30,2026-04-26 18:54:30
C02855,Customer_C02855,Repeat,Prayagraj,2025-01-15,1777.24,4,444.31,51.2,0.71,2026-02-16 16:15:38,2026-08-03 17:38:15
C02506,Customer_C02506,Repeat,Prayagraj,2025-01-15,3318.38,3,1106.13,163.1,1.6,2026-02-16 17:16:24,2026-04-13 20:37:41
C01111,Customer_C01111,Repeat,Lucknow,2025-01-15,5458.22,5,1091.64,43.1,0.85,2026-02-16 18:54:10,2026-08-11 18:50:17
C00688,Customer_C00688,Repeat,Lucknow,2025-01-15,3094.36,7,442.05,27.2,1.09,2026-02-16 19:03:27,2026-08-27 16:44:15
C02653,Customer_C02653,Repeat,Gorakhpur,2025-01-15,2547.65,3,849.22,176.1,2.09,2026-02-16 19:13:25,2026-03-31 18:26:28
C01662,Customer_C01662,Repeat,Jaipur,2025-01-15,6635.82,2,3317.91,120.0,0.61,2026-02-16 20:49:16,2026-05-26 21:43:37
C00959,Customer_C00959,Repeat,Kanpur,2025-01-15,1879.85,4,469.96,10.3,0.57,2026-02-16 21:37:02,2026-09-13 15:23:54
C02352,Customer_C02352,Repeat,Agra,2025-01-15,2272.36,2,1136.18,124.0,0.63,2026-02-17 08:28:52,2026-05-22 20:53:43
C03153,Customer_C03153,Repeat,Lucknow,2025-01-15,8068.7,6,1344.78,2.2,0.83,2026-02-17 08:51:25,2026-09-21 17:05:54
C03400,Customer_C03400,Repeat,Noida,2025-01-15,4652.42,3,1550.81,64.1,0.58,2026-02-17 10:54:49,2026-07-21 18:43:56
C00304,Customer_C00304,New,Varanasi,2025-01-15,5402.4,1,5402.4,218.4,30.0,2026-02-17 13:18:10,2026-02-17 13:18:10
C03222,Customer_C03222,New,Noida,2025-01-15,1515.7,1,1515.7,218.3,30.0,2026-02-17 13:36:11,2026-02-17 13:36:11
C02654,Customer_C02654,Repeat,Gorakhpur,2025-01-15,15801.58,2,7900.79,124.1,0.64,2026-02-17 16:02:08,2026-05-22 19:31:03
C03037,Customer_C03037,Repeat,Prayagraj,2025-01-15,4118.1,3,1372.7,128.1,1.0,2026-02-17 16:07:00,2026-05-18 18:24:17
C02777,Customer_C02777,Repeat,Lucknow,2025-01-15,8567.14,4,2141.78,64.1,0.78,2026-02-17 16:44:35,2026-07-21 19:10:51
C00401,Customer_C00401,Repeat,Jaipur,2025-01-15,7819.42,3,2606.47,7.2,0.43,2026-02-17 17:40:01,2026-09-16 17:17:22
C01557,Customer_C01557,New,Gorakhpur,2025-01-15,150.0,1,150.0,218.2,30.0,2026-02-17 18:01:01,2026-02-17 18:01:01
C01428,Customer_C01428,Repeat,Lucknow,2025-01-15,5940.92,4,1485.23,37.2,0.66,2026-02-17 18:17:50,2026-08-17 17:21:01
C00841,Customer_C00841,New,Kanpur,2025-01-15,324.21,1,324.21,218.1,30.0,2026-02-17 18:54:57,2026-02-17 18:54:57
C02771,Customer_C02771,Repeat,Lucknow,2025-01-15,3020.98,3,1006.99,40.2,0.51,2026-02-17 19:00:34,2026-08-14 16:18:34
C02628,Customer_C02628,Repeat,Agra,2025-01-15,5133.53,2,2566.76,10.1,0.29,2026-02-17 20:24:03,2026-09-13 18:26:33
C01303,Customer_C01303,New,Jaipur,2025-01-15,263.32,1,263.32,217.2,30.0,2026-02-18 16:53:38,2026-02-18 16:53:38
C02314,Customer_C02314,Repeat,Kanpur,2025-01-15,2869.66,3,956.55,83.2,0.67,2026-02-18 17:00:15,2026-07-02 18:08:59
C00779,Customer_C00779,Repeat,Varanasi,2025-01-15,4208.57,3,1402.86,22.5,0.46,2026-02-18 18:19:56,2026-09-01 09:33:53
C02846,Customer_C02846,Repeat,Agra,2025-01-15,912.25,2,456.12,150.1,0.9,2026-02-18 18:29:02,2026-04-26 18:40:42
C02015,Customer_C02015,Repeat,Noida,2025-01-15,2167.71,2,1083.86,158.1,1.02,2026-02-18 18:35:10,2026-04-18 19:25:00
C01203,Customer_C01203,Repeat,Agra,2025-01-15,7911.22,3,2637.07,141.5,1.19,2026-02-18 19:14:26,2026-05-05 10:25:12
C03268,Customer_C03268,New,Patna,2025-01-15,762.71,1,762.71,217.1,30.0,2026-02-18 19:18:17,2026-02-18 19:18:17
C03000,Customer_C03000,Repeat,Gorakhpur,2025-01-15,16812.44,4,4203.11,92.0,0.96,2026-02-18 22:19:05,2026-06-23 21:45:05
C00938,Customer_C00938,Repeat,Gorakhpur,2025-01-15,4773.73,4,1193.43,8.2,0.58,2026-02-19 15:26:21,2026-09-15 18:06:47
C01244,Customer_C01244,Repeat,Kanpur,2025-01-15,3294.21,5,658.84,7.1,0.72,2026-02-19 15:35:09,2026-09-16 18:22:30
C00584,Customer_C00584,Repeat,Kanpur,2025-01-15,650.09,3,216.7,26.0,0.47,2026-02-19 16:54:14,2026-08-28 21:16:09
C03061,Customer_C03061,Repeat,Noida,2025-01-15,3223.26,4,805.82,97.1,1.01,2026-02-19 17:25:24,2026-06-18 18:51:10
C03137,Customer_C03137,Repeat,Noida,2025-01-15,3500.69,4,875.17,108.2,1.11,2026-02-19 17:29:53,2026-06-07 16:14:07
C00790,Customer_C00790,Repeat,Delhi,2025-01-15,4551.92,4,1137.98,27.2,0.64,2026-02-19 19:09:52,2026-08-27 18:18:07
C00678,Customer_C00678,New,Gorakhpur,2025-01-15,5780.34,1,5780.34,216.1,30.0,2026-02-19 19:17:08,2026-02-19 19:17:08
C00172,Customer_C00172,Repeat,Gorakhpur,2025-01-15,2995.74,3,998.58,63.1,0.59,2026-02-19 20:37:13,2026-07-22 18:25:36
C00471,Customer_C00471,Repeat,Prayagraj,2025-01-15,1014.81,2,507.4,84.4,0.46,2026-02-19 21:33:50,2026-07-01 11:36:25
C03341,Customer_C03341,Repeat,Lucknow,2025-01-15,826.4,3,275.47,88.3,0.7,2026-02-19 22:50:49,2026-06-27 15:05:46
C02623,Customer_C02623,Repeat,Prayagraj,2025-01-15,2541.63,4,635.41,107.1,1.11,2026-02-20 11:07:52,2026-06-08 20:23:12
C01942,Customer_C01942,Repeat,Lucknow,2025-01-15,992.44,2,496.22,23.4,0.31,2026-02-20 13:24:22,2026-08-31 11:32:28
C01212,Customer_C01212,Repeat,Gorakhpur,2025-01-15,3715.99,2,1858.0,104.1,0.54,2026-02-20 15:13:22,2026-06-11 20:39:08
C02564,Customer_C02564,Repeat,Lucknow,2025-01-15,2233.06,3,744.35,184.6,2.94,2026-02-20 17:40:33,2026-03-23 08:11:48
C01761,Customer_C01761,Repeat,Jaipur,2025-01-15,1064.26,2,532.13,0.1,0.28,2026-02-20 18:01:48,2026-09-23 20:04:03
C00173,Customer_C00173,Repeat,Lucknow,2025-01-15,5449.5,4,1362.38,45.0,0.71,2026-02-20 19:14:35,2026-08-09 20:57:53
C02135,Customer_C02135,New,Patna,2025-01-15,581.91,1,581.91,215.1,30.0,2026-02-20 20:08:56,2026-02-20 20:08:56
C01056,Customer_C01056,Repeat,Prayagraj,2025-01-15,3712.33,4,928.08,54.2,0.75,2026-02-20 20:42:08,2026-07-31 17:19:59
C01425,Customer_C01425,New,Kanpur,2025-01-15,640.43,1,640.43,214.6,30.0,2026-02-21 08:17:53,2026-02-21 08:17:53
C02615,Customer_C02615,Repeat,Prayagraj,2025-01-15,2856.93,4,714.23,2.4,0.57,2026-02-21 11:09:43,2026-09-21 12:45:17
C00676,Customer_C00676,New,Kanpur,2025-01-15,1688.3,1,1688.3,214.4,30.0,2026-02-21 11:56:50,2026-02-21 11:56:50
C00006,Customer_C00006,New,Kanpur,2025-01-15,357.31,1,357.31,214.3,30.0,2026-02-21 13:41:11,2026-02-21 13:41:11
C03445,Customer_C03445,Repeat,Lucknow,2025-01-15,2893.86,4,723.46,15.3,0.6,2026-02-21 13:58:59,2026-09-08 13:48:05
C02395,Customer_C02395,Repeat,Jaipur,2025-01-15,4643.89,4,1160.97,9.2,0.59,2026-02-21 17:48:39,2026-09-14 17:35:40
C00389,Customer_C00389,Repeat,Prayagraj,2025-01-15,2267.42,5,453.48,1.0,0.7,2026-02-21 18:06:42,2026-09-22 21:44:10
C00825,Customer_C00825,Repeat,Noida,2025-01-15,3770.86,2,1885.43,189.1,2.4,2026-02-21 18:22:27,2026-03-18 18:45:41
C03060,Customer_C03060,New,Agra,2025-01-15,826.5,1,826.5,214.1,30.0,2026-02-21 19:02:48,2026-02-21 19:02:48
C03117,Customer_C03117,Repeat,Lucknow,2025-01-15,3063.9,3,1021.3,52.2,0.56,2026-02-21 19:34:43,2026-08-02 16:35:50
C02211,Customer_C02211,Repeat,Patna,2025-01-15,2170.78,2,1085.39,69.5,0.41,2026-02-21 20:23:36,2026-07-16 10:54:55
C00854,Customer_C00854,Repeat,Agra,2025-01-15,3948.52,2,1974.26,111.3,0.59,2026-02-22 14:10:56,2026-06-04 14:31:09
C01351,Customer_C01351,Repeat,Lucknow,2025-01-15,3995.69,4,998.92,66.3,0.82,2026-02-22 15:50:12,2026-07-19 15:26:40
C03305,Customer_C03305,Repeat,Noida,2025-01-15,2362.55,4,590.64,72.2,0.85,2026-02-22 17:44:17,2026-07-13 17:40:28
C03500,Customer_C03500,Repeat,Lucknow,2025-01-15,4782.96,6,797.16,115.4,1.84,2026-02-22 18:19:11,2026-05-31 13:25:39
C02355,Customer_C02355,Repeat,Agra,2025-01-15,2444.97,3,814.99,59.3,0.58,2026-02-22 18:22:12,2026-07-26 15:54:30
C00809,Customer_C00809,Repeat,Prayagraj,2025-01-15,207.19,2,103.6,115.0,0.61,2026-02-22 18:37:03,2026-05-31 20:58:45
C02033,Customer_C02033,Repeat,Noida,2025-01-15,7030.19,3,2343.4,11.0,0.45,2026-02-22 18:42:17,2026-09-12 21:18:36
C02058,Customer_C02058,New,Lucknow,2025-01-15,812.22,1,812.22,213.1,30.0,2026-02-22 18:44:00,2026-02-22 18:44:00
C00677,Customer_C00677,New,Jaipur,2025-01-15,4066.74,1,4066.74,213.1,30.0,2026-02-22 19:13:49,2026-02-22 19:13:49
C02818,Customer_C02818,Repeat,Lucknow,2025-01-15,1548.74,2,774.37,123.2,0.67,2026-02-22 19:42:54,2026-05-23 17:13:46
C03426,Customer_C03426,New,Delhi,2025-01-15,1159.64,1,1159.64,213.1,30.0,2026-02-22 19:56:34,2026-02-22 19:56:34
C02819,Customer_C02819,Repeat,Kanpur,2025-01-15,507.04,2,253.52,63.1,0.4,2026-02-22 20:36:26,2026-07-22 19:47:58
C01553,Customer_C01553,Repeat,Agra,2025-01-15,409.88,2,204.94,140.2,0.83,2026-02-23 13:44:08,2026-05-06 17:57:57
C02781,Customer_C02781,New,Noida,2025-01-15,8079.15,1,8079.15,212.3,30.0,2026-02-23 14:45:24,2026-02-23 14:45:24
C01274,Customer_C01274,Repeat,Kanpur,2025-01-15,10468.64,2,5234.32,36.2,0.34,2026-02-23 15:26:13,2026-08-18 16:38:50
C03184,Customer_C03184,Repeat,Lucknow,2025-01-15,15649.54,5,3129.91,88.0,1.21,2026-02-23 15:46:09,2026-06-27 21:46:14
C01687,Customer_C01687,New,Agra,2025-01-15,445.97,1,445.97,212.1,30.0,2026-02-23 18:29:33,2026-02-23 18:29:33
C00727,Customer_C00727,Repeat,Kanpur,2025-01-15,14555.58,4,3638.89,28.2,0.65,2026-02-23 19:19:43,2026-08-26 16:11:43
C00491,Customer_C00491,Repeat,Kanpur,2025-01-15,24257.31,4,6064.33,35.1,0.68,2026-02-23 20:53:34,2026-08-19 19:11:45
C02042,Customer_C02042,Repeat,Kanpur,2025-01-15,4019.59,3,1339.86,46.0,0.54,2026-02-24 18:27:11,2026-08-08 22:37:33
C02282,Customer_C02282,Repeat,Varanasi,2025-01-15,5073.28,2,2536.64,102.4,0.55,2026-02-24 19:19:12,2026-06-13 11:29:01
C03322,Customer_C03322,Repeat,Noida,2025-01-15,3411.53,4,852.88,0.1,0.57,2026-02-24 19:39:50,2026-09-23 18:55:29
C01414,Customer_C01414,Repeat,Gorakhpur,2025-01-15,8862.94,2,4431.47,126.0,0.71,2026-02-24 20:53:15,2026-05-20 21:01:19
C02051,Customer_C02051,Repeat,Noida,2025-01-15,5648.42,3,1882.81,53.2,0.57,2026-02-24 22:42:37,2026-08-01 17:56:06
C02382,Customer_C02382,Repeat,Prayagraj,2025-01-15,2919.98,3,973.33,99.0,0.81,2026-02-25 13:39:35,2026-06-16 21:14:54
C00680,Customer_C00680,New,Lucknow,2025-01-15,210.2,1,210.2,210.2,30.0,2026-02-25 16:09:26,2026-02-25 16:09:26
C00283,Customer_C00283,Repeat,Gorakhpur,2025-01-15,2896.47,3,965.49,71.5,0.65,2026-02-25 20:33:56,2026-07-14 09:06:05
C03282,Customer_C03282,Repeat,Patna,2025-01-15,2883.81,5,576.76,68.1,1.06,2026-02-25 22:13:51,2026-07-17 20:25:24
C02698,Customer_C02698,New,Kanpur,2025-01-15,1116.55,1,1116.55,209.6,30.0,2026-02-26 08:21:54,2026-02-26 08:21:54
C00049,Customer_C00049,Repeat,Agra,2025-01-15,3760.2,3,1253.4,27.1,0.49,2026-02-26 13:04:26,2026-08-27 20:21:17
C00439,Customer_C00439,Repeat,Lucknow,2025-01-15,5186.41,2,2593.21,48.0,0.37,2026-02-26 16:46:42,2026-08-06 21:55:58
C01641,Customer_C01641,New,Lucknow,2025-01-15,1745.26,1,1745.26,209.2,30.0,2026-02-26 16:50:06,2026-02-26 16:50:06
C00114,Customer_C00114,Repeat,Noida,2025-01-15,2431.95,4,607.99,23.1,0.64,2026-02-26 17:20:58,2026-08-31 20:29:35
C00221,Customer_C00221,New,Agra,2025-01-15,781.76,1,781.76,209.1,30.0,2026-02-26 18:48:45,2026-02-26 18:48:45
C02772,Customer_C02772,Repeat,Lucknow,2025-01-15,12271.27,3,4090.42,8.1,0.45,2026-02-26 18:51:34,2026-09-15 19:32:23
C01859,Customer_C01859,Repeat,Noida,2025-01-15,1183.6,4,295.9,4.3,0.59,2026-02-26 20:56:05,2026-09-19 14:26:05
C03339,Customer_C03339,Repeat,Lucknow,2025-01-15,1027.74,3,342.58,56.1,0.59,2026-02-26 22:11:24,2026-07-29 19:40:27
C00080,Customer_C00080,New,Kanpur,2025-01-15,422.78,1,422.78,208.6,30.0,2026-02-27 08:37:23,2026-02-27 08:37:23
C03074,Customer_C03074,Repeat,Prayagraj,2025-01-15,5734.7,6,955.78,19.1,0.95,2026-02-27 11:05:27,2026-09-04 20:13:26
C03143,Customer_C03143,New,Lucknow,2025-01-15,400.56,1,400.56,208.2,30.0,2026-02-27 16:07:16,2026-02-27 16:07:16
C03010,Customer_C03010,Repeat,Lucknow,2025-01-15,23402.77,5,4680.55,67.1,1.06,2026-02-27 16:46:01,2026-07-18 20:35:10
C01787,Customer_C01787,Repeat,Varanasi,2025-01-15,3606.46,3,1202.15,20.2,0.48,2026-02-27 17:45:20,2026-09-03 16:20:27
C02544,Customer_C02544,Repeat,Kanpur,2025-01-15,7360.0,2,3680.0,198.2,6.06,2026-02-27 18:54:12,2026-03-09 16:34:00
C02091,Customer_C02091,New,Gorakhpur,2025-01-15,907.81,1,907.81,208.1,30.0,2026-02-27 19:18:04,2026-02-27 19:18:04
C03415,Customer_C03415,Repeat,Kanpur,2025-01-15,1750.38,2,875.19,74.3,0.45,2026-02-27 21:27:13,2026-07-11 14:45:26
C01895,Customer_C01895,Repeat,Jaipur,2025-01-15,1630.21,4,407.55,93.4,1.05,2026-02-28 08:36:23,2026-06-22 12:11:12
C03356,Customer_C03356,New,Noida,2025-01-15,1068.4,1,1068.4,207.5,30.0,2026-02-28 10:15:36,2026-02-28 10:15:36
C00060,Customer_C00060,Repeat,Noida,2025-01-15,4817.29,4,1204.32,81.5,0.96,2026-02-28 18:59:29,2026-07-04 09:24:48
C00558,Customer_C00558,Repeat,Lucknow,2025-01-15,6762.6,5,1352.52,75.4,1.14,2026-02-28 19:25:06,2026-07-10 11:35:11
C03188,Customer_C03188,Repeat,Lucknow,2025-01-15,19458.02,2,9729.01,118.5,0.68,2026-02-28 19:36:04,2026-05-28 10:38:01
C00138,Customer_C00138,Repeat,Noida,2025-01-15,16250.51,3,5416.84,65.2,0.63,2026-02-28 20:05:30,2026-07-20 18:18:00
C01780,Customer_C01780,Repeat,Gorakhpur,2025-01-15,1494.77,3,498.26,124.0,1.08,2026-02-28 21:06:57,2026-05-22 21:59:46
C00935,Customer_C00935,Repeat,Noida,2025-01-15,5264.6,2,2632.3,16.2,0.31,2026-02-28 21:39:25,2026-09-07 16:35:27
C00098,Customer_C00098,New,Lucknow,2025-01-15,311.8,1,311.8,206.6,30.0,2026-03-01 08:25:23,2026-03-01 08:25:23
C00340,Customer_C00340,Repeat,Lucknow,2025-01-15,2212.9,2,1106.45,109.4,0.62,2026-03-01 09:30:10,2026-06-06 13:34:09
C03491,Customer_C03491,Repeat,Lucknow,2025-01-15,5722.55,5,1144.51,101.0,1.42,2026-03-01 12:48:47,2026-06-14 22:33:44
C02313,Customer_C02313,New,Prayagraj,2025-01-15,265.95,1,265.95,206.2,30.0,2026-03-01 16:12:30,2026-03-01 16:12:30
C03288,Customer_C03288,New,Prayagraj,2025-01-15,505.81,1,505.81,206.2,30.0,2026-03-01 17:33:29,2026-03-01 17:33:29
C00813,Customer_C00813,Repeat,Lucknow,2025-01-15,831.24,3,277.08,41.1,0.55,2026-03-01 17:53:48,2026-08-13 20:25:24
C00598,Customer_C00598,Repeat,Lucknow,2025-01-15,4429.79,4,1107.45,168.1,3.15,2026-03-01 18:53:50,2026-04-08 20:33:17
C01261,Customer_C01261,Repeat,Prayagraj,2025-01-15,1744.9,4,436.22,33.1,0.69,2026-03-01 20:26:31,2026-08-21 20:28:28
C00274,Customer_C00274,Repeat,Noida,2025-01-15,1093.62,3,364.54,3.2,0.44,2026-03-01 22:12:59,2026-09-20 18:07:21
C02311,Customer_C02311,Repeat,Lucknow,2025-01-15,5682.36,3,1894.12,8.6,0.46,2026-03-02 09:18:42,2026-09-15 08:32:54
C01292,Customer_C01292,Repeat,Patna,2025-01-15,694.85,2,347.42,187.1,3.32,2026-03-02 16:55:58,2026-03-20 19:09:55
C01173,Customer_C01173,Repeat,Prayagraj,2025-01-15,2395.73,2,1197.86,149.0,1.07,2026-03-02 19:33:17,2026-04-27 20:46:53
C01137,Customer_C01137,New,Varanasi,2025-01-15,866.91,1,866.91,205.1,30.0,2026-03-02 19:37:48,2026-03-02 19:37:48
C02875,Customer_C02875,New,Jaipur,2025-01-15,857.99,1,857.99,205.1,30.0,2026-03-02 20:13:48,2026-03-02 20:13:48
C03461,Customer_C03461,Repeat,Kanpur,2025-01-15,2697.74,5,539.55,59.0,1.03,2026-03-02 21:11:45,2026-07-26 21:58:27
C00852,Customer_C00852,Repeat,Noida,2025-01-15,731.75,2,365.88,25.1,0.33,2026-03-02 21:34:37,2026-08-29 18:42:35
C02022,Customer_C02022,Repeat,Prayagraj,2025-01-15,719.97,2,359.98,34.1,0.35,2026-03-02 21:49:52,2026-08-20 20:10:06
C01930,Customer_C01930,New,Noida,2025-01-15,718.86,1,718.86,204.5,30.0,2026-03-03 10:56:22,2026-03-03 10:56:22
C00201,Customer_C00201,New,Agra,2025-01-15,795.7,1,795.7,204.5,30.0,2026-03-03 11:05:15,2026-03-03 11:05:15
C01400,Customer_C01400,Repeat,Prayagraj,2025-01-15,4413.67,2,2206.84,29.2,0.34,2026-03-03 11:19:51,2026-08-25 17:26:09
C01776,Customer_C01776,New,Kanpur,2025-01-15,2630.58,1,2630.58,204.4,30.0,2026-03-03 12:31:31,2026-03-03 12:31:31
C00042,Customer_C00042,Repeat,Noida,2025-01-15,973.87,2,486.93,143.2,0.98,2026-03-03 18:28:51,2026-05-03 18:03:37
C00256,Customer_C00256,Repeat,Gorakhpur,2025-01-15,11674.45,4,2918.61,95.2,1.1,2026-03-03 18:56:50,2026-06-20 17:29:25
C00453,Customer_C00453,Repeat,Agra,2025-01-15,2067.61,2,1033.8,129.0,0.8,2026-03-03 19:07:14,2026-05-17 22:18:34
C02725,Customer_C02725,Repeat,Varanasi,2025-01-15,4892.7,2,2446.35,19.2,0.32,2026-03-03 19:42:30,2026-09-04 16:51:11
C00443,Customer_C00443,Repeat,Agra,2025-01-15,2150.51,3,716.84,45.2,0.57,2026-03-03 19:52:38,2026-08-09 16:13:44
C01620,Customer_C01620,New,Prayagraj,2025-01-15,1475.12,1,1475.12,204.0,30.0,2026-03-03 22:19:33,2026-03-03 22:19:33
C00787,Customer_C00787,Repeat,Lucknow,2025-01-15,6808.2,3,2269.4,4.2,0.45,2026-03-04 08:32:14,2026-09-19 18:02:23
C03039,Customer_C03039,Repeat,Lucknow,2025-01-15,3265.11,4,816.28,21.5,0.66,2026-03-04 13:57:41,2026-09-02 10:01:59
C02237,Customer_C02237,Repeat,Lucknow,2025-01-15,4702.0,5,940.4,81.0,1.23,2026-03-04 15:03:22,2026-07-04 21:13:49
C01379,Customer_C01379,Repeat,Varanasi,2025-01-15,4284.17,3,1428.06,106.0,0.93,2026-03-04 15:45:35,2026-06-09 22:25:44
C02437,Customer_C02437,Repeat,Prayagraj,2025-01-15,1347.67,2,673.84,41.5,0.37,2026-03-04 17:09:51,2026-08-13 09:03:57
C02400,Customer_C02400,New,Lucknow,2025-01-15,259.25,1,259.25,203.2,30.0,2026-03-04 18:20:54,2026-03-04 18:20:54
C01664,Customer_C01664,Repeat,Varanasi,2025-01-15,19982.87,2,9991.44,181.2,2.73,2026-03-04 18:36:07,2026-03-26 18:05:18
C01691,Customer_C01691,New,Agra,2025-01-15,264.14,1,264.14,203.1,30.0,2026-03-04 19:11:11,2026-03-04 19:11:11
C02488,Customer_C02488,Repeat,Lucknow,2025-01-15,1694.95,4,423.74,108.5,1.27,2026-03-04 19:21:38,2026-06-07 09:15:51
C03436,Customer_C03436,Repeat,Kanpur,2025-01-15,12900.45,5,2580.09,12.0,0.79,2026-03-04 20:18:11,2026-09-11 20:51:40
C03230,Customer_C03230,Repeat,Lucknow,2025-01-15,7724.23,5,1544.85,41.1,0.93,2026-03-04 20:20:59,2026-08-13 20:25:12
C01363,Customer_C01363,Repeat,Kanpur,2025-01-15,2705.47,3,901.82,35.3,0.54,2026-03-04 20:31:06,2026-08-19 15:19:45
C02029,Customer_C02029,Repeat,Lucknow,2025-01-15,6779.0,3,2259.67,21.3,0.5,2026-03-04 20:35:14,2026-09-02 15:18:39
C01639,Customer_C01639,Repeat,Patna,2025-01-15,750.5,3,250.17,64.2,0.65,2026-03-04 22:11:23,2026-07-21 16:00:36
C01816,Customer_C01816,Repeat,Noida,2025-01-15,1113.22,2,556.61,110.2,0.65,2026-03-05 08:19:10,2026-06-05 16:17:19
C00843,Customer_C00843,Repeat,Prayagraj,2025-01-15,2763.34,3,921.11,7.2,0.46,2026-03-05 11:52:08,2026-09-16 17:51:44
C03132,Customer_C03132,Repeat,Prayagraj,2025-01-15,3173.25,3,1057.75,3.2,0.45,2026-03-05 16:27:38,2026-09-20 17:29:47
C03271,Customer_C03271,Repeat,Lucknow,2025-01-15,805.24,3,268.41,28.2,0.52,2026-03-05 16:41:25,2026-08-26 17:32:25
C03004,Customer_C03004,Repeat,Lucknow,2025-01-15,12383.57,3,4127.86,77.1,0.72,2026-03-05 17:29:40,2026-07-08 20:09:29
C01786,Customer_C01786,Repeat,Varanasi,2025-01-15,1102.15,3,367.38,17.1,0.49,2026-03-05 20:04:51,2026-09-06 19:39:31
C00313,Customer_C00313,New,Gorakhpur,2025-01-15,632.62,1,632.62,202.1,30.0,2026-03-05 20:15:13,2026-03-05 20:15:13
C00445,Customer_C00445,Repeat,Prayagraj,2025-01-15,3446.03,3,1148.68,55.1,0.61,2026-03-05 20:30:06,2026-07-30 20:25:51
C02487,Customer_C02487,Repeat,Agra,2025-01-15,2696.9,4,674.22,61.1,0.85,2026-03-05 22:52:02,2026-07-24 20:31:12
C00454,Customer_C00454,Repeat,Varanasi,2025-01-15,10276.9,4,2569.22,2.1,0.6,2026-03-06 14:48:22,2026-09-21 19:09:30
C02245,Customer_C02245,Repeat,Prayagraj,2025-01-15,3962.44,2,1981.22,170.3,1.94,2026-03-06 15:25:35,2026-04-06 15:17:42
C01415,Customer_C01415,Repeat,Gorakhpur,2025-01-15,10785.54,3,3595.18,76.2,0.72,2026-03-06 16:02:42,2026-07-09 17:44:13
C01287,Customer_C01287,New,Prayagraj,2025-01-15,754.16,1,754.16,201.2,30.0,2026-03-06 17:49:18,2026-03-06 17:49:18
C03394,Customer_C03394,Repeat,Prayagraj,2025-01-15,5356.97,3,1785.66,142.3,1.53,2026-03-06 19:37:02,2026-05-04 15:17:49
C00117,Customer_C00117,Repeat,Lucknow,2025-01-15,1655.74,5,331.15,11.2,0.79,2026-03-06 21:20:54,2026-09-12 17:39:12
C01754,Customer_C01754,New,Prayagraj,2025-01-15,1496.15,1,1496.15,201.0,30.0,2026-03-06 21:38:54,2026-03-06 21:38:54
C03494,Customer_C03494,Repeat,Noida,2025-01-15,3940.9,2,1970.45,173.2,2.19,2026-03-07 08:49:05,2026-04-03 17:23:14
C00258,Customer_C00258,Repeat,Varanasi,2025-01-15,2163.9,2,1081.95,59.1,0.42,2026-03-07 08:59:07,2026-07-26 18:58:50
C01002,Customer_C01002,Repeat,Agra,2025-01-15,4027.43,2,2013.72,126.5,0.81,2026-03-07 11:48:44,2026-05-20 10:17:21
C01487,Customer_C01487,Repeat,Noida,2025-01-15,2234.72,2,1117.36,185.1,3.95,2026-03-07 15:49:18,2026-03-22 20:23:19
C03468,Customer_C03468,Repeat,Noida,2025-01-15,807.17,2,403.58,42.5,0.38,2026-03-07 17:16:32,2026-08-12 11:03:52
C02719,Customer_C02719,Repeat,Jaipur,2025-01-15,12387.47,4,3096.87,32.0,0.71,2026-03-07 20:36:29,2026-08-22 22:14:00
C00785,Customer_C00785,Repeat,Prayagraj,2025-01-15,7127.44,5,1425.49,57.2,1.05,2026-03-07 21:41:01,2026-07-28 17:01:22
C00573,Customer_C00573,Repeat,Noida,2025-01-15,4355.05,6,725.84,50.0,1.2,2026-03-08 08:26:17,2026-08-04 21:37:44
C01631,Customer_C01631,Repeat,Varanasi,2025-01-15,1151.65,3,383.88,60.5,0.65,2026-03-08 10:44:24,2026-07-25 10:38:52
C00181,Customer_C00181,New,Prayagraj,2025-01-15,1817.9,1,1817.9,199.3,30.0,2026-03-08 14:30:01,2026-03-08 14:30:01
C00546,Customer_C00546,Repeat,Gorakhpur,2025-01-15,1221.75,2,610.88,167.2,1.87,2026-03-08 17:18:52,2026-04-09 17:29:43
C01863,Customer_C01863,Repeat,Prayagraj,2025-01-15,3452.11,3,1150.7,46.2,0.59,2026-03-08 17:24:54,2026-08-08 18:18:31
C01412,Customer_C01412,Repeat,Gorakhpur,2025-01-15,3705.14,3,1235.05,86.5,0.8,2026-03-08 17:43:25,2026-06-29 10:22:24
C02921,Customer_C02921,Repeat,Lucknow,2025-01-15,15220.16,5,3044.03,63.1,1.1,2026-03-08 18:59:15,2026-07-22 19:30:29
C01043,Customer_C01043,Repeat,Prayagraj,2025-01-15,966.98,2,483.49,113.0,0.7,2026-03-08 19:14:33,2026-06-02 21:11:41
C01168,Customer_C01168,New,Lucknow,2025-01-15,865.37,1,865.37,199.0,30.0,2026-03-08 22:00:36,2026-03-08 22:00:36
C00045,Customer_C00045,Repeat,Prayagraj,2025-01-15,7365.54,4,1841.38,6.1,0.62,2026-03-09 08:24:22,2026-09-17 18:28:04
C00531,Customer_C00531,Repeat,Noida,2025-01-15,11228.76,4,2807.19,89.1,1.1,2026-03-09 13:19:24,2026-06-26 18:26:54
C03120,Customer_C03120,Repeat,Lucknow,2025-01-15,2536.24,2,1268.12,43.0,0.39,2026-03-09 15:20:02,2026-08-11 22:51:36
C02344,Customer_C02344,Repeat,Noida,2025-01-15,683.61,3,227.87,167.1,2.89,2026-03-09 15:57:15,2026-04-09 18:55:20
C03085,Customer_C03085,Repeat,Prayagraj,2025-01-15,986.79,2,493.4,87.2,0.54,2026-03-09 19:08:54,2026-06-28 16:01:46
C02265,Customer_C02265,Repeat,Varanasi,2025-01-15,12213.17,2,6106.58,140.1,1.03,2026-03-09 19:22:20,2026-05-06 20:09:17
C00115,Customer_C00115,Repeat,Lucknow,2025-01-15,2362.8,3,787.6,63.1,0.67,2026-03-09 20:24:17,2026-07-22 20:15:29
C03034,Customer_C03034,Repeat,Kanpur,2025-01-15,23678.87,4,5919.72,27.0,0.7,2026-03-09 22:58:09,2026-08-27 22:45:44
C02366,Customer_C02366,Repeat,Kanpur,2025-01-15,930.14,2,465.07,108.0,0.67,2026-03-10 08:03:36,2026-06-07 22:40:28
C01027,Customer_C01027,Repeat,Noida,2025-01-15,1098.12,2,549.06,194.5,19.24,2026-03-10 08:09:06,2026-03-13 11:00:45
C00269,Customer_C00269,Repeat,Lucknow,2025-01-15,2600.43,3,866.81,3.2,0.46,2026-03-10 08:41:57,2026-09-20 18:07:25
C02797,Customer_C02797,Repeat,Lucknow,2025-01-15,523.61,3,174.54,124.3,1.23,2026-03-10 08:56:03,2026-05-22 14:05:21
C02183,Customer_C02183,New,Prayagraj,2025-01-15,271.06,1,271.06,197.4,30.0,2026-03-10 11:50:01,2026-03-10 11:50:01
C03429,Customer_C03429,Repeat,Varanasi,2025-01-15,3050.66,3,1016.89,76.3,0.75,2026-03-10 18:48:39,2026-07-09 14:07:51
C01580,Customer_C01580,Repeat,Noida,2025-01-15,8332.82,5,1666.56,29.0,0.89,2026-03-10 19:47:49,2026-08-25 21:57:40
C01833,Customer_C01833,Repeat,Lucknow,2025-01-15,4710.22,3,1570.07,46.1,0.6,2026-03-10 20:12:10,2026-08-08 19:39:01
C02251,Customer_C02251,Repeat,Prayagraj,2025-01-15,560.41,2,280.2,14.3,0.33,2026-03-10 21:01:12,2026-09-09 14:46:18
C00386,Customer_C00386,New,Noida,2025-01-15,147.04,1,147.04,196.6,30.0,2026-03-11 08:15:24,2026-03-11 08:15:24
C02317,Customer_C02317,Repeat,Lucknow,2025-01-15,852.01,2,426.0,86.1,0.54,2026-03-11 09:10:25,2026-06-29 20:13:29
C00070,Customer_C00070,Repeat,Patna,2025-01-15,2708.86,4,677.22,6.2,0.63,2026-03-11 09:38:23,2026-09-17 16:53:10
C02658,Customer_C02658,Repeat,Lucknow,2025-01-15,2286.66,2,1143.33,85.4,0.54,2026-03-11 12:45:36,2026-06-30 11:22:30
C00755,Customer_C00755,Repeat,Jaipur,2025-01-15,2380.71,6,396.78,9.1,0.96,2026-03-11 17:16:58,2026-09-14 20:29:12
C02518,Customer_C02518,New,Noida,2025-01-15,367.25,1,367.25,196.1,30.0,2026-03-11 19:40:40,2026-03-11 19:40:40
C02546,Customer_C02546,Repeat,Agra,2025-01-15,19467.39,6,3244.56,19.3,1.02,2026-03-12 09:06:39,2026-09-04 15:19:37
C00273,Customer_C00273,New,Prayagraj,2025-01-15,918.98,1,918.98,195.4,30.0,2026-03-12 13:07:20,2026-03-12 13:07:20
C01407,Customer_C01407,Repeat,Kanpur,2025-01-15,4628.34,5,925.67,53.1,1.06,2026-03-12 17:29:07,2026-08-01 19:32:24
C02709,Customer_C02709,Repeat,Prayagraj,2025-01-15,1558.96,2,779.48,54.1,0.43,2026-03-12 18:54:34,2026-07-31 20:33:25
C01064,Customer_C01064,Repeat,Kanpur,2025-01-15,447.96,2,223.98,142.1,1.13,2026-03-12 19:25:15,2026-05-04 20:04:52
C01161,Customer_C01161,Repeat,Lucknow,2025-01-15,5907.14,2,2953.57,133.1,0.97,2026-03-12 19:57:16,2026-05-13 18:26:09
C01522,Customer_C01522,New,Noida,2025-01-15,936.63,1,936.63,195.1,30.0,2026-03-12 20:11:39,2026-03-12 20:11:39
C00830,Customer_C00830,Repeat,Lucknow,2025-01-15,3710.85,3,1236.95,120.4,1.21,2026-03-12 20:53:20,2026-05-26 11:24:53
C00963,Customer_C00963,New,Gorakhpur,2025-01-15,1543.21,1,1543.21,194.1,30.0,2026-03-13 19:49:22,2026-03-13 19:49:22
C03138,Customer_C03138,Repeat,Noida,2025-01-15,19252.95,4,4813.24,1.0,0.62,2026-03-14 17:31:22,2026-09-22 20:51:47
C03180,Customer_C03180,Repeat,Lucknow,2025-01-15,13424.67,3,4474.89,81.2,0.81,2026-03-15 17:50:02,2026-07-04 18:15:11
C03472,Customer_C03472,Repeat,Prayagraj,2025-01-15,2309.44,3,769.81,56.2,0.66,2026-03-15 21:18:11,2026-07-29 16:39:12
C03241,Customer_C03241,Repeat,Kanpur,2025-01-15,759.03,2,379.52,17.1,0.34,2026-03-15 22:48:25,2026-09-06 18:31:26
C01611,Customer_C01611,Repeat,Kanpur,2025-01-15,7739.3,5,1547.86,2.1,0.79,2026-03-16 11:07:41,2026-09-21 20:18:16
C01380,Customer_C01380,Repeat,Noida,2025-01-15,1462.69,2,731.34,57.1,0.45,2026-03-16 11:24:47,2026-07-28 20:25:31
C00348,Customer_C00348,Repeat,Gorakhpur,2025-01-15,7319.13,3,2439.71,23.6,0.54,2026-03-16 14:02:40,2026-08-31 08:23:51
C00051,Customer_C00051,Repeat,Noida,2025-01-15,12149.85,2,6074.92,78.4,0.53,2026-03-16 15:48:03,2026-07-07 12:43:39
C00450,Customer_C00450,Repeat,Noida,2025-01-15,11348.98,4,2837.24,91.2,1.2,2026-03-16 15:50:21,2026-06-24 16:20:53
C00717,Customer_C00717,Repeat,Lucknow,2025-01-15,11979.0,4,2994.75,32.1,0.75,2026-03-16 19:40:23,2026-08-22 19:51:38
C03446,Customer_C03446,Repeat,Lucknow,2025-01-15,529.09,2,264.54,78.4,0.53,2026-03-16 22:37:45,2026-07-07 11:35:08
C03482,Customer_C03482,Repeat,Jaipur,2025-01-15,1851.79,5,370.36,24.2,0.9,2026-03-17 12:08:34,2026-08-30 17:15:44
C01829,Customer_C01829,Repeat,Noida,2025-01-15,14467.3,3,4822.43,77.1,0.79,2026-03-17 15:13:51,2026-07-08 20:14:23
C01966,Customer_C01966,New,Lucknow,2025-01-15,900.0,1,900.0,190.2,30.0,2026-03-17 16:52:14,2026-03-17 16:52:14
C00020,Customer_C00020,New,Lucknow,2025-01-15,70.8,1,70.8,190.1,30.0,2026-03-17 18:37:16,2026-03-17 18:37:16
C02983,Customer_C02983,Repeat,Lucknow,2025-01-15,3799.79,2,1899.9,47.0,0.42,2026-03-17 19:50:12,2026-08-07 21:49:27
C00078,Customer_C00078,Repeat,Lucknow,2025-01-15,1788.19,3,596.06,14.3,0.51,2026-03-17 19:53:55,2026-09-09 13:38:03
C01811,Customer_C01811,New,Noida,2025-01-15,1500.0,1,1500.0,190.1,30.0,2026-03-17 20:13:06,2026-03-17 20:13:06
C02061,Customer_C02061,Repeat,Varanasi,2025-01-15,7576.06,2,3788.03,142.3,1.26,2026-03-17 20:20:43,2026-05-04 15:13:22
C00839,Customer_C00839,Repeat,Prayagraj,2025-01-15,15538.71,3,5179.57,89.0,0.89,2026-03-17 20:50:24,2026-06-26 21:39:04
C03443,Customer_C03443,Repeat,Lucknow,2025-01-15,5301.13,3,1767.04,18.0,0.52,2026-03-17 21:38:27,2026-09-05 22:19:59
C02808,Customer_C02808,Repeat,Gorakhpur,2025-01-15,2275.25,3,758.42,159.4,2.99,2026-03-18 11:12:57,2026-04-17 12:44:39
C02170,Customer_C02170,New,Agra,2025-01-15,467.67,1,467.67,189.3,30.0,2026-03-18 14:07:07,2026-03-18 14:07:07
C02886,Customer_C02886,Repeat,Agra,2025-01-15,4078.39,3,1359.46,147.0,2.13,2026-03-18 16:27:30,2026-04-29 21:55:56
C01167,Customer_C01167,Repeat,Lucknow,2025-01-15,1930.49,2,965.24,159.1,1.99,2026-03-18 16:27:34,2026-04-17 19:08:57
C01793,Customer_C01793,Repeat,Prayagraj,2025-01-15,1294.21,3,431.4,31.5,0.57,2026-03-18 16:28:38,2026-08-23 09:38:58
C00986,Customer_C00986,Repeat,Noida,2025-01-15,12837.78,2,6418.89,138.2,1.18,2026-03-18 17:56:45,2026-05-08 16:11:48
C02864,Customer_C02864,New,Prayagraj,2025-01-15,798.14,1,798.14,189.1,30.0,2026-03-18 20:10:21,2026-03-18 20:10:21
C01700,Customer_C01700,Repeat,Kanpur,2025-01-15,1787.9,2,893.95,116.1,0.82,2026-03-18 20:27:35,2026-05-30 20:18:01
C03142,Customer_C03142,Repeat,Prayagraj,2025-01-15,1253.36,2,626.68,1.0,0.32,2026-03-18 20:28:47,2026-09-22 21:42:46
C03343,Customer_C03343,Repeat,Lucknow,2025-01-15,7565.83,3,2521.94,120.1,1.32,2026-03-19 09:51:28,2026-05-26 19:48:24
C00535,Customer_C00535,Repeat,Prayagraj,2025-01-15,3042.91,2,1521.46,113.1,0.8,2026-03-19 09:52:49,2026-06-02 20:24:37
C02660,Customer_C02660,Repeat,Noida,2025-01-15,2623.64,2,1311.82,118.2,0.85,2026-03-19 10:30:41,2026-05-28 17:35:06
C01489,Customer_C01489,Repeat,Prayagraj,2025-01-15,10859.36,3,3619.79,121.0,1.34,2026-03-19 12:28:36,2026-05-25 20:52:17
C02858,Customer_C02858,Repeat,Prayagraj,2025-01-15,2917.84,5,583.57,38.1,1.0,2026-03-19 13:47:24,2026-08-16 19:26:31
C01570,Customer_C01570,Repeat,Kanpur,2025-01-15,3118.4,5,623.68,82.1,1.41,2026-03-19 15:53:39,2026-07-03 20:11:42
C01666,Customer_C01666,Repeat,Agra,2025-01-15,1199.37,2,599.68,163.1,2.39,2026-03-19 17:01:37,2026-04-13 18:55:14
C00570,Customer_C00570,Repeat,Lucknow,2025-01-15,4706.74,4,1176.68,38.0,0.8,2026-03-19 18:37:44,2026-08-16 22:04:11
C02816,Customer_C02816,New,Gorakhpur,2025-01-15,447.71,1,447.71,188.1,30.0,2026-03-19 19:43:18,2026-03-19 19:43:18
C02802,Customer_C02802,Repeat,Kanpur,2025-01-15,4343.02,2,2171.51,144.5,1.38,2026-03-19 19:44:52,2026-05-02 09:40:08
C00234,Customer_C00234,Repeat,Prayagraj,2025-01-15,6081.48,2,3040.74,51.1,0.44,2026-03-19 20:03:04,2026-08-03 18:46:45
C02650,Customer_C02650,Repeat,Lucknow,2025-01-15,1320.5,4,330.12,1.1,0.64,2026-03-19 20:06:07,2026-09-22 19:21:59
C00783,Customer_C00783,Repeat,Gorakhpur,2025-01-15,7410.5,4,1852.62,0.3,0.64,2026-03-20 10:04:10,2026-09-23 13:49:40
C00184,Customer_C00184,New,Lucknow,2025-01-15,884.26,1,884.26,187.3,30.0,2026-03-20 15:27:18,2026-03-20 15:27:18
C00240,Customer_C00240,Repeat,Kanpur,2025-01-15,1280.22,2,640.11,97.1,0.67,2026-03-20 20:06:36,2026-06-18 20:02:06
C02823,Customer_C02823,Repeat,Varanasi,2025-01-15,5498.97,2,2749.48,114.6,0.83,2026-03-20 20:16:21,2026-06-01 08:27:18
C00504,Customer_C00504,New,Kanpur,2025-01-15,522.04,1,522.04,187.1,30.0,2026-03-20 20:44:53,2026-03-20 20:44:53
C00165,Customer_C00165,Repeat,Agra,2025-01-15,1017.46,4,254.36,79.2,1.11,2026-03-20 21:39:25,2026-07-06 18:19:11
C02148,Customer_C02148,Repeat,Jaipur,2025-01-15,661.36,3,220.45,93.2,0.97,2026-03-21 17:03:09,2026-06-22 18:19:22
C00145,Customer_C00145,Repeat,Jaipur,2025-01-15,5591.92,4,1397.98,3.3,0.66,2026-03-21 17:05:32,2026-09-20 15:23:13
C01634,Customer_C01634,Repeat,Lucknow,2025-01-15,12428.11,5,2485.62,22.0,0.91,2026-03-21 18:20:43,2026-09-01 21:14:46
C02205,Customer_C02205,Repeat,Varanasi,2025-01-15,985.28,2,492.64,171.3,4.04,2026-03-21 19:07:42,2026-04-05 15:53:48
C02002,Customer_C02002,Repeat,Prayagraj,2025-01-15,2954.39,2,1477.2,74.3,0.54,2026-03-21 20:19:10,2026-07-11 15:56:13
C00775,Customer_C00775,Repeat,Lucknow,2025-01-15,11502.91,3,3834.3,28.3,0.57,2026-03-21 20:37:47,2026-08-26 15:48:18
C01723,Customer_C01723,Repeat,Lucknow,2025-01-15,914.72,2,457.36,49.2,0.44,2026-03-21 22:54:50,2026-08-05 17:23:25
C03273,Customer_C03273,Repeat,Varanasi,2025-01-15,2814.41,3,938.14,84.3,0.89,2026-03-22 08:43:58,2026-07-01 14:35:07
C01589,Customer_C01589,Repeat,Agra,2025-01-15,221.05,2,110.52,134.6,1.18,2026-03-22 16:59:21,2026-05-12 08:31:58
C01927,Customer_C01927,Repeat,Gorakhpur,2025-01-15,3823.49,4,955.87,81.1,1.15,2026-03-22 17:13:27,2026-07-04 19:11:13
C03413,Customer_C03413,New,Agra,2025-01-15,355.67,1,355.67,185.2,30.0,2026-03-22 17:15:51,2026-03-22 17:15:51
C01955,Customer_C01955,Repeat,Prayagraj,2025-01-15,16394.14,3,5464.71,12.1,0.52,2026-03-22 17:16:30,2026-09-11 19:52:48
C01978,Customer_C01978,New,Noida,2025-01-15,506.73,1,506.73,185.2,30.0,2026-03-22 17:42:31,2026-03-22 17:42:31
C00873,Customer_C00873,New,Jaipur,2025-01-15,5135.66,1,5135.66,185.2,30.0,2026-03-22 18:01:59,2026-03-22 18:01:59
C01005,Customer_C01005,Repeat,Lucknow,2025-01-15,2509.62,3,836.54,60.1,0.72,2026-03-22 19:20:40,2026-07-25 20:31:33
C02703,Customer_C02703,Repeat,Lucknow,2025-01-15,11017.19,4,2754.3,10.5,0.69,2026-03-22 19:27:33,2026-09-13 09:19:34
C02399,Customer_C02399,New,Noida,2025-01-15,423.67,1,423.67,185.1,30.0,2026-03-22 19:58:07,2026-03-22 19:58:07
C01939,Customer_C01939,Repeat,Prayagraj,2025-01-15,2566.98,2,1283.49,158.1,2.3,2026-03-23 17:49:18,2026-04-18 20:19:18
C03380,Customer_C03380,Repeat,Noida,2025-01-15,871.1,2,435.55,119.2,0.93,2026-03-23 22:05:42,2026-05-27 18:12:00
C00972,Customer_C00972,Repeat,Kanpur,2025-01-15,985.66,2,492.83,23.0,0.37,2026-03-24 17:03:09,2026-08-31 20:59:45
C00431,Customer_C00431,Repeat,Kanpur,2025-01-15,16501.5,3,5500.5,13.1,0.53,2026-03-24 19:45:13,2026-09-10 19:15:23
C02398,Customer_C02398,Repeat,Prayagraj,2025-01-15,8185.92,4,2046.48,20.1,0.74,2026-03-24 19:52:54,2026-09-03 19:30:00
C01809,Customer_C01809,Repeat,Varanasi,2025-01-15,8651.8,2,4325.9,5.3,0.34,2026-03-24 20:02:17,2026-09-18 15:43:58
C00933,Customer_C00933,Repeat,Gorakhpur,2025-01-15,1839.34,5,367.87,12.3,0.88,2026-03-24 20:56:07,2026-09-11 15:22:37
C00144,Customer_C00144,Repeat,Jaipur,2025-01-15,447.51,2,223.76,83.1,0.6,2026-03-24 22:41:28,2026-07-02 19:48:15
C03467,Customer_C03467,New,Agra,2025-01-15,629.12,1,629.12,182.3,30.0,2026-03-25 14:37:03,2026-03-25 14:37:03
C03189,Customer_C03189,Repeat,Jaipur,2025-01-15,16789.92,3,5596.64,14.1,0.54,2026-03-25 15:42:09,2026-09-09 20:41:33
C00502,Customer_C00502,Repeat,Noida,2025-01-15,2851.93,3,950.64,63.0,0.76,2026-03-25 16:33:27,2026-07-22 21:09:48
C00099,Customer_C00099,Repeat,Lucknow,2025-01-15,3185.48,3,1061.83,4.2,0.51,2026-03-25 17:58:13,2026-09-19 18:19:20
C01386,Customer_C01386,New,Noida,2025-01-15,204.87,1,204.87,182.2,30.0,2026-03-25 18:16:11,2026-03-25 18:16:11
C01260,Customer_C01260,New,Kanpur,2025-01-15,1770.0,1,1770.0,182.1,30.0,2026-03-25 18:30:14,2026-03-25 18:30:14
C01904,Customer_C01904,Repeat,Lucknow,2025-01-15,5831.2,5,1166.24,55.0,1.18,2026-03-25 21:06:26,2026-07-30 22:56:19
C01205,Customer_C01205,New,Kanpur,2025-01-15,201.42,1,201.42,181.5,30.0,2026-03-26 09:05:50,2026-03-26 09:05:50
C01281,Customer_C01281,Repeat,Jaipur,2025-01-15,1075.73,2,537.86,63.0,0.51,2026-03-26 15:47:23,2026-07-22 21:47:41
C01638,Customer_C01638,Repeat,Delhi,2025-01-15,1493.96,4,373.49,29.1,0.79,2026-03-26 16:22:34,2026-08-25 19:47:31
C02133,Customer_C02133,Repeat,Prayagraj,2025-01-15,1354.55,2,677.28,76.1,0.57,2026-03-26 17:03:18,2026-07-09 18:37:52
C01692,Customer_C01692,New,Kanpur,2025-01-15,2508.69,1,2508.69,180.1,30.0,2026-03-27 19:13:13,2026-03-27 19:13:13
C01142,Customer_C01142,Repeat,Varanasi,2025-01-15,7664.1,4,1916.02,80.3,1.2,2026-03-27 20:53:09,2026-07-05 14:14:31
C02349,Customer_C02349,Repeat,Prayagraj,2025-01-15,1760.91,2,880.46,0.2,0.34,2026-03-28 14:23:43,2026-09-23 16:34:57
C01948,Customer_C01948,Repeat,Lucknow,2025-01-15,15502.51,5,3100.5,22.1,0.96,2026-03-28 17:54:16,2026-09-01 18:54:46
C02037,Customer_C02037,Repeat,Gorakhpur,2025-01-15,4737.84,2,2368.92,45.3,0.45,2026-03-28 18:32:46,2026-08-09 13:39:32
C00370,Customer_C00370,Repeat,Jaipur,2025-01-15,1920.69,4,480.17,15.2,0.73,2026-03-28 22:37:33,2026-09-08 16:25:55
C01951,Customer_C01951,Repeat,Lucknow,2025-01-15,20753.83,3,6917.94,74.2,0.87,2026-03-29 18:18:01,2026-07-11 17:16:24
C01728,Customer_C01728,New,Jaipur,2025-01-15,990.0,1,990.0,178.2,30.0,2026-03-29 18:21:15,2026-03-29 18:21:15
C03134,Customer_C03134,New,Lucknow,2025-01-15,201.0,1,201.0,178.1,30.0,2026-03-29 19:34:01,2026-03-29 19:34:01
C00312,Customer_C00312,Repeat,Patna,2025-01-15,1765.86,2,882.93,12.2,0.36,2026-03-29 20:29:42,2026-09-11 17:31:11
C00730,Customer_C00730,Repeat,Gorakhpur,2025-01-15,10385.17,3,3461.72,34.1,0.63,2026-03-30 17:07:05,2026-08-20 20:44:46
C03094,Customer_C03094,New,Varanasi,2025-01-15,2994.24,1,2994.24,177.1,30.0,2026-03-30 19:43:19,2026-03-30 19:43:19
C02533,Customer_C02533,New,Jaipur,2025-01-15,157.67,1,157.67,176.4,30.0,2026-03-31 12:52:58,2026-03-31 12:52:58
C03335,Customer_C03335,Repeat,Jaipur,2025-01-15,19005.95,2,9502.98,12.1,0.37,2026-03-31 12:57:37,2026-09-11 19:34:04
C01725,Customer_C01725,Repeat,Noida,2025-01-15,1898.4,3,632.8,33.2,0.63,2026-03-31 15:58:58,2026-08-21 16:13:20
C02065,Customer_C02065,Repeat,Lucknow,2025-01-15,15413.11,2,7706.56,8.5,0.36,2026-03-31 17:57:25,2026-09-15 09:13:28
C03248,Customer_C03248,Repeat,Agra,2025-01-15,10731.08,3,3577.03,72.1,0.87,2026-03-31 19:57:19,2026-07-13 19:03:42
C00134,Customer_C00134,Repeat,Lucknow,2025-01-15,1523.98,3,507.99,49.4,0.71,2026-03-31 20:57:00,2026-08-05 12:21:22
C01534,Customer_C01534,New,Gorakhpur,2025-01-15,6665.12,1,6665.12,176.0,30.0,2026-03-31 21:36:42,2026-03-31 21:36:42
C01796,Customer_C01796,Repeat,Jaipur,2025-01-15,6120.35,5,1224.07,27.4,1.01,2026-03-31 21:41:12,2026-08-27 13:10:55
C02280,Customer_C02280,Repeat,Noida,2025-01-15,5336.81,2,2668.4,119.1,1.06,2026-03-31 21:55:56,2026-05-27 18:49:33
C02449,Customer_C02449,Repeat,Lucknow,2025-01-15,8659.54,5,1731.91,0.2,0.85,2026-03-31 22:19:45,2026-09-23 17:55:04
C00589,Customer_C00589,Repeat,Prayagraj,2025-01-15,3706.99,4,926.75,41.1,0.89,2026-04-01 15:32:42,2026-08-13 20:23:03
C00940,Customer_C00940,New,Noida,2025-01-15,1318.55,1,1318.55,175.1,30.0,2026-04-01 18:27:16,2026-04-01 18:27:16
C00928,Customer_C00928,Repeat,Noida,2025-01-15,1818.79,2,909.4,38.0,0.44,2026-04-01 20:31:15,2026-08-16 22:17:51
C01457,Customer_C01457,Repeat,Kanpur,2025-01-15,904.22,2,452.11,132.1,1.4,2026-04-01 22:10:01,2026-05-14 19:13:00
C00914,Customer_C00914,Repeat,Lucknow,2025-01-15,6602.48,4,1650.62,1.0,0.69,2026-04-01 22:28:59,2026-09-22 22:17:25
C00205,Customer_C00205,New,Lucknow,2025-01-15,192.93,1,192.93,174.4,30.0,2026-04-02 12:43:19,2026-04-02 12:43:19
C00716,Customer_C00716,New,Agra,2025-01-15,1476.37,1,1476.37,174.3,30.0,2026-04-02 15:36:13,2026-04-02 15:36:13
C01153,Customer_C01153,Repeat,Lucknow,2025-01-15,577.11,2,288.56,146.2,2.15,2026-04-02 20:36:57,2026-04-30 17:02:58
C03179,Customer_C03179,Repeat,Lucknow,2025-01-15,21383.44,4,5345.86,26.1,0.81,2026-04-02 22:23:51,2026-08-28 19:25:08
C02792,Customer_C02792,Repeat,Prayagraj,2025-01-15,7498.16,3,2499.39,4.0,0.53,2026-04-02 22:41:08,2026-09-19 21:59:26
C02315,Customer_C02315,New,Lucknow,2025-01-15,273.51,1,273.51,174.0,30.0,2026-04-02 22:48:17,2026-04-02 22:48:17
C00519,Customer_C00519,Repeat,Prayagraj,2025-01-15,8360.25,4,2090.06,101.1,1.66,2026-04-03 15:53:14,2026-06-14 18:45:49
C01214,Customer_C01214,Repeat,Agra,2025-01-15,1261.19,3,420.4,110.5,1.44,2026-04-03 18:47:34,2026-06-05 10:03:39
C02867,Customer_C02867,Repeat,Prayagraj,2025-01-15,860.33,2,430.16,110.5,0.96,2026-04-03 19:15:04,2026-06-05 10:10:43
C02023,Customer_C02023,Repeat,Lucknow,2025-01-15,16227.8,2,8113.9,111.0,0.97,2026-04-03 19:33:57,2026-06-04 22:04:53
C03486,Customer_C03486,Repeat,Noida,2025-01-15,581.91,2,290.96,168.1,12.05,2026-04-03 20:28:55,2026-04-08 20:00:09
C02263,Customer_C02263,New,Lucknow,2025-01-15,508.76,1,508.76,173.0,30.0,2026-04-03 21:55:54,2026-04-03 21:55:54
C02695,Customer_C02695,Repeat,Lucknow,2025-01-15,2690.7,2,1345.35,48.1,0.48,2026-04-04 10:01:32,2026-08-06 19:49:27
C01714,Customer_C01714,Repeat,Varanasi,2025-01-15,2252.34,2,1126.17,75.0,0.62,2026-04-04 11:22:55,2026-07-10 21:04:25
C00282,Customer_C00282,Repeat,Gorakhpur,2025-01-15,3798.56,2,1899.28,148.4,2.51,2026-04-04 15:17:16,2026-04-28 13:04:10
C02197,Customer_C02197,New,Varanasi,2025-01-15,383.33,1,383.33,172.1,30.0,2026-04-04 18:45:27,2026-04-04 18:45:27
C00747,Customer_C00747,New,Lucknow,2025-01-15,3498.0,1,3498.0,172.1,30.0,2026-04-04 18:50:37,2026-04-04 18:50:37
C02738,Customer_C02738,Repeat,Noida,2025-01-15,4052.03,3,1350.68,32.1,0.64,2026-04-04 20:04:22,2026-08-22 19:11:31
C02569,Customer_C02569,Repeat,Noida,2025-01-15,2312.68,2,1156.34,169.3,21.61,2026-04-04 21:00:01,2026-04-07 15:37:17
C03006,Customer_C03006,New,Kanpur,2025-01-15,948.25,1,948.25,171.5,30.0,2026-04-05 09:09:55,2026-04-05 09:09:55
C01209,Customer_C01209,New,Noida,2025-01-15,212.73,1,212.73,171.2,30.0,2026-04-05 16:15:06,2026-04-05 16:15:06
C01613,Customer_C01613,New,Lucknow,2025-01-15,158.83,1,158.83,171.2,30.0,2026-04-05 16:43:43,2026-04-05 16:43:43
C03054,Customer_C03054,New,Patna,2025-01-15,1137.32,1,1137.32,171.1,30.0,2026-04-05 18:38:33,2026-04-05 18:38:33
C01271,Customer_C01271,Repeat,Prayagraj,2025-01-15,1134.24,2,567.12,3.2,0.36,2026-04-05 19:56:31,2026-09-20 17:30:45
C02577,Customer_C02577,Repeat,Lucknow,2025-01-15,1799.94,2,899.97,40.0,0.46,2026-04-05 20:19:16,2026-08-14 21:32:59
C03207,Customer_C03207,New,Kanpur,2025-01-15,1010.47,1,1010.47,171.1,30.0,2026-04-05 20:20:25,2026-04-05 20:20:25
C01204,Customer_C01204,Repeat,Noida,2025-01-15,6690.58,2,3345.29,75.0,0.62,2026-04-05 20:35:11,2026-07-10 22:37:30
C02441,Customer_C02441,Repeat,Gorakhpur,2025-01-15,17662.96,2,8831.48,86.1,0.71,2026-04-05 21:01:22,2026-06-29 20:15:43
C03148,Customer_C03148,Repeat,Noida,2025-01-15,2414.82,3,804.94,72.1,0.92,2026-04-06 14:55:34,2026-07-13 18:45:27
C00382,Customer_C00382,Repeat,Noida,2025-01-15,3807.93,4,951.98,36.2,0.9,2026-04-06 15:18:31,2026-08-18 16:04:12
C01926,Customer_C01926,Repeat,Gorakhpur,2025-01-15,4057.01,3,1352.34,13.4,0.57,2026-04-06 17:00:12,2026-09-10 13:18:34
C03092,Customer_C03092,New,Jaipur,2025-01-15,954.0,1,954.0,170.1,30.0,2026-04-06 18:30:05,2026-04-06 18:30:05
C01138,Customer_C01138,New,Kanpur,2025-01-15,1198.24,1,1198.24,170.0,30.0,2026-04-06 21:39:41,2026-04-06 21:39:41
C02830,Customer_C02830,New,Lucknow,2025-01-15,5300.0,1,5300.0,169.4,30.0,2026-04-07 12:22:09,2026-04-07 12:22:09
C01698,Customer_C01698,Repeat,Varanasi,2025-01-15,1920.35,2,960.18,155.2,4.29,2026-04-07 17:40:20,2026-04-21 17:33:47
C01910,Customer_C01910,Repeat,Kanpur,2025-01-15,1627.8,3,542.6,43.1,0.71,2026-04-07 20:42:03,2026-08-11 19:01:21
C00913,Customer_C00913,Repeat,Noida,2025-01-15,7598.63,6,1266.44,27.1,1.27,2026-04-07 21:31:55,2026-08-27 19:18:04
C01540,Customer_C01540,Repeat,Lucknow,2025-01-15,1001.29,2,500.64,138.2,1.95,2026-04-07 22:12:28,2026-05-08 16:14:56
C01958,Customer_C01958,Repeat,Prayagraj,2025-01-15,2544.57,5,508.91,85.1,1.79,2026-04-07 22:20:33,2026-06-30 19:15:30
C02651,Customer_C02651,New,Kanpur,2025-01-15,174.66,1,174.66,168.5,30.0,2026-04-08 10:47:22,2026-04-08 10:47:22
C02780,Customer_C02780,Repeat,Lucknow,2025-01-15,1432.92,2,716.46,75.0,0.64,2026-04-08 15:24:21,2026-07-10 22:36:16
C02229,Customer_C02229,New,Gorakhpur,2025-01-15,5543.9,1,5543.9,168.3,30.0,2026-04-08 15:42:07,2026-04-08 15:42:07
C01586,Customer_C01586,Repeat,Noida,2025-01-15,3536.61,2,1768.3,60.5,0.56,2026-04-08 17:07:56,2026-07-25 10:37:39
C01469,Customer_C01469,Repeat,Lucknow,2025-01-15,14668.71,4,3667.18,34.2,0.9,2026-04-08 19:23:21,2026-08-20 16:07:20
C02637,Customer_C02637,Repeat,Lucknow,2025-01-15,3169.98,5,634.0,71.1,1.55,2026-04-08 20:04:23,2026-07-14 19:58:09
C02843,Customer_C02843,New,Prayagraj,2025-01-15,80.0,1,80.0,168.1,30.0,2026-04-08 20:25:24,2026-04-08 20:25:24
C02360,Customer_C02360,Repeat,Jaipur,2025-01-15,1054.82,2,527.41,33.3,0.45,2026-04-08 20:58:21,2026-08-21 15:34:08
C00669,Customer_C00669,New,Lucknow,2025-01-15,590.85,1,590.85,167.5,30.0,2026-04-09 10:03:28,2026-04-09 10:03:28
C03302,Customer_C03302,Repeat,Prayagraj,2025-01-15,816.52,2,408.26,89.4,0.77,2026-04-09 10:42:30,2026-06-26 12:40:35
C02064,Customer_C02064,Repeat,Prayagraj,2025-01-15,791.5,2,395.75,122.4,1.33,2026-04-09 12:34:50,2026-05-24 11:17:33
C01749,Customer_C01749,New,Varanasi,2025-01-15,532.75,1,532.75,167.4,30.0,2026-04-09 12:57:55,2026-04-09 12:57:55
C00712,Customer_C00712,Repeat,Jaipur,2025-01-15,9423.89,2,4711.94,103.1,0.93,2026-04-09 13:20:05,2026-06-12 18:57:10
C01619,Customer_C01619,Repeat,Prayagraj,2025-01-15,3246.22,4,811.56,36.2,0.92,2026-04-09 18:36:12,2026-08-18 16:13:54
C01094,Customer_C01094,New,Lucknow,2025-01-15,257.99,1,257.99,167.0,30.0,2026-04-09 21:17:40,2026-04-09 21:17:40
C01526,Customer_C01526,Repeat,Noida,2025-01-15,855.37,3,285.12,24.4,0.63,2026-04-10 08:23:57,2026-08-30 12:45:31
C00462,Customer_C00462,New,Lucknow,2025-01-15,261.26,1,261.26,166.2,30.0,2026-04-10 16:17:29,2026-04-10 16:17:29
C02451,Customer_C02451,Repeat,Kanpur,2025-01-15,1562.22,2,781.11,97.2,0.87,2026-04-10 16:49:51,2026-06-18 17:10:38
C01327,Customer_C01327,New,Noida,2025-01-15,286.08,1,286.08,166.2,30.0,2026-04-10 16:52:18,2026-04-10 16:52:18
C01180,Customer_C01180,Repeat,Lucknow,2025-01-15,1290.54,2,645.27,97.3,0.87,2026-04-10 18:05:44,2026-06-18 15:24:57
C00511,Customer_C00511,Repeat,Gorakhpur,2025-01-15,21256.03,2,10628.02,42.2,0.48,2026-04-10 18:14:22,2026-08-12 18:19:20
C01394,Customer_C01394,Repeat,Gorakhpur,2025-01-15,477.18,2,238.59,85.4,0.74,2026-04-10 18:39:34,2026-06-30 13:06:47
C02309,Customer_C02309,Repeat,Noida,2025-01-15,5234.04,2,2617.02,60.1,0.57,2026-04-10 19:59:23,2026-07-25 18:38:28
C01385,Customer_C01385,New,Agra,2025-01-15,381.04,1,381.04,166.0,30.0,2026-04-10 21:13:36,2026-04-10 21:13:36
C03187,Customer_C03187,New,Gorakhpur,2025-01-15,2120.49,1,2120.49,166.0,30.0,2026-04-10 21:33:52,2026-04-10 21:33:52
C02879,Customer_C02879,New,Noida,2025-01-15,483.04,1,483.04,166.0,30.0,2026-04-10 22:44:36,2026-04-10 22:44:36
C00634,Customer_C00634,Repeat,Patna,2025-01-15,10184.42,4,2546.1,40.2,0.96,2026-04-11 17:37:36,2026-08-14 17:38:34
C02923,Customer_C02923,Repeat,Agra,2025-01-15,1345.72,2,672.86,23.1,0.42,2026-04-11 19:12:48,2026-08-31 18:50:27
C02113,Customer_C02113,Repeat,Agra,2025-01-15,1950.8,2,975.4,130.2,1.72,2026-04-11 19:56:13,2026-05-16 17:32:45
C02933,Customer_C02933,Repeat,Varanasi,2025-01-15,3676.78,3,1225.59,44.2,0.74,2026-04-11 21:35:49,2026-08-10 18:21:34
C02008,Customer_C02008,Repeat,Patna,2025-01-15,750.83,2,375.42,8.5,0.38,2026-04-11 22:23:37,2026-09-15 09:12:35
C01465,Customer_C01465,Repeat,Lucknow,2025-01-15,18629.64,4,4657.41,7.1,0.76,2026-04-12 09:52:05,2026-09-16 18:53:38
C03313,Customer_C03313,Repeat,Lucknow,2025-01-15,555.03,2,277.52,142.3,2.73,2026-04-12 16:05:09,2026-05-04 14:57:58
C01134,Customer_C01134,Repeat,Prayagraj,2025-01-15,6985.49,3,2328.5,16.5,0.61,2026-04-12 18:09:17,2026-09-07 10:59:18
C01046,Customer_C01046,Repeat,Noida,2025-01-15,1810.86,4,452.72,16.5,0.81,2026-04-12 20:50:13,2026-09-07 09:50:32
C00958,Customer_C00958,New,Gorakhpur,2025-01-15,958.2,1,958.2,164.0,30.0,2026-04-12 22:29:58,2026-04-12 22:29:58
C01065,Customer_C01065,New,Kanpur,2025-01-15,493.73,1,493.73,163.4,30.0,2026-04-13 11:29:26,2026-04-13 11:29:26
C00203,Customer_C00203,Repeat,Noida,2025-01-15,7330.0,2,3665.0,81.2,0.73,2026-04-13 15:31:45,2026-07-04 17:44:10
C02473,Customer_C02473,Repeat,Noida,2025-01-15,4425.31,4,1106.33,56.2,1.12,2026-04-13 18:08:09,2026-07-29 17:24:39
C02074,Customer_C02074,Repeat,Lucknow,2025-01-15,4136.55,2,2068.28,50.2,0.53,2026-04-13 18:28:51,2026-08-04 16:25:07
C00047,Customer_C00047,New,Lucknow,2025-01-15,119.42,1,119.42,163.1,30.0,2026-04-13 19:21:09,2026-04-13 19:21:09
C02396,Customer_C02396,Repeat,Gorakhpur,2025-01-15,3376.79,5,675.36,46.3,1.28,2026-04-13 20:51:44,2026-08-08 15:44:34
C01961,Customer_C01961,Repeat,Kanpur,2025-01-15,1044.12,3,348.04,18.0,0.62,2026-04-14 09:45:10,2026-09-05 22:01:14
C00492,Customer_C00492,Repeat,Noida,2025-01-15,3345.31,3,1115.1,112.2,1.79,2026-04-14 11:12:17,2026-06-03 17:04:59
C00931,Customer_C00931,Repeat,Lucknow,2025-01-15,823.39,2,411.7,151.1,5.48,2026-04-14 19:22:19,2026-04-25 18:22:46
C00969,Customer_C00969,Repeat,Lucknow,2025-01-15,1722.44,4,430.61,47.1,1.04,2026-04-14 19:49:28,2026-08-07 19:07:48
C00371,Customer_C00371,Repeat,Prayagraj,2025-01-15,2975.32,3,991.77,14.0,0.61,2026-04-14 20:50:15,2026-09-09 21:04:05
C01024,Customer_C01024,Repeat,Varanasi,2025-01-15,1000.45,2,500.22,112.2,1.2,2026-04-14 21:06:38,2026-06-03 16:35:24
C00705,Customer_C00705,Repeat,Noida,2025-01-15,694.6,2,347.3,36.1,0.48,2026-04-14 22:22:43,2026-08-18 19:18:14
C01677,Customer_C01677,Repeat,Noida,2025-01-15,2976.61,3,992.2,20.2,0.64,2026-04-15 08:11:25,2026-09-03 17:11:07
C00695,Customer_C00695,New,Prayagraj,2025-01-15,462.86,1,462.86,161.2,30.0,2026-04-15 16:56:41,2026-04-15 16:56:41
C00866,Customer_C00866,New,Noida,2025-01-15,2629.09,1,2629.09,161.2,30.0,2026-04-15 17:02:14,2026-04-15 17:02:14
C03254,Customer_C03254,Repeat,Patna,2025-01-15,7784.78,5,1556.96,3.2,0.95,2026-04-15 20:24:02,2026-09-20 17:17:34
C02768,Customer_C02768,Repeat,Prayagraj,2025-01-15,5442.64,4,1360.66,23.0,0.87,2026-04-15 21:36:14,2026-08-31 21:26:11
C03076,Customer_C03076,Repeat,Lucknow,2025-01-15,9535.25,4,2383.81,66.4,1.28,2026-04-16 15:01:29,2026-07-19 13:05:18
C00482,Customer_C00482,Repeat,Prayagraj,2025-01-15,3473.28,3,1157.76,40.2,0.75,2026-04-16 17:00:51,2026-08-14 17:20:02
C00032,Customer_C00032,Repeat,Noida,2025-01-15,2745.53,2,1372.76,115.1,1.33,2026-04-16 17:37:18,2026-05-31 18:29:06
C00395,Customer_C00395,Repeat,Noida,2025-01-15,1498.1,3,499.37,43.1,0.77,2026-04-16 19:21:50,2026-08-11 20:35:25
C03215,Customer_C03215,Repeat,Patna,2025-01-15,5484.58,3,1828.19,10.2,0.6,2026-04-16 20:58:30,2026-09-13 18:14:32
C02499,Customer_C02499,Repeat,Noida,2025-01-15,1960.62,3,653.54,89.1,1.27,2026-04-16 21:05:57,2026-06-26 18:25:43
C02390,Customer_C02390,Repeat,Noida,2025-01-15,1758.99,2,879.5,130.2,2.01,2026-04-16 21:51:24,2026-05-16 17:07:00
C01599,Customer_C01599,Repeat,Lucknow,2025-01-15,4895.74,4,1223.94,5.5,0.78,2026-04-17 08:53:16,2026-09-18 09:41:03
C03216,Customer_C03216,Repeat,Varanasi,2025-01-15,3789.63,4,947.41,43.1,1.03,2026-04-17 12:11:09,2026-08-11 19:51:57
C03119,Customer_C03119,Repeat,Gorakhpur,2025-01-15,621.53,2,310.76,28.3,0.46,2026-04-17 16:35:24,2026-08-26 14:24:42
C03135,Customer_C03135,Repeat,Noida,2025-01-15,3481.89,3,1160.63,70.1,1.01,2026-04-17 19:59:26,2026-07-15 19:41:31
C03259,Customer_C03259,Repeat,Prayagraj,2025-01-15,4588.71,4,1147.18,16.3,0.84,2026-04-17 22:05:51,2026-09-07 15:51:14
C00247,Customer_C00247,Repeat,Prayagraj,2025-01-15,1062.6,3,354.2,24.1,0.67,2026-04-18 13:06:42,2026-08-30 20:01:32
C01972,Customer_C01972,New,Kanpur,2025-01-15,397.77,1,397.77,158.2,30.0,2026-04-18 17:18:29,2026-04-18 17:18:29
C00328,Customer_C00328,New,Lucknow,2025-01-15,4175.83,1,4175.83,158.2,30.0,2026-04-18 18:05:08,2026-04-18 18:05:08
C01443,Customer_C01443,Repeat,Noida,2025-01-15,4018.74,6,669.79,78.4,2.26,2026-04-18 19:53:02,2026-07-07 11:58:33
C00951,Customer_C00951,Repeat,Noida,2025-01-15,3075.6,3,1025.2,26.1,0.68,2026-04-18 19:53:03,2026-08-28 19:29:22
C00725,Customer_C00725,New,Prayagraj,2025-01-15,661.28,1,661.28,157.6,30.0,2026-04-19 08:08:20,2026-04-19 08:08:20
C00016,Customer_C00016,Repeat,Kanpur,2025-01-15,3506.94,4,876.74,63.1,1.27,2026-04-19 12:49:26,2026-07-22 19:11:37
C03315,Customer_C03315,Repeat,Noida,2025-01-15,2212.58,4,553.14,14.2,0.84,2026-04-19 16:40:10,2026-09-09 18:19:29
C00214,Customer_C00214,Repeat,Noida,2025-01-15,2222.33,4,555.58,87.1,1.71,2026-04-19 19:24:35,2026-06-28 19:03:53
C01381,Customer_C01381,Repeat,Prayagraj,2025-01-15,4661.03,7,665.86,8.5,1.41,2026-04-19 21:51:41,2026-09-15 11:08:49
C01453,Customer_C01453,Repeat,Agra,2025-01-15,1595.92,3,531.97,26.2,0.69,2026-04-19 21:57:23,2026-08-28 18:00:46
C01329,Customer_C01329,New,Noida,2025-01-15,5745.04,1,5745.04,156.3,30.0,2026-04-20 15:11:07,2026-04-20 15:11:07
C02617,Customer_C02617,New,Noida,2025-01-15,136.16,1,136.16,156.2,30.0,2026-04-20 17:09:03,2026-04-20 17:09:03
C00243,Customer_C00243,Repeat,Lucknow,2025-01-15,391.12,2,195.56,93.2,0.95,2026-04-20 18:11:01,2026-06-22 16:52:55
C02086,Customer_C02086,New,Gorakhpur,2025-01-15,2019.71,1,2019.71,156.1,30.0,2026-04-20 19:28:45,2026-04-20 19:28:45
C03097,Customer_C03097,Repeat,Jaipur,2025-01-15,1154.74,2,577.37,85.1,0.85,2026-04-20 20:22:52,2026-06-30 18:25:17
C00430,Customer_C00430,New,Agra,2025-01-15,328.08,1,328.08,155.2,30.0,2026-04-21 16:39:15,2026-04-21 16:39:15
C00375,Customer_C00375,New,Gorakhpur,2025-01-15,561.86,1,561.86,155.1,30.0,2026-04-21 20:29:52,2026-04-21 20:29:52
C03338,Customer_C03338,New,Agra,2025-01-15,506.39,1,506.39,155.1,30.0,2026-04-21 20:45:48,2026-04-21 20:45:48
C03210,Customer_C03210,Repeat,Noida,2025-01-15,4742.29,3,1580.76,115.1,2.3,2026-04-22 16:13:35,2026-05-31 18:23:08
C02207,Customer_C02207,New,Kanpur,2025-01-15,396.79,1,396.79,154.2,30.0,2026-04-22 16:24:58,2026-04-22 16:24:58
C00998,Customer_C00998,New,Lucknow,2025-01-15,60.0,1,60.0,154.2,30.0,2026-04-22 16:40:05,2026-04-22 16:40:05
C03247,Customer_C03247,Repeat,Varanasi,2025-01-15,2761.99,2,1381.0,30.2,0.48,2026-04-22 16:53:30,2026-08-24 18:14:17
C03193,Customer_C03193,New,Noida,2025-01-15,155.77,1,155.77,154.2,30.0,2026-04-22 17:10:48,2026-04-22 17:10:48
C02575,Customer_C02575,New,Lucknow,2025-01-15,430.94,1,430.94,154.0,30.0,2026-04-22 21:08:36,2026-04-22 21:08:36
C01031,Customer_C01031,Repeat,Lucknow,2025-01-15,2611.85,2,1305.92,62.1,0.66,2026-04-23 11:52:13,2026-07-23 18:24:38
C02283,Customer_C02283,Repeat,Noida,2025-01-15,1319.5,4,329.88,66.1,1.38,2026-04-23 14:21:30,2026-07-19 20:30:41
C02503,Customer_C02503,Repeat,Kanpur,2025-01-15,1729.24,2,864.62,144.2,6.59,2026-04-23 15:47:19,2026-05-02 18:18:00
C02200,Customer_C02200,Repeat,Noida,2025-01-15,622.72,2,311.36,94.4,1.02,2026-04-23 18:56:17,2026-06-21 12:26:49
C00836,Customer_C00836,Repeat,Noida,2025-01-15,2420.35,2,1210.18,84.0,0.87,2026-04-23 21:03:28,2026-07-01 21:31:02
C03279,Customer_C03279,New,Gorakhpur,2025-01-15,7072.57,1,7072.57,152.6,30.0,2026-04-24 08:29:14,2026-04-24 08:29:14
C02409,Customer_C02409,Repeat,Noida,2025-01-15,3396.35,4,849.09,3.4,0.81,2026-04-24 12:08:46,2026-09-20 11:19:19
C02928,Customer_C02928,Repeat,Jaipur,2025-01-15,527.25,2,263.62,40.1,0.53,2026-04-24 14:53:59,2026-08-14 19:31:57
C03065,Customer_C03065,Repeat,Kanpur,2025-01-15,2667.21,2,1333.6,27.2,0.48,2026-04-24 17:09:04,2026-08-27 17:21:20
C01652,Customer_C01652,Repeat,Lucknow,2025-01-15,1572.65,4,393.16,12.3,0.86,2026-04-24 19:06:36,2026-09-11 15:08:08
C01845,Customer_C01845,New,Patna,2025-01-15,302.64,1,302.64,152.1,30.0,2026-04-24 19:32:58,2026-04-24 19:32:58
C00310,Customer_C00310,Repeat,Agra,2025-01-15,3277.93,5,655.59,2.2,1.0,2026-04-24 19:52:35,2026-09-21 16:51:15
C03398,Customer_C03398,New,Gorakhpur,2025-01-15,553.64,1,553.64,152.0,30.0,2026-04-24 21:02:13,2026-04-24 21:02:13
C01995,Customer_C01995,New,Agra,2025-01-15,702.15,1,702.15,151.4,30.0,2026-04-25 12:43:15,2026-04-25 12:43:15
C02004,Customer_C02004,Repeat,Prayagraj,2025-01-15,9413.47,3,3137.82,98.1,1.69,2026-04-25 12:47:36,2026-06-17 19:45:55
C02724,Customer_C02724,Repeat,Kanpur,2025-01-15,20363.82,4,5090.96,80.3,1.69,2026-04-25 17:30:37,2026-07-05 15:38:02
C00116,Customer_C00116,New,Lucknow,2025-01-15,990.0,1,990.0,150.3,30.0,2026-04-26 13:51:13,2026-04-26 13:51:13
C00268,Customer_C00268,New,Patna,2025-01-15,1005.23,1,1005.23,150.2,30.0,2026-04-26 17:03:40,2026-04-26 17:03:40
C00084,Customer_C00084,Repeat,Noida,2025-01-15,972.4,2,486.2,33.2,0.51,2026-04-26 18:10:50,2026-08-21 16:46:07
C02664,Customer_C02664,New,Kanpur,2025-01-15,275.13,1,275.13,150.1,30.0,2026-04-26 19:42:33,2026-04-26 19:42:33
C02902,Customer_C02902,Repeat,Lucknow,2025-01-15,7271.72,3,2423.91,26.3,0.73,2026-04-26 21:31:43,2026-08-28 15:50:49
C02365,Customer_C02365,Repeat,Gorakhpur,2025-01-15,2952.06,2,1476.03,90.5,1.02,2026-04-27 17:06:14,2026-06-25 10:20:20
C00455,Customer_C00455,Repeat,Gorakhpur,2025-01-15,1197.54,2,598.77,29.0,0.5,2026-04-27 18:27:48,2026-08-25 21:05:40
C02666,Customer_C02666,Repeat,Noida,2025-01-15,1588.44,2,794.22,28.2,0.5,2026-04-27 20:25:04,2026-08-26 16:41:56
C01988,Customer_C01988,New,Lucknow,2025-01-15,1055.34,1,1055.34,148.5,30.0,2026-04-28 09:48:37,2026-04-28 09:48:37
C01231,Customer_C01231,Repeat,Gorakhpur,2025-01-15,27795.64,6,4632.61,7.2,1.28,2026-04-28 19:12:03,2026-09-16 18:15:31
C02716,Customer_C02716,Repeat,Gorakhpur,2025-01-15,2093.85,3,697.95,71.3,1.17,2026-04-28 21:05:07,2026-07-14 15:55:58
C01715,Customer_C01715,Repeat,Kanpur,2025-01-15,2605.18,2,1302.59,117.5,1.97,2026-04-28 22:17:37,2026-05-29 08:50:19
C03388,Customer_C03388,Repeat,Prayagraj,2025-01-15,16767.84,3,5589.28,112.2,2.52,2026-04-28 22:51:06,2026-06-03 17:26:32
C01050,Customer_C01050,Repeat,Noida,2025-01-15,610.74,2,305.37,54.2,0.65,2026-04-29 19:13:34,2026-07-31 17:38:27
C00335,Customer_C00335,Repeat,Prayagraj,2025-01-15,3633.74,2,1816.87,57.2,0.67,2026-04-29 21:52:04,2026-07-28 18:15:13
C00560,Customer_C00560,New,Noida,2025-01-15,340.73,1,340.73,146.6,30.0,2026-04-30 08:36:42,2026-04-30 08:36:42
C01913,Customer_C01913,New,Prayagraj,2025-01-15,1477.94,1,1477.94,146.2,30.0,2026-04-30 16:10:12,2026-04-30 16:10:12
C01890,Customer_C01890,Repeat,Gorakhpur,2025-01-15,7535.67,2,3767.84,24.1,0.49,2026-04-30 16:51:26,2026-08-30 19:57:52
C00161,Customer_C00161,Repeat,Prayagraj,2025-01-15,7805.98,2,3902.99,77.0,0.87,2026-04-30 17:33:22,2026-07-08 21:33:30
C02444,Customer_C02444,New,Lucknow,2025-01-15,582.27,1,582.27,146.2,30.0,2026-04-30 18:11:57,2026-04-30 18:11:57
C01051,Customer_C01051,Repeat,Lucknow,2025-01-15,681.18,2,340.59,60.0,0.7,2026-05-01 10:29:08,2026-07-25 21:28:21
C02264,Customer_C02264,New,Kanpur,2025-01-15,747.88,1,747.88,145.3,30.0,2026-05-01 14:45:56,2026-05-01 14:45:56
C01215,Customer_C01215,Repeat,Agra,2025-01-15,2801.21,2,1400.6,113.0,1.86,2026-05-01 17:03:28,2026-06-02 22:56:47
C02178,Customer_C02178,Repeat,Lucknow,2025-01-15,6223.86,5,1244.77,0.0,1.03,2026-05-01 20:38:35,2026-09-23 20:54:27
C00924,Customer_C00924,New,Noida,2025-01-15,954.0,1,954.0,145.0,30.0,2026-05-01 21:24:21,2026-05-01 21:24:21
C01949,Customer_C01949,Repeat,Kanpur,2025-01-15,1097.26,2,548.63,143.3,58.57,2026-05-02 14:40:49,2026-05-03 15:15:56
C01934,Customer_C01934,Repeat,Gorakhpur,2025-01-15,4688.76,3,1562.92,106.1,2.36,2026-05-02 17:18:58,2026-06-09 20:23:45
C02497,Customer_C02497,New,Kanpur,2025-01-15,863.59,1,863.59,144.1,30.0,2026-05-02 18:34:33,2026-05-02 18:34:33
C02459,Customer_C02459,Repeat,Kanpur,2025-01-15,4588.17,2,2294.08,35.2,0.55,2026-05-02 19:20:53,2026-08-19 18:14:28
C02832,Customer_C02832,New,Gorakhpur,2025-01-15,2899.04,1,2899.04,144.1,30.0,2026-05-02 19:42:15,2026-05-02 19:42:15
C00925,Customer_C00925,Repeat,Kanpur,2025-01-15,611.45,2,305.73,22.1,0.49,2026-05-02 20:10:42,2026-09-01 19:18:47
C01877,Customer_C01877,Repeat,Prayagraj,2025-01-15,1077.89,2,538.94,56.1,0.69,2026-05-03 15:04:03,2026-07-29 19:25:52
C01896,Customer_C01896,Repeat,Lucknow,2025-01-15,1254.05,2,627.02,76.4,0.9,2026-05-03 17:30:07,2026-07-09 12:46:58
C00196,Customer_C00196,New,Prayagraj,2025-01-15,2304.31,1,2304.31,143.2,30.0,2026-05-03 17:31:50,2026-05-03 17:31:50
C01085,Customer_C01085,Repeat,Prayagraj,2025-01-15,1241.47,2,620.74,80.2,0.95,2026-05-03 18:15:14,2026-07-05 17:29:07
C00232,Customer_C00232,Repeat,Kanpur,2025-01-15,1494.35,2,747.18,14.1,0.47,2026-05-03 19:01:50,2026-09-09 19:28:11
C00202,Customer_C00202,Repeat,Noida,2025-01-15,1083.55,2,541.78,94.0,1.22,2026-05-03 20:29:47,2026-06-21 21:16:33
C00984,Customer_C00984,New,Jaipur,2025-01-15,463.88,1,463.88,143.0,30.0,2026-05-03 21:39:52,2026-05-03 21:39:52
C00892,Customer_C00892,New,Lucknow,2025-01-15,712.13,1,712.13,143.0,30.0,2026-05-03 22:27:32,2026-05-03 22:27:32
C00192,Customer_C00192,Repeat,Agra,2025-01-15,2443.42,2,1221.71,52.2,0.67,2026-05-04 15:53:25,2026-08-02 16:34:38
C00566,Customer_C00566,Repeat,Jaipur,2025-01-15,4023.96,3,1341.32,13.1,0.7,2026-05-04 17:01:33,2026-09-10 19:58:08
C03344,Customer_C03344,New,Prayagraj,2025-01-15,283.78,1,283.78,142.2,30.0,2026-05-04 18:03:02,2026-05-04 18:03:02
C02860,Customer_C02860,Repeat,Gorakhpur,2025-01-15,1560.98,2,780.49,20.2,0.49,2026-05-04 22:11:52,2026-09-03 16:48:17
C01671,Customer_C01671,Repeat,Kanpur,2025-01-15,881.07,2,440.54,79.2,0.96,2026-05-04 22:56:02,2026-07-06 18:01:43
C01989,Customer_C01989,Repeat,Lucknow,2025-01-15,3635.8,2,1817.9,13.1,0.47,2026-05-05 11:00:27,2026-09-10 20:13:25
C02513,Customer_C02513,New,Jaipur,2025-01-15,954.0,1,954.0,141.4,30.0,2026-05-05 13:01:43,2026-05-05 13:01:43
C00411,Customer_C00411,New,Prayagraj,2025-01-15,164.58,1,164.58,141.2,30.0,2026-05-05 17:23:42,2026-05-05 17:23:42
C03405,Customer_C03405,Repeat,Agra,2025-01-15,804.48,2,402.24,38.3,0.58,2026-05-05 18:06:38,2026-08-16 15:39:58
C00733,Customer_C00733,Repeat,Noida,2025-01-15,8680.33,4,2170.08,18.3,0.98,2026-05-05 18:19:51,2026-09-05 15:48:15
C01450,Customer_C01450,New,Gorakhpur,2025-01-15,1274.45,1,1274.45,141.1,30.0,2026-05-05 19:37:07,2026-05-05 19:37:07
C03110,Customer_C03110,Repeat,Agra,2025-01-15,2933.17,2,1466.58,94.1,1.28,2026-05-05 19:39:04,2026-06-21 20:17:21
C01276,Customer_C01276,New,Noida,2025-01-15,807.69,1,807.69,141.1,30.0,2026-05-05 19:41:14,2026-05-05 19:41:14
C01044,Customer_C01044,Repeat,Agra,2025-01-15,1504.65,2,752.32,64.0,0.78,2026-05-05 19:46:58,2026-07-21 22:38:37
C02997,Customer_C02997,Repeat,Gorakhpur,2025-01-15,3301.9,3,1100.63,125.1,5.62,2026-05-05 20:05:18,2026-05-21 20:45:06
C01880,Customer_C01880,Repeat,Agra,2025-01-15,2506.71,4,626.68,48.5,1.3,2026-05-05 20:57:14,2026-08-06 09:25:37
C02424,Customer_C02424,Repeat,Noida,2025-01-15,1809.82,2,904.91,50.4,0.67,2026-05-06 08:55:48,2026-08-04 11:17:55
C01543,Customer_C01543,Repeat,Noida,2025-01-15,4049.64,4,1012.41,28.0,1.07,2026-05-06 10:49:36,2026-08-26 20:59:28
C01813,Customer_C01813,Repeat,Noida,2025-01-15,6010.23,2,3005.12,8.3,0.45,2026-05-06 17:42:32,2026-09-15 15:21:00
C01217,Customer_C01217,Repeat,Agra,2025-01-15,4793.64,3,1597.88,41.2,0.91,2026-05-06 18:50:22,2026-08-13 17:27:59
C01086,Customer_C01086,Repeat,Kanpur,2025-01-15,3925.59,3,1308.53,71.1,1.3,2026-05-06 19:10:01,2026-07-14 19:35:49
C03226,Customer_C03226,Repeat,Kanpur,2025-01-15,1074.01,3,358.0,45.0,0.95,2026-05-06 19:52:26,2026-08-09 22:40:19
C01089,Customer_C01089,Repeat,Kanpur,2025-01-15,2300.1,2,1150.05,138.5,38.86,2026-05-06 21:21:00,2026-05-08 10:24:10
C01095,Customer_C01095,Repeat,Lucknow,2025-01-15,13372.76,3,4457.59,69.0,1.27,2026-05-06 22:16:33,2026-07-16 21:54:03
C00081,Customer_C00081,Repeat,Patna,2025-01-15,902.29,2,451.14,6.2,0.45,2026-05-06 22:26:07,2026-09-17 17:34:20
C01825,Customer_C01825,Repeat,Patna,2025-01-15,3484.96,4,871.24,28.2,1.08,2026-05-07 09:17:02,2026-08-26 16:37:00
C00368,Customer_C00368,Repeat,Lucknow,2025-01-15,2524.92,2,1262.46,71.1,0.88,2026-05-07 15:39:36,2026-07-14 19:59:20
C02325,Customer_C02325,Repeat,Noida,2025-01-15,1408.16,2,704.08,103.0,1.66,2026-05-07 16:21:00,2026-06-12 21:39:07
C01975,Customer_C01975,Repeat,Gorakhpur,2025-01-15,4212.97,3,1404.32,92.1,1.91,2026-05-07 17:14:03,2026-06-23 20:17:38
C03239,Customer_C03239,Repeat,Agra,2025-01-15,4581.32,4,1145.33,0.1,0.86,2026-05-07 18:28:05,2026-09-23 18:52:00
C00668,Customer_C00668,Repeat,Prayagraj,2025-01-15,1469.11,2,734.56,98.1,1.46,2026-05-07 18:57:55,2026-06-17 20:11:11
C00956,Customer_C00956,Repeat,Jaipur,2025-01-15,758.77,2,379.38,0.3,0.43,2026-05-07 18:59:35,2026-09-23 13:55:42
C02920,Customer_C02920,Repeat,Gorakhpur,2025-01-15,892.04,2,446.02,111.0,2.13,2026-05-07 19:53:39,2026-06-04 22:44:02
C00291,Customer_C00291,Repeat,Gorakhpur,2025-01-15,6860.8,2,3430.4,106.1,1.82,2026-05-07 20:17:37,2026-06-09 19:23:19
C02755,Customer_C02755,New,Noida,2025-01-15,801.07,1,801.07,139.0,30.0,2026-05-07 22:02:18,2026-05-07 22:02:18
C01309,Customer_C01309,Repeat,Kanpur,2025-01-15,7262.58,3,2420.86,90.1,1.86,2026-05-08 13:53:12,2026-06-25 20:28:42
C03013,Customer_C03013,Repeat,Gorakhpur,2025-01-15,10186.45,3,3395.48,39.2,0.91,2026-05-08 17:30:49,2026-08-15 18:07:30
C02054,Customer_C02054,New,Noida,2025-01-15,900.0,1,900.0,138.2,30.0,2026-05-08 18:01:57,2026-05-08 18:01:57
C02306,Customer_C02306,Repeat,Noida,2025-01-15,2652.41,3,884.14,71.0,1.34,2026-05-08 18:13:17,2026-07-14 21:18:30
C02145,Customer_C02145,New,Prayagraj,2025-01-15,254.42,1,254.42,138.2,30.0,2026-05-08 18:17:54,2026-05-08 18:17:54
C03042,Customer_C03042,New,Kanpur,2025-01-15,314.91,1,314.91,138.1,30.0,2026-05-08 19:51:11,2026-05-08 19:51:11
C02084,Customer_C02084,Repeat,Noida,2025-01-15,2671.14,3,890.38,63.1,1.2,2026-05-08 20:01:48,2026-07-22 19:37:40
C02298,Customer_C02298,New,Lucknow,2025-01-15,331.43,1,331.43,138.0,30.0,2026-05-08 21:49:52,2026-05-08 21:49:52
C00552,Customer_C00552,New,Delhi,2025-01-15,985.39,1,985.39,137.4,30.0,2026-05-09 11:38:01,2026-05-09 11:38:01
C03361,Customer_C03361,New,Agra,2025-01-15,1391.12,1,1391.12,137.2,30.0,2026-05-09 17:41:17,2026-05-09 17:41:17
C02383,Customer_C02383,Repeat,Agra,2025-01-15,1476.97,2,738.48,128.6,6.97,2026-05-09 17:57:16,2026-05-18 08:27:47
C00711,Customer_C00711,Repeat,Lucknow,2025-01-15,3155.33,2,1577.66,54.2,0.72,2026-05-09 18:18:50,2026-07-31 16:40:04
C03466,Customer_C03466,New,Delhi,2025-01-15,1830.49,1,1830.49,137.1,30.0,2026-05-09 18:43:11,2026-05-09 18:43:11
C01846,Customer_C01846,Repeat,Lucknow,2025-01-15,13903.75,4,3475.94,0.1,0.88,2026-05-10 16:40:53,2026-09-23 19:40:11
C03416,Customer_C03416,Repeat,Lucknow,2025-01-15,1315.14,2,657.57,24.3,0.54,2026-05-10 17:02:59,2026-08-30 14:04:39
C01732,Customer_C01732,Repeat,Prayagraj,2025-01-15,377.1,2,188.55,13.4,0.49,2026-05-10 17:49:52,2026-09-10 13:28:22
C00150,Customer_C00150,Repeat,Gorakhpur,2025-01-15,3504.47,2,1752.24,14.1,0.49,2026-05-10 20:36:36,2026-09-09 19:28:13
C00053,Customer_C00053,Repeat,Prayagraj,2025-01-15,3978.4,3,1326.13,74.2,1.47,2026-05-11 15:03:29,2026-07-11 17:46:54
C03270,Customer_C03270,Repeat,Lucknow,2025-01-15,5255.15,2,2627.58,59.0,0.79,2026-05-11 19:21:18,2026-07-26 22:38:20
C00795,Customer_C00795,Repeat,Jaipur,2025-01-15,1587.6,3,529.2,81.2,1.67,2026-05-11 22:20:23,2026-07-04 17:12:57
C02548,Customer_C02548,Repeat,Agra,2025-01-15,1026.75,2,513.38,13.3,0.49,2026-05-12 08:28:11,2026-09-10 15:18:35
C00501,Customer_C00501,New,Lucknow,2025-01-15,2745.19,1,2745.19,134.4,30.0,2026-05-12 13:09:35,2026-05-12 13:09:35
C00063,Customer_C00063,Repeat,Varanasi,2025-01-15,717.58,3,239.19,34.2,0.9,2026-05-12 17:07:38,2026-08-20 17:08:21
C01015,Customer_C01015,Repeat,Noida,2025-01-15,9311.16,3,3103.72,92.1,2.14,2026-05-12 18:32:03,2026-06-23 19:32:34
C00244,Customer_C00244,Repeat,Kanpur,2025-01-15,1112.84,2,556.42,45.1,0.67,2026-05-12 20:53:09,2026-08-09 19:01:50
C01919,Customer_C01919,Repeat,Prayagraj,2025-01-15,897.31,2,448.66,7.1,0.47,2026-05-12 21:38:08,2026-09-16 20:28:16
C00563,Customer_C00563,Repeat,Gorakhpur,2025-01-15,4551.34,4,1137.84,98.5,3.38,2026-05-12 21:58:53,2026-06-17 09:05:00
C01373,Customer_C01373,New,Kanpur,2025-01-15,971.2,1,971.2,133.2,30.0,2026-05-13 18:04:29,2026-05-13 18:04:29
C00470,Customer_C00470,Repeat,Prayagraj,2025-01-15,8118.04,2,4059.02,37.0,0.62,2026-05-13 19:40:05,2026-08-17 22:30:15
C03144,Customer_C03144,Repeat,Lucknow,2025-01-15,790.42,2,395.21,78.1,1.09,2026-05-13 20:26:05,2026-07-07 18:55:14
C01325,Customer_C01325,New,Agra,2025-01-15,1178.33,1,1178.33,133.1,30.0,2026-05-13 20:39:01,2026-05-13 20:39:01
C01734,Customer_C01734,Repeat,Prayagraj,2025-01-15,3717.62,6,619.6,1.3,1.37,2026-05-14 11:23:49,2026-09-22 14:54:31
C00645,Customer_C00645,Repeat,Kanpur,2025-01-15,3639.77,2,1819.89,91.4,1.47,2026-05-14 15:07:05,2026-06-24 12:39:01
C00204,Customer_C00204,New,Gorakhpur,2025-01-15,1778.81,1,1778.81,132.3,30.0,2026-05-14 15:33:33,2026-05-14 15:33:33
C02592,Customer_C02592,New,Noida,2025-01-15,866.97,1,866.97,132.2,30.0,2026-05-14 17:00:57,2026-05-14 17:00:57
C00028,Customer_C00028,Repeat,Kanpur,2025-01-15,2241.69,2,1120.84,104.5,2.16,2026-05-14 17:14:45,2026-06-11 10:39:26
C01445,Customer_C01445,Repeat,Kanpur,2025-01-15,3479.04,3,1159.68,44.3,1.02,2026-05-14 17:52:50,2026-08-10 15:40:20
C02803,Customer_C02803,Repeat,Prayagraj,2025-01-15,1095.28,3,365.09,56.5,1.19,2026-05-14 20:15:53,2026-07-29 10:58:11
C00811,Customer_C00811,Repeat,Kanpur,2025-01-15,3350.27,3,1116.76,0.2,0.69,2026-05-15 10:44:26,2026-09-23 17:06:25
C02919,Customer_C02919,Repeat,Agra,2025-01-15,4997.52,4,1249.38,20.1,1.08,2026-05-15 14:11:26,2026-09-03 20:33:43
C02138,Customer_C02138,Repeat,Prayagraj,2025-01-15,1264.22,2,632.11,70.3,0.98,2026-05-15 15:20:06,2026-07-15 15:39:08
C00315,Customer_C00315,New,Agra,2025-01-15,1158.55,1,1158.55,131.2,30.0,2026-05-15 17:04:15,2026-05-15 17:04:15
C02944,Customer_C02944,New,Noida,2025-01-15,875.12,1,875.12,131.2,30.0,2026-05-15 17:37:11,2026-05-15 17:37:11
C00771,Customer_C00771,Repeat,Noida,2025-01-15,1604.53,2,802.27,12.4,0.51,2026-05-15 18:12:48,2026-09-11 11:43:33
C02559,Customer_C02559,New,Gorakhpur,2025-01-15,926.92,1,926.92,131.1,30.0,2026-05-15 19:42:06,2026-05-15 19:42:06
C00010,Customer_C00010,Repeat,Patna,2025-01-15,712.57,2,356.28,107.1,2.57,2026-05-16 10:27:14,2026-06-08 18:23:19
C02622,Customer_C02622,Repeat,Prayagraj,2025-01-15,3452.14,3,1150.71,46.0,1.07,2026-05-16 13:00:34,2026-08-08 21:53:58
C02213,Customer_C02213,Repeat,Agra,2025-01-15,1285.7,2,642.85,105.1,2.38,2026-05-16 14:23:40,2026-06-10 18:22:35
C02911,Customer_C02911,Repeat,Kanpur,2025-01-15,699.22,2,349.61,118.1,4.99,2026-05-16 19:16:09,2026-05-28 19:54:50
C00287,Customer_C00287,Repeat,Agra,2025-01-15,1235.12,3,411.71,50.1,1.13,2026-05-16 21:53:39,2026-08-04 19:07:40
C03321,Customer_C03321,Repeat,Varanasi,2025-01-15,1483.19,2,741.6,66.1,0.95,2026-05-17 15:17:00,2026-07-19 20:32:40
C00479,Customer_C00479,Repeat,Lucknow,2025-01-15,7343.12,2,3671.56,8.2,0.5,2026-05-17 16:25:11,2026-09-15 16:09:40
C00710,Customer_C00710,Repeat,Noida,2025-01-15,8327.01,3,2775.67,4.2,0.72,2026-05-17 19:16:51,2026-09-19 17:44:50
C03418,Customer_C03418,New,Lucknow,2025-01-15,1268.51,1,1268.51,129.0,30.0,2026-05-17 21:55:43,2026-05-17 21:55:43
C03055,Customer_C03055,Repeat,Lucknow,2025-01-15,1131.4,2,565.7,117.3,5.16,2026-05-17 22:35:54,2026-05-29 13:37:12
C00856,Customer_C00856,Repeat,Gorakhpur,2025-01-15,2483.14,3,827.71,63.1,1.38,2026-05-18 17:05:00,2026-07-22 18:58:59
C00625,Customer_C00625,Repeat,Lucknow,2025-01-15,817.14,3,272.38,2.0,0.71,2026-05-18 18:38:09,2026-09-21 22:00:38
C02244,Customer_C02244,New,Lucknow,2025-01-15,11630.83,1,11630.83,128.1,30.0,2026-05-18 19:12:37,2026-05-18 19:12:37
C02385,Customer_C02385,Repeat,Delhi,2025-01-15,1379.73,2,689.86,49.5,0.76,2026-05-18 19:23:37,2026-08-05 09:56:05
C02632,Customer_C02632,Repeat,Lucknow,2025-01-15,2297.26,4,574.31,91.1,3.25,2026-05-18 19:34:28,2026-06-24 18:24:23
C01429,Customer_C01429,Repeat,Noida,2025-01-15,856.09,2,428.04,28.2,0.6,2026-05-18 21:43:56,2026-08-26 18:00:00
C03018,Customer_C03018,Repeat,Noida,2025-01-15,747.84,2,373.92,17.1,0.55,2026-05-19 18:26:41,2026-09-06 20:29:56
C02971,Customer_C02971,New,Lucknow,2025-01-15,1100.12,1,1100.12,127.0,30.0,2026-05-19 22:24:47,2026-05-19 22:24:47
C01564,Customer_C01564,New,Gorakhpur,2025-01-15,2274.93,1,2274.93,126.2,30.0,2026-05-20 16:11:42,2026-05-20 16:11:42
C00950,Customer_C00950,Repeat,Lucknow,2025-01-15,5746.89,2,2873.44,61.2,0.92,2026-05-20 18:41:14,2026-07-24 18:06:17
C01973,Customer_C01973,Repeat,Lucknow,2025-01-15,1871.23,3,623.74,3.2,0.73,2026-05-20 19:32:26,2026-09-20 16:44:15
C01152,Customer_C01152,Repeat,Noida,2025-01-15,1002.91,3,334.3,90.4,2.52,2026-05-20 19:45:32,2026-06-25 13:13:43
C00187,Customer_C00187,New,Lucknow,2025-01-15,817.38,1,817.38,126.1,30.0,2026-05-20 20:14:01,2026-05-20 20:14:01
C02188,Customer_C02188,Repeat,Lucknow,2025-01-15,1835.44,2,917.72,22.1,0.58,2026-05-20 20:57:35,2026-09-01 19:14:24
C02107,Customer_C02107,Repeat,Noida,2025-01-15,7455.64,4,1863.91,46.3,1.52,2026-05-21 14:07:13,2026-08-08 14:23:33
C02999,Customer_C02999,New,Lucknow,2025-01-15,159.1,1,159.1,125.2,30.0,2026-05-21 17:04:44,2026-05-21 17:04:44
C01201,Customer_C01201,Repeat,Lucknow,2025-01-15,4264.12,3,1421.37,46.1,1.14,2026-05-21 17:57:37,2026-08-08 18:41:15
C00639,Customer_C00639,New,Lucknow,2025-01-15,530.3,1,530.3,125.1,30.0,2026-05-21 19:20:28,2026-05-21 19:20:28
C00183,Customer_C00183,New,Jaipur,2025-01-15,311.44,1,311.44,124.4,30.0,2026-05-22 11:38:59,2026-05-22 11:38:59
C00943,Customer_C00943,Repeat,Noida,2025-01-15,881.03,2,440.52,0.4,0.48,2026-05-22 13:18:27,2026-09-23 12:34:52
C01486,Customer_C01486,Repeat,Noida,2025-01-15,1106.93,2,553.46,67.2,1.05,2026-05-22 13:21:37,2026-07-18 17:41:47
C00209,Customer_C00209,Repeat,Lucknow,2025-01-15,516.58,2,258.29,105.0,3.14,2026-05-22 19:25:12,2026-06-10 21:34:09
C01828,Customer_C01828,Repeat,Noida,2025-01-15,5342.19,2,2671.1,109.2,4.06,2026-05-22 21:54:44,2026-06-06 16:21:53
C02767,Customer_C02767,New,Prayagraj,2025-01-15,417.81,1,417.81,124.0,30.0,2026-05-22 22:31:43,2026-05-22 22:31:43
C00859,Customer_C00859,Repeat,Lucknow,2025-01-15,1134.66,2,567.33,86.1,1.58,2026-05-22 22:44:47,2026-06-29 19:31:04
C01127,Customer_C01127,Repeat,Kanpur,2025-01-15,616.66,2,308.33,22.0,0.59,2026-05-23 13:34:01,2026-09-01 21:29:04
C01844,Customer_C01844,Repeat,Agra,2025-01-15,3746.74,3,1248.91,51.3,1.25,2026-05-23 16:36:39,2026-08-03 13:54:16
C00378,Customer_C00378,Repeat,Noida,2025-01-15,6812.79,3,2270.93,44.0,1.14,2026-05-23 19:06:03,2026-08-10 22:01:20
C00650,Customer_C00650,New,Noida,2025-01-15,2016.12,1,2016.12,123.1,30.0,2026-05-23 19:52:04,2026-05-23 19:52:04
C02594,Customer_C02594,Repeat,Lucknow,2025-01-15,11781.13,3,3927.04,46.3,1.17,2026-05-23 20:22:44,2026-08-08 15:50:42
C01433,Customer_C01433,Repeat,Noida,2025-01-15,12291.05,2,6145.52,74.5,1.24,2026-05-23 21:47:18,2026-07-11 10:19:38
C01420,Customer_C01420,Repeat,Prayagraj,2025-01-15,4632.09,2,2316.04,29.1,0.64,2026-05-23 22:53:25,2026-08-25 19:57:55
C00681,Customer_C00681,Repeat,Noida,2025-01-15,1056.4,3,352.13,59.5,1.44,2026-05-24 21:50:57,2026-07-26 09:45:26
C02115,Customer_C02115,Repeat,Agra,2025-01-15,2257.81,2,1128.91,45.0,0.78,2026-05-24 21:59:12,2026-08-09 21:21:13
C03384,Customer_C03384,Repeat,Prayagraj,2025-01-15,7658.8,2,3829.4,99.3,2.65,2026-05-24 22:30:34,2026-06-16 14:23:32
C00349,Customer_C00349,Repeat,Kanpur,2025-01-15,906.74,2,453.37,27.2,0.64,2026-05-25 16:01:18,2026-08-27 17:07:50
C02609,Customer_C02609,Repeat,Prayagraj,2025-01-15,5982.88,2,2991.44,1.2,0.5,2026-05-26 11:53:35,2026-09-22 17:10:57
C01510,Customer_C01510,New,Lucknow,2025-01-15,1325.31,1,1325.31,120.3,30.0,2026-05-26 15:15:47,2026-05-26 15:15:47
C00934,Customer_C00934,Repeat,Lucknow,2025-01-15,7423.07,2,3711.54,75.0,1.33,2026-05-26 20:24:18,2026-07-10 21:46:02
C02425,Customer_C02425,Repeat,Gorakhpur,2025-01-15,1196.03,2,598.02,98.1,2.74,2026-05-26 20:32:50,2026-06-17 18:27:08
C00108,Customer_C00108,New,Lucknow,2025-01-15,1200.0,1,1200.0,119.5,30.0,2026-05-27 09:58:52,2026-05-27 09:58:52
C01468,Customer_C01468,Repeat,Lucknow,2025-01-15,4627.76,3,1542.59,88.2,2.91,2026-05-27 18:14:39,2026-06-27 16:13:13
C02374,Customer_C02374,New,Agra,2025-01-15,1320.25,1,1320.25,119.2,30.0,2026-05-27 18:16:35,2026-05-27 18:16:35
C03320,Customer_C03320,Repeat,Gorakhpur,2025-01-15,13513.69,3,4504.56,60.1,1.53,2026-05-27 19:50:39,2026-07-25 19:42:02
C00946,Customer_C00946,New,Kanpur,2025-01-15,1282.05,1,1282.05,119.1,30.0,2026-05-27 20:17:40,2026-05-27 20:17:40
C02601,Customer_C02601,Repeat,Prayagraj,2025-01-15,1774.75,2,887.38,24.2,0.63,2026-05-27 21:24:07,2026-08-30 17:00:50
C00699,Customer_C00699,New,Agra,2025-01-15,654.61,1,654.61,119.0,30.0,2026-05-27 21:30:59,2026-05-27 21:30:59
C02241,Customer_C02241,Repeat,Lucknow,2025-01-15,7535.85,2,3767.92,65.1,1.11,2026-05-27 21:33:29,2026-07-20 19:29:44
C01016,Customer_C01016,Repeat,Noida,2025-01-15,7670.39,5,1534.08,5.2,1.33,2026-05-28 15:14:30,2026-09-18 16:04:56
C02300,Customer_C02300,Repeat,Agra,2025-01-15,1678.82,3,559.61,10.2,0.83,2026-05-28 18:00:55,2026-09-13 16:09:08
C03294,Customer_C03294,Repeat,Lucknow,2025-01-15,4466.53,3,1488.84,60.0,1.55,2026-05-28 19:15:19,2026-07-25 21:18:37
C02442,Customer_C02442,Repeat,Gorakhpur,2025-01-15,4148.06,2,2074.03,5.1,0.54,2026-05-29 17:31:39,2026-09-18 18:48:07
C01141,Customer_C01141,New,Noida,2025-01-15,15000.0,1,15000.0,117.1,30.0,2026-05-29 19:28:50,2026-05-29 19:28:50
C00487,Customer_C00487,Repeat,Delhi,2025-01-15,6228.79,2,3114.4,96.0,2.97,2026-05-30 15:34:16,2026-06-19 20:54:51
C03295,Customer_C03295,Repeat,Gorakhpur,2025-01-15,5033.61,3,1677.87,5.0,0.81,2026-05-30 19:57:27,2026-09-18 20:55:33
C00100,Customer_C00100,Repeat,Kanpur,2025-01-15,2025.46,3,675.15,53.1,1.45,2026-05-31 15:20:15,2026-08-01 19:21:01
C03490,Customer_C03490,New,Lucknow,2025-01-15,260.77,1,260.77,115.2,30.0,2026-05-31 16:29:22,2026-05-31 16:29:22
C03351,Customer_C03351,New,Noida,2025-01-15,604.65,1,604.65,115.2,30.0,2026-05-31 17:01:23,2026-05-31 17:01:23
C00831,Customer_C00831,Repeat,Kanpur,2025-01-15,1700.49,3,566.83,25.0,1.0,2026-05-31 18:20:30,2026-08-29 22:44:11
C02502,Customer_C02502,Repeat,Jaipur,2025-01-15,4722.15,3,1574.05,17.3,0.92,2026-05-31 19:10:33,2026-09-06 15:35:51
C01597,Customer_C01597,New,Noida,2025-01-15,262.37,1,262.37,115.1,30.0,2026-05-31 19:36:31,2026-05-31 19:36:31
C03192,Customer_C03192,New,Patna,2025-01-15,679.47,1,679.47,115.0,30.0,2026-05-31 21:49:26,2026-05-31 21:49:26
C01986,Customer_C01986,Repeat,Agra,2025-01-15,305.73,2,152.86,19.2,0.63,2026-05-31 22:50:54,2026-09-04 16:16:55
C02056,Customer_C02056,Repeat,Jaipur,2025-01-15,1166.39,2,583.19,40.2,0.81,2026-06-01 21:53:17,2026-08-14 16:37:09
C01735,Customer_C01735,New,Jaipur,2025-01-15,87.73,1,87.73,114.0,30.0,2026-06-01 22:36:54,2026-06-01 22:36:54
C03228,Customer_C03228,New,Lucknow,2025-01-15,416.74,1,416.74,113.1,30.0,2026-06-02 20:28:09,2026-06-02 20:28:09
C02957,Customer_C02957,New,Kanpur,2025-01-15,940.73,1,940.73,112.5,30.0,2026-06-03 08:54:58,2026-06-03 08:54:58
C00597,Customer_C00597,Repeat,Noida,2025-01-15,2784.96,3,928.32,2.2,0.82,2026-06-03 09:50:27,2026-09-21 18:03:26
C01315,Customer_C01315,Repeat,Noida,2025-01-15,16091.61,2,8045.8,10.1,0.59,2026-06-03 14:50:39,2026-09-13 19:52:33
C02700,Customer_C02700,Repeat,Noida,2025-01-15,334.83,2,167.42,110.0,27.74,2026-06-03 18:02:35,2026-06-05 21:56:45
C02312,Customer_C02312,Repeat,Lucknow,2025-01-15,17306.04,3,5768.68,83.1,3.1,2026-06-03 19:22:08,2026-07-02 20:26:22
C02693,Customer_C02693,Repeat,Agra,2025-01-15,4050.85,2,2025.43,109.2,29.93,2026-06-04 16:18:37,2026-06-06 16:25:45
C02779,Customer_C02779,New,Noida,2025-01-15,323.73,1,323.73,111.2,30.0,2026-06-04 17:57:01,2026-06-04 17:57:01
C01441,Customer_C01441,Repeat,Noida,2025-01-15,2423.81,2,1211.9,63.4,1.28,2026-06-05 13:06:11,2026-07-22 12:40:30
C02820,Customer_C02820,Repeat,Jaipur,2025-01-15,19163.58,2,9581.79,63.1,1.27,2026-06-05 16:12:40,2026-07-22 20:39:00
C01098,Customer_C01098,New,Kanpur,2025-01-15,302.03,1,302.03,110.2,30.0,2026-06-05 17:03:10,2026-06-05 17:03:10
C01144,Customer_C01144,New,Agra,2025-01-15,1283.83,1,1283.83,110.2,30.0,2026-06-05 17:53:52,2026-06-05 17:53:52
C01635,Customer_C01635,New,Gorakhpur,2025-01-15,2813.44,1,2813.44,110.2,30.0,2026-06-05 18:06:20,2026-06-05 18:06:20
C02461,Customer_C02461,Repeat,Gorakhpur,2025-01-15,2583.94,2,1291.97,75.2,1.72,2026-06-05 20:47:41,2026-07-10 16:11:50
C00276,Customer_C00276,New,Patna,2025-01-15,2098.8,1,2098.8,109.2,30.0,2026-06-06 17:23:36,2026-06-06 17:23:36
C00778,Customer_C00778,Repeat,Varanasi,2025-01-15,4851.54,2,2425.77,77.0,1.87,2026-06-06 20:38:12,2026-07-08 22:33:02
C02778,Customer_C02778,Repeat,Kanpur,2025-01-15,2048.3,2,1024.15,94.0,3.98,2026-06-06 20:51:30,2026-06-21 22:29:11
C01053,Customer_C01053,Repeat,Gorakhpur,2025-01-15,6785.06,2,3392.53,73.4,1.68,2026-06-06 20:55:42,2026-07-12 12:54:07
C01885,Customer_C01885,New,Jaipur,2025-01-15,15392.62,1,15392.62,109.0,30.0,2026-06-06 21:57:00,2026-06-06 21:57:00
C00517,Customer_C00517,Repeat,Prayagraj,2025-01-15,6668.56,3,2222.85,24.2,1.07,2026-06-07 12:14:27,2026-08-30 16:19:56
C00294,Customer_C00294,Repeat,Jaipur,2025-01-15,6493.4,4,1623.35,11.2,1.24,2026-06-07 15:09:42,2026-09-12 18:03:04
C00230,Customer_C00230,New,Gorakhpur,2025-01-15,869.01,1,869.01,108.1,30.0,2026-06-07 19:37:42,2026-06-07 19:37:42
C01748,Customer_C01748,New,Kanpur,2025-01-15,249.63,1,249.63,108.0,30.0,2026-06-07 21:03:42,2026-06-07 21:03:42
C02047,Customer_C02047,Repeat,Varanasi,2025-01-15,7493.66,3,2497.89,93.2,6.41,2026-06-08 16:07:50,2026-06-22 16:54:14
C01006,Customer_C01006,Repeat,Noida,2025-01-15,3428.98,3,1142.99,2.4,0.86,2026-06-08 16:31:15,2026-09-21 13:16:00
C02089,Customer_C02089,New,Noida,2025-01-15,4635.57,1,4635.57,106.1,30.0,2026-06-09 18:25:36,2026-06-09 18:25:36
C00486,Customer_C00486,New,Kanpur,2025-01-15,524.28,1,524.28,106.0,30.0,2026-06-09 21:46:39,2026-06-09 21:46:39
C02045,Customer_C02045,New,Agra,2025-01-15,474.65,1,474.65,105.3,30.0,2026-06-10 15:28:14,2026-06-10 15:28:14
C01436,Customer_C01436,New,Kanpur,2025-01-15,2000.0,1,2000.0,105.2,30.0,2026-06-10 17:55:55,2026-06-10 17:55:55
C01533,Customer_C01533,Repeat,Varanasi,2025-01-15,1659.38,3,553.13,50.5,1.65,2026-06-10 17:58:32,2026-08-04 09:26:25
C02842,Customer_C02842,New,Lucknow,2025-01-15,429.16,1,429.16,104.5,30.0,2026-06-11 08:59:57,2026-06-11 08:59:57
C00484,Customer_C00484,New,Jaipur,2025-01-15,4065.43,1,4065.43,104.5,30.0,2026-06-11 09:27:11,2026-06-11 09:27:11
C02293,Customer_C02293,Repeat,Noida,2025-01-15,587.4,2,293.7,11.1,0.64,2026-06-11 10:33:04,2026-09-12 18:37:57
C00652,Customer_C00652,Repeat,Noida,2025-01-15,2312.38,2,1156.19,68.5,1.67,2026-06-11 10:51:05,2026-07-17 10:13:29
C00919,Customer_C00919,Repeat,Gorakhpur,2025-01-15,2111.69,2,1055.84,70.0,1.76,2026-06-11 19:22:02,2026-07-15 22:09:59
C00607,Customer_C00607,Repeat,Prayagraj,2025-01-15,1669.42,2,834.71,36.0,0.89,2026-06-12 13:25:11,2026-08-18 22:34:49
C01801,Customer_C01801,Repeat,Varanasi,2025-01-15,719.97,2,359.98,44.3,1.02,2026-06-12 14:46:23,2026-08-10 15:46:58
C01491,Customer_C01491,Repeat,Lucknow,2025-01-15,1546.27,3,515.42,11.3,0.98,2026-06-12 16:17:19,2026-09-12 15:33:02
C02388,Customer_C02388,New,Lucknow,2025-01-15,112.13,1,112.13,102.2,30.0,2026-06-13 16:03:19,2026-06-13 16:03:19
C01306,Customer_C01306,Repeat,Kanpur,2025-01-15,3388.35,2,1694.18,43.1,1.01,2026-06-13 16:03:38,2026-08-11 20:39:02
C02941,Customer_C02941,Repeat,Kanpur,2025-01-15,3726.58,2,1863.29,18.0,0.72,2026-06-14 10:44:49,2026-09-05 21:07:10
C02639,Customer_C02639,Repeat,Gorakhpur,2025-01-15,1873.07,3,624.36,26.2,1.2,2026-06-14 11:41:23,2026-08-28 17:44:55
C01237,Customer_C01237,Repeat,Kanpur,2025-01-15,3659.67,5,731.93,5.1,1.56,2026-06-14 18:21:40,2026-09-18 20:33:43
C03349,Customer_C03349,New,Prayagraj,2025-01-15,312.98,1,312.98,100.4,30.0,2026-06-15 12:49:24,2026-06-15 12:49:24
C00979,Customer_C00979,New,Prayagraj,2025-01-15,159.89,1,159.89,100.4,30.0,2026-06-15 13:15:35,2026-06-15 13:15:35
C01140,Customer_C01140,Repeat,Varanasi,2025-01-15,5458.02,3,1819.34,87.1,6.86,2026-06-15 16:00:07,2026-06-28 18:53:41
C01550,Customer_C01550,New,Prayagraj,2025-01-15,713.96,1,713.96,100.2,30.0,2026-06-15 16:12:14,2026-06-15 16:12:14
C00357,Customer_C00357,Repeat,Noida,2025-01-15,1251.11,2,625.56,30.1,0.86,2026-06-15 19:54:56,2026-08-24 19:47:46
C02528,Customer_C02528,Repeat,Lucknow,2025-01-15,8174.23,2,4087.12,15.2,0.71,2026-06-16 17:21:39,2026-09-08 17:31:29
C02917,Customer_C02917,New,Varanasi,2025-01-15,6830.77,1,6830.77,99.2,30.0,2026-06-16 18:00:52,2026-06-16 18:00:52
C01987,Customer_C01987,New,Noida,2025-01-15,229.67,1,229.67,99.1,30.0,2026-06-16 18:58:12,2026-06-16 18:58:12
C00829,Customer_C00829,New,Agra,2025-01-15,283.82,1,283.82,99.1,30.0,2026-06-16 19:26:06,2026-06-16 19:26:06
C02526,Customer_C02526,New,Kanpur,2025-01-15,1618.56,1,1618.56,99.1,30.0,2026-06-16 20:32:53,2026-06-16 20:32:53
C02218,Customer_C02218,New,Kanpur,2025-01-15,783.82,1,783.82,98.3,30.0,2026-06-17 15:07:23,2026-06-17 15:07:23
C02176,Customer_C02176,New,Agra,2025-01-15,126.34,1,126.34,98.2,30.0,2026-06-17 16:59:01,2026-06-17 16:59:01
C01223,Customer_C01223,New,Varanasi,2025-01-15,119.12,1,119.12,98.1,30.0,2026-06-17 20:18:46,2026-06-17 20:18:46
C02953,Customer_C02953,New,Kanpur,2025-01-15,1023.69,1,1023.69,97.2,30.0,2026-06-18 17:30:42,2026-06-18 17:30:42
C02884,Customer_C02884,Repeat,Noida,2025-01-15,1225.29,2,612.64,78.4,3.2,2026-06-18 18:20:34,2026-07-07 12:27:04
C01705,Customer_C01705,Repeat,Noida,2025-01-15,315.04,2,157.52,5.1,0.65,2026-06-18 19:20:48,2026-09-18 18:46:09
C03422,Customer_C03422,New,Noida,2025-01-15,161.58,1,161.58,97.0,30.0,2026-06-18 22:51:21,2026-06-18 22:51:21
C00311,Customer_C00311,Repeat,Noida,2025-01-15,4194.81,5,838.96,2.0,1.59,2026-06-19 10:50:41,2026-09-21 21:38:06
C00434,Customer_C00434,New,Lucknow,2025-01-15,506.43,1,506.43,96.2,30.0,2026-06-19 18:15:49,2026-06-19 18:15:49
C02910,Customer_C02910,New,Lucknow,2025-01-15,263.33,1,263.33,96.0,30.0,2026-06-19 21:06:34,2026-06-19 21:06:34
C00271,Customer_C00271,New,Kanpur,2025-01-15,147.4,1,147.4,95.2,30.0,2026-06-20 17:41:27,2026-06-20 17:41:27
C03324,Customer_C03324,New,Noida,2025-01-15,471.68,1,471.68,95.1,30.0,2026-06-20 20:27:04,2026-06-20 20:27:04
C00592,Customer_C00592,New,Lucknow,2025-01-15,329.63,1,329.63,94.2,30.0,2026-06-21 18:20:08,2026-06-21 18:20:08
C01147,Customer_C01147,Repeat,Lucknow,2025-01-15,7277.9,3,2425.97,65.0,3.09,2026-06-21 18:39:04,2026-07-20 22:22:58
C00095,Customer_C00095,Repeat,Noida,2025-01-15,1764.07,3,588.02,18.0,1.18,2026-06-21 19:33:11,2026-09-05 21:39:25
C03292,Customer_C03292,Repeat,Gorakhpur,2025-01-15,1648.15,2,824.08,33.0,0.98,2026-06-21 20:07:47,2026-08-21 21:12:15
C02386,Customer_C02386,Repeat,Agra,2025-01-15,3552.92,2,1776.46,23.2,0.85,2026-06-22 08:17:01,2026-08-31 17:10:23
C01800,Customer_C01800,New,Patna,2025-01-15,621.17,1,621.17,93.4,30.0,2026-06-22 12:09:21,2026-06-22 12:09:21
C01422,Customer_C01422,Repeat,Noida,2025-01-15,359.71,2,179.86,5.3,0.68,2026-06-22 12:32:42,2026-09-18 15:44:41
C01875,Customer_C01875,New,Lucknow,2025-01-15,257.04,1,257.04,93.3,30.0,2026-06-22 15:12:01,2026-06-22 15:12:01
C03237,Customer_C03237,New,Noida,2025-01-15,92.56,1,92.56,93.1,30.0,2026-06-22 18:56:00,2026-06-22 18:56:00
C01233,Customer_C01233,New,Prayagraj,2025-01-15,356.12,1,356.12,93.0,30.0,2026-06-22 21:20:28,2026-06-22 21:20:28
C00872,Customer_C00872,New,Lucknow,2025-01-15,202.17,1,202.17,92.0,30.0,2026-06-23 21:33:03,2026-06-23 21:33:03
C01651,Customer_C01651,Repeat,Kanpur,2025-01-15,9029.6,3,3009.87,13.0,1.14,2026-06-23 21:54:26,2026-09-10 21:44:34
C01968,Customer_C01968,Repeat,Lucknow,2025-01-15,3176.79,3,1058.93,20.1,1.26,2026-06-24 09:49:45,2026-09-03 20:02:26
C01317,Customer_C01317,New,Gorakhpur,2025-01-15,2478.34,1,2478.34,91.2,30.0,2026-06-24 16:16:07,2026-06-24 16:16:07
C02641,Customer_C02641,Repeat,Lucknow,2025-01-15,4961.82,4,1240.46,24.2,1.79,2026-06-24 18:04:21,2026-08-30 17:36:23
C02973,Customer_C02973,New,Jaipur,2025-01-15,317.72,1,317.72,90.5,30.0,2026-06-25 08:50:36,2026-06-25 08:50:36
C01653,Customer_C01653,Repeat,Prayagraj,2025-01-15,2401.46,2,1200.73,61.4,2.08,2026-06-25 15:44:18,2026-07-24 11:29:56
C01695,Customer_C01695,New,Noida,2025-01-15,335.55,1,335.55,90.2,30.0,2026-06-25 17:10:55,2026-06-25 17:10:55
C02103,Customer_C02103,Repeat,Noida,2025-01-15,1634.3,3,544.77,1.3,1.01,2026-06-25 19:12:45,2026-09-22 14:10:20
C00953,Customer_C00953,Repeat,Lucknow,2025-01-15,2372.69,3,790.9,25.3,1.39,2026-06-25 21:54:36,2026-08-29 15:42:59
C02109,Customer_C02109,New,Jaipur,2025-01-15,138.66,1,138.66,89.2,30.0,2026-06-26 17:02:00,2026-06-26 17:02:00
C01959,Customer_C01959,New,Prayagraj,2025-01-15,617.86,1,617.86,89.2,30.0,2026-06-26 17:08:56,2026-06-26 17:08:56
C00708,Customer_C00708,New,Lucknow,2025-01-15,5274.22,1,5274.22,89.1,30.0,2026-06-26 19:16:06,2026-06-26 19:16:06
C01464,Customer_C01464,Repeat,Noida,2025-01-15,6903.98,3,2301.33,15.0,1.23,2026-06-27 18:44:51,2026-09-08 21:27:33
C03133,Customer_C03133,Repeat,Noida,2025-01-15,2013.59,2,1006.8,43.2,1.33,2026-06-27 18:46:26,2026-08-11 18:18:56
C02827,Customer_C02827,New,Varanasi,2025-01-15,462.86,1,462.86,88.0,30.0,2026-06-27 20:46:30,2026-06-27 20:46:30
C01837,Customer_C01837,New,Prayagraj,2025-01-15,1158.95,1,1158.95,87.6,30.0,2026-06-28 08:10:46,2026-06-28 08:10:46
C01531,Customer_C01531,Repeat,Jaipur,2025-01-15,1144.8,3,381.6,36.0,1.75,2026-06-28 12:24:31,2026-08-18 21:58:33
C00319,Customer_C00319,New,Jaipur,2025-01-15,548.98,1,548.98,87.2,30.0,2026-06-28 16:46:42,2026-06-28 16:46:42
C01280,Customer_C01280,New,Lucknow,2025-01-15,384.54,1,384.54,87.2,30.0,2026-06-28 17:59:23,2026-06-28 17:59:23
C00781,Customer_C00781,Repeat,Gorakhpur,2025-01-15,1361.04,3,453.68,9.1,1.15,2026-06-28 20:35:05,2026-09-14 19:19:10
C00262,Customer_C00262,New,Noida,2025-01-15,291.95,1,291.95,87.0,30.0,2026-06-28 22:01:27,2026-06-28 22:01:27
C01528,Customer_C01528,Repeat,Lucknow,2025-01-15,1274.42,3,424.81,10.2,1.18,2026-06-29 08:08:05,2026-09-13 16:06:18
C01353,Customer_C01353,Repeat,Jaipur,2025-01-15,1370.69,3,456.9,2.2,1.07,2026-06-29 15:56:08,2026-09-21 18:07:57
C00890,Customer_C00890,Repeat,Lucknow,2025-01-15,1522.43,2,761.22,47.1,1.53,2026-06-29 16:33:28,2026-08-07 18:41:02
C01601,Customer_C01601,Repeat,Jaipur,2025-01-15,5270.06,2,2635.03,55.0,1.93,2026-06-29 17:47:14,2026-07-30 20:54:57
C00132,Customer_C00132,Repeat,Kanpur,2025-01-15,1006.17,2,503.08,14.4,0.84,2026-06-29 18:57:44,2026-09-09 12:16:05
C02915,Customer_C02915,Repeat,Noida,2025-01-15,1141.88,3,380.63,5.2,1.11,2026-06-29 19:59:50,2026-09-18 17:14:45
C02815,Customer_C02815,Repeat,Prayagraj,2025-01-15,1815.1,3,605.03,4.4,1.1,2026-06-29 20:40:00,2026-09-19 13:31:34
C02969,Customer_C02969,New,Kanpur,2025-01-15,701.49,1,701.49,85.3,30.0,2026-06-30 15:47:08,2026-06-30 15:47:08
C03169,Customer_C03169,Repeat,Varanasi,2025-01-15,2567.57,3,855.86,37.2,1.88,2026-06-30 16:48:57,2026-08-17 16:02:22
C01928,Customer_C01928,Repeat,Noida,2025-01-15,324.93,2,162.46,18.1,0.9,2026-06-30 22:15:53,2026-09-05 20:24:07
C02242,Customer_C02242,New,Gorakhpur,2025-01-15,652.71,1,652.71,84.5,30.0,2026-07-01 09:14:51,2026-07-01 09:14:51
C03102,Customer_C03102,New,Noida,2025-01-15,892.31,1,892.31,84.2,30.0,2026-07-01 17:57:20,2026-07-01 17:57:20
C02198,Customer_C02198,New,Agra,2025-01-15,761.04,1,761.04,84.1,30.0,2026-07-01 18:39:03,2026-07-01 18:39:03
C02501,Customer_C02501,New,Noida,2025-01-15,741.95,1,741.95,84.1,30.0,2026-07-01 18:45:06,2026-07-01 18:45:06
C03234,Customer_C03234,Repeat,Gorakhpur,2025-01-15,2876.33,2,1438.16,74.1,6.01,2026-07-01 20:40:31,2026-07-11 20:13:15
C01974,Customer_C01974,Repeat,Lucknow,2025-01-15,7751.49,2,3875.74,56.0,2.15,2026-07-01 21:29:56,2026-07-29 20:48:27
C00901,Customer_C00901,Repeat,Kanpur,2025-01-15,5271.33,2,2635.66,13.1,0.86,2026-07-02 18:35:47,2026-09-10 18:27:08
C00739,Customer_C00739,Repeat,Lucknow,2025-01-15,1172.23,2,586.12,57.1,2.32,2026-07-02 22:59:57,2026-07-28 19:06:44
C03347,Customer_C03347,New,Jaipur,2025-01-15,587.41,1,587.41,82.5,30.0,2026-07-03 08:59:16,2026-07-03 08:59:16
C01709,Customer_C01709,New,Lucknow,2025-01-15,303.43,1,303.43,82.2,30.0,2026-07-03 17:56:39,2026-07-03 17:56:39
C03242,Customer_C03242,New,Jaipur,2025-01-15,217.42,1,217.42,81.3,30.0,2026-07-04 15:29:53,2026-07-04 15:29:53
C02552,Customer_C02552,Repeat,Lucknow,2025-01-15,6063.73,3,2021.24,30.0,1.76,2026-07-04 16:30:32,2026-08-24 20:59:42
C03185,Customer_C03185,Repeat,Kanpur,2025-01-15,1041.57,2,520.79,18.1,0.95,2026-07-04 19:14:10,2026-09-05 18:29:53
C03337,Customer_C03337,Repeat,Lucknow,2025-01-15,2398.1,3,799.37,70.3,8.88,2026-07-05 12:47:07,2026-07-15 15:56:45
C02405,Customer_C02405,New,Lucknow,2025-01-15,305.21,1,305.21,80.2,30.0,2026-07-05 17:36:34,2026-07-05 17:36:34
C03285,Customer_C03285,Repeat,Agra,2025-01-15,1793.81,3,597.94,47.2,2.74,2026-07-05 21:09:53,2026-08-07 18:01:47
C02164,Customer_C02164,New,Kanpur,2025-01-15,642.71,1,642.71,79.2,30.0,2026-07-06 16:50:34,2026-07-06 16:50:34
C00298,Customer_C00298,New,Prayagraj,2025-01-15,625.46,1,625.46,79.2,30.0,2026-07-06 17:21:01,2026-07-06 17:21:01
C00987,Customer_C00987,New,Kanpur,2025-01-15,1021.5,1,1021.5,79.1,30.0,2026-07-06 18:32:24,2026-07-06 18:32:24
C00815,Customer_C00815,Repeat,Agra,2025-01-15,4180.62,3,1393.54,50.0,3.1,2026-07-06 19:22:14,2026-08-04 20:47:16
C02891,Customer_C02891,New,Lucknow,2025-01-15,291.37,1,291.37,78.6,30.0,2026-07-07 08:33:13,2026-07-07 08:33:13
C02173,Customer_C02173,New,Kanpur,2025-01-15,2120.0,1,2120.0,78.2,30.0,2026-07-07 17:41:44,2026-07-07 17:41:44
C01561,Customer_C01561,New,Prayagraj,2025-01-15,379.87,1,379.87,78.1,30.0,2026-07-07 19:53:21,2026-07-07 19:53:21
C01355,Customer_C01355,Repeat,Varanasi,2025-01-15,2331.77,2,1165.88,3.3,0.81,2026-07-08 09:27:51,2026-09-20 14:44:02
C01778,Customer_C01778,New,Gorakhpur,2025-01-15,664.23,1,664.23,76.4,30.0,2026-07-09 12:40:41,2026-07-09 12:40:41
C00182,Customer_C00182,Repeat,Kanpur,2025-01-15,4072.43,3,1357.48,6.1,1.28,2026-07-09 13:21:16,2026-09-17 19:10:57
C01512,Customer_C01512,New,Agra,2025-01-15,931.69,1,931.69,76.2,30.0,2026-07-09 17:13:27,2026-07-09 17:13:27
C00338,Customer_C00338,New,Jaipur,2025-01-15,364.94,1,364.94,76.1,30.0,2026-07-09 18:33:51,2026-07-09 18:33:51
C00421,Customer_C00421,Repeat,Lucknow,2025-01-15,5235.56,3,1745.19,11.0,1.39,2026-07-09 22:30:10,2026-09-12 21:12:34
C02167,Customer_C02167,Repeat,Prayagraj,2025-01-15,1875.58,2,937.79,56.1,3.08,2026-07-10 08:27:08,2026-07-29 19:47:07
C01689,Customer_C01689,Repeat,Kanpur,2025-01-15,736.53,2,368.26,36.1,1.58,2026-07-11 17:21:35,2026-08-18 19:11:56
C01343,Customer_C01343,New,Gorakhpur,2025-01-15,5318.45,1,5318.45,74.1,30.0,2026-07-11 20:12:06,2026-07-11 20:12:06
C00533,Customer_C00533,New,Prayagraj,2025-01-15,598.63,1,598.63,74.1,30.0,2026-07-11 20:19:38,2026-07-11 20:19:38
C02046,Customer_C02046,New,Prayagraj,2025-01-15,269.63,1,269.63,74.0,30.0,2026-07-11 21:52:32,2026-07-11 21:52:32
C01234,Customer_C01234,Repeat,Noida,2025-01-15,16880.27,2,8440.14,47.2,2.32,2026-07-12 20:25:05,2026-08-07 18:11:06
C01054,Customer_C01054,New,Delhi,2025-01-15,1123.3,1,1123.3,72.2,30.0,2026-07-13 17:34:37,2026-07-13 17:34:37
C00682,Customer_C00682,New,Gorakhpur,2025-01-15,719.55,1,719.55,72.2,30.0,2026-07-13 18:16:13,2026-07-13 18:16:13
C03058,Customer_C03058,New,Lucknow,2025-01-15,357.11,1,357.11,71.2,30.0,2026-07-14 18:19:13,2026-07-14 18:19:13
C00140,Customer_C00140,Repeat,Noida,2025-01-15,516.96,2,258.48,41.3,2.01,2026-07-14 19:50:50,2026-08-13 15:40:02
C00714,Customer_C00714,Repeat,Prayagraj,2025-01-15,3103.18,2,1551.59,34.1,1.62,2026-07-14 21:12:49,2026-08-20 20:40:07
C01637,Customer_C01637,New,Lucknow,2025-01-15,1381.5,1,1381.5,70.4,30.0,2026-07-15 12:49:23,2026-07-15 12:49:23
C01659,Customer_C01659,Repeat,Varanasi,2025-01-15,7929.65,2,3964.82,40.1,1.99,2026-07-15 16:39:00,2026-08-14 20:10:11
C02524,Customer_C02524,New,Lucknow,2025-01-15,3127.67,1,3127.67,70.1,30.0,2026-07-15 19:30:29,2026-07-15 19:30:29
C02057,Customer_C02057,Repeat,Noida,2025-01-15,11494.18,3,3831.39,56.2,6.87,2026-07-16 13:33:27,2026-07-29 16:02:50
C01395,Customer_C01395,Repeat,Lucknow,2025-01-15,11120.04,2,5560.02,55.1,4.21,2026-07-16 13:33:35,2026-07-30 20:00:23
C02619,Customer_C02619,Repeat,Prayagraj,2025-01-15,12578.67,4,3144.67,12.1,2.11,2026-07-16 21:22:29,2026-09-11 19:20:57
C00146,Customer_C00146,New,Noida,2025-01-15,5119.41,1,5119.41,69.0,30.0,2026-07-16 21:41:46,2026-07-16 21:41:46
C00489,Customer_C00489,New,Varanasi,2025-01-15,4353.02,1,4353.02,68.4,30.0,2026-07-17 11:18:25,2026-07-17 11:18:25
C02974,Customer_C02974,New,Lucknow,2025-01-15,267.76,1,267.76,68.4,30.0,2026-07-17 12:54:17,2026-07-17 12:54:17
C01362,Customer_C01362,Repeat,Gorakhpur,2025-01-15,4598.69,3,1532.9,7.1,1.47,2026-07-17 17:38:37,2026-09-16 19:25:42
C01789,Customer_C01789,Repeat,Prayagraj,2025-01-15,2234.54,2,1117.27,49.3,3.18,2026-07-17 18:47:14,2026-08-05 15:03:00
C01446,Customer_C01446,Repeat,Noida,2025-01-15,2528.49,2,1264.24,8.1,1.0,2026-07-17 19:20:00,2026-09-15 20:39:35
C02807,Customer_C02807,New,Varanasi,2025-01-15,1998.72,1,1998.72,68.1,30.0,2026-07-17 19:36:38,2026-07-17 19:36:38
C02948,Customer_C02948,New,Gorakhpur,2025-01-15,1620.91,1,1620.91,67.0,30.0,2026-07-18 22:26:46,2026-07-18 22:26:46
C01183,Customer_C01183,Repeat,Varanasi,2025-01-15,1474.42,2,737.21,33.5,1.85,2026-07-19 20:33:24,2026-08-21 08:50:07
C01331,Customer_C01331,New,Delhi,2025-01-15,2167.41,1,2167.41,66.0,30.0,2026-07-19 20:57:55,2026-07-19 20:57:55
C01438,Customer_C01438,Repeat,Delhi,2025-01-15,2113.82,3,704.61,61.1,22.94,2026-07-20 21:46:40,2026-07-24 19:57:25
C01061,Customer_C01061,New,Kanpur,2025-01-15,1071.69,1,1071.69,64.3,30.0,2026-07-21 15:13:47,2026-07-21 15:13:47
C01000,Customer_C01000,New,Noida,2025-01-15,10844.27,1,10844.27,64.0,30.0,2026-07-21 22:34:20,2026-07-21 22:34:20
C02505,Customer_C02505,New,Kanpur,2025-01-15,633.11,1,633.11,62.1,30.0,2026-07-23 20:07:18,2026-07-23 20:07:18
C02131,Customer_C02131,New,Prayagraj,2025-01-15,270.79,1,270.79,61.5,30.0,2026-07-24 09:15:13,2026-07-24 09:15:13
C00076,Customer_C00076,Repeat,Noida,2025-01-15,4169.55,2,2084.78,2.6,1.02,2026-07-24 11:51:46,2026-09-21 08:25:36
C01456,Customer_C01456,Repeat,Lucknow,2025-01-15,4157.59,3,1385.86,47.1,6.26,2026-07-24 11:55:11,2026-08-07 20:41:41
C00189,Customer_C00189,New,Prayagraj,2025-01-15,205.9,1,205.9,61.3,30.0,2026-07-24 15:40:40,2026-07-24 15:40:40
C00604,Customer_C00604,New,Prayagraj,2025-01-15,341.12,1,341.12,61.2,30.0,2026-07-24 16:23:46,2026-07-24 16:23:46
C01649,Customer_C01649,Repeat,Varanasi,2025-01-15,3930.21,2,1965.1,28.1,1.81,2026-07-24 17:00:46,2026-08-26 20:36:01
C03149,Customer_C03149,New,Noida,2025-01-15,2608.01,1,2608.01,61.2,30.0,2026-07-24 17:41:59,2026-07-24 17:41:59
C02996,Customer_C02996,Repeat,Lucknow,2025-01-15,2675.22,3,891.74,29.2,2.82,2026-07-24 19:05:30,2026-08-25 16:43:20
C01848,Customer_C01848,Repeat,Prayagraj,2025-01-15,2870.83,3,956.94,14.3,1.92,2026-07-24 19:08:13,2026-09-09 14:14:55
C01121,Customer_C01121,New,Noida,2025-01-15,132.0,1,132.0,60.2,30.0,2026-07-25 16:56:51,2026-07-25 16:56:51
C00102,Customer_C00102,Repeat,Lucknow,2025-01-15,1834.47,3,611.49,39.1,4.28,2026-07-25 18:48:53,2026-08-15 19:10:01
C01924,Customer_C01924,New,Prayagraj,2025-01-15,195.65,1,195.65,60.1,30.0,2026-07-25 19:17:58,2026-07-25 19:17:58
C02320,Customer_C02320,New,Noida,2025-01-15,311.46,1,311.46,59.3,30.0,2026-07-26 14:53:04,2026-07-26 14:53:04
C00512,Customer_C00512,New,Prayagraj,2025-01-15,2799.32,1,2799.32,59.1,30.0,2026-07-26 19:57:07,2026-07-26 19:57:07
C00593,Customer_C00593,New,Agra,2025-01-15,1500.0,1,1500.0,58.1,30.0,2026-07-27 20:23:35,2026-07-27 20:23:35
C00469,Customer_C00469,Repeat,Noida,2025-01-15,817.39,2,408.7,53.2,12.37,2026-07-27 20:55:05,2026-08-01 17:18:01
C01207,Customer_C01207,New,Prayagraj,2025-01-15,565.78,1,565.78,57.3,30.0,2026-07-28 15:05:26,2026-07-28 15:05:26
C01092,Customer_C01092,Repeat,Lucknow,2025-01-15,2186.38,4,546.6,2.3,2.19,2026-07-28 17:18:49,2026-09-21 14:07:36
C02970,Customer_C02970,New,Lucknow,2025-01-15,366.95,1,366.95,56.4,30.0,2026-07-29 11:50:13,2026-07-29 11:50:13
C03480,Customer_C03480,New,Gorakhpur,2025-01-15,443.0,1,443.0,55.5,30.0,2026-07-30 10:14:17,2026-07-30 10:14:17
C01807,Customer_C01807,Repeat,Prayagraj,2025-01-15,2247.82,2,1123.91,26.2,2.08,2026-07-30 19:00:44,2026-08-28 16:52:57
C00130,Customer_C00130,Repeat,Varanasi,2025-01-15,802.83,2,401.42,10.0,1.35,2026-07-31 13:52:28,2026-09-13 21:08:34
C03118,Customer_C03118,Repeat,Noida,2025-01-15,8377.43,2,4188.72,35.1,3.15,2026-07-31 16:36:30,2026-08-19 18:27:08
C03354,Customer_C03354,New,Noida,2025-01-15,8069.4,1,8069.4,54.2,30.0,2026-07-31 17:17:32,2026-07-31 17:17:32
C00285,Customer_C00285,Repeat,Noida,2025-01-15,17592.48,4,4398.12,17.0,3.24,2026-07-31 19:34:28,2026-09-06 21:11:06
C03369,Customer_C03369,Repeat,Lucknow,2025-01-15,813.57,2,406.78,46.2,7.59,2026-07-31 20:27:47,2026-08-08 18:17:07
C00091,Customer_C00091,Repeat,Lucknow,2025-01-15,445.86,2,222.93,44.2,6.57,2026-08-01 12:47:33,2026-08-10 16:05:29
C01628,Customer_C01628,New,Agra,2025-01-15,1022.33,1,1022.33,53.3,30.0,2026-08-01 13:38:22,2026-08-01 13:38:22
C03208,Customer_C03208,New,Kanpur,2025-01-15,2332.0,1,2332.0,53.2,30.0,2026-08-01 17:03:12,2026-08-01 17:03:12
C02202,Customer_C02202,New,Prayagraj,2025-01-15,1204.99,1,1204.99,53.0,30.0,2026-08-01 20:58:15,2026-08-01 20:58:15
C03160,Customer_C03160,New,Gorakhpur,2025-01-15,1582.86,1,1582.86,52.1,30.0,2026-08-02 19:10:12,2026-08-02 19:10:12
C00954,Customer_C00954,Repeat,Agra,2025-01-15,756.45,2,378.22,4.2,1.28,2026-08-03 15:26:30,2026-09-19 16:04:08
C03083,Customer_C03083,Repeat,Noida,2025-01-15,501.67,2,250.83,50.0,50.25,2026-08-03 16:48:45,2026-08-04 21:28:02
C00985,Customer_C00985,New,Prayagraj,2025-01-15,604.43,1,604.43,51.0,30.0,2026-08-03 22:09:10,2026-08-03 22:09:10
C03469,Customer_C03469,New,Kanpur,2025-01-15,98.68,1,98.68,50.5,30.0,2026-08-04 10:00:34,2026-08-04 10:00:34
C03277,Customer_C03277,New,Kanpur,2025-01-15,1683.68,1,1683.68,50.1,30.0,2026-08-04 18:56:42,2026-08-04 18:56:42
C00220,Customer_C00220,New,Noida,2025-01-15,4686.92,1,4686.92,50.1,30.0,2026-08-04 19:34:08,2026-08-04 19:34:08
C01760,Customer_C01760,New,Agra,2025-01-15,660.67,1,660.67,50.0,30.0,2026-08-04 21:37:59,2026-08-04 21:37:59
C00126,Customer_C00126,New,Lucknow,2025-01-15,790.25,1,790.25,50.0,30.0,2026-08-04 21:54:44,2026-08-04 21:54:44
C00337,Customer_C00337,Repeat,Noida,2025-01-15,903.69,2,451.84,38.1,5.37,2026-08-05 15:33:13,2026-08-16 19:48:38
C02098,Customer_C02098,New,Gorakhpur,2025-01-15,3180.0,1,3180.0,49.3,30.0,2026-08-05 15:34:14,2026-08-05 15:34:14
C00118,Customer_C00118,New,Kanpur,2025-01-15,583.13,1,583.13,49.1,30.0,2026-08-05 19:29:41,2026-08-05 19:29:41
C02153,Customer_C02153,New,Noida,2025-01-15,393.52,1,393.52,49.1,30.0,2026-08-05 20:17:41,2026-08-05 20:17:41
C00898,Customer_C00898,New,Varanasi,2025-01-15,422.31,1,422.31,49.0,30.0,2026-08-05 22:26:58,2026-08-05 22:26:58
C03428,Customer_C03428,New,Lucknow,2025-01-15,589.79,1,589.79,48.0,30.0,2026-08-06 20:58:59,2026-08-06 20:58:59
C02308,Customer_C02308,Repeat,Kanpur,2025-01-15,1029.43,2,514.72,45.1,20.38,2026-08-06 21:13:37,2026-08-09 19:52:17
C00412,Customer_C00412,New,Kanpur,2025-01-15,671.21,1,671.21,47.2,30.0,2026-08-07 17:45:39,2026-08-07 17:45:39
C01269,Customer_C01269,Repeat,Prayagraj,2025-01-15,1780.5,3,593.5,42.3,21.46,2026-08-08 11:08:10,2026-08-12 15:46:11
C01826,Customer_C01826,New,Kanpur,2025-01-15,2200.0,1,2200.0,46.2,30.0,2026-08-08 16:58:47,2026-08-08 16:58:47
C03244,Customer_C03244,New,Kanpur,2025-01-15,641.74,1,641.74,46.2,30.0,2026-08-08 17:37:36,2026-08-08 17:37:36
C01932,Customer_C01932,Repeat,Noida,2025-01-15,1827.32,2,913.66,38.0,7.45,2026-08-08 19:25:01,2026-08-16 20:48:49
C00816,Customer_C00816,New,Jaipur,2025-01-15,444.22,1,444.22,46.0,30.0,2026-08-08 20:57:28,2026-08-08 20:57:28
C01275,Customer_C01275,New,Prayagraj,2025-01-15,1015.9,1,1015.9,46.0,30.0,2026-08-08 22:00:55,2026-08-08 22:00:55
C02230,Customer_C02230,Repeat,Varanasi,2025-01-15,672.22,2,336.11,9.3,1.67,2026-08-09 16:16:48,2026-09-14 15:41:30
C02337,Customer_C02337,New,Delhi,2025-01-15,1081.23,1,1081.23,45.2,30.0,2026-08-09 17:16:55,2026-08-09 17:16:55
C00773,Customer_C00773,Repeat,Patna,2025-01-15,8499.72,2,4249.86,34.3,6.07,2026-08-10 16:51:23,2026-08-20 14:06:44
C02605,Customer_C02605,New,Varanasi,2025-01-15,244.0,1,244.0,44.2,30.0,2026-08-10 17:02:27,2026-08-10 17:02:27
C01293,Customer_C01293,New,Gorakhpur,2025-01-15,302.75,1,302.75,44.0,30.0,2026-08-10 22:25:09,2026-08-10 22:25:09
C02656,Customer_C02656,Repeat,Patna,2025-01-15,1107.76,2,553.88,43.2,60.0,2026-08-10 22:32:25,2026-08-11 16:12:56
C01614,Customer_C01614,Repeat,Jaipur,2025-01-15,686.55,2,343.28,41.5,29.87,2026-08-11 09:15:28,2026-08-13 09:28:25
C01267,Customer_C01267,Repeat,Agra,2025-01-15,1106.35,2,553.17,7.1,1.66,2026-08-11 17:12:25,2026-09-16 20:36:56
C01583,Customer_C01583,Repeat,Noida,2025-01-15,2321.84,2,1160.92,8.2,1.72,2026-08-11 20:14:03,2026-09-15 18:03:23
C03420,Customer_C03420,Repeat,Jaipur,2025-01-15,7788.06,2,3894.03,25.1,3.44,2026-08-12 08:07:32,2026-08-29 18:43:40
C00374,Customer_C00374,Repeat,Jaipur,2025-01-15,680.37,2,340.18,22.0,2.99,2026-08-12 20:00:40,2026-09-01 21:38:22
C02025,Customer_C02025,New,Lucknow,2025-01-15,4073.93,1,4073.93,41.1,30.0,2026-08-13 18:39:26,2026-08-13 18:39:26
C00228,Customer_C00228,New,Prayagraj,2025-01-15,249.8,1,249.8,40.3,30.0,2026-08-14 15:44:23,2026-08-14 15:44:23
C03260,Customer_C03260,New,Gorakhpur,2025-01-15,1163.69,1,1163.69,40.2,30.0,2026-08-14 17:36:56,2026-08-14 17:36:56
C01571,Customer_C01571,New,Patna,2025-01-15,716.62,1,716.62,40.1,30.0,2026-08-14 19:26:14,2026-08-14 19:26:14
C02690,Customer_C02690,New,Prayagraj,2025-01-15,448.86,1,448.86,38.5,30.0,2026-08-16 11:07:03,2026-08-16 11:07:03
C02090,Customer_C02090,New,Prayagraj,2025-01-15,1498.32,1,1498.32,37.5,30.0,2026-08-17 09:42:48,2026-08-17 09:42:48
C01696,Customer_C01696,New,Jaipur,2025-01-15,431.4,1,431.4,37.4,30.0,2026-08-17 11:49:13,2026-08-17 11:49:13
C00339,Customer_C00339,Repeat,Noida,2025-01-15,4833.89,2,2416.94,8.1,2.05,2026-08-17 12:27:31,2026-09-15 20:18:06
C02316,Customer_C02316,New,Gorakhpur,2025-01-15,3238.85,1,3238.85,37.1,30.0,2026-08-17 19:51:21,2026-08-17 19:51:21
C00832,Customer_C00832,New,Delhi,2025-01-15,2015.73,1,2015.73,36.1,30.0,2026-08-18 19:22:03,2026-08-18 19:22:03
C02017,Customer_C02017,New,Agra,2025-01-15,521.47,1,521.47,36.0,30.0,2026-08-18 20:48:12,2026-08-18 20:48:12
C03411,Customer_C03411,New,Prayagraj,2025-01-15,892.42,1,892.42,36.0,30.0,2026-08-18 21:09:03,2026-08-18 21:09:03
C00245,Customer_C00245,New,Kanpur,2025-01-15,419.94,1,419.94,34.1,30.0,2026-08-20 18:35:13,2026-08-20 18:35:13
C00193,Customer_C00193,New,Kanpur,2025-01-15,564.21,1,564.21,34.1,30.0,2026-08-20 18:58:58,2026-08-20 18:58:58
C02845,Customer_C02845,New,Prayagraj,2025-01-15,595.18,1,595.18,34.0,30.0,2026-08-20 22:11:59,2026-08-20 22:11:59
C00618,Customer_C00618,New,Lucknow,2025-01-15,353.73,1,353.73,33.3,30.0,2026-08-21 15:46:37,2026-08-21 15:46:37
C00024,Customer_C00024,New,Lucknow,2025-01-15,648.13,1,648.13,33.1,30.0,2026-08-21 20:11:50,2026-08-21 20:11:50
C02430,Customer_C02430,Repeat,Patna,2025-01-15,1089.04,2,544.52,30.2,25.91,2026-08-22 10:29:47,2026-08-24 18:04:27
C00789,Customer_C00789,New,Lucknow,2025-01-15,155.92,1,155.92,32.2,30.0,2026-08-22 18:01:59,2026-08-22 18:01:59
C00880,Customer_C00880,Repeat,Lucknow,2025-01-15,19345.99,2,9672.99,22.2,6.08,2026-08-22 20:57:41,2026-09-01 17:52:36
C01337,Customer_C01337,New,Gorakhpur,2025-01-15,2399.24,1,2399.24,30.1,30.0,2026-08-24 19:16:31,2026-08-24 19:16:31
C02422,Customer_C02422,New,Varanasi,2025-01-15,1211.16,1,1211.16,29.1,30.0,2026-08-25 19:37:10,2026-08-25 19:37:10
C02532,Customer_C02532,New,Prayagraj,2025-01-15,109.33,1,109.33,28.3,30.0,2026-08-26 14:27:08,2026-08-26 14:27:08
C02587,Customer_C02587,New,Lucknow,2025-01-15,755.42,1,755.42,28.2,30.0,2026-08-26 16:04:38,2026-08-26 16:04:38
C02679,Customer_C02679,New,Gorakhpur,2025-01-15,2880.76,1,2880.76,28.2,30.0,2026-08-26 16:45:11,2026-08-26 16:45:11
C03093,Customer_C03093,Repeat,Agra,2025-01-15,1142.8,2,571.4,17.2,5.46,2026-08-26 18:22:35,2026-09-06 17:59:18
C03447,Customer_C03447,New,Noida,2025-01-15,11182.0,1,11182.0,28.1,30.0,2026-08-26 20:37:26,2026-08-26 20:37:26
C00238,Customer_C00238,New,Noida,2025-01-15,115.79,1,115.79,27.0,30.0,2026-08-27 21:17:50,2026-08-27 21:17:50
C00978,Customer_C00978,New,Kanpur,2025-01-15,249.89,1,249.89,26.1,30.0,2026-08-28 19:11:24,2026-08-28 19:11:24
C03167,Customer_C03167,New,Lucknow,2025-01-15,104.84,1,104.84,25.5,30.0,2026-08-29 09:36:34,2026-08-29 09:36:34
C03318,Customer_C03318,New,Noida,2025-01-15,5383.45,1,5383.45,25.2,30.0,2026-08-29 18:09:24,2026-08-29 18:09:24
C03293,Customer_C03293,New,Varanasi,2025-01-15,280.86,1,280.86,25.1,30.0,2026-08-29 19:39:29,2026-08-29 19:39:29
C01028,Customer_C01028,Repeat,Noida,2025-01-15,11291.28,2,5645.64,4.1,2.87,2026-08-29 20:15:32,2026-09-19 18:41:53
C00658,Customer_C00658,Repeat,Gorakhpur,2025-01-15,1213.11,2,606.56,4.1,2.95,2026-08-30 10:49:46,2026-09-19 18:29:41
C00897,Customer_C00897,New,Lucknow,2025-01-15,3300.0,1,3300.0,24.1,30.0,2026-08-30 18:36:52,2026-08-30 18:36:52
C00845,Customer_C00845,New,Kanpur,2025-01-15,1286.17,1,1286.17,19.5,30.0,2026-09-04 11:03:30,2026-09-04 11:03:30
C01842,Customer_C01842,New,Jaipur,2025-01-15,207.98,1,207.98,19.2,30.0,2026-09-04 16:59:14,2026-09-04 16:59:14
C03346,Customer_C03346,New,Gorakhpur,2025-01-15,1949.77,1,1949.77,19.1,30.0,2026-09-04 18:30:48,2026-09-04 18:30:48
C01324,Customer_C01324,New,Delhi,2025-01-15,651.27,1,651.27,18.2,30.0,2026-09-05 16:01:24,2026-09-05 16:01:24
C00690,Customer_C00690,Repeat,Lucknow,2025-01-15,1105.61,2,552.81,0.0,3.3,2026-09-05 17:43:21,2026-09-23 21:58:18
C02478,Customer_C02478,New,Lucknow,2025-01-15,4626.71,1,4626.71,18.1,30.0,2026-09-05 20:39:12,2026-09-05 20:39:12
C03314,Customer_C03314,New,Kanpur,2025-01-15,528.49,1,528.49,17.4,30.0,2026-09-06 11:21:10,2026-09-06 11:21:10
C00314,Customer_C00314,New,Prayagraj,2025-01-15,1264.76,1,1264.76,17.3,30.0,2026-09-06 14:55:11,2026-09-06 14:55:11
C00600,Customer_C00600,New,Lucknow,2025-01-15,986.74,1,986.74,17.2,30.0,2026-09-06 18:21:25,2026-09-06 18:21:25
C00686,Customer_C00686,Repeat,Lucknow,2025-01-15,1198.08,2,599.04,13.1,14.82,2026-09-06 19:12:28,2026-09-10 20:23:52
C00758,Customer_C00758,New,Varanasi,2025-01-15,352.07,1,352.07,16.3,30.0,2026-09-07 15:52:49,2026-09-07 15:52:49
C00581,Customer_C00581,New,Kanpur,2025-01-15,206.25,1,206.25,16.2,30.0,2026-09-07 16:45:08,2026-09-07 16:45:08
C01074,Customer_C01074,New,Patna,2025-01-15,185.47,1,185.47,16.1,30.0,2026-09-07 19:21:22,2026-09-07 19:21:22
C03475,Customer_C03475,New,Agra,2025-01-15,1272.0,1,1272.0,16.0,30.0,2026-09-07 22:22:53,2026-09-07 22:22:53
C02420,Customer_C02420,New,Kanpur,2025-01-15,327.02,1,327.02,15.3,30.0,2026-09-08 14:45:01,2026-09-08 14:45:01
C01060,Customer_C01060,New,Jaipur,2025-01-15,461.52,1,461.52,15.2,30.0,2026-09-08 17:37:39,2026-09-08 17:37:39
C00174,Customer_C00174,New,Agra,2025-01-15,1668.68,1,1668.68,15.1,30.0,2026-09-08 19:04:38,2026-09-08 19:04:38
C02066,Customer_C02066,New,Noida,2025-01-15,1500.0,1,1500.0,14.2,30.0,2026-09-09 16:07:19,2026-09-09 16:07:19
C01255,Customer_C01255,New,Varanasi,2025-01-15,2500.0,1,2500.0,12.5,30.0,2026-09-11 10:16:03,2026-09-11 10:16:03
C02951,Customer_C02951,New,Noida,2025-01-15,8575.14,1,8575.14,12.2,30.0,2026-09-11 16:05:11,2026-09-11 16:05:11
C00056,Customer_C00056,New,Noida,2025-01-15,384.29,1,384.29,12.1,30.0,2026-09-11 19:40:00,2026-09-11 19:40:00
C01577,Customer_C01577,New,Lucknow,2025-01-15,208.76,1,208.76,11.3,30.0,2026-09-12 15:31:00,2026-09-12 15:31:00
C00050,Customer_C00050,New,Kanpur,2025-01-15,565.61,1,565.61,11.1,30.0,2026-09-12 20:07:54,2026-09-12 20:07:54
C03152,Customer_C03152,New,Kanpur,2025-01-15,928.45,1,928.45,10.2,30.0,2026-09-13 16:16:24,2026-09-13 16:16:24
C02210,Customer_C02210,Repeat,Lucknow,2025-01-15,4208.74,2,2104.37,0.2,5.97,2026-09-13 16:56:17,2026-09-23 18:10:24
C02657,Customer_C02657,New,Jaipur,2025-01-15,6534.26,1,6534.26,10.1,30.0,2026-09-13 18:27:29,2026-09-13 18:27:29
C00649,Customer_C00649,New,Kanpur,2025-01-15,359.55,1,359.55,9.4,30.0,2026-09-14 11:49:45,2026-09-14 11:49:45
C03316,Customer_C03316,New,Lucknow,2025-01-15,441.59,1,441.59,9.0,30.0,2026-09-14 22:56:11,2026-09-14 22:56:11
C01431,Customer_C01431,New,Lucknow,2025-01-15,626.36,1,626.36,8.2,30.0,2026-09-15 17:17:31,2026-09-15 17:17:31
C01096,Customer_C01096,New,Gorakhpur,2025-01-15,2160.0,1,2160.0,7.1,30.0,2026-09-16 18:59:21,2026-09-16 18:59:21
C00449,Customer_C00449,New,Lucknow,2025-01-15,1162.26,1,1162.26,7.1,30.0,2026-09-16 20:25:26,2026-09-16 20:25:26
C01122,Customer_C01122,New,Gorakhpur,2025-01-15,6676.33,1,6676.33,6.3,30.0,2026-09-17 14:46:26,2026-09-17 14:46:26
C03183,Customer_C03183,New,Prayagraj,2025-01-15,335.09,1,335.09,6.1,30.0,2026-09-17 18:27:51,2026-09-17 18:27:51
C01399,Customer_C01399,New,Lucknow,2025-01-15,665.72,1,665.72,6.1,30.0,2026-09-17 19:57:13,2026-09-17 19:57:13
C01467,Customer_C01467,Repeat,Noida,2025-01-15,592.45,2,296.23,0.1,11.38,2026-09-18 12:35:33,2026-09-23 19:05:06
C02097,Customer_C02097,New,Gorakhpur,2025-01-15,2267.52,1,2267.52,5.1,30.0,2026-09-18 19:26:32,2026-09-18 19:26:32
C03261,Customer_C03261,New,Lucknow,2025-01-15,905.03,1,905.03,4.1,30.0,2026-09-19 19:57:55,2026-09-19 19:57:55
C01259,Customer_C01259,New,Noida,2025-01-15,194.29,1,194.29,3.5,30.0,2026-09-20 10:27:04,2026-09-20 10:27:04
C03151,Customer_C03151,New,Noida,2025-01-15,252.88,1,252.88,1.4,30.0,2026-09-22 12:28:34,2026-09-22 12:28:34
C03243,Customer_C03243,New,Lucknow,2025-01-15,3241.62,1,3241.62,1.4,30.0,2026-09-22 13:10:47,2026-09-22 13:10:47
C03485,Customer_C03485,New,Agra,2025-01-15,560.37,1,560.37,1.0,30.0,2026-09-22 21:03:25,2026-09-22 21:03:25
C01068,Customer_C01068,New,Jaipur,2025-01-15,167.12,1,167.12,0.2,30.0,2026-09-23 16:46:58,2026-09-23 16:46:58
C02099,Customer_C02099,New,Jaipur,2025-01-15,13088.43,1,13088.43,0.1,30.0,2026-09-23 20:11:52,2026-09-23 20:11:52
